"249190560","JAB£ONKA                      ","2025","05","01","06",7.3,,,"8",,"W",,"8","W  ",,1,,2,,8,
"249190560","JAB£ONKA                      ","2025","05","01","12",18.8,,,"8","W","W",,"8","NNE",,2,,1,,8,
"249190560","JAB£ONKA                      ","2025","05","01","18",14.3,,,"8","W","W",,"8","NNE",,1,,1,,8,
"249190560","JAB£ONKA                      ","2025","05","02","06",6.4,,,"8",,"W",,"8","C  ",,0,,1,,8,
"249190560","JAB£ONKA                      ","2025","05","02","12",21.3,,,"8","W","W",,"8","W  ",,3,,3,,8,
"249190560","JAB£ONKA                      ","2025","05","02","18",18.3,,,"8","W","W",,"8","W  ",,1,,6,,8,
"249190560","JAB£ONKA                      ","2025","05","03","06",13.6,,,"8","W","W",,"8","C  ",,0,,3,,8,
"249190560","JAB£ONKA                      ","2025","05","03","12",24.9,,,"8","W","W",,"8","WSW",,2,,5,,8,
"249190560","JAB£ONKA                      ","2025","05","03","18",14.2,,,"8","W","W",,"8","W  ",,2,,8,,5,
"249190560","JAB£ONKA                      ","2025","05","04","06",13.7,,,"8","W","W",,"8","W  ",,2,,6,,7,
"249190560","JAB£ONKA                      ","2025","05","04","12",13.2,,,"8","W","W",,"8","NNE",,3,,8,,7,
"249190560","JAB£ONKA                      ","2025","05","04","18",10.7,,,"8","W","W",,"8","E  ",,1,,7,,7,
"249190560","JAB£ONKA                      ","2025","05","05","06",6.7,,,"8",,"W",,"8","NNE",,3,,8,,7,
"249190560","JAB£ONKA                      ","2025","05","05","12",9.8,,,"8","W","W",,"8","ENE",,2,,8,,7,
"249190560","JAB£ONKA                      ","2025","05","05","18",6.6,,,"8",,"W",,"8","NE ",,3,,8,,7,
"249190560","JAB£ONKA                      ","2025","05","06","06",5.7,,,"8",,"W",,"8","N  ",,2,,8,,7,
"249190560","JAB£ONKA                      ","2025","05","06","12",7.3,,,"8",,"W",,"8","NNE",,2,,8,,7,
"249190560","JAB£ONKA                      ","2025","05","06","18",7.0,,,"8",,"W",,"8","NNE",,1,,8,,7,
"249190560","JAB£ONKA                      ","2025","05","07","06",6.0,,,"8",,"W",,"8","ENE",,1,,7,,7,
"249190560","JAB£ONKA                      ","2025","05","07","12",11.3,,,"8","W","W",,"8","NE ",,2,,8,,7,
"249190560","JAB£ONKA                      ","2025","05","07","18",8.7,,,"8","W","W",,"8","NE ",,1,,7,,7,
"249190560","JAB£ONKA                      ","2025","05","08","06",5.0,,,"8",,"W",,"8","NE ",,2,,4,,8,
"249190560","JAB£ONKA                      ","2025","05","08","12",9.1,,,"8","W","W",,"8","N  ",,3,,6,,7,
"249190560","JAB£ONKA                      ","2025","05","08","18",6.0,,,"8",,"W",,"8","NNE",,2,,7,,7,
"249190560","JAB£ONKA                      ","2025","05","09","06",4.0,,,"8",,"W",,"8","NNE",,2,,5,,8,
"249190560","JAB£ONKA                      ","2025","05","09","12",8.5,,,"8","W","W",,"8","NE ",,3,,6,,8,
"249190560","JAB£ONKA                      ","2025","05","09","18",6.4,,,"8",,"W",,"8","C  ",,0,,2,,8,
"249190560","JAB£ONKA                      ","2025","05","10","06",0.4,,,"8",,"W",,"8","C  ",,0,,8,,7,
"249190560","JAB£ONKA                      ","2025","05","10","12",10.9,,,"8","W","W",,"8","W  ",,3,,8,,7,
"249190560","JAB£ONKA                      ","2025","05","10","18",8.3,,,"8","W","W",,"8","NNW",,1,,8,,7,
"249190560","JAB£ONKA                      ","2025","05","11","06",4.8,,,"8",,"W",,"8","NNE",,2,,7,,7,
"249190560","JAB£ONKA                      ","2025","05","11","12",8.8,,,"8","W","W",,"8","ESE",,2,,6,,7,
"249190560","JAB£ONKA                      ","2025","05","11","18",7.5,,,"8",,"W",,"8","NNE",,1,,2,,8,
"249190560","JAB£ONKA                      ","2025","05","12","06",4.4,,,"8",,"W",,"8","N  ",,1,,1,,8,
"249190560","JAB£ONKA                      ","2025","05","12","12",9.7,,,"8","W","W",,"8","NNE",,4,,5,,8,
"249190560","JAB£ONKA                      ","2025","05","12","18",7.8,,,"8",,"W",,"8","C  ",,0,,1,,8,
"249190560","JAB£ONKA                      ","2025","05","13","06",4.1,,,"8",,"W",,"8","N  ",,1,,6,,7,
"249190560","JAB£ONKA                      ","2025","05","13","12",10.8,,,"8","W","W",,"8","N  ",,2,,7,,7,
"249190560","JAB£ONKA                      ","2025","05","13","18",8.7,,,"8","W","W",,"8","C  ",,0,,2,,8,
"249190560","JAB£ONKA                      ","2025","05","14","06",2.1,,,"8",,"W",,"8","C  ",,0,,8,,7,
"249190560","JAB£ONKA                      ","2025","05","14","12",16.5,,,"8","W","W",,"8","SW ",,2,,6,,7,
"249190560","JAB£ONKA                      ","2025","05","14","18",13.9,,,"8","W","W",,"8","WSW",,1,,8,,7,
"249190560","JAB£ONKA                      ","2025","05","15","06",8.1,,,"8","W","W",,"8","W  ",,1,,8,,5,
"249190560","JAB£ONKA                      ","2025","05","15","12",5.5,,,"8",,"W",,"8","NNW",,3,,5,,8,
"249190560","JAB£ONKA                      ","2025","05","15","18",6.0,,,"8",,"W",,"8","WNW",,1,,5,,8,
"249190560","JAB£ONKA                      ","2025","05","16","06",4.8,,,"8",,"W",,"8","W  ",,1,,7,,7,
"249190560","JAB£ONKA                      ","2025","05","16","12",10.1,,,"8","W","W",,"8","SW ",,2,,7,,7,
"249190560","JAB£ONKA                      ","2025","05","16","18",7.0,,,"8",,"W",,"8","WSW",,1,,7,,7,
"249190560","JAB£ONKA                      ","2025","05","17","06",5.2,,,"8",,"W",,"8","W  ",,1,,8,,5,
"249190560","JAB£ONKA                      ","2025","05","17","12",10.7,,,"8","W","W",,"8","SW ",,2,,5,,8,
"249190560","JAB£ONKA                      ","2025","05","17","18",6.0,,,"8",,"W",,"8","W  ",,2,,8,,5,
"249190560","JAB£ONKA                      ","2025","05","18","06",4.8,,,"8",,"W",,"8","WNW",,2,,6,,7,
"249190560","JAB£ONKA                      ","2025","05","18","12",8.4,,,"8","W","W",,"8","WSW",,2,,8,,7,
"249190560","JAB£ONKA                      ","2025","05","18","18",5.4,,,"8",,"W",,"8","W  ",,2,,8,,7,
"249190560","JAB£ONKA                      ","2025","05","19","06",5.6,,,"8",,"W",,"8","WSW",,1,,7,,7,
"249190560","JAB£ONKA                      ","2025","05","19","12",10.5,,,"8","W","W",,"8","N  ",,2,,8,,7,
"249190560","JAB£ONKA                      ","2025","05","19","18",8.3,,,"8","W","W",,"8","WNW",,1,,8,,7,
"249190560","JAB£ONKA                      ","2025","05","20","06",9.1,,,"8","W","W",,"8","WNW",,1,,7,,7,
"249190560","JAB£ONKA                      ","2025","05","20","12",15.0,,,"8","W","W",,"8","SW ",,1,,5,,8,
"249190560","JAB£ONKA                      ","2025","05","20","18",13.9,,,"8","W","W",,"8","C  ",,0,,1,,8,
"249190560","JAB£ONKA                      ","2025","05","21","06",3.0,,,"8",,"W",,"8","C  ",,0,,4,,5,
"249190560","JAB£ONKA                      ","2025","05","21","12",18.6,,,"8","W","W",,"8","WSW",,1,,5,,8,
"249190560","JAB£ONKA                      ","2025","05","21","18",16.3,,,"8","W","W",,"8","C  ",,0,,6,,7,
"249190560","JAB£ONKA                      ","2025","05","22","06",10.9,,,"8","W","W",,"8","C  ",,0,,4,,8,
"249190560","JAB£ONKA                      ","2025","05","22","12",20.9,,,"8","W","W",,"8","WSW",,2,,6,,7,
"249190560","JAB£ONKA                      ","2025","05","22","18",11.9,,,"8","W","W",,"8","SSE",,1,,8,,5,
"249190560","JAB£ONKA                      ","2025","05","23","06",6.6,,,"8",,"W",,"8","NNE",,2,,8,,5,
"249190560","JAB£ONKA                      ","2025","05","23","12",7.5,,,"8",,"W",,"8","NE ",,1,,8,,5,
"249190560","JAB£ONKA                      ","2025","05","23","18",6.5,,,"8",,"W",,"8","E  ",,1,,8,,7,
"249190560","JAB£ONKA                      ","2025","05","24","06",5.0,,,"8",,"W",,"8","ENE",,1,,8,,7,
"249190560","JAB£ONKA                      ","2025","05","24","12",10.6,,,"8","W","W",,"8","E  ",,1,,6,,7,
"249190560","JAB£ONKA                      ","2025","05","24","18",9.3,,,"8","W","W",,"8","C  ",,0,,2,,8,
"249190560","JAB£ONKA                      ","2025","05","25","06",4.4,,,"8",,"W",,"8","C  ",,0,,1,,8,
"249190560","JAB£ONKA                      ","2025","05","25","12",14.4,,,"8","W","W",,"8","NE ",,1,,5,,8,
"249190560","JAB£ONKA                      ","2025","05","25","18",13.1,,,"8","W","W",,"8","NE ",,1,,1,,8,
"249190560","JAB£ONKA                      ","2025","05","26","06",9.5,,,"8","W","W",,"8","S  ",,1,,2,,8,
"249190560","JAB£ONKA                      ","2025","05","26","12",17.1,,,"8","W","W",,"8","SW ",,1,,8,,7,
"249190560","JAB£ONKA                      ","2025","05","26","18",12.3,,,"8","W","W",,"8","C  ",,0,,8,,7,
"249190560","JAB£ONKA                      ","2025","05","27","06",9.7,,,"8","W","W",,"8","W  ",,1,,8,,5,
"249190560","JAB£ONKA                      ","2025","05","27","12",14.6,,,"8","W","W",,"8","SSE",,2,,7,,7,
"249190560","JAB£ONKA                      ","2025","05","27","18",14.4,,,"8","W","W",,"8","NE ",,1,,1,,8,
"249190560","JAB£ONKA                      ","2025","05","28","06",9.1,,,"8","W","W",,"8","W  ",,1,,4,,8,
"249190560","JAB£ONKA                      ","2025","05","28","12",18.7,,,"8","W","W",,"8","W  ",,1,,5,,8,
"249190560","JAB£ONKA                      ","2025","05","28","18",13.1,,,"8","W","W",,"8","W  ",,1,,8,,5,
"249190560","JAB£ONKA                      ","2025","05","29","06",10.4,,,"8","W","W",,"8","NW ",,1,,8,,5,
"249190560","JAB£ONKA                      ","2025","05","29","12",13.3,,,"8","W","W",,"8","NNW",,3,,8,,7,
"249190560","JAB£ONKA                      ","2025","05","29","18",11.8,,,"8","W","W",,"8","NW ",,2,,6,,7,
"249190560","JAB£ONKA                      ","2025","05","30","06",10.2,,,"8","W","W",,"8","W  ",,1,,4,,7,
"249190560","JAB£ONKA                      ","2025","05","30","12",16.4,,,"8","W","W",,"8","WSW",,1,,8,,7,
"249190560","JAB£ONKA                      ","2025","05","30","18",12.4,,,"8","W","W",,"8","WSW",,1,,8,,7,
"249190560","JAB£ONKA                      ","2025","05","31","06",12.7,,,"8","W","W",,"8","W  ",,1,,3,,8,
"249190560","JAB£ONKA                      ","2025","05","31","12",22.1,,,"8","W","W",,"8","WSW",,1,,4,,8,
"249190560","JAB£ONKA                      ","2025","05","31","18",19.3,,,"8","W","W",,"8","C  ",,0,,4,,8,
"249190670","POLANA CHOCHO£OWSKA           ","2025","05","01","06",9.6,,,"8","W","W",,"8",,"8",0,,6,,5,
"249190670","POLANA CHOCHO£OWSKA           ","2025","05","01","12",14.0,,,"8","W","W",,"8",,"8",3,,5,,5,
"249190670","POLANA CHOCHO£OWSKA           ","2025","05","01","18",9.4,,,"8","W","W",,"8",,"8",1,,3,,5,
"249190670","POLANA CHOCHO£OWSKA           ","2025","05","02","06",11.1,,,"8","W","W",,"8",,"8",1,,0,,5,
"249190670","POLANA CHOCHO£OWSKA           ","2025","05","02","12",17.2,,,"8","W","W",,"8",,"8",2,,3,,5,
"249190670","POLANA CHOCHO£OWSKA           ","2025","05","02","18",11.6,,,"8","W","W",,"8",,"8",1,,3,,5,
"249190670","POLANA CHOCHO£OWSKA           ","2025","05","03","06",17.0,,,"8","W","W",,"8",,"8",1,,1,,5,
"249190670","POLANA CHOCHO£OWSKA           ","2025","05","03","12",19.5,,,"8","W","W",,"8",,"8",1,,7,,5,
"249190670","POLANA CHOCHO£OWSKA           ","2025","05","03","18",14.0,,,"8","W","W",,"8",,"8",1,,8,,4,
"249190670","POLANA CHOCHO£OWSKA           ","2025","05","04","06",13.4,,,"8","W","W",,"8",,"8",1,,4,,5,
"249190670","POLANA CHOCHO£OWSKA           ","2025","05","04","12",12.6,,,"8","W","W",,"8",,"8",1,,8,,5,
"249190670","POLANA CHOCHO£OWSKA           ","2025","05","04","18",9.0,,,"8","W","W",,"8",,"8",0,,8,,5,
"249190670","POLANA CHOCHO£OWSKA           ","2025","05","05","06",3.3,,,"8",,"W",,"8",,"8",0,,8,,3,
"249190670","POLANA CHOCHO£OWSKA           ","2025","05","05","12",4.4,,,"8",,"W",,"8",,"8",2,,8,,3,
"249190670","POLANA CHOCHO£OWSKA           ","2025","05","05","18",3.1,,,"8",,"W",,"8",,"8",1,,8,,3,
"249190670","POLANA CHOCHO£OWSKA           ","2025","05","06","06",3.5,,,"8",,"W",,"8",,"8",1,,8,,2,
"249190670","POLANA CHOCHO£OWSKA           ","2025","05","06","12",4.3,,,"8",,"W",,"8",,"8",1,,8,,2,
"249190670","POLANA CHOCHO£OWSKA           ","2025","05","06","18",3.9,,,"8",,"W",,"8",,"8",1,,8,,2,
"249190670","POLANA CHOCHO£OWSKA           ","2025","05","07","06",3.3,,,"8",,"W",,"8",,"8",2,,8,,4,
"249190670","POLANA CHOCHO£OWSKA           ","2025","05","07","12",5.4,,,"8",,"W",,"8",,"8",2,,8,,4,
"249190670","POLANA CHOCHO£OWSKA           ","2025","05","07","18",4.9,,,"8",,"W",,"8",,"8",1,,8,,4,
"249190670","POLANA CHOCHO£OWSKA           ","2025","05","08","06",1.9,,,"8",,"W",,"8",,"8",0,,4,,5,
"249190670","POLANA CHOCHO£OWSKA           ","2025","05","08","12",5.2,,,"8",,"W",,"8",,"8",3,,7,,5,
"249190670","POLANA CHOCHO£OWSKA           ","2025","05","08","18",2.8,,,"8",,"W",,"8",,"8",2,,7,,5,
"249190670","POLANA CHOCHO£OWSKA           ","2025","05","09","06",1.6,,,"8",,"W",,"8",,"8",2,,6,,5,
"249190670","POLANA CHOCHO£OWSKA           ","2025","05","09","12",4.7,,,"8",,"W",,"8",,"8",3,,7,,5,
"249190670","POLANA CHOCHO£OWSKA           ","2025","05","09","18",0.7,,,"8",,"W",,"8",,"8",1,,4,,5,
"249190670","POLANA CHOCHO£OWSKA           ","2025","05","10","06",4.1,,,"8",,"W",,"8",,"8",0,,8,,4,
"249190670","POLANA CHOCHO£OWSKA           ","2025","05","10","12",6.1,,,"8",,"W",,"8",,"8",1,,8,,4,
"249190670","POLANA CHOCHO£OWSKA           ","2025","05","10","18",5.1,,,"8",,"W",,"8",,"8",1,,8,,4,
"249190670","POLANA CHOCHO£OWSKA           ","2025","05","11","06",1.6,,,"8",,"W",,"8",,"8",2,,8,,4,
"249190670","POLANA CHOCHO£OWSKA           ","2025","05","11","12",5.2,,,"8",,"W",,"8",,"8",2,,8,,5,
"249190670","POLANA CHOCHO£OWSKA           ","2025","05","11","18",3.2,,,"8",,"W",,"8",,"8",0,,3,,5,
"249190670","POLANA CHOCHO£OWSKA           ","2025","05","12","06",4.5,,,"8",,"W",,"8",,"8",2,,2,,5,
"249190670","POLANA CHOCHO£OWSKA           ","2025","05","12","12",5.4,,,"8",,"W",,"8",,"8",3,,7,,5,
"249190670","POLANA CHOCHO£OWSKA           ","2025","05","12","18",4.7,,,"8",,"W",,"8",,"8",0,,4,,5,
"249190670","POLANA CHOCHO£OWSKA           ","2025","05","13","06",4.3,,,"8",,"W",,"8",,"8",1,,5,,5,
"249190670","POLANA CHOCHO£OWSKA           ","2025","05","13","12",6.0,,,"8",,"W",,"8",,"8",2,,7,,5,
"249190670","POLANA CHOCHO£OWSKA           ","2025","05","13","18",5.2,,,"8",,"W",,"8",,"8",0,,6,,5,
"249190670","POLANA CHOCHO£OWSKA           ","2025","05","14","06",5.3,,,"8",,"W",,"8",,"8",0,,8,,5,
"249190670","POLANA CHOCHO£OWSKA           ","2025","05","14","12",11.6,,,"8","W","W",,"8",,"8",1,,8,,5,
"249190670","POLANA CHOCHO£OWSKA           ","2025","05","14","18",9.9,,,"8","W","W",,"8",,"8",1,,6,,5,
"249190670","POLANA CHOCHO£OWSKA           ","2025","05","15","06",4.9,,,"8",,"W",,"8",,"8",0,,8,,3,
"249190670","POLANA CHOCHO£OWSKA           ","2025","05","15","12",-0.9,,,"8",,"W",,"8",,"8",4,,8,,3,
"249190670","POLANA CHOCHO£OWSKA           ","2025","05","15","18",0.7,,,"8",,"W",,"8",,"8",0,,4,,5,
"249190670","POLANA CHOCHO£OWSKA           ","2025","05","16","06",0.8,,,"8",,"W",,"8",,"8",1,,8,,5,
"249190670","POLANA CHOCHO£OWSKA           ","2025","05","16","12",4.0,,,"8",,"W",,"8",,"8",0,,8,,5,
"249190670","POLANA CHOCHO£OWSKA           ","2025","05","16","18",3.1,,,"8",,"W",,"8",,"8",1,,8,,3,
"249190670","POLANA CHOCHO£OWSKA           ","2025","05","17","06",1.3,,,"8",,"W",,"8",,"8",0,,8,,3,
"249190670","POLANA CHOCHO£OWSKA           ","2025","05","17","12",4.7,,,"8",,"W",,"8",,"8",1,,8,,3,
"249190670","POLANA CHOCHO£OWSKA           ","2025","05","17","18",2.8,,,"8",,"W",,"8",,"8",0,,7,,5,
"249190670","POLANA CHOCHO£OWSKA           ","2025","05","18","06",1.8,,,"8",,"W",,"8",,"8",1,,5,,5,
"249190670","POLANA CHOCHO£OWSKA           ","2025","05","18","12",5.3,,,"8",,"W",,"8",,"8",2,,8,,5,
"249190670","POLANA CHOCHO£OWSKA           ","2025","05","18","18",2.4,,,"8",,"W",,"8",,"8",1,,8,,3,
"249190670","POLANA CHOCHO£OWSKA           ","2025","05","19","06",1.6,,,"8",,"W",,"8",,"8",0,,8,,3,
"249190670","POLANA CHOCHO£OWSKA           ","2025","05","19","12",5.7,,,"8",,"W",,"8",,"8",1,,5,,5,
"249190670","POLANA CHOCHO£OWSKA           ","2025","05","19","18",4.7,,,"8",,"W",,"8",,"8",1,,8,,3,
"249190670","POLANA CHOCHO£OWSKA           ","2025","05","20","06",5.4,,,"8",,"W",,"8",,"8",0,,8,,3,
"249190670","POLANA CHOCHO£OWSKA           ","2025","05","20","12",12.4,,,"8","W","W",,"8",,"8",1,,6,,5,
"249190670","POLANA CHOCHO£OWSKA           ","2025","05","20","18",9.4,,,"8","W","W",,"8",,"8",0,,5,,5,
"249190670","POLANA CHOCHO£OWSKA           ","2025","05","21","06",10.6,,,"8","W","W",,"8",,"8",0,,0,,5,
"249190670","POLANA CHOCHO£OWSKA           ","2025","05","21","12",15.9,,,"8","W","W",,"8",,"8",1,,4,,5,
"249190670","POLANA CHOCHO£OWSKA           ","2025","05","21","18",10.0,,,"8","W","W",,"8",,"8",1,,3,,5,
"249190670","POLANA CHOCHO£OWSKA           ","2025","05","22","06",11.4,,,"8","W","W",,"8",,"8",1,,6,,5,
"249190670","POLANA CHOCHO£OWSKA           ","2025","05","22","12",14.0,,,"8","W","W",,"8",,"8",2,,8,,5,
"249190670","POLANA CHOCHO£OWSKA           ","2025","05","22","18",9.9,,,"8","W","W",,"8",,"8",0,,8,,3,
"249190670","POLANA CHOCHO£OWSKA           ","2025","05","23","06",2.0,,,"8",,"W",,"8",,"8",0,,8,,3,
"249190670","POLANA CHOCHO£OWSKA           ","2025","05","23","12",3.6,,,"8",,"W",,"8",,"8",2,,8,,3,
"249190670","POLANA CHOCHO£OWSKA           ","2025","05","23","18",2.9,,,"8",,"W",,"8",,"8",0,,8,,3,
"249190670","POLANA CHOCHO£OWSKA           ","2025","05","24","06",1.2,,,"8",,"W",,"8",,"8",1,,8,,3,
"249190670","POLANA CHOCHO£OWSKA           ","2025","05","24","12",4.9,,,"8",,"W",,"8",,"8",1,,8,,3,
"249190670","POLANA CHOCHO£OWSKA           ","2025","05","24","18",4.7,,,"8",,"W",,"8",,"8",0,,4,,5,
"249190670","POLANA CHOCHO£OWSKA           ","2025","05","25","06",6.2,,,"8",,"W",,"8",,"8",1,,2,,5,
"249190670","POLANA CHOCHO£OWSKA           ","2025","05","25","12",9.6,,,"8","W","W",,"8",,"8",3,,5,,5,
"249190670","POLANA CHOCHO£OWSKA           ","2025","05","25","18",6.1,,,"8",,"W",,"8",,"8",0,,1,,5,
"249190670","POLANA CHOCHO£OWSKA           ","2025","05","26","06",10.2,,,"8","W","W",,"8",,"8",1,,1,,5,
"249190670","POLANA CHOCHO£OWSKA           ","2025","05","26","12",12.0,,,"8","W","W",,"8",,"8",1,,8,,5,
"249190670","POLANA CHOCHO£OWSKA           ","2025","05","26","18",8.0,,,"8",,"W",,"8",,"8",0,,8,,3,
"249190670","POLANA CHOCHO£OWSKA           ","2025","05","27","06",7.3,,,"8",,"W",,"8",,"8",1,,8,,3,
"249190670","POLANA CHOCHO£OWSKA           ","2025","05","27","12",9.6,,,"8","W","W",,"8",,"8",1,,8,,4,
"249190670","POLANA CHOCHO£OWSKA           ","2025","05","27","18",7.5,,,"8",,"W",,"8",,"8",1,,1,,5,
"249190670","POLANA CHOCHO£OWSKA           ","2025","05","28","06",11.2,,,"8","W","W",,"8",,"8",1,,1,,5,
"249190670","POLANA CHOCHO£OWSKA           ","2025","05","28","12",14.0,,,"8","W","W",,"8",,"8",2,,4,,5,
"249190670","POLANA CHOCHO£OWSKA           ","2025","05","28","18",10.0,,,"8","W","W",,"8",,"8",0,,8,,3,
"249190670","POLANA CHOCHO£OWSKA           ","2025","05","29","06",7.3,,,"8",,"W",,"8",,"8",2,,8,,2,
"249190670","POLANA CHOCHO£OWSKA           ","2025","05","29","12",6.4,,,"8",,"W",,"8",,"8",2,,8,,2,
"249190670","POLANA CHOCHO£OWSKA           ","2025","05","29","18",6.8,,,"8",,"W",,"8",,"8",2,,8,,3,
"249190670","POLANA CHOCHO£OWSKA           ","2025","05","30","06",8.5,,,"8","W","W",,"8",,"8",1,,3,,5,
"249190670","POLANA CHOCHO£OWSKA           ","2025","05","30","12",11.8,,,"8","W","W",,"8",,"8",1,,8,,5,
"249190670","POLANA CHOCHO£OWSKA           ","2025","05","30","18",9.4,,,"8","W","W",,"8",,"8",0,,8,,3,
"249190670","POLANA CHOCHO£OWSKA           ","2025","05","31","06",13.6,,,"8","W","W",,"8",,"8",0,,3,,5,
"249190670","POLANA CHOCHO£OWSKA           ","2025","05","31","12",17.4,,,"8","W","W",,"8",,"8",2,,5,,5,
"249190670","POLANA CHOCHO£OWSKA           ","2025","05","31","18",13.6,,,"8","W","W",,"8",,"8",0,,5,,5,
"249190890","RADZIECHOWY                   ","2025","05","01","06",10.0,,8.8,,"W","N",84,,"SE ",,1,,2,,6,
"249190890","RADZIECHOWY                   ","2025","05","01","12",20.5,,14.6,,"W","N",49,,"NE ",,2,,2,,7,
"249190890","RADZIECHOWY                   ","2025","05","01","18",14.9,,11.0,,"W","N",59,,"WSW",,1,,1,,7,
"249190890","RADZIECHOWY                   ","2025","05","02","06",10.8,,8.5,,"W","N",72,,"ESE",,1,,0,,6,
"249190890","RADZIECHOWY                   ","2025","05","02","12",24.1,,14.8,,"W","N",31,,"WNW",,3,,2,,7,
"249190890","RADZIECHOWY                   ","2025","05","02","18",20.3,,13.8,,"W","N",45,,"SSW",,1,,2,,7,
"249190890","RADZIECHOWY                   ","2025","05","03","06",19.7,,14.3,,"W","N",52,,"S  ",,2,,0,,8,
"249190890","RADZIECHOWY                   ","2025","05","03","12",26.7,,16.0,,"W","N",28,,"SW ",,3,,3,,7,
"249190890","RADZIECHOWY                   ","2025","05","03","18",14.4,,13.4,,"W","N",89,,"SSW",,4,,8,,5,
"249190890","RADZIECHOWY                   ","2025","05","04","06",14.3,,12.8,,"W","N",83,,"SSW",,2,,8,,5,
"249190890","RADZIECHOWY                   ","2025","05","04","12",12.2,,11.0,,"W","N",86,,"NNW",,2,,8,,5,
"249190890","RADZIECHOWY                   ","2025","05","04","18",11.0,,10.0,,"W","N",87,,"W  ",,1,,3,,6,
"249190890","RADZIECHOWY                   ","2025","05","05","06",8.6,,6.8,,"W","N",76,,"NNE",,1,,8,,6,
"249190890","RADZIECHOWY                   ","2025","05","05","12",11.0,,8.0,,"W","N",64,,"NNE",,2,,8,,7,
"249190890","RADZIECHOWY                   ","2025","05","05","18",7.6,,5.8,,"W","N",75,,"NNE",,2,,8,,6,
"249190890","RADZIECHOWY                   ","2025","05","06","06",8.8,,7.8,,"W","N",86,,"NNE",,2,,6,,6,
"249190890","RADZIECHOWY                   ","2025","05","06","12",9.8,,8.2,,"W","N",79,,"E  ",,2,,8,,6,
"249190890","RADZIECHOWY                   ","2025","05","06","18",8.7,,8.0,,"W","N",90,,"C  ",,0,,8,,5,
"249190890","RADZIECHOWY                   ","2025","05","07","06",9.1,,7.5,,"W","N",79,,"N  ",,2,,6,,6,
"249190890","RADZIECHOWY                   ","2025","05","07","12",13.9,,10.4,,"W","N",62,,"NNE",,2,,7,,7,
"249190890","RADZIECHOWY                   ","2025","05","07","18",10.1,,7.2,,"W","N",64,,"NNE",,1,,8,,7,
"249190890","RADZIECHOWY                   ","2025","05","08","06",6.0,,3.9,,"W","N",69,,"N  ",,2,,7,,7,
"249190890","RADZIECHOWY                   ","2025","05","08","12",13.5,,8.0,,"W","N",41,,"NNE",,2,,5,,7,
"249190890","RADZIECHOWY                   ","2025","05","08","18",8.2,,5.9,,"W","N",69,,"NE ",,1,,7,,7,
"249190890","RADZIECHOWY                   ","2025","05","09","06",3.2,,0.3,,"W","N",51,,"N  ",,1,,2,,7,
"249190890","RADZIECHOWY                   ","2025","05","09","12",11.0,,6.4,,"W","N",45,,"N  ",,3,,6,,7,
"249190890","RADZIECHOWY                   ","2025","05","09","18",7.8,,4.7,,"W","N",57,,"WSW",,1,,1,,7,
"249190890","RADZIECHOWY                   ","2025","05","10","06",4.1,,2.0,,"W","N",66,,"SSW",,2,,8,,7,
"249190890","RADZIECHOWY                   ","2025","05","10","12",13.9,,8.6,,"W","N",44,,"WNW",,3,,8,,7,
"249190890","RADZIECHOWY                   ","2025","05","10","18",9.2,,8.0,,"W","N",84,,"S  ",,1,,8,,5,
"249190890","RADZIECHOWY                   ","2025","05","11","06",8.5,,6.9,,"W","N",78,,"NNE",,1,,6,,6,
"249190890","RADZIECHOWY                   ","2025","05","11","12",12.9,,9.0,,"W","N",56,,"N  ",,2,,6,,7,
"249190890","RADZIECHOWY                   ","2025","05","11","18",8.2,,4.5,,"W","N",50,,"NW ",,1,,4,,7,
"249190890","RADZIECHOWY                   ","2025","05","12","06",5.7,,4.1,,"W","N",76,,"N  ",,1,,3,,6,
"249190890","RADZIECHOWY                   ","2025","05","12","12",14.3,,9.2,,"W","N",47,,"NNE",,2,,5,,7,
"249190890","RADZIECHOWY                   ","2025","05","12","18",8.6,,5.3,,"W","N",56,,"NNE",,1,,1,,7,
"249190890","RADZIECHOWY                   ","2025","05","13","06",5.1,,2.9,,"W","N",66,,"ENE",,1,,1,,7,
"249190890","RADZIECHOWY                   ","2025","05","13","12",14.7,,9.6,,"W","N",47,,"NW ",,2,,5,,7,
"249190890","RADZIECHOWY                   ","2025","05","13","18",10.6,,6.8,,"W","N",54,,"WSW",,1,,4,,7,
"249190890","RADZIECHOWY                   ","2025","05","14","06",9.0,,6.8,,"W","N",71,,"NE ",,1,,7,,6,
"249190890","RADZIECHOWY                   ","2025","05","14","12",19.0,,11.6,,"W","N",35,,"WSW",,2,,5,,7,
"249190890","RADZIECHOWY                   ","2025","05","14","18",17.2,,10.0,,"W","N",33,,"WSW",,3,,7,,7,
"249190890","RADZIECHOWY                   ","2025","05","15","06",5.3,,5.1,,"W","N",97,,"NNW",,3,,8,,4,
"249190890","RADZIECHOWY                   ","2025","05","15","12",7.2,,4.7,,"W","N",65,,"NNE",,1,,7,,7,
"249190890","RADZIECHOWY                   ","2025","05","15","18",6.6,,5.1,,"W","N",78,,"NW ",,4,,7,,6,
"249190890","RADZIECHOWY                   ","2025","05","16","06",4.9,,4.3,,"W","N",90,,"SW ",,1,,8,,5,
"249190890","RADZIECHOWY                   ","2025","05","16","12",12.9,,9.0,,"W","N",56,,"SW ",,4,,6,,7,
"249190890","RADZIECHOWY                   ","2025","05","16","18",7.6,,7.0,,"W","N",91,,"C  ",,0,,8,,5,
"249190890","RADZIECHOWY                   ","2025","05","17","06",6.6,,5.9,,"W","N",90,,"S  ",,2,,8,,5,
"249190890","RADZIECHOWY                   ","2025","05","17","12",8.6,,8.2,,"W","N",94,,"SW ",,3,,8,,4,
"249190890","RADZIECHOWY                   ","2025","05","17","18",5.7,,5.4,,"W","N",95,,"WSW",,1,,8,,4,
"249190890","RADZIECHOWY                   ","2025","05","18","06",6.0,,5.3,,"W","N",89,,"SW ",,1,,8,,5,
"249190890","RADZIECHOWY                   ","2025","05","18","12",7.0,,6.5,,"W","N",93,,"N  ",,1,,7,,5,
"249190890","RADZIECHOWY                   ","2025","05","18","18",6.8,,6.1,,"W","N",90,,"SSW",,2,,8,,5,
"249190890","RADZIECHOWY                   ","2025","05","19","06",6.1,,5.1,,"W","N",85,,"SSW",,2,,7,,5,
"249190890","RADZIECHOWY                   ","2025","05","19","12",11.8,,9.0,,"W","N",67,,"NW ",,3,,7,,7,
"249190890","RADZIECHOWY                   ","2025","05","19","18",9.4,,7.8,,"W","N",79,,"NE ",,1,,8,,5,
"249190890","RADZIECHOWY                   ","2025","05","20","06",10.0,,9.6,,"W","N",95,,"ESE",,1,,8,,4,
"249190890","RADZIECHOWY                   ","2025","05","20","12",14.3,,11.3,,"W","N",68,,"S  ",,2,,7,,7,
"249190890","RADZIECHOWY                   ","2025","05","20","18",12.1,,9.5,,"W","N",69,,"WNW",,1,,0,,7,
"249190890","RADZIECHOWY                   ","2025","05","21","06",2.5,,1.3,,"W","N",79,,"ENE",,1,,5,,6,
"249190890","RADZIECHOWY                   ","2025","05","21","12",22.9,,18.0,,"W","N",60,,"SW ",,2,,2,,7,
"249190890","RADZIECHOWY                   ","2025","05","21","18",17.5,,13.6,,"W","N",62,,"SSW",,1,,6,,7,
"249190890","RADZIECHOWY                   ","2025","05","22","06",12.0,,9.5,,"W","N",71,,"SSW",,3,,5,,6,
"249190890","RADZIECHOWY                   ","2025","05","22","12",15.3,,13.0,,"W","N",76,,"NNW",,6,,6,,6,
"249190890","RADZIECHOWY                   ","2025","05","22","18",11.2,,10.8,,"W","N",95,,"N  ",,1,,8,,4,
"249190890","RADZIECHOWY                   ","2025","05","23","06",7.8,,7.0,,"W","N",89,,"NNW",,3,,8,,5,
"249190890","RADZIECHOWY                   ","2025","05","23","12",11.8,,9.0,,"W","N",67,,"ENE",,1,,7,,7,
"249190890","RADZIECHOWY                   ","2025","05","23","18",10.2,,7.9,,"W","N",71,,"N  ",,1,,8,,6,
"249190890","RADZIECHOWY                   ","2025","05","24","06",8.7,,7.0,,"W","N",77,,"NE ",,1,,6,,6,
"249190890","RADZIECHOWY                   ","2025","05","24","12",15.4,,11.0,,"W","N",55,,"NW ",,4,,6,,7,
"249190890","RADZIECHOWY                   ","2025","05","24","18",13.9,,10.2,,"W","N",60,,"NW ",,2,,7,,7,
"249190890","RADZIECHOWY                   ","2025","05","25","06",8.6,,6.3,,"W","N",69,,"NNE",,1,,1,,7,
"249190890","RADZIECHOWY                   ","2025","05","25","12",17.4,,11.1,,"W","N",41,,"N  ",,1,,2,,7,
"249190890","RADZIECHOWY                   ","2025","05","25","18",16.2,,11.6,,"W","N",54,,"C  ",,0,,0,,7,
"249190890","RADZIECHOWY                   ","2025","05","26","06",10.0,,8.4,,"W","N",79,,"N  ",,1,,7,,6,
"249190890","RADZIECHOWY                   ","2025","05","26","12",18.3,,14.8,,"W","N",67,,"N  ",,3,,4,,7,
"249190890","RADZIECHOWY                   ","2025","05","26","18",14.5,,12.0,,"W","N",73,,"N  ",,1,,4,,6,
"249190890","RADZIECHOWY                   ","2025","05","27","06",11.0,,10.0,,"W","N",87,,"ESE",,1,,5,,6,
"249190890","RADZIECHOWY                   ","2025","05","27","12",17.7,,13.0,,"W","N",55,,"N  ",,2,,3,,7,
"249190890","RADZIECHOWY                   ","2025","05","27","18",16.0,,12.0,,"W","N",60,,"WNW",,1,,1,,7,
"249190890","RADZIECHOWY                   ","2025","05","28","06",11.0,,8.5,,"W","N",69,,"ESE",,1,,4,,7,
"249190890","RADZIECHOWY                   ","2025","05","28","12",21.5,,16.0,,"W","N",54,,"W  ",,3,,8,,7,
"249190890","RADZIECHOWY                   ","2025","05","28","18",15.4,,14.4,,"W","N",89,,"SSW",,2,,8,,5,
"249190890","RADZIECHOWY                   ","2025","05","29","06",12.0,,11.0,,"W","N",88,,"NNW",,3,,8,,5,
"249190890","RADZIECHOWY                   ","2025","05","29","12",14.7,,12.6,,"W","N",77,,"NNW",,5,,7,,6,
"249190890","RADZIECHOWY                   ","2025","05","29","18",13.3,,10.5,,"W","N",69,,"NW ",,2,,7,,7,
"249190890","RADZIECHOWY                   ","2025","05","30","06",13.7,,11.2,,"W","N",72,,"NNW",,1,,2,,6,
"249190890","RADZIECHOWY                   ","2025","05","30","12",15.1,,13.8,,"W","N",86,,"SW ",,2,,8,,5,
"249190890","RADZIECHOWY                   ","2025","05","30","18",14.4,,12.5,,"W","N",79,,"SSW",,3,,7,,6,
"249190890","RADZIECHOWY                   ","2025","05","31","06",17.0,,14.9,,"W","N",79,,"SW ",,2,,3,,6,
"249190890","RADZIECHOWY                   ","2025","05","31","12",23.6,,18.6,,"W","N",60,,"NNW",,1,,2,,7,
"249190890","RADZIECHOWY                   ","2025","05","31","18",19.4,,17.0,,"W","N",78,,"S  ",,1,,5,,6,
"249200020","£AZY                          ","2025","05","01","06",13.8,,,"8","W","W",,"8","WNW",,3,,5,,6,
"249200020","£AZY                          ","2025","05","01","12",19.7,,,"8","W","W",,"8","N  ",,3,,6,,6,
"249200020","£AZY                          ","2025","05","01","18",16.2,,,"8","W","W",,"8","C  ",,0,,1,,6,
"249200020","£AZY                          ","2025","05","02","06",12.3,,,"8","W","W",,"8","C  ",,0,,1,,6,
"249200020","£AZY                          ","2025","05","02","12",22.6,,,"8","W","W",,"8","W  ",,2,,3,,6,
"249200020","£AZY                          ","2025","05","02","18",19.4,,,"8","W","W",,"8","S  ",,1,,5,,6,
"249200020","£AZY                          ","2025","05","03","06",17.8,,,"8","W","W",,"8","WSW",,2,,5,,6,
"249200020","£AZY                          ","2025","05","03","12",26.3,,,"8","W","W",,"8","WNW",,6,,6,,6,
"249200020","£AZY                          ","2025","05","03","18",18.6,,,"8","W","W",,"8","SW ",,6,,8,,5,
"249200020","£AZY                          ","2025","05","04","06",16.9,,,"8","W","W",,"8","W  ",,7,,6,,6,
"249200020","£AZY                          ","2025","05","04","12",13.7,,,"8","W","W",,"8","W  ",,4,,8,,6,
"249200020","£AZY                          ","2025","05","04","18",12.5,,,"8","W","W",,"8","SW ",,2,,7,,6,
"249200020","£AZY                          ","2025","05","05","06",7.8,,,"8",,"W",,"8","NNW",,1,,8,,6,
"249200020","£AZY                          ","2025","05","05","12",10.2,,,"8","W","W",,"8","N  ",,2,,8,,6,
"249200020","£AZY                          ","2025","05","05","18",9.3,,,"8","W","W",,"8","NNW",,3,,8,,6,
"249200020","£AZY                          ","2025","05","06","06",7.8,,,"8",,"W",,"8","NNE",,1,,8,,6,
"249200020","£AZY                          ","2025","05","06","12",11.5,,,"8","W","W",,"8","NNE",,1,,8,,6,
"249200020","£AZY                          ","2025","05","06","18",10.7,,,"8","W","W",,"8","C  ",,0,,8,,6,
"249200020","£AZY                          ","2025","05","07","06",7.3,,,"8",,"W",,"8","WNW",,1,,6,,6,
"249200020","£AZY                          ","2025","05","07","12",13.9,,,"8","W","W",,"8","N  ",,3,,8,,6,
"249200020","£AZY                          ","2025","05","07","18",11.5,,,"8","W","W",,"8","NNE",,1,,8,,6,
"249200020","£AZY                          ","2025","05","08","06",4.2,,,"8",,"W",,"8","C  ",,0,,7,,6,
"249200020","£AZY                          ","2025","05","08","12",10.5,,,"8","W","W",,"8","NNW",,4,,6,,6,
"249200020","£AZY                          ","2025","05","08","18",9.4,,,"8","W","W",,"8","C  ",,0,,8,,6,
"249200020","£AZY                          ","2025","05","09","06",5.5,,,"8",,"W",,"8","WNW",,1,,1,,6,
"249200020","£AZY                          ","2025","05","09","12",10.5,,,"8","W","W",,"8","NNW",,3,,7,,6,
"249200020","£AZY                          ","2025","05","09","18",9.6,,,"8","W","W",,"8","SSW",,1,,2,,6,
"249200020","£AZY                          ","2025","05","10","06",8.9,,,"8","W","W",,"8","SW ",,3,,8,,6,
"249200020","£AZY                          ","2025","05","10","12",12.5,,,"8","W","W",,"8","WSW",,3,,8,,6,
"249200020","£AZY                          ","2025","05","10","18",9.4,,,"8","W","W",,"8","SW ",,2,,8,,5,
"249200020","£AZY                          ","2025","05","11","06",6.8,,,"8",,"W",,"8","NW ",,3,,4,,6,
"249200020","£AZY                          ","2025","05","11","12",11.4,,,"8","W","W",,"8","SE ",,1,,6,,6,
"249200020","£AZY                          ","2025","05","11","18",7.5,,,"8",,"W",,"8","S  ",,1,,4,,6,
"249200020","£AZY                          ","2025","05","12","06",7.7,,,"8",,"W",,"8","C  ",,0,,4,,6,
"249200020","£AZY                          ","2025","05","12","12",12.5,,,"8","W","W",,"8","NNE",,3,,6,,6,
"249200020","£AZY                          ","2025","05","12","18",10.6,,,"8","W","W",,"8","C  ",,0,,2,,6,
"249200020","£AZY                          ","2025","05","13","06",6.0,,,"8",,"W",,"8","S  ",,1,,8,,6,
"249200020","£AZY                          ","2025","05","13","12",14.0,,,"8","W","W",,"8","WNW",,4,,7,,6,
"249200020","£AZY                          ","2025","05","13","18",12.2,,,"8","W","W",,"8","SSW",,1,,3,,6,
"249200020","£AZY                          ","2025","05","14","06",7.5,,,"8",,"W",,"8","W  ",,1,,8,,6,
"249200020","£AZY                          ","2025","05","14","12",17.5,,,"8","W","W",,"8","WSW",,4,,8,,6,
"249200020","£AZY                          ","2025","05","14","18",16.4,,,"8","W","W",,"8","SSW",,1,,8,,6,
"249200020","£AZY                          ","2025","05","15","06",4.8,,,"8",,"W",,"8","NW ",,4,,8,,5,
"249200020","£AZY                          ","2025","05","15","12",6.9,,,"8",,"W",,"8","W  ",,3,,6,,6,
"249200020","£AZY                          ","2025","05","15","18",6.9,,,"8",,"W",,"8","W  ",,1,,7,,6,
"249200020","£AZY                          ","2025","05","16","06",6.3,,,"8",,"W",,"8","WSW",,6,,8,,6,
"249200020","£AZY                          ","2025","05","16","12",12.2,,,"8","W","W",,"8","SW ",,4,,7,,6,
"249200020","£AZY                          ","2025","05","16","18",7.9,,,"8",,"W",,"8","SW ",,2,,8,,6,
"249200020","£AZY                          ","2025","05","17","06",8.4,,,"8","W","W",,"8","SW ",,5,,8,,6,
"249200020","£AZY                          ","2025","05","17","12",10.5,,,"8","W","W",,"8","WSW",,2,,8,,6,
"249200020","£AZY                          ","2025","05","17","18",8.4,,,"8","W","W",,"8","WSW",,4,,7,,6,
"249200020","£AZY                          ","2025","05","18","06",6.7,,,"8",,"W",,"8","WSW",,4,,6,,6,
"249200020","£AZY                          ","2025","05","18","12",8.6,,,"8","W","W",,"8","WSW",,5,,7,,6,
"249200020","£AZY                          ","2025","05","18","18",7.8,,,"8",,"W",,"8","WSW",,3,,8,,6,
"249200020","£AZY                          ","2025","05","19","06",7.3,,,"8",,"W",,"8","W  ",,2,,6,,6,
"249200020","£AZY                          ","2025","05","19","12",12.7,,,"8","W","W",,"8","WNW",,5,,5,,6,
"249200020","£AZY                          ","2025","05","19","18",11.7,,,"8","W","W",,"8","WSW",,3,,5,,6,
"249200020","£AZY                          ","2025","05","20","06",10.2,,,"8","W","W",,"8","W  ",,3,,8,,6,
"249200020","£AZY                          ","2025","05","20","12",14.6,,,"8","W","W",,"8","SW ",,3,,6,,6,
"249200020","£AZY                          ","2025","05","20","18",15.6,,,"8","W","W",,"8","WSW",,2,,1,,6,
"249200020","£AZY                          ","2025","05","21","06",13.4,,,"8","W","W",,"8","C  ",,0,,1,,6,
"249200020","£AZY                          ","2025","05","21","12",20.6,,,"8","W","W",,"8","SSW",,1,,7,,6,
"249200020","£AZY                          ","2025","05","21","18",18.7,,,"8","W","W",,"8","SE ",,3,,6,,6,
"249200020","£AZY                          ","2025","05","22","06",16.5,,,"8","W","W",,"8","SE ",,1,,6,,6,
"249200020","£AZY                          ","2025","05","22","12",22.0,,,"8","W","W",,"8","NE ",,1,,7,,6,
"249200020","£AZY                          ","2025","05","22","18",14.2,,,"8","W","W",,"8","NNW",,3,,8,,6,
"249200020","£AZY                          ","2025","05","23","06",9.3,,,"8","W","W",,"8","W  ",,2,,8,,5,
"249200020","£AZY                          ","2025","05","23","12",10.9,,,"8","W","W",,"8","S  ",,1,,8,,6,
"249200020","£AZY                          ","2025","05","23","18",9.7,,,"8","W","W",,"8","ESE",,1,,8,,6,
"249200020","£AZY                          ","2025","05","24","06",7.7,,,"8",,"W",,"8","E  ",,2,,8,,6,
"249200020","£AZY                          ","2025","05","24","12",13.6,,,"8","W","W",,"8","W  ",,1,,7,,6,
"249200020","£AZY                          ","2025","05","24","18",12.7,,,"8","W","W",,"8","C  ",,0,,5,,6,
"249200020","£AZY                          ","2025","05","25","06",10.1,,,"8","W","W",,"8","C  ",,0,,0,,6,
"249200020","£AZY                          ","2025","05","25","12",17.2,,,"8","W","W",,"8","W  ",,2,,5,,6,
"249200020","£AZY                          ","2025","05","25","18",14.7,,,"8","W","W",,"8","SE ",,2,,0,,6,
"249200020","£AZY                          ","2025","05","26","06",13.1,,,"8","W","W",,"8","WSW",,2,,1,,6,
"249200020","£AZY                          ","2025","05","26","12",18.9,,,"8","W","W",,"8","WNW",,1,,7,,6,
"249200020","£AZY                          ","2025","05","26","18",13.5,,,"8","W","W",,"8","SW ",,1,,8,,5,
"249200020","£AZY                          ","2025","05","27","06",12.3,,,"8","W","W",,"8","W  ",,4,,8,,5,
"249200020","£AZY                          ","2025","05","27","12",17.5,,,"8","W","W",,"8","NW ",,4,,7,,6,
"249200020","£AZY                          ","2025","05","27","18",16.5,,,"8","W","W",,"8","WSW",,1,,2,,6,
"249200020","£AZY                          ","2025","05","28","06",15.0,,,"8","W","W",,"8","SW ",,1,,0,,6,
"249200020","£AZY                          ","2025","05","28","12",20.8,,,"8","W","W",,"8","WSW",,3,,5,,6,
"249200020","£AZY                          ","2025","05","28","18",16.8,,,"8","W","W",,"8","WSW",,3,,8,,6,
"249200020","£AZY                          ","2025","05","29","06",12.9,,,"8","W","W",,"8","W  ",,4,,8,,6,
"249200020","£AZY                          ","2025","05","29","12",14.6,,,"8","W","W",,"8","WNW",,4,,8,,6,
"249200020","£AZY                          ","2025","05","29","18",14.7,,,"8","W","W",,"8","WSW",,1,,8,,6,
"249200020","£AZY                          ","2025","05","30","06",13.3,,,"8","W","W",,"8","W  ",,2,,2,,6,
"249200020","£AZY                          ","2025","05","30","12",18.6,,,"8","W","W",,"8","W  ",,4,,7,,6,
"249200020","£AZY                          ","2025","05","30","18",15.1,,,"8","W","W",,"8","W  ",,4,,8,,6,
"249200020","£AZY                          ","2025","05","31","06",17.1,,,"8","W","W",,"8","C  ",,0,,8,,6,
"249200020","£AZY                          ","2025","05","31","12",24.4,,,"8","W","W",,"8","W  ",,3,,5,,6,
"249200020","£AZY                          ","2025","05","31","18",20.4,,,"8","W","W",,"8","SW ",,1,,5,,6,
"249200130","JASTRZÊBIA                    ","2025","05","01","06",12.5,,,"8","W","N",,"8","C  ",,0,,4,,6,
"249200130","JASTRZÊBIA                    ","2025","05","01","12",19.1,,,"8","W","N",,"8","N  ",,3,,2,,6,
"249200130","JASTRZÊBIA                    ","2025","05","01","18",14.3,,,"8","W","N",,"8","W  ",,1,,1,,6,
"249200130","JASTRZÊBIA                    ","2025","05","02","06",10.4,,,"8","W","N",,"8","SE ",,1,,1,,6,
"249200130","JASTRZÊBIA                    ","2025","05","02","12",22.6,,,"8","W","N",,"8","C  ",,0,,2,,6,
"249200130","JASTRZÊBIA                    ","2025","05","02","18",19.4,,,"8","W","N",,"8","SSE",,2,,6,,6,
"249200130","JASTRZÊBIA                    ","2025","05","03","06",18.5,,,"8","W","N",,"8","SE ",,1,,2,,6,
"249200130","JASTRZÊBIA                    ","2025","05","03","12",26.8,,,"8","W","N",,"8","C  ",,0,,4,,6,
"249200130","JASTRZÊBIA                    ","2025","05","03","18",18.5,,,"8","W","N",,"8","SSE",,3,,6,,6,
"249200130","JASTRZÊBIA                    ","2025","05","04","06",17.2,,,"8","W","N",,"8","NW ",,2,,7,,6,
"249200130","JASTRZÊBIA                    ","2025","05","04","12",13.4,,,"8","W","N",,"8","NW ",,2,,7,,6,
"249200130","JASTRZÊBIA                    ","2025","05","04","18",12.1,,,"8","W","N",,"8","C  ",,0,,7,,6,
"249200130","JASTRZÊBIA                    ","2025","05","05","06",8.2,,,"8","W","N",,"8","NW ",,1,,7,,6,
"249200130","JASTRZÊBIA                    ","2025","05","05","12",10.4,,,"8","W","N",,"8","N  ",,2,,6,,6,
"249200130","JASTRZÊBIA                    ","2025","05","05","18",9.5,,,"8","W","N",,"8","N  ",,1,,6,,6,
"249200130","JASTRZÊBIA                    ","2025","05","06","06",7.0,,,"8","W","N",,"8","NE ",,1,,7,,6,
"249200130","JASTRZÊBIA                    ","2025","05","06","12",9.4,,,"8","W","N",,"8","WNW",,2,,7,,6,
"249200130","JASTRZÊBIA                    ","2025","05","06","18",9.8,,,"8","W","N",,"8","C  ",,0,,7,,6,
"249200130","JASTRZÊBIA                    ","2025","05","07","06",10.1,,,"8","W","N",,"8","N  ",,1,,4,,6,
"249200130","JASTRZÊBIA                    ","2025","05","07","12",13.8,,,"8","W","N",,"8","NE ",,1,,4,,6,
"249200130","JASTRZÊBIA                    ","2025","05","07","18",10.8,,,"8","W","N",,"8","N  ",,1,,6,,6,
"249200130","JASTRZÊBIA                    ","2025","05","08","06",4.5,,,"8",,"N",,"8","C  ",,0,,7,,6,
"249200130","JASTRZÊBIA                    ","2025","05","08","12",10.6,,,"8","W","N",,"8","N  ",,2,,6,,6,
"249200130","JASTRZÊBIA                    ","2025","05","08","18",8.4,,,"8","W","N",,"8","C  ",,0,,7,,6,
"249200130","JASTRZÊBIA                    ","2025","05","09","06",4.5,,,"8",,"N",,"8","WNW",,1,,6,,6,
"249200130","JASTRZÊBIA                    ","2025","05","09","12",10.4,,,"8","W","N",,"8","NNW",,2,,6,,6,
"249200130","JASTRZÊBIA                    ","2025","05","09","18",8.1,,,"8","W","N",,"8","C  ",,0,,2,,6,
"249200130","JASTRZÊBIA                    ","2025","05","10","06",8.6,,,"8","W","N",,"8","WNW",,1,,7,,6,
"249200130","JASTRZÊBIA                    ","2025","05","10","12",11.0,,,"8","W","N",,"8","WNW",,1,,8,,6,
"249200130","JASTRZÊBIA                    ","2025","05","10","18",9.1,,,"8","W","N",,"8","C  ",,0,,7,,5,
"249200130","JASTRZÊBIA                    ","2025","05","11","06",6.1,,,"8","W","N",,"8","NW ",,1,,6,,5,
"249200130","JASTRZÊBIA                    ","2025","05","11","12",10.6,,,"8","W","N",,"8","WNW",,1,,4,,6,
"249200130","JASTRZÊBIA                    ","2025","05","11","18",9.9,,,"8","W","N",,"8","C  ",,0,,2,,6,
"249200130","JASTRZÊBIA                    ","2025","05","12","06",6.7,,,"8","W","N",,"8","E  ",,1,,4,,6,
"249200130","JASTRZÊBIA                    ","2025","05","12","12",10.6,,,"8","W","N",,"8","ESE",,2,,6,,6,
"249200130","JASTRZÊBIA                    ","2025","05","12","18",7.5,,,"8","W","N",,"8","C  ",,0,,2,,6,
"249200130","JASTRZÊBIA                    ","2025","05","13","06",4.8,,,"8",,"N",,"8","C  ",,0,,7,,6,
"249200130","JASTRZÊBIA                    ","2025","05","13","12",14.4,,,"8","W","N",,"8","C  ",,0,,6,,6,
"249200130","JASTRZÊBIA                    ","2025","05","13","18",9.4,,,"8","W","N",,"8","C  ",,0,,2,,6,
"249200130","JASTRZÊBIA                    ","2025","05","14","06",7.2,,,"8","W","N",,"8","SW ",,1,,7,,5,
"249200130","JASTRZÊBIA                    ","2025","05","14","12",16.8,,,"8","W","N",,"8","W  ",,3,,6,,6,
"249200130","JASTRZÊBIA                    ","2025","05","14","18",13.6,,,"8","W","N",,"8","C  ",,0,,7,,6,
"249200130","JASTRZÊBIA                    ","2025","05","15","06",5.6,,,"8","W","N",,"8","NNW",,2,,7,,5,
"249200130","JASTRZÊBIA                    ","2025","05","15","12",7.8,,,"8","W","N",,"8","NW ",,3,,4,,6,
"249200130","JASTRZÊBIA                    ","2025","05","15","18",6.5,,,"8","W","N",,"8","C  ",,0,,4,,6,
"249200130","JASTRZÊBIA                    ","2025","05","16","06",7.4,,,"8","W","N",,"8","W  ",,3,,2,,6,
"249200130","JASTRZÊBIA                    ","2025","05","16","12",13.2,,,"8","W","N",,"8","W  ",,3,,4,,6,
"249200130","JASTRZÊBIA                    ","2025","05","16","18",8.2,,,"8","W","N",,"8","C  ",,0,,6,,6,
"249200130","JASTRZÊBIA                    ","2025","05","17","06",8.8,,,"8","W","N",,"8","W  ",,4,,7,,6,
"249200130","JASTRZÊBIA                    ","2025","05","17","12",13.2,,,"8","W","N",,"8","WNW",,3,,6,,6,
"249200130","JASTRZÊBIA                    ","2025","05","17","18",7.4,,,"8","W","N",,"8","C  ",,0,,6,,6,
"249200130","JASTRZÊBIA                    ","2025","05","18","06",6.7,,,"8","W","N",,"8","WNW",,2,,4,,6,
"249200130","JASTRZÊBIA                    ","2025","05","18","12",8.6,,,"8","W","N",,"8","NW ",,3,,6,,6,
"249200130","JASTRZÊBIA                    ","2025","05","18","18",7.6,,,"8","W","N",,"8","WNW",,1,,6,,6,
"249200130","JASTRZÊBIA                    ","2025","05","19","06",6.5,,,"8","W","N",,"8","NW ",,2,,4,,6,
"249200130","JASTRZÊBIA                    ","2025","05","19","12",12.4,,,"8","W","N",,"8","NW ",,3,,4,,6,
"249200130","JASTRZÊBIA                    ","2025","05","19","18",11.1,,,"8","W","N",,"8","WNW",,2,,2,,6,
"249200130","JASTRZÊBIA                    ","2025","05","20","06",10.1,,,"8","W","N",,"8","WNW",,1,,7,,6,
"249200130","JASTRZÊBIA                    ","2025","05","20","12",14.4,,,"8","W","N",,"8","WNW",,3,,6,,6,
"249200130","JASTRZÊBIA                    ","2025","05","20","18",14.7,,,"8","W","N",,"8","C  ",,0,,1,,6,
"249200130","JASTRZÊBIA                    ","2025","05","21","06",13.1,,,"8","W","N",,"8","ESE",,2,,1,,6,
"249200130","JASTRZÊBIA                    ","2025","05","21","12",20.4,,,"8","W","N",,"8","S  ",,2,,6,,6,
"249200130","JASTRZÊBIA                    ","2025","05","21","18",15.4,,,"8","W","N",,"8","C  ",,0,,2,,6,
"249200130","JASTRZÊBIA                    ","2025","05","22","06",15.0,,,"8","W","N",,"8","C  ",,0,,4,,6,
"249200130","JASTRZÊBIA                    ","2025","05","22","12",21.5,,,"8","W","N",,"8","SE ",,3,,6,,6,
"249200130","JASTRZÊBIA                    ","2025","05","22","18",13.8,,,"8","W","N",,"8","C  ",,0,,7,,6,
"249200130","JASTRZÊBIA                    ","2025","05","23","06",8.6,,,"8","W","N",,"8","NW ",,2,,7,,5,
"249200130","JASTRZÊBIA                    ","2025","05","23","12",9.4,,,"8","W","N",,"8","NNW",,1,,7,,6,
"249200130","JASTRZÊBIA                    ","2025","05","23","18",9.1,,,"8","W","N",,"8","C  ",,0,,8,,5,
"249200130","JASTRZÊBIA                    ","2025","05","24","06",7.8,,,"8","W","N",,"8","NW ",,1,,7,,5,
"249200130","JASTRZÊBIA                    ","2025","05","24","12",12.2,,,"8","W","N",,"8","NNE",,1,,6,,6,
"249200130","JASTRZÊBIA                    ","2025","05","24","18",9.5,,,"8","W","N",,"8","C  ",,0,,2,,6,
"249200130","JASTRZÊBIA                    ","2025","05","25","06",9.6,,,"8","W","N",,"8","C  ",,0,,1,,6,
"249200130","JASTRZÊBIA                    ","2025","05","25","12",16.5,,,"8","W","N",,"8","NNE",,2,,2,,6,
"249200130","JASTRZÊBIA                    ","2025","05","25","18",12.1,,,"8","W","N",,"8","C  ",,0,,1,,6,
"249200130","JASTRZÊBIA                    ","2025","05","26","06",10.8,,,"8","W","N",,"8","C  ",,0,,1,,6,
"249200130","JASTRZÊBIA                    ","2025","05","26","12",18.6,,,"8","W","N",,"8","NW ",,2,,7,,6,
"249200130","JASTRZÊBIA                    ","2025","05","26","18",13.1,,,"8","W","N",,"8","NW ",,1,,6,,6,
"249200130","JASTRZÊBIA                    ","2025","05","27","06",12.6,,,"8","W","N",,"8","NW ",,2,,7,,6,
"249200130","JASTRZÊBIA                    ","2025","05","27","12",15.2,,,"8","W","N",,"8","NW ",,1,,6,,6,
"249200130","JASTRZÊBIA                    ","2025","05","27","18",16.4,,,"8","W","N",,"8","C  ",,0,,1,,6,
"249200130","JASTRZÊBIA                    ","2025","05","28","06",15.1,,,"8","W","N",,"8","WNW",,2,,1,,6,
"249200130","JASTRZÊBIA                    ","2025","05","28","12",21.7,,,"8","W","N",,"8","WNW",,3,,2,,6,
"249200130","JASTRZÊBIA                    ","2025","05","28","18",16.2,,,"8","W","N",,"8","C  ",,0,,7,,6,
"249200130","JASTRZÊBIA                    ","2025","05","29","06",12.2,,,"8","W","N",,"8","WNW",,2,,8,,5,
"249200130","JASTRZÊBIA                    ","2025","05","29","12",15.2,,,"8","W","N",,"8","NW ",,3,,7,,6,
"249200130","JASTRZÊBIA                    ","2025","05","29","18",12.6,,,"8","W","N",,"8","C  ",,0,,7,,6,
"249200130","JASTRZÊBIA                    ","2025","05","30","06",13.4,,,"8","W","N",,"8","WNW",,1,,1,,6,
"249200130","JASTRZÊBIA                    ","2025","05","30","12",19.5,,,"8","W","N",,"8","WNW",,3,,2,,6,
"249200130","JASTRZÊBIA                    ","2025","05","30","18",15.2,,,"8","W","N",,"8","NW ",,1,,7,,6,
"249200130","JASTRZÊBIA                    ","2025","05","31","06",17.8,,,"8","W","N",,"8","C  ",,0,,6,,6,
"249200130","JASTRZÊBIA                    ","2025","05","31","12",24.8,,,"8","W","N",,"8","WNW",,2,,2,,6,
"249200130","JASTRZÊBIA                    ","2025","05","31","18",20.2,,,"8","W","N",,"8","C  ",,0,,2,,6,
"249200180","LIMANOWA                      ","2025","05","01","06",12.8,,9.3,,"W","W",63,,"N  ",,1,,4,,8,
"249200180","LIMANOWA                      ","2025","05","01","12",18.9,,13.1,,"W","W",51,,"N  ",,4,,5,,8,
"249200180","LIMANOWA                      ","2025","05","01","18",15.0,,10.6,,"W","W",57,,"N  ",,1,,4,,8,
"249200180","LIMANOWA                      ","2025","05","02","06",12.8,,9.7,,"W","W",67,,"ESE",,2,,1,,8,
"249200180","LIMANOWA                      ","2025","05","02","12",22.4,,13.1,,"W","W",32,,"WNW",,2,,5,,8,
"249200180","LIMANOWA                      ","2025","05","02","18",19.6,,12.2,,"W","W",40,,"SSW",,1,,7,,8,
"249200180","LIMANOWA                      ","2025","05","03","06",19.0,,13.7,,"W","W",55,,"WNW",,3,,3,,8,
"249200180","LIMANOWA                      ","2025","05","03","12",23.2,,15.3,,"W","W",42,,"W  ",,7,,5,,8,
"249200180","LIMANOWA                      ","2025","05","03","18",18.0,,14.0,,"W","W",64,,"W  ",,5,,8,,8,
"249200180","LIMANOWA                      ","2025","05","04","06",16.5,,13.1,,"W","W",68,,"WNW",,5,,6,,8,
"249200180","LIMANOWA                      ","2025","05","04","12",12.8,,11.0,,"W","W",80,,"NW ",,6,,8,,8,
"249200180","LIMANOWA                      ","2025","05","04","18",11.2,,9.0,,"W","W",75,,"NNE",,1,,7,,8,
"249200180","LIMANOWA                      ","2025","05","05","06",6.9,,5.4,,"W","W",80,,"NNW",,2,,8,,8,
"249200180","LIMANOWA                      ","2025","05","05","12",9.0,,6.5,,"W","W",69,,"NNW",,4,,8,,8,
"249200180","LIMANOWA                      ","2025","05","05","18",7.3,,5.2,,"W","W",73,,"NNE",,3,,8,,8,
"249200180","LIMANOWA                      ","2025","05","06","06",6.1,,5.4,,"W","W",90,,"N  ",,1,,8,,8,
"249200180","LIMANOWA                      ","2025","05","06","12",8.2,,6.7,,"W","W",81,,"N  ",,3,,8,,8,
"249200180","LIMANOWA                      ","2025","05","06","18",8.2,,6.8,,"W","W",82,,"N  ",,1,,8,,8,
"249200180","LIMANOWA                      ","2025","05","07","06",6.7,,5.9,,"W","W",89,,"NNE",,1,,7,,8,
"249200180","LIMANOWA                      ","2025","05","07","12",12.3,,6.9,,"W","W",44,,"N  ",,3,,7,,8,
"249200180","LIMANOWA                      ","2025","05","07","18",9.5,,5.9,,"W","W",58,,"NE ",,5,,8,,8,
"249200180","LIMANOWA                      ","2025","05","08","06",4.2,,2.0,,"W","W",67,,"C  ",,0,,7,,8,
"249200180","LIMANOWA                      ","2025","05","08","12",8.5,,4.1,,"W","W",47,,"NE ",,4,,7,,8,
"249200180","LIMANOWA                      ","2025","05","08","18",7.3,,3.5,,"W","W",52,,"NW ",,1,,7,,8,
"249200180","LIMANOWA                      ","2025","05","09","06",2.5,,1.2,,"W","W",79,,"W  ",,2,,7,,8,
"249200180","LIMANOWA                      ","2025","05","09","12",8.8,,3.3,,"W","W",35,,"NNW",,2,,6,,8,
"249200180","LIMANOWA                      ","2025","05","09","18",7.7,,3.9,,"W","W",52,,"WSW",,2,,3,,8,
"249200180","LIMANOWA                      ","2025","05","10","06",7.2,,4.5,,"W","W",65,,"W  ",,3,,8,,8,
"249200180","LIMANOWA                      ","2025","05","10","12",9.6,,7.3,,"W","W",72,,"NW ",,4,,8,,8,
"249200180","LIMANOWA                      ","2025","05","10","18",7.8,,7.4,,"W","W",95,,"WNW",,3,,8,,4,
"249200180","LIMANOWA                      ","2025","05","11","06",4.5,,3.5,,"W","W",85,,"N  ",,3,,5,,8,
"249200180","LIMANOWA                      ","2025","05","11","12",9.8,,5.8,,"W","W",54,,"N  ",,2,,6,,8,
"249200180","LIMANOWA                      ","2025","05","11","18",7.7,,4.9,,"W","W",64,,"SE ",,1,,4,,8,
"249200180","LIMANOWA                      ","2025","05","12","06",5.2,,4.6,,"W","W",91,,"NNE",,1,,5,,6,
"249200180","LIMANOWA                      ","2025","05","12","12",11.1,,6.3,,"W","W",47,,"E  ",,2,,5,,8,
"249200180","LIMANOWA                      ","2025","05","12","18",8.8,,5.4,,"W","W",59,,"C  ",,0,,3,,8,
"249200180","LIMANOWA                      ","2025","05","13","06",4.2,,2.7,,"W","W",78,,"W  ",,1,,7,,8,
"249200180","LIMANOWA                      ","2025","05","13","12",11.7,,6.1,,"W","W",41,,"NW ",,2,,7,,8,
"249200180","LIMANOWA                      ","2025","05","13","18",9.1,,5.1,,"W","W",52,,"SW ",,2,,4,,8,
"249200180","LIMANOWA                      ","2025","05","14","06",7.4,,5.3,,"W","W",73,,"E  ",,1,,8,,8,
"249200180","LIMANOWA                      ","2025","05","14","12",16.1,,9.8,,"W","W",43,,"NW ",,4,,7,,8,
"249200180","LIMANOWA                      ","2025","05","14","18",15.1,,8.8,,"W","W",41,,"W  ",,3,,8,,8,
"249200180","LIMANOWA                      ","2025","05","15","06",3.9,,3.6,,"W","W",95,,"NW ",,3,,8,,2,
"249200180","LIMANOWA                      ","2025","05","15","12",4.3,,2.8,,"W","W",78,,"NNW",,4,,7,,8,
"249200180","LIMANOWA                      ","2025","05","15","18",5.3,,3.7,,"W","W",77,,"SW ",,2,,5,,8,
"249200180","LIMANOWA                      ","2025","05","16","06",4.5,,3.1,,"W","W",79,,"W  ",,5,,6,,8,
"249200180","LIMANOWA                      ","2025","05","16","12",11.0,,7.0,,"W","W",56,,"W  ",,5,,7,,8,
"249200180","LIMANOWA                      ","2025","05","16","18",7.2,,5.4,,"W","W",76,,"WNW",,3,,7,,8,
"249200180","LIMANOWA                      ","2025","05","17","06",6.3,,5.3,,"W","W",86,,"W  ",,4,,8,,8,
"249200180","LIMANOWA                      ","2025","05","17","12",11.6,,8.6,,"W","W",67,,"W  ",,4,,6,,8,
"249200180","LIMANOWA                      ","2025","05","17","18",7.6,,6.0,,"W","W",79,,"W  ",,4,,7,,8,
"249200180","LIMANOWA                      ","2025","05","18","06",5.2,,4.0,,"W","W",83,,"WNW",,3,,7,,8,
"249200180","LIMANOWA                      ","2025","05","18","12",5.0,,4.9,,"W","W",99,,"W  ",,2,,7,,8,
"249200180","LIMANOWA                      ","2025","05","18","18",6.4,,5.4,,"W","W",86,,"SW ",,2,,7,,8,
"249200180","LIMANOWA                      ","2025","05","19","06",4.6,,4.0,,"W","W",91,,"WNW",,3,,8,,8,
"249200180","LIMANOWA                      ","2025","05","19","12",10.7,,7.4,,"W","W",63,,"WNW",,5,,5,,8,
"249200180","LIMANOWA                      ","2025","05","19","18",9.9,,7.4,,"W","W",70,,"NW ",,3,,6,,8,
"249200180","LIMANOWA                      ","2025","05","20","06",8.1,,7.7,,"W","W",95,,"WNW",,4,,8,,8,
"249200180","LIMANOWA                      ","2025","05","20","12",13.5,,10.5,,"W","W",69,,"NW ",,3,,7,,8,
"249200180","LIMANOWA                      ","2025","05","20","18",14.1,,10.1,,"W","W",60,,"W  ",,1,,2,,8,
"249200180","LIMANOWA                      ","2025","05","21","06",14.0,,10.3,,"W","W",62,,"ESE",,2,,2,,8,
"249200180","LIMANOWA                      ","2025","05","21","12",16.0,,12.3,,"W","W",65,,"ENE",,1,,7,,8,
"249200180","LIMANOWA                      ","2025","05","21","18",16.6,,12.6,,"W","W",63,,"SE ",,2,,6,,8,
"249200180","LIMANOWA                      ","2025","05","22","06",13.9,,12.0,,"W","W",80,,"SE ",,1,,6,,8,
"249200180","LIMANOWA                      ","2025","05","22","12",18.5,,14.2,,"W","W",62,,"N  ",,1,,7,,8,
"249200180","LIMANOWA                      ","2025","05","22","18",12.8,,12.1,,"W","W",92,,"N  ",,1,,8,,7,
"249200180","LIMANOWA                      ","2025","05","23","06",7.0,,6.8,,"W","W",97,,"NW ",,3,,8,,8,
"249200180","LIMANOWA                      ","2025","05","23","12",8.0,,6.9,,"W","W",86,,"S  ",,1,,8,,8,
"249200180","LIMANOWA                      ","2025","05","23","18",7.4,,6.6,,"W","W",89,,"S  ",,1,,8,,8,
"249200180","LIMANOWA                      ","2025","05","24","06",5.3,,4.9,,"W","W",94,,"NNE",,5,,8,,8,
"249200180","LIMANOWA                      ","2025","05","24","12",11.3,,7.5,,"W","W",58,,"ESE",,2,,7,,8,
"249200180","LIMANOWA                      ","2025","05","24","18",10.1,,7.2,,"W","W",66,,"SSE",,2,,4,,8,
"249200180","LIMANOWA                      ","2025","05","25","06",8.7,,6.6,,"W","W",74,,"N  ",,1,,1,,8,
"249200180","LIMANOWA                      ","2025","05","25","12",14.9,,8.5,,"W","W",40,,"NNW",,3,,5,,8,
"249200180","LIMANOWA                      ","2025","05","25","18",13.9,,8.5,,"W","W",47,,"ESE",,2,,2,,8,
"249200180","LIMANOWA                      ","2025","05","26","06",10.9,,8.3,,"W","W",70,,"NNE",,1,,2,,8,
"249200180","LIMANOWA                      ","2025","05","26","12",17.5,,12.5,,"W","W",55,,"WNW",,2,,7,,8,
"249200180","LIMANOWA                      ","2025","05","26","18",12.7,,11.6,,"W","W",88,,"NW ",,3,,7,,8,
"249200180","LIMANOWA                      ","2025","05","27","06",11.1,,10.2,,"W","W",90,,"NW ",,3,,8,,8,
"249200180","LIMANOWA                      ","2025","05","27","12",15.8,,11.4,,"W","W",58,,"NW ",,4,,7,,8,
"249200180","LIMANOWA                      ","2025","05","27","18",15.2,,12.1,,"W","W",69,,"W  ",,2,,3,,8,
"249200180","LIMANOWA                      ","2025","05","28","06",13.8,,9.9,,"W","W",60,,"WNW",,1,,1,,8,
"249200180","LIMANOWA                      ","2025","05","28","12",19.9,,13.1,,"W","W",45,,"NW ",,3,,5,,8,
"249200180","LIMANOWA                      ","2025","05","28","18",14.8,,12.7,,"W","W",79,,"W  ",,4,,8,,8,
"249200180","LIMANOWA                      ","2025","05","29","06",11.0,,10.4,,"W","W",93,,"NW ",,6,,8,,8,
"249200180","LIMANOWA                      ","2025","05","29","12",11.8,,10.1,,"W","W",81,,"NW ",,6,,8,,8,
"249200180","LIMANOWA                      ","2025","05","29","18",12.2,,10.1,,"W","W",77,,"WNW",,4,,7,,8,
"249200180","LIMANOWA                      ","2025","05","30","06",12.2,,9.2,,"W","W",67,,"NW ",,4,,3,,8,
"249200180","LIMANOWA                      ","2025","05","30","12",18.4,,12.5,,"W","W",49,,"WNW",,4,,5,,8,
"249200180","LIMANOWA                      ","2025","05","30","18",14.1,,12.4,,"W","W",82,,"NW ",,3,,8,,8,
"249200180","LIMANOWA                      ","2025","05","31","06",17.5,,15.2,,"W","W",78,,"W  ",,3,,5,,8,
"249200180","LIMANOWA                      ","2025","05","31","12",23.6,,16.6,,"W","W",48,,"WNW",,4,,5,,8,
"249200180","LIMANOWA                      ","2025","05","31","18",17.5,,16.0,,"W","W",86,,"NNW",,1,,5,,8,
"249200260","£¥CKO                         ","2025","05","01","06",11.9,,,"8","W","W",,"8","W  ",,1,,0,,7,
"249200260","£¥CKO                         ","2025","05","01","12",20.6,,,"8","W","W",,"8","N  ",,3,,2,,7,
"249200260","£¥CKO                         ","2025","05","01","18",15.3,,,"8","W","W",,"8","C  ",,0,,1,,7,
"249200260","£¥CKO                         ","2025","05","02","06",11.5,,,"8","W","W",,"8","WSW",,1,,0,,7,
"249200260","£¥CKO                         ","2025","05","02","12",23.8,,,"8","W","W",,"8","SSE",,2,,3,,7,
"249200260","£¥CKO                         ","2025","05","02","18",18.2,,,"8","W","W",,"8","C  ",,0,,2,,7,
"249200260","£¥CKO                         ","2025","05","03","06",17.8,,,"8","W","W",,"8","WSW",,2,,1,,7,
"249200260","£¥CKO                         ","2025","05","03","12",23.2,,,"8","W","W",,"8","NNE",,1,,8,,6,
"249200260","£¥CKO                         ","2025","05","03","18",17.4,,,"8","W","W",,"8","WNW",,5,,8,,6,
"249200260","£¥CKO                         ","2025","05","04","06",18.2,,,"8","W","W",,"8","W  ",,3,,3,,7,
"249200260","£¥CKO                         ","2025","05","04","12",16.8,,,"8","W","W",,"8","WNW",,5,,6,,7,
"249200260","£¥CKO                         ","2025","05","04","18",12.5,,,"8","W","W",,"8","WSW",,1,,7,,7,
"249200260","£¥CKO                         ","2025","05","05","06",8.5,,,"8","W","W",,"8","N  ",,1,,8,,6,
"249200260","£¥CKO                         ","2025","05","05","12",11.3,,,"8","W","W",,"8","NNE",,2,,8,,7,
"249200260","£¥CKO                         ","2025","05","05","18",8.5,,,"8","W","W",,"8","NNE",,2,,8,,7,
"249200260","£¥CKO                         ","2025","05","06","06",7.1,,,"8",,"W",,"8","NE ",,1,,8,,6,
"249200260","£¥CKO                         ","2025","05","06","12",9.2,,,"8","W","W",,"8","N  ",,2,,8,,6,
"249200260","£¥CKO                         ","2025","05","06","18",8.9,,,"8","W","W",,"8","C  ",,0,,8,,6,
"249200260","£¥CKO                         ","2025","05","07","06",8.1,,,"8","W","W",,"8","C  ",,0,,7,,6,
"249200260","£¥CKO                         ","2025","05","07","12",13.7,,,"8","W","W",,"8","NE ",,2,,4,,7,
"249200260","£¥CKO                         ","2025","05","07","18",10.8,,,"8","W","W",,"8","NE ",,1,,8,,7,
"249200260","£¥CKO                         ","2025","05","08","06",5.9,,,"8",,"W",,"8","C  ",,0,,4,,7,
"249200260","£¥CKO                         ","2025","05","08","12",10.0,,,"8","W","W",,"8","NNE",,2,,5,,7,
"249200260","£¥CKO                         ","2025","05","08","18",7.9,,,"8",,"W",,"8","NNW",,1,,8,,7,
"249200260","£¥CKO                         ","2025","05","09","06",4.1,,,"8",,"W",,"8","C  ",,0,,7,,7,
"249200260","£¥CKO                         ","2025","05","09","12",9.6,,,"8","W","W",,"8","NW ",,3,,6,,7,
"249200260","£¥CKO                         ","2025","05","09","18",7.2,,,"8",,"W",,"8","C  ",,0,,0,,7,
"249200260","£¥CKO                         ","2025","05","10","06",7.1,,,"8",,"W",,"8","WSW",,2,,8,,7,
"249200260","£¥CKO                         ","2025","05","10","12",13.7,,,"8","W","W",,"8","WNW",,4,,7,,7,
"249200260","£¥CKO                         ","2025","05","10","18",9.8,,,"8","W","W",,"8","W  ",,1,,8,,7,
"249200260","£¥CKO                         ","2025","05","11","06",6.7,,,"8",,"W",,"8","SSE",,2,,6,,7,
"249200260","£¥CKO                         ","2025","05","11","12",10.6,,,"8","W","W",,"8","SE ",,3,,7,,7,
"249200260","£¥CKO                         ","2025","05","11","18",8.1,,,"8","W","W",,"8","NE ",,1,,4,,7,
"249200260","£¥CKO                         ","2025","05","12","06",4.5,,,"8",,"W",,"8","NNW",,1,,6,,7,
"249200260","£¥CKO                         ","2025","05","12","12",11.1,,,"8","W","W",,"8","NE ",,3,,6,,7,
"249200260","£¥CKO                         ","2025","05","12","18",10.0,,,"8","W","W",,"8","NE ",,1,,1,,7,
"249200260","£¥CKO                         ","2025","05","13","06",5.7,,,"8",,"W",,"8","C  ",,0,,6,,7,
"249200260","£¥CKO                         ","2025","05","13","12",13.4,,,"8","W","W",,"8","NE ",,1,,3,,7,
"249200260","£¥CKO                         ","2025","05","13","18",10.2,,,"8","W","W",,"8","C  ",,0,,2,,7,
"249200260","£¥CKO                         ","2025","05","14","06",6.5,,,"8",,"W",,"8","C  ",,0,,8,,7,
"249200260","£¥CKO                         ","2025","05","14","12",17.4,,,"8","W","W",,"8","W  ",,2,,8,,7,
"249200260","£¥CKO                         ","2025","05","14","18",15.7,,,"8","W","W",,"8","C  ",,0,,6,,7,
"249200260","£¥CKO                         ","2025","05","15","06",8.7,,,"8","W","W",,"8","NNW",,5,,8,,6,
"249200260","£¥CKO                         ","2025","05","15","12",8.1,,,"8","W","W",,"8","NW ",,3,,4,,7,
"249200260","£¥CKO                         ","2025","05","15","18",6.3,,,"8",,"W",,"8","C  ",,0,,4,,7,
"249200260","£¥CKO                         ","2025","05","16","06",7.3,,,"8",,"W",,"8","SW ",,3,,4,,7,
"249200260","£¥CKO                         ","2025","05","16","12",11.0,,,"8","W","W",,"8","WSW",,4,,7,,7,
"249200260","£¥CKO                         ","2025","05","16","18",9.1,,,"8","W","W",,"8","WNW",,2,,6,,7,
"249200260","£¥CKO                         ","2025","05","17","06",7.7,,,"8",,"W",,"8","WSW",,2,,8,,6,
"249200260","£¥CKO                         ","2025","05","17","12",12.1,,,"8","W","W",,"8","WSW",,3,,6,,6,
"249200260","£¥CKO                         ","2025","05","17","18",8.7,,,"8","W","W",,"8","W  ",,1,,8,,7,
"249200260","£¥CKO                         ","2025","05","18","06",6.7,,,"8",,"W",,"8","WNW",,5,,7,,6,
"249200260","£¥CKO                         ","2025","05","18","12",8.1,,,"8","W","W",,"8","NW ",,5,,8,,7,
"249200260","£¥CKO                         ","2025","05","18","18",8.3,,,"8","W","W",,"8","W  ",,1,,8,,7,
"249200260","£¥CKO                         ","2025","05","19","06",5.9,,,"8",,"W",,"8","WNW",,1,,7,,6,
"249200260","£¥CKO                         ","2025","05","19","12",12.5,,,"8","W","W",,"8","WNW",,4,,4,,7,
"249200260","£¥CKO                         ","2025","05","19","18",10.8,,,"8","W","W",,"8","WNW",,2,,2,,7,
"249200260","£¥CKO                         ","2025","05","20","06",11.1,,,"8","W","W",,"8","W  ",,2,,7,,7,
"249200260","£¥CKO                         ","2025","05","20","12",17.0,,,"8","W","W",,"8","NNW",,1,,4,,7,
"249200260","£¥CKO                         ","2025","05","20","18",14.1,,,"8","W","W",,"8","N  ",,1,,0,,7,
"249200260","£¥CKO                         ","2025","05","21","06",12.3,,,"8","W","W",,"8","SW ",,1,,1,,7,
"249200260","£¥CKO                         ","2025","05","21","12",16.8,,,"8","W","W",,"8","NNW",,4,,7,,7,
"249200260","£¥CKO                         ","2025","05","21","18",18.8,,,"8","W","W",,"8","S  ",,1,,4,,7,
"249200260","£¥CKO                         ","2025","05","22","06",14.1,,,"8","W","W",,"8","SW ",,1,,4,,7,
"249200260","£¥CKO                         ","2025","05","22","12",21.6,,,"8","W","W",,"8","C  ",,0,,8,,7,
"249200260","£¥CKO                         ","2025","05","22","18",13.7,,,"8","W","W",,"8","ESE",,1,,8,,6,
"249200260","£¥CKO                         ","2025","05","23","06",8.3,,,"8","W","W",,"8","C  ",,0,,8,,4,
"249200260","£¥CKO                         ","2025","05","23","12",9.2,,,"8","W","W",,"8","NW ",,1,,7,,6,
"249200260","£¥CKO                         ","2025","05","23","18",7.9,,,"8",,"W",,"8","C  ",,0,,8,,6,
"249200260","£¥CKO                         ","2025","05","24","06",6.9,,,"8",,"W",,"8","W  ",,1,,8,,4,
"249200260","£¥CKO                         ","2025","05","24","12",11.5,,,"8","W","W",,"8","ESE",,2,,5,,7,
"249200260","£¥CKO                         ","2025","05","24","18",10.2,,,"8","W","W",,"8","NW ",,1,,6,,6,
"249200260","£¥CKO                         ","2025","05","25","06",8.1,,,"8","W","W",,"8","WSW",,2,,2,,7,
"249200260","£¥CKO                         ","2025","05","25","12",16.1,,,"8","W","W",,"8","E  ",,2,,2,,7,
"249200260","£¥CKO                         ","2025","05","25","18",13.7,,,"8","W","W",,"8","NE ",,1,,0,,7,
"249200260","£¥CKO                         ","2025","05","26","06",11.3,,,"8","W","W",,"8","W  ",,2,,6,,7,
"249200260","£¥CKO                         ","2025","05","26","12",19.2,,,"8","W","W",,"8","E  ",,1,,7,,6,
"249200260","£¥CKO                         ","2025","05","26","18",14.5,,,"8","W","W",,"8","WSW",,1,,8,,7,
"249200260","£¥CKO                         ","2025","05","27","06",13.3,,,"8","W","W",,"8","W  ",,2,,8,,7,
"249200260","£¥CKO                         ","2025","05","27","12",17.1,,,"8","W","W",,"8","WNW",,1,,4,,7,
"249200260","£¥CKO                         ","2025","05","27","18",17.0,,,"8","W","W",,"8","C  ",,0,,3,,7,
"249200260","£¥CKO                         ","2025","05","28","06",12.1,,,"8","W","W",,"8","W  ",,2,,0,,7,
"249200260","£¥CKO                         ","2025","05","28","12",20.4,,,"8","W","W",,"8","SW ",,2,,6,,7,
"249200260","£¥CKO                         ","2025","05","28","18",15.9,,,"8","W","W",,"8","NW ",,4,,6,,7,
"249200260","£¥CKO                         ","2025","05","29","06",12.5,,,"8","W","W",,"8","WNW",,2,,8,,4,
"249200260","£¥CKO                         ","2025","05","29","12",14.1,,,"8","W","W",,"8","WNW",,2,,4,,7,
"249200260","£¥CKO                         ","2025","05","29","18",13.1,,,"8","W","W",,"8","W  ",,2,,6,,6,
"249200260","£¥CKO                         ","2025","05","30","06",14.5,,,"8","W","W",,"8","W  ",,2,,2,,7,
"249200260","£¥CKO                         ","2025","05","30","12",20.4,,,"8","W","W",,"8","NW ",,3,,6,,7,
"249200260","£¥CKO                         ","2025","05","30","18",15.3,,,"8","W","W",,"8","NW ",,4,,8,,7,
"249200260","£¥CKO                         ","2025","05","31","06",17.8,,,"8","W","W",,"8","WSW",,1,,4,,7,
"249200260","£¥CKO                         ","2025","05","31","12",25.8,,,"8","W","W",,"8","NW ",,1,,1,,7,
"249200260","£¥CKO                         ","2025","05","31","18",20.0,,,"8","W","W",,"8","C  ",,0,,1,,7,
"249200370","KROŒCIENKO                    ","2025","05","01","06",9.4,,,"8","W","W",,"8","C  ",,0,,1,,6,
"249200370","KROŒCIENKO                    ","2025","05","01","12",20.2,,,"8","W","W",,"8","NNW",,4,,2,,6,
"249200370","KROŒCIENKO                    ","2025","05","01","18",15.0,,,"8","W","W",,"8","C  ",,0,,0,,6,
"249200370","KROŒCIENKO                    ","2025","05","02","06",9.8,,,"8","W","W",,"8","C  ",,0,,0,,6,
"249200370","KROŒCIENKO                    ","2025","05","02","12",23.4,,,"8","W","W",,"8","WSW",,3,,0,,6,
"249200370","KROŒCIENKO                    ","2025","05","02","18",16.8,,,"8","W","W",,"8","C  ",,0,,1,,6,
"249200370","KROŒCIENKO                    ","2025","05","03","06",11.4,,,"8","W","W",,"8","C  ",,0,,2,,6,
"249200370","KROŒCIENKO                    ","2025","05","03","12",26.7,,,"8","W","W",,"8","WNW",,5,,1,,6,
"249200370","KROŒCIENKO                    ","2025","05","03","18",19.6,,,"8","W","W",,"8","WNW",,1,,8,,6,
"249200370","KROŒCIENKO                    ","2025","05","04","06",13.4,,,"8","W","W",,"8","C  ",,0,,1,,6,
"249200370","KROŒCIENKO                    ","2025","05","04","12",16.6,,,"8","W","W",,"8","NNW",,5,,4,,6,
"249200370","KROŒCIENKO                    ","2025","05","04","18",13.0,,,"8","W","W",,"8","NNW",,1,,4,,6,
"249200370","KROŒCIENKO                    ","2025","05","05","06",8.4,,,"8","W","W",,"8","NNW",,1,,8,,6,
"249200370","KROŒCIENKO                    ","2025","05","05","12",10.9,,,"8","W","W",,"8","NNW",,1,,8,,6,
"249200370","KROŒCIENKO                    ","2025","05","05","18",8.0,,,"8",,"W",,"8","NE ",,1,,8,,6,
"249200370","KROŒCIENKO                    ","2025","05","06","06",6.8,,,"8",,"W",,"8","N  ",,1,,8,,6,
"249200370","KROŒCIENKO                    ","2025","05","06","12",9.0,,,"8","W","W",,"8","N  ",,2,,8,,6,
"249200370","KROŒCIENKO                    ","2025","05","06","18",8.2,,,"8","W","W",,"8","C  ",,0,,8,,6,
"249200370","KROŒCIENKO                    ","2025","05","07","06",8.0,,,"8",,"W",,"8","C  ",,0,,8,,6,
"249200370","KROŒCIENKO                    ","2025","05","07","12",13.0,,,"8","W","W",,"8","NNW",,2,,6,,6,
"249200370","KROŒCIENKO                    ","2025","05","07","18",10.0,,,"8","W","W",,"8","NNE",,1,,6,,6,
"249200370","KROŒCIENKO                    ","2025","05","08","06",6.0,,,"8",,"W",,"8","N  ",,2,,3,,6,
"249200370","KROŒCIENKO                    ","2025","05","08","12",12.0,,,"8","W","W",,"8","N  ",,4,,4,,6,
"249200370","KROŒCIENKO                    ","2025","05","08","18",8.0,,,"8",,"W",,"8","NNW",,1,,5,,6,
"249200370","KROŒCIENKO                    ","2025","05","09","06",3.4,,,"8",,"W",,"8","N  ",,1,,8,,6,
"249200370","KROŒCIENKO                    ","2025","05","09","12",10.2,,,"8","W","W",,"8","N  ",,4,,4,,6,
"249200370","KROŒCIENKO                    ","2025","05","09","18",6.6,,,"8",,"W",,"8","C  ",,0,,1,,6,
"249200370","KROŒCIENKO                    ","2025","05","10","06",4.6,,,"8",,"W",,"8","C  ",,0,,8,,6,
"249200370","KROŒCIENKO                    ","2025","05","10","12",12.8,,,"8","W","W",,"8","W  ",,4,,8,,6,
"249200370","KROŒCIENKO                    ","2025","05","10","18",8.6,,,"8","W","W",,"8","W  ",,2,,8,,6,
"249200370","KROŒCIENKO                    ","2025","05","11","06",6.5,,,"8",,"W",,"8","NW ",,1,,8,,6,
"249200370","KROŒCIENKO                    ","2025","05","11","12",9.6,,,"8","W","W",,"8","N  ",,2,,5,,6,
"249200370","KROŒCIENKO                    ","2025","05","11","18",8.8,,,"8","W","W",,"8","C  ",,0,,5,,6,
"249200370","KROŒCIENKO                    ","2025","05","12","06",5.8,,,"8",,"W",,"8",,"8",,"8",5,,6,
"249200370","KROŒCIENKO                    ","2025","05","12","12",13.5,,,"8","W","W",,"8",,"8",,"8",4,,6,
"249200370","KROŒCIENKO                    ","2025","05","12","18",8.0,,,"8",,"W",,"8",,"8",,"8",6,,6,
"249200370","KROŒCIENKO                    ","2025","05","13","06",5.2,,,"8",,"W",,"8",,"8",,"8",6,,6,
"249200370","KROŒCIENKO                    ","2025","05","13","12",12.2,,,"8","W","W",,"8",,"8",,"8",4,,6,
"249200370","KROŒCIENKO                    ","2025","05","13","18",8.6,,,"8","W","W",,"8",,"8",,"8",2,,6,
"249200370","KROŒCIENKO                    ","2025","05","14","06",5.6,,,"8",,"W",,"8",,"8",,"8",8,,6,
"249200370","KROŒCIENKO                    ","2025","05","14","12",17.9,,,"8","W","W",,"8",,"8",,"8",6,,6,
"249200370","KROŒCIENKO                    ","2025","05","14","18",13.0,,,"8","W","W",,"8",,"8",,"8",8,,6,
"249200370","KROŒCIENKO                    ","2025","05","15","06",9.2,,,"8","W","W",,"8",,"8",,"8",8,,6,
"249200370","KROŒCIENKO                    ","2025","05","15","12",6.2,,,"8",,"W",,"8",,"8",,"8",8,,6,
"249200370","KROŒCIENKO                    ","2025","05","15","18",5.4,,,"8",,"W",,"8",,"8",,"8",8,,6,
"249200370","KROŒCIENKO                    ","2025","05","16","06",5.2,,,"8",,"W",,"8",,"8",,"8",7,,6,
"249200370","KROŒCIENKO                    ","2025","05","16","12",10.4,,,"8","W","W",,"8",,"8",,"8",6,,6,
"249200370","KROŒCIENKO                    ","2025","05","16","18",9.0,,,"8","W","W",,"8",,"8",,"8",8,,6,
"249200370","KROŒCIENKO                    ","2025","05","17","06",6.8,,,"8",,"W",,"8",,"8",,"8",8,,6,
"249200370","KROŒCIENKO                    ","2025","05","17","12",11.4,,,"8","W","W",,"8",,"8",,"8",8,,6,
"249200370","KROŒCIENKO                    ","2025","05","17","18",8.2,,,"8","W","W",,"8",,"8",,"8",8,,6,
"249200370","KROŒCIENKO                    ","2025","05","18","06",7.4,,,"8",,"W",,"8",,"8",,"8",8,,6,
"249200370","KROŒCIENKO                    ","2025","05","18","12",11.0,,,"8","W","W",,"8",,"8",,"8",8,,6,
"249200370","KROŒCIENKO                    ","2025","05","18","18",8.0,,,"8",,"W",,"8",,"8",,"8",8,,6,
"249200370","KROŒCIENKO                    ","2025","05","19","06",5.9,,,"8",,"W",,"8",,"8",,"8",8,,6,
"249200370","KROŒCIENKO                    ","2025","05","19","12",10.0,,,"8","W","W",,"8",,"8",,"8",8,,6,
"249200370","KROŒCIENKO                    ","2025","05","19","18",10.0,,,"8","W","W",,"8",,"8",,"8",3,,6,
"249200370","KROŒCIENKO                    ","2025","05","20","06",10.0,,,"8","W","W",,"8",,"8",,"8",8,,6,
"249200370","KROŒCIENKO                    ","2025","05","20","12",16.5,,,"8","W","W",,"8",,"8",,"8",6,,6,
"249200370","KROŒCIENKO                    ","2025","05","20","18",12.7,,,"8","W","W",,"8",,"8",,"8",0,,6,
"249200370","KROŒCIENKO                    ","2025","05","21","06",9.7,,,"8","W","W",,"8",,"8",,"8",0,,6,
"249200370","KROŒCIENKO                    ","2025","05","21","12",20.3,,,"8","W","W",,"8",,"8",,"8",5,,6,
"249200370","KROŒCIENKO                    ","2025","05","21","18",17.1,,,"8","W","W",,"8",,"8",,"8",1,,6,
"249200370","KROŒCIENKO                    ","2025","05","22","06",13.0,,,"8","W","W",,"8",,"8",,"8",4,,6,
"249200370","KROŒCIENKO                    ","2025","05","22","12",21.1,,,"8","W","W",,"8",,"8",,"8",6,,6,
"249200370","KROŒCIENKO                    ","2025","05","22","18",13.8,,,"8","W","W",,"8",,"8",,"8",8,,6,
"249200370","KROŒCIENKO                    ","2025","05","23","06",7.6,,,"8",,"W",,"8",,"8",,"8",8,,6,
"249200370","KROŒCIENKO                    ","2025","05","23","12",8.5,,,"8","W","W",,"8",,"8",,"8",8,,6,
"249200370","KROŒCIENKO                    ","2025","05","23","18",7.4,,,"8",,"W",,"8",,"8",,"8",8,,6,
"249200370","KROŒCIENKO                    ","2025","05","24","06",5.2,,,"8",,"W",,"8",,"8",,"8",8,,6,
"249200370","KROŒCIENKO                    ","2025","05","24","12",10.8,,,"8","W","W",,"8",,"8",,"8",8,,6,
"249200370","KROŒCIENKO                    ","2025","05","24","18",8.5,,,"8","W","W",,"8",,"8",,"8",3,,6,
"249200370","KROŒCIENKO                    ","2025","05","25","06",5.6,,,"8",,"W",,"8",,"8",,"8",7,,6,
"249200370","KROŒCIENKO                    ","2025","05","25","12",16.6,,,"8","W","W",,"8",,"8",,"8",4,,6,
"249200370","KROŒCIENKO                    ","2025","05","25","18",12.0,,,"8","W","W",,"8",,"8",,"8",2,,6,
"249200370","KROŒCIENKO                    ","2025","05","26","06",8.4,,,"8","W","W",,"8",,"8",,"8",0,,6,
"249200370","KROŒCIENKO                    ","2025","05","26","12",17.9,,,"8","W","W",,"8",,"8",,"8",7,,6,
"249200370","KROŒCIENKO                    ","2025","05","26","18",13.0,,,"8","W","W",,"8",,"8",,"8",8,,6,
"249200370","KROŒCIENKO                    ","2025","05","27","06",12.3,,,"8","W","W",,"8",,"8",,"8",8,,6,
"249200370","KROŒCIENKO                    ","2025","05","27","12",15.1,,,"8","W","W",,"8",,"8",,"8",4,,6,
"249200370","KROŒCIENKO                    ","2025","05","27","18",14.0,,,"8","W","W",,"8",,"8",,"8",2,,6,
"249200370","KROŒCIENKO                    ","2025","05","28","06",10.0,,,"8","W","W",,"8",,"8",,"8",0,,6,
"249200370","KROŒCIENKO                    ","2025","05","28","12",20.3,,,"8","W","W",,"8",,"8",,"8",4,,6,
"249200370","KROŒCIENKO                    ","2025","05","28","18",15.6,,,"8","W","W",,"8",,"8",,"8",8,,6,
"249200370","KROŒCIENKO                    ","2025","05","29","06",11.6,,,"8","W","W",,"8",,"8",,"8",8,,6,
"249200370","KROŒCIENKO                    ","2025","05","29","12",13.1,,,"8","W","W",,"8",,"8",,"8",8,,6,
"249200370","KROŒCIENKO                    ","2025","05","29","18",12.6,,,"8","W","W",,"8",,"8",,"8",8,,6,
"249200370","KROŒCIENKO                    ","2025","05","30","06",12.4,,,"8","W","W",,"8",,"8",,"8",2,,6,
"249200370","KROŒCIENKO                    ","2025","05","30","12",19.5,,,"8","W","W",,"8",,"8",,"8",3,,6,
"249200370","KROŒCIENKO                    ","2025","05","30","18",15.6,,,"8","W","W",,"8",,"8",,"8",8,,6,
"249200370","KROŒCIENKO                    ","2025","05","31","06",17.2,,,"8","W","W",,"8",,"8",,"8",2,,6,
"249200370","KROŒCIENKO                    ","2025","05","31","12",23.0,,,"8","W","W",,"8",,"8",,"8",1,,6,
"249200370","KROŒCIENKO                    ","2025","05","31","18",20.1,,,"8","W","W",,"8",,"8",,"8",1,,6,
"249200420","NIEDZICA                      ","2025","05","01","06",8.1,,,"8","W","W",,"8","C  ",,0,,2,,8,
"249200420","NIEDZICA                      ","2025","05","01","12",20.4,,,"8","W","W",,"8","NNW",,1,,4,,8,
"249200420","NIEDZICA                      ","2025","05","01","18",15.1,,,"8","W","W",,"8","C  ",,0,,2,,8,
"249200420","NIEDZICA                      ","2025","05","02","06",6.3,,,"8",,"W",,"8","C  ",,0,,1,,8,
"249200420","NIEDZICA                      ","2025","05","02","12",22.3,,,"8","W","W",,"8","WSW",,2,,4,,8,
"249200420","NIEDZICA                      ","2025","05","02","18",18.6,,,"8","W","W",,"8","C  ",,0,,4,,8,
"249200420","NIEDZICA                      ","2025","05","03","06",9.5,,,"8","W","W",,"8","C  ",,0,,5,,8,
"249200420","NIEDZICA                      ","2025","05","03","12",26.7,,,"8","W","W",,"8","W  ",,3,,6,,8,
"249200420","NIEDZICA                      ","2025","05","03","18",19.0,,,"8","W","W",,"8","W  ",,2,,8,,8,
"249200420","NIEDZICA                      ","2025","05","04","06",12.0,,,"8","W","W",,"8","NNE",,1,,8,,4,
"249200420","NIEDZICA                      ","2025","05","04","12",17.1,,,"8","W","W",,"8","S  ",,1,,6,,7,
"249200420","NIEDZICA                      ","2025","05","04","18",12.5,,,"8","W","W",,"8","C  ",,0,,8,,7,
"249200420","NIEDZICA                      ","2025","05","05","06",7.6,,,"8",,"W",,"8","C  ",,0,,8,,7,
"249200420","NIEDZICA                      ","2025","05","05","12",9.0,,,"8","W","W",,"8","E  ",,3,,8,,7,
"249200420","NIEDZICA                      ","2025","05","05","18",8.1,,,"8","W","W",,"8","E  ",,3,,8,,7,
"249200420","NIEDZICA                      ","2025","05","06","06",6.4,,,"8",,"W",,"8","C  ",,0,,8,,7,
"249200420","NIEDZICA                      ","2025","05","06","12",8.2,,,"8","W","W",,"8","E  ",,3,,8,,7,
"249200420","NIEDZICA                      ","2025","05","06","18",7.9,,,"8",,"W",,"8","C  ",,0,,8,,7,
"249200420","NIEDZICA                      ","2025","05","07","06",6.8,,,"8",,"W",,"8","C  ",,0,,8,,7,
"249200420","NIEDZICA                      ","2025","05","07","12",12.5,,,"8","W","W",,"8","E  ",,4,,8,,7,
"249200420","NIEDZICA                      ","2025","05","07","18",9.8,,,"8","W","W",,"8","E  ",,2,,6,,7,
"249200420","NIEDZICA                      ","2025","05","08","06",5.8,,,"8",,"W",,"8","E  ",,2,,5,,8,
"249200420","NIEDZICA                      ","2025","05","08","12",9.8,,,"8","W","W",,"8","SE ",,2,,5,,8,
"249200420","NIEDZICA                      ","2025","05","08","18",7.6,,,"8",,"W",,"8","SSW",,1,,5,,8,
"249200420","NIEDZICA                      ","2025","05","09","06",3.6,,,"8",,"W",,"8","C  ",,0,,5,,7,
"249200420","NIEDZICA                      ","2025","05","09","12",9.9,,,"8","W","W",,"8","SSE",,1,,3,,8,
"249200420","NIEDZICA                      ","2025","05","09","18",6.6,,,"8",,"W",,"8","C  ",,0,,3,,8,
"249200420","NIEDZICA                      ","2025","05","10","06",2.6,,,"8",,"W",,"8","C  ",,0,,8,,7,
"249200420","NIEDZICA                      ","2025","05","10","12",12.1,,,"8","W","W",,"8","W  ",,4,,8,,7,
"249200420","NIEDZICA                      ","2025","05","10","18",8.0,,,"8",,"W",,"8","WNW",,1,,8,,7,
"249200420","NIEDZICA                      ","2025","05","11","06",6.4,,,"8",,"W",,"8","C  ",,0,,5,,7,
"249200420","NIEDZICA                      ","2025","05","11","12",10.4,,,"8","W","W",,"8","SW ",,2,,5,,8,
"249200420","NIEDZICA                      ","2025","05","11","18",8.7,,,"8","W","W",,"8","C  ",,0,,6,,8,
"249200420","NIEDZICA                      ","2025","05","12","06",3.4,,,"8",,"W",,"8","C  ",,0,,3,,8,
"249200420","NIEDZICA                      ","2025","05","12","12",10.7,,,"8","W","W",,"8","SW ",,1,,6,,8,
"249200420","NIEDZICA                      ","2025","05","12","18",7.6,,,"8",,"W",,"8","C  ",,0,,3,,8,
"249200420","NIEDZICA                      ","2025","05","13","06",4.0,,,"8",,"W",,"8","C  ",,0,,5,,8,
"249200420","NIEDZICA                      ","2025","05","13","12",11.1,,,"8","W","W",,"8","ENE",,1,,5,,8,
"249200420","NIEDZICA                      ","2025","05","13","18",9.4,,,"8","W","W",,"8","C  ",,0,,4,,8,
"249200420","NIEDZICA                      ","2025","05","14","06",2.9,,,"8",,"W",,"8","C  ",,0,,8,,8,
"249200420","NIEDZICA                      ","2025","05","14","12",16.7,,,"8","W","W",,"8","WSW",,2,,5,,8,
"249200420","NIEDZICA                      ","2025","05","14","18",15.2,,,"8","W","W",,"8","WNW",,1,,6,,8,
"249200420","NIEDZICA                      ","2025","05","15","06",8.6,,,"8","W","W",,"8","W  ",,1,,8,,7,
"249200420","NIEDZICA                      ","2025","05","15","12",6.4,,,"8",,"W",,"8","SSW",,2,,8,,7,
"249200420","NIEDZICA                      ","2025","05","15","18",5.1,,,"8",,"W",,"8","C  ",,0,,2,,8,
"249200420","NIEDZICA                      ","2025","05","16","06",4.4,,,"8",,"W",,"8","W  ",,1,,8,,7,
"249200420","NIEDZICA                      ","2025","05","16","12",9.4,,,"8","W","W",,"8","W  ",,1,,7,,7,
"249200420","NIEDZICA                      ","2025","05","16","18",7.7,,,"8",,"W",,"8","C  ",,0,,8,,7,
"249200420","NIEDZICA                      ","2025","05","17","06",6.0,,,"8",,"W",,"8","W  ",,1,,8,,7,
"249200420","NIEDZICA                      ","2025","05","17","12",10.3,,,"8","W","W",,"8","WSW",,3,,8,,7,
"249200420","NIEDZICA                      ","2025","05","17","18",7.8,,,"8",,"W",,"8","W  ",,1,,5,,7,
"249200420","NIEDZICA                      ","2025","05","18","06",6.0,,,"8",,"W",,"8","WSW",,1,,5,,7,
"249200420","NIEDZICA                      ","2025","05","18","12",9.6,,,"8","W","W",,"8","WSW",,4,,8,,7,
"249200420","NIEDZICA                      ","2025","05","18","18",7.4,,,"8",,"W",,"8","WNW",,1,,8,,7,
"249200420","NIEDZICA                      ","2025","05","19","06",5.6,,,"8",,"W",,"8","W  ",,1,,8,,7,
"249200420","NIEDZICA                      ","2025","05","19","12",10.5,,,"8","W","W",,"8","SW ",,1,,7,,7,
"249200420","NIEDZICA                      ","2025","05","19","18",9.9,,,"8","W","W",,"8","W  ",,1,,4,,8,
"249200420","NIEDZICA                      ","2025","05","20","06",9.5,,,"8","W","W",,"8","W  ",,2,,4,,8,
"249200420","NIEDZICA                      ","2025","05","20","12",16.0,,,"8","W","W",,"8","NNE",,1,,5,,8,
"249200420","NIEDZICA                      ","2025","05","20","18",14.2,,,"8","W","W",,"8","C  ",,0,,2,,8,
"249200420","NIEDZICA                      ","2025","05","21","06",5.1,,,"8",,"W",,"8","C  ",,0,,8,,4,
"249200420","NIEDZICA                      ","2025","05","21","12",17.7,,,"8","W","W",,"8","ESE",,2,,4,,8,
"249200420","NIEDZICA                      ","2025","05","21","18",16.7,,,"8","W","W",,"8","ESE",,2,,4,,8,
"249200420","NIEDZICA                      ","2025","05","22","06",11.3,,,"8","W","W",,"8","C  ",,0,,6,,7,
"249200420","NIEDZICA                      ","2025","05","22","12",17.7,,,"8","W","W",,"8","SW ",,1,,6,,7,
"249200420","NIEDZICA                      ","2025","05","22","18",14.0,,,"8","W","W",,"8","ENE",,1,,8,,7,
"249200420","NIEDZICA                      ","2025","05","23","06",7.4,,,"8",,"W",,"8","C  ",,0,,8,,7,
"249200420","NIEDZICA                      ","2025","05","23","12",7.9,,,"8",,"W",,"8","E  ",,1,,8,,7,
"249200420","NIEDZICA                      ","2025","05","23","18",7.0,,,"8",,"W",,"8","C  ",,0,,8,,7,
"249200420","NIEDZICA                      ","2025","05","24","06",4.4,,,"8",,"W",,"8","WSW",,1,,8,,7,
"249200420","NIEDZICA                      ","2025","05","24","12",10.4,,,"8","W","W",,"8","ESE",,1,,7,,7,
"249200420","NIEDZICA                      ","2025","05","24","18",8.5,,,"8","W","W",,"8","C  ",,0,,6,,7,
"249200420","NIEDZICA                      ","2025","05","25","06",3.0,,,"8",,"W",,"8","C  ",,0,,8,,3,
"249200420","NIEDZICA                      ","2025","05","25","12",16.2,,,"8","W","W",,"8","ESE",,1,,4,,8,
"249200420","NIEDZICA                      ","2025","05","25","18",12.2,,,"8","W","W",,"8","ENE",,1,,3,,8,
"249200420","NIEDZICA                      ","2025","05","26","06",7.6,,,"8",,"W",,"8","E  ",,1,,2,,8,
"249200420","NIEDZICA                      ","2025","05","26","12",17.1,,,"8","W","W",,"8","WSW",,2,,6,,8,
"249200420","NIEDZICA                      ","2025","05","26","18",12.7,,,"8","W","W",,"8","C  ",,0,,6,,8,
"249200420","NIEDZICA                      ","2025","05","27","06",11.7,,,"8","W","W",,"8","W  ",,1,,8,,7,
"249200420","NIEDZICA                      ","2025","05","27","12",13.1,,,"8","W","W",,"8","C  ",,0,,7,,7,
"249200420","NIEDZICA                      ","2025","05","27","18",13.3,,,"8","W","W",,"8","C  ",,0,,4,,7,
"249200420","NIEDZICA                      ","2025","05","28","06",5.8,,,"8",,"W",,"8","C  ",,0,,8,,3,
"249200420","NIEDZICA                      ","2025","05","28","12",19.8,,,"8","W","W",,"8","W  ",,3,,5,,7,
"249200420","NIEDZICA                      ","2025","05","28","18",14.7,,,"8","W","W",,"8","WNW",,1,,8,,7,
"249200420","NIEDZICA                      ","2025","05","29","06",11.4,,,"8","W","W",,"8","W  ",,1,,8,,7,
"249200420","NIEDZICA                      ","2025","05","29","12",12.7,,,"8","W","W",,"8","WSW",,2,,8,,7,
"249200420","NIEDZICA                      ","2025","05","29","18",12.0,,,"8","W","W",,"8","W  ",,2,,6,,7,
"249200420","NIEDZICA                      ","2025","05","30","06",11.3,,,"8","W","W",,"8","NNE",,1,,3,,8,
"249200420","NIEDZICA                      ","2025","05","30","12",18.7,,,"8","W","W",,"8","W  ",,2,,5,,7,
"249200420","NIEDZICA                      ","2025","05","30","18",14.7,,,"8","W","W",,"8","WSW",,1,,8,,7,
"249200420","NIEDZICA                      ","2025","05","31","06",15.7,,,"8","W","W",,"8","E  ",,1,,2,,8,
"249200420","NIEDZICA                      ","2025","05","31","12",23.6,,,"8","W","W",,"8","C  ",,0,,5,,8,
"249200420","NIEDZICA                      ","2025","05","31","18",18.7,,,"8","W","W",,"8","C  ",,0,,4,,8,
"249200480","BUKOWINA TATRZAÑSKA           ","2025","05","01","06",12.0,,,"8","W","W",,"8","NNW",,3,,1,,7,
"249200480","BUKOWINA TATRZAÑSKA           ","2025","05","01","12",15.7,,,"8","W","W",,"8","NNW",,4,,3,,7,
"249200480","BUKOWINA TATRZAÑSKA           ","2025","05","01","18",14.5,,,"8","W","W",,"8","C  ",,0,,2,,7,
"249200480","BUKOWINA TATRZAÑSKA           ","2025","05","02","06",12.4,,,"8","W","W",,"8","C  ",,0,,0,,7,
"249200480","BUKOWINA TATRZAÑSKA           ","2025","05","02","12",18.9,,,"8","W","W",,"8","NW ",,3,,3,,7,
"249200480","BUKOWINA TATRZAÑSKA           ","2025","05","02","18",17.7,,,"8","W","W",,"8","NW ",,2,,5,,7,
"249200480","BUKOWINA TATRZAÑSKA           ","2025","05","03","06",17.4,,,"8","W","W",,"8","NNW",,1,,2,,7,
"249200480","BUKOWINA TATRZAÑSKA           ","2025","05","03","12",22.3,,,"8","W","W",,"8","W  ",,5,,3,,7,
"249200480","BUKOWINA TATRZAÑSKA           ","2025","05","03","18",14.8,,,"8","W","W",,"8","NW ",,7,,8,,7,
"249200480","BUKOWINA TATRZAÑSKA           ","2025","05","04","06",15.0,,,"8","W","W",,"8","WNW",,6,,6,,5,
"249200480","BUKOWINA TATRZAÑSKA           ","2025","05","04","12",14.2,,,"8","W","W",,"8","NW ",,4,,5,,5,
"249200480","BUKOWINA TATRZAÑSKA           ","2025","05","04","18",8.6,,,"8","W","W",,"8","NNW",,1,,8,,5,
"249200480","BUKOWINA TATRZAÑSKA           ","2025","05","05","06",5.0,,,"8",,"W",,"8","C  ",,0,,8,,5,
"249200480","BUKOWINA TATRZAÑSKA           ","2025","05","05","12",6.6,,,"8",,"W",,"8","NNE",,1,,8,,5,
"249200480","BUKOWINA TATRZAÑSKA           ","2025","05","05","18",4.8,,,"8",,"W",,"8","E  ",,1,,8,,5,
"249200480","BUKOWINA TATRZAÑSKA           ","2025","05","06","06",3.6,,,"8",,"W",,"8","C  ",,0,,8,,5,
"249200480","BUKOWINA TATRZAÑSKA           ","2025","05","06","12",6.0,,,"8",,"W",,"8","NNE",,1,,8,,5,
"249200480","BUKOWINA TATRZAÑSKA           ","2025","05","06","18",4.8,,,"8",,"W",,"8","C  ",,0,,8,,5,
"249200480","BUKOWINA TATRZAÑSKA           ","2025","05","07","06",4.2,,,"8",,"W",,"8","SE ",,1,,8,,5,
"249200480","BUKOWINA TATRZAÑSKA           ","2025","05","07","12",8.6,,,"8","W","W",,"8","NNE",,1,,7,,5,
"249200480","BUKOWINA TATRZAÑSKA           ","2025","05","07","18",7.0,,,"8",,"W",,"8","C  ",,0,,8,,5,
"249200480","BUKOWINA TATRZAÑSKA           ","2025","05","08","06",2.6,,,"8",,"W",,"8","C  ",,0,,8,,5,
"249200480","BUKOWINA TATRZAÑSKA           ","2025","05","08","12",7.2,,,"8",,"W",,"8","NE ",,2,,7,,5,
"249200480","BUKOWINA TATRZAÑSKA           ","2025","05","08","18",4.4,,,"8",,"W",,"8","NE ",,1,,7,,5,
"249200480","BUKOWINA TATRZAÑSKA           ","2025","05","09","06",3.1,,,"8",,"W",,"8","NNE",,1,,8,,5,
"249200480","BUKOWINA TATRZAÑSKA           ","2025","05","09","12",5.8,,,"8",,"W",,"8","N  ",,3,,8,,5,
"249200480","BUKOWINA TATRZAÑSKA           ","2025","05","09","18",5.5,,,"8",,"W",,"8","W  ",,1,,2,,5,
"249200480","BUKOWINA TATRZAÑSKA           ","2025","05","10","06",5.0,,,"8",,"W",,"8","W  ",,2,,8,,5,
"249200480","BUKOWINA TATRZAÑSKA           ","2025","05","10","12",8.2,,,"8","W","W",,"8","WNW",,5,,8,,5,
"249200480","BUKOWINA TATRZAÑSKA           ","2025","05","10","18",5.6,,,"8",,"W",,"8","W  ",,3,,8,,5,
"249200480","BUKOWINA TATRZAÑSKA           ","2025","05","11","06",3.0,,,"8",,"W",,"8","NNE",,1,,7,,5,
"249200480","BUKOWINA TATRZAÑSKA           ","2025","05","11","12",8.0,,,"8",,"W",,"8","NNE",,1,,5,,5,
"249200480","BUKOWINA TATRZAÑSKA           ","2025","05","11","18",6.2,,,"8",,"W",,"8","C  ",,0,,7,,5,
"249200480","BUKOWINA TATRZAÑSKA           ","2025","05","12","06",3.2,,,"8",,"W",,"8","NE ",,1,,3,,7,
"249200480","BUKOWINA TATRZAÑSKA           ","2025","05","12","12",8.7,,,"8","W","W",,"8","NNE",,3,,5,,7,
"249200480","BUKOWINA TATRZAÑSKA           ","2025","05","12","18",8.3,,,"8","W","W",,"8","C  ",,0,,4,,7,
"249200480","BUKOWINA TATRZAÑSKA           ","2025","05","13","06",5.9,,,"8",,"W",,"8","C  ",,0,,7,,5,
"249200480","BUKOWINA TATRZAÑSKA           ","2025","05","13","12",8.4,,,"8","W","W",,"8","NE ",,2,,7,,5,
"249200480","BUKOWINA TATRZAÑSKA           ","2025","05","13","18",7.0,,,"8",,"W",,"8","NW ",,1,,4,,5,
"249200480","BUKOWINA TATRZAÑSKA           ","2025","05","14","06",6.6,,,"8",,"W",,"8","W  ",,2,,8,,5,
"249200480","BUKOWINA TATRZAÑSKA           ","2025","05","14","12",12.8,,,"8","W","W",,"8","WNW",,4,,8,,5,
"249200480","BUKOWINA TATRZAÑSKA           ","2025","05","14","18",12.4,,,"8","W","W",,"8","WNW",,3,,7,,5,
"249200480","BUKOWINA TATRZAÑSKA           ","2025","05","15","06",6.0,,,"8",,"W",,"8","W  ",,4,,8,,5,
"249200480","BUKOWINA TATRZAÑSKA           ","2025","05","15","12",1.4,,,"8",,"W",,"8","NNW",,5,,8,,5,
"249200480","BUKOWINA TATRZAÑSKA           ","2025","05","15","18",3.4,,,"8",,"W",,"8","W  ",,1,,3,,5,
"249200480","BUKOWINA TATRZAÑSKA           ","2025","05","16","06",2.0,,,"8",,"W",,"8","WSW",,3,,8,,5,
"249200480","BUKOWINA TATRZAÑSKA           ","2025","05","16","12",6.2,,,"8",,"W",,"8","W  ",,4,,6,,5,
"249200480","BUKOWINA TATRZAÑSKA           ","2025","05","16","18",5.2,,,"8",,"W",,"8","NW ",,5,,8,,5,
"249200480","BUKOWINA TATRZAÑSKA           ","2025","05","17","06",2.8,,,"8",,"W",,"8","WSW",,4,,8,,5,
"249200480","BUKOWINA TATRZAÑSKA           ","2025","05","17","12",5.6,,,"8",,"W",,"8","WNW",,4,,7,,5,
"249200480","BUKOWINA TATRZAÑSKA           ","2025","05","17","18",4.8,,,"8",,"W",,"8","WSW",,3,,8,,5,
"249200480","BUKOWINA TATRZAÑSKA           ","2025","05","18","06",3.4,,,"8",,"W",,"8","WNW",,6,,7,,5,
"249200480","BUKOWINA TATRZAÑSKA           ","2025","05","18","12",7.0,,,"8",,"W",,"8","WNW",,5,,8,,5,
"249200480","BUKOWINA TATRZAÑSKA           ","2025","05","18","18",5.0,,,"8",,"W",,"8","WNW",,4,,8,,5,
"249200480","BUKOWINA TATRZAÑSKA           ","2025","05","19","06",2.7,,,"8",,"W",,"8","WSW",,3,,8,,5,
"249200480","BUKOWINA TATRZAÑSKA           ","2025","05","19","12",5.8,,,"8",,"W",,"8","NW ",,3,,8,,5,
"249200480","BUKOWINA TATRZAÑSKA           ","2025","05","19","18",6.1,,,"8",,"W",,"8","WNW",,4,,5,,5,
"249200480","BUKOWINA TATRZAÑSKA           ","2025","05","20","06",6.0,,,"8",,"W",,"8","WNW",,3,,8,,5,
"249200480","BUKOWINA TATRZAÑSKA           ","2025","05","20","12",12.6,,,"8","W","W",,"8","NW ",,3,,6,,5,
"249200480","BUKOWINA TATRZAÑSKA           ","2025","05","20","18",13.2,,,"8","W","W",,"8","C  ",,0,,1,,5,
"249200480","BUKOWINA TATRZAÑSKA           ","2025","05","21","06",11.4,,,"8","W","W",,"8","C  ",,0,,2,,7,
"249200480","BUKOWINA TATRZAÑSKA           ","2025","05","21","12",16.3,,,"8","W","W",,"8","N  ",,1,,6,,7,
"249200480","BUKOWINA TATRZAÑSKA           ","2025","05","21","18",15.2,,,"8","W","W",,"8","C  ",,0,,6,,7,
"249200480","BUKOWINA TATRZAÑSKA           ","2025","05","22","06",11.4,,,"8","W","W",,"8","C  ",,0,,7,,5,
"249200480","BUKOWINA TATRZAÑSKA           ","2025","05","22","12",16.3,,,"8","W","W",,"8","N  ",,2,,7,,5,
"249200480","BUKOWINA TATRZAÑSKA           ","2025","05","22","18",11.5,,,"8","W","W",,"8","WNW",,1,,8,,5,
"249200480","BUKOWINA TATRZAÑSKA           ","2025","05","23","06",4.2,,,"8",,"W",,"8","WNW",,1,,8,,5,
"249200480","BUKOWINA TATRZAÑSKA           ","2025","05","23","12",5.0,,,"8",,"W",,"8","NNE",,2,,8,,5,
"249200480","BUKOWINA TATRZAÑSKA           ","2025","05","23","18",4.4,,,"8",,"W",,"8","SSW",,1,,8,,5,
"249200480","BUKOWINA TATRZAÑSKA           ","2025","05","24","06",0.8,,,"8",,"W",,"8","C  ",,0,,8,,5,
"249200480","BUKOWINA TATRZAÑSKA           ","2025","05","24","12",8.8,,,"8","W","W",,"8","SE ",,2,,7,,5,
"249200480","BUKOWINA TATRZAÑSKA           ","2025","05","24","18",8.2,,,"8","W","W",,"8","C  ",,0,,6,,5,
"249200480","BUKOWINA TATRZAÑSKA           ","2025","05","25","06",8.2,,,"8","W","W",,"8","NNE",,1,,1,,7,
"249200480","BUKOWINA TATRZAÑSKA           ","2025","05","25","12",11.8,,,"8","W","W",,"8","NNW",,3,,5,,7,
"249200480","BUKOWINA TATRZAÑSKA           ","2025","05","25","18",11.2,,,"8","W","W",,"8","C  ",,0,,3,,7,
"249200480","BUKOWINA TATRZAÑSKA           ","2025","05","26","06",10.4,,,"8","W","W",,"8","C  ",,0,,1,,5,
"249200480","BUKOWINA TATRZAÑSKA           ","2025","05","26","12",14.4,,,"8","W","W",,"8","WNW",,3,,8,,5,
"249200480","BUKOWINA TATRZAÑSKA           ","2025","05","26","18",10.0,,,"8","W","W",,"8","W  ",,3,,8,,5,
"249200480","BUKOWINA TATRZAÑSKA           ","2025","05","27","06",8.4,,,"8","W","W",,"8","NNW",,3,,8,,5,
"249200480","BUKOWINA TATRZAÑSKA           ","2025","05","27","12",10.6,,,"8","W","W",,"8","WSW",,1,,8,,5,
"249200480","BUKOWINA TATRZAÑSKA           ","2025","05","27","18",12.8,,,"8","W","W",,"8","C  ",,0,,4,,5,
"249200480","BUKOWINA TATRZAÑSKA           ","2025","05","28","06",11.4,,,"8","W","W",,"8","WSW",,2,,1,,7,
"249200480","BUKOWINA TATRZAÑSKA           ","2025","05","28","12",16.5,,,"8","W","W",,"8","NW ",,5,,6,,7,
"249200480","BUKOWINA TATRZAÑSKA           ","2025","05","28","18",11.5,,,"8","W","W",,"8","WNW",,3,,8,,7,
"249200480","BUKOWINA TATRZAÑSKA           ","2025","05","29","06",8.6,,,"8","W","W",,"8","WNW",,3,,8,,5,
"249200480","BUKOWINA TATRZAÑSKA           ","2025","05","29","12",9.2,,,"8","W","W",,"8","NW ",,5,,8,,5,
"249200480","BUKOWINA TATRZAÑSKA           ","2025","05","29","18",8.7,,,"8","W","W",,"8","W  ",,3,,8,,5,
"249200480","BUKOWINA TATRZAÑSKA           ","2025","05","30","06",9.2,,,"8","W","W",,"8","W  ",,2,,2,,7,
"249200480","BUKOWINA TATRZAÑSKA           ","2025","05","30","12",14.0,,,"8","W","W",,"8","WNW",,3,,7,,7,
"249200480","BUKOWINA TATRZAÑSKA           ","2025","05","30","18",11.2,,,"8","W","W",,"8","WSW",,3,,8,,7,
"249200480","BUKOWINA TATRZAÑSKA           ","2025","05","31","06",14.5,,,"8","W","W",,"8","WSW",,3,,2,,7,
"249200480","BUKOWINA TATRZAÑSKA           ","2025","05","31","12",18.9,,,"8","W","W",,"8","NW ",,2,,7,,7,
"249200480","BUKOWINA TATRZAÑSKA           ","2025","05","31","18",18.7,,,"8","W","W",,"8","W  ",,2,,3,,7,
"249200550","DOLINA PIÊCIU STAWÓW          ","2025","05","01","06",8.6,,,"8","W","W",,"8","NNE",,3,,1,,8,
"249200550","DOLINA PIÊCIU STAWÓW          ","2025","05","01","12",12.5,,,"8","W","W",,"8","NNE",,2,,3,,8,
"249200550","DOLINA PIÊCIU STAWÓW          ","2025","05","01","18",6.5,,,"8",,"W",,"8","C  ",,0,,4,,8,
"249200550","DOLINA PIÊCIU STAWÓW          ","2025","05","02","06",7.1,,,"8",,"W",,"8","SE ",,1,,2,,8,
"249200550","DOLINA PIÊCIU STAWÓW          ","2025","05","02","12",12.1,,,"8","W","W",,"8","W  ",,2,,4,,8,
"249200550","DOLINA PIÊCIU STAWÓW          ","2025","05","02","18",9.1,,,"8","W","W",,"8","SSW",,2,,3,,8,
"249200550","DOLINA PIÊCIU STAWÓW          ","2025","05","03","06",11.6,,,"8","W","W",,"8","S  ",,5,,4,,8,
"249200550","DOLINA PIÊCIU STAWÓW          ","2025","05","03","12",15.7,,,"8","W","W",,"8","WSW",,5,,4,,8,
"249200550","DOLINA PIÊCIU STAWÓW          ","2025","05","03","18",12.7,,,"8","W","W",,"8","SW ",,6,,8,,8,
"249200550","DOLINA PIÊCIU STAWÓW          ","2025","05","04","06",10.1,,,"8","W","W",,"8","SSW",,8,,4,,8,
"249200550","DOLINA PIÊCIU STAWÓW          ","2025","05","04","12",9.4,,,"8","W","W",,"8","SW ",,5,,8,,8,
"249200550","DOLINA PIÊCIU STAWÓW          ","2025","05","04","18",5.8,,,"8",,"W",,"8","NE ",,2,,8,,3,
"249200550","DOLINA PIÊCIU STAWÓW          ","2025","05","05","06",-1.2,,,"8",,"W",,"8","C  ",,0,,8,,3,
"249200550","DOLINA PIÊCIU STAWÓW          ","2025","05","05","12",1.6,,,"8",,"W",,"8","NNE",,3,,8,,3,
"249200550","DOLINA PIÊCIU STAWÓW          ","2025","05","05","18",-1.2,,,"8",,"W",,"8","C  ",,0,,8,,2,
"249200550","DOLINA PIÊCIU STAWÓW          ","2025","05","06","06",-0.8,,,"8",,"W",,"8","N  ",,1,,8,,3,
"249200550","DOLINA PIÊCIU STAWÓW          ","2025","05","06","12",2.2,,,"8",,"W",,"8","N  ",,1,,8,,2,
"249200550","DOLINA PIÊCIU STAWÓW          ","2025","05","06","18",0.2,,,"8",,"W",,"8","NNE",,2,,8,,2,
"249200550","DOLINA PIÊCIU STAWÓW          ","2025","05","07","06",-2.7,,,"8",,"W",,"8","NE ",,4,,8,,7,
"249200550","DOLINA PIÊCIU STAWÓW          ","2025","05","07","12",0.5,,,"8",,"W",,"8","NNE",,3,,8,,7,
"249200550","DOLINA PIÊCIU STAWÓW          ","2025","05","07","18",-0.2,,,"8",,"W",,"8","NE ",,4,,8,,7,
"249200550","DOLINA PIÊCIU STAWÓW          ","2025","05","08","06",-2.2,,,"8",,"W",,"8","NE ",,3,,7,,8,
"249200550","DOLINA PIÊCIU STAWÓW          ","2025","05","08","12",1.2,,,"8",,"W",,"8","NNE",,3,,7,,8,
"249200550","DOLINA PIÊCIU STAWÓW          ","2025","05","08","18",-2.4,,,"8",,"W",,"8","ENE",,4,,7,,7,
"249200550","DOLINA PIÊCIU STAWÓW          ","2025","05","09","06",-4.6,,,"8",,"W",,"8","NE ",,4,,6,,8,
"249200550","DOLINA PIÊCIU STAWÓW          ","2025","05","09","12",-0.6,,,"8",,"W",,"8","NNE",,2,,8,,8,
"249200550","DOLINA PIÊCIU STAWÓW          ","2025","05","09","18",-1.2,,,"8",,"W",,"8","N  ",,4,,3,,8,
"249200550","DOLINA PIÊCIU STAWÓW          ","2025","05","10","06",-0.2,,,"8",,"W",,"8","S  ",,4,,8,,8,
"249200550","DOLINA PIÊCIU STAWÓW          ","2025","05","10","12",0.8,,,"8",,"W",,"8","S  ",,8,,8,,7,
"249200550","DOLINA PIÊCIU STAWÓW          ","2025","05","10","18",0.3,,,"8",,"W",,"8","SSW",,4,,8,,6,
"249200550","DOLINA PIÊCIU STAWÓW          ","2025","05","11","06",-1.8,,,"8",,"W",,"8","NE ",,3,,7,,7,
"249200550","DOLINA PIÊCIU STAWÓW          ","2025","05","11","12",-0.6,,,"8",,"W",,"8","N  ",,1,,7,,8,
"249200550","DOLINA PIÊCIU STAWÓW          ","2025","05","11","18",-0.7,,,"8",,"W",,"8","ENE",,2,,6,,8,
"249200550","DOLINA PIÊCIU STAWÓW          ","2025","05","12","06",-0.8,,,"8",,"W",,"8","N  ",,2,,4,,8,
"249200550","DOLINA PIÊCIU STAWÓW          ","2025","05","12","12",-0.2,,,"8",,"W",,"8","NNE",,2,,7,,7,
"249200550","DOLINA PIÊCIU STAWÓW          ","2025","05","12","18",-0.6,,,"8",,"W",,"8","NE ",,2,,6,,7,
"249200550","DOLINA PIÊCIU STAWÓW          ","2025","05","13","06",-0.3,,,"8",,"W",,"8","NNE",,2,,6,,8,
"249200550","DOLINA PIÊCIU STAWÓW          ","2025","05","13","12",0.8,,,"8",,"W",,"8","NNE",,2,,7,,8,
"249200550","DOLINA PIÊCIU STAWÓW          ","2025","05","13","18",0.8,,,"8",,"W",,"8","N  ",,3,,7,,8,
"249200550","DOLINA PIÊCIU STAWÓW          ","2025","05","14","06",1.4,,,"8",,"W",,"8","ENE",,3,,6,,8,
"249200550","DOLINA PIÊCIU STAWÓW          ","2025","05","14","12",4.6,,,"8",,"W",,"8","SSW",,5,,8,,8,
"249200550","DOLINA PIÊCIU STAWÓW          ","2025","05","14","18",5.3,,,"8",,"W",,"8","S  ",,7,,6,,8,
"249200550","DOLINA PIÊCIU STAWÓW          ","2025","05","15","06",1.2,,,"8",,"W",,"8","S  ",,8,,8,,5,
"249200550","DOLINA PIÊCIU STAWÓW          ","2025","05","15","12",-1.8,,,"8",,"W",,"8","ESE",,2,,8,,5,
"249200550","DOLINA PIÊCIU STAWÓW          ","2025","05","15","18",-3.2,,,"8",,"W",,"8","NNE",,2,,5,,7,
"249200550","DOLINA PIÊCIU STAWÓW          ","2025","05","16","06",-3.8,,,"8",,"W",,"8","SSE",,4,,8,,7,
"249200550","DOLINA PIÊCIU STAWÓW          ","2025","05","16","12",-1.6,,,"8",,"W",,"8","S  ",,4,,8,,8,
"249200550","DOLINA PIÊCIU STAWÓW          ","2025","05","16","18",0.0,,,"8",,"W",,"8","NNW",,1,,8,,6,
"249200550","DOLINA PIÊCIU STAWÓW          ","2025","05","17","06",-1.4,,,"8",,"W",,"8","C  ",,0,,8,,3,
"249200550","DOLINA PIÊCIU STAWÓW          ","2025","05","17","12",-0.2,,,"8",,"W",,"8","SSW",,8,,8,,5,
"249200550","DOLINA PIÊCIU STAWÓW          ","2025","05","17","18",-0.2,,,"8",,"W",,"8","S  ",,10,,8,,6,
"249200550","DOLINA PIÊCIU STAWÓW          ","2025","05","18","06",-1.8,,,"8",,"W",,"8","SSW",,8,,6,,7,
"249200550","DOLINA PIÊCIU STAWÓW          ","2025","05","18","12",-0.6,,,"8",,"W",,"8","SSW",,9,,8,,6,
"249200550","DOLINA PIÊCIU STAWÓW          ","2025","05","18","18",-0.8,,,"8",,"W",,"8","SSW",,8,,8,,6,
"249200550","DOLINA PIÊCIU STAWÓW          ","2025","05","19","06",-1.8,,,"8",,"W",,"8","SSW",,4,,8,,7,
"249200550","DOLINA PIÊCIU STAWÓW          ","2025","05","19","12",-0.4,,,"8",,"W",,"8","S  ",,5,,8,,7,
"249200550","DOLINA PIÊCIU STAWÓW          ","2025","05","19","18",0.8,,,"8",,"W",,"8","NNE",,2,,6,,8,
"249200550","DOLINA PIÊCIU STAWÓW          ","2025","05","20","06",1.4,,,"8",,"W",,"8","N  ",,3,,7,,6,
"249200550","DOLINA PIÊCIU STAWÓW          ","2025","05","20","12",7.9,,,"8",,"W",,"8","ENE",,1,,4,,8,
"249200550","DOLINA PIÊCIU STAWÓW          ","2025","05","20","18",5.3,,,"8",,"W",,"8","SW ",,1,,5,,8,
"249200550","DOLINA PIÊCIU STAWÓW          ","2025","05","21","06",7.1,,,"8",,"W",,"8","SSE",,3,,2,,8,
"249200550","DOLINA PIÊCIU STAWÓW          ","2025","05","21","12",10.2,,,"8","W","W",,"8","SW ",,5,,6,,8,
"249200550","DOLINA PIÊCIU STAWÓW          ","2025","05","21","18",7.7,,,"8",,"W",,"8","SW ",,6,,6,,8,
"249200550","DOLINA PIÊCIU STAWÓW          ","2025","05","22","06",8.3,,,"8","W","W",,"8","S  ",,1,,7,,8,
"249200550","DOLINA PIÊCIU STAWÓW          ","2025","05","22","12",9.1,,,"8","W","W",,"8","SW ",,6,,7,,8,
"249200550","DOLINA PIÊCIU STAWÓW          ","2025","05","22","18",8.3,,,"8","W","W",,"8","SW ",,5,,8,,7,
"249200550","DOLINA PIÊCIU STAWÓW          ","2025","05","23","06",-0.2,,,"8",,"W",,"8","NNE",,2,,8,,3,
"249200550","DOLINA PIÊCIU STAWÓW          ","2025","05","23","12",0.6,,,"8",,"W",,"8","NNE",,3,,8,,3,
"249200550","DOLINA PIÊCIU STAWÓW          ","2025","05","23","18",-0.6,,,"8",,"W",,"8","NNE",,1,,8,,3,
"249200550","DOLINA PIÊCIU STAWÓW          ","2025","05","24","06",-1.8,,,"8",,"W",,"8","ENE",,4,,8,,5,
"249200550","DOLINA PIÊCIU STAWÓW          ","2025","05","24","12",2.1,,,"8",,"W",,"8","NNE",,1,,8,,7,
"249200550","DOLINA PIÊCIU STAWÓW          ","2025","05","24","18",0.2,,,"8",,"W",,"8","E  ",,2,,6,,8,
"249200550","DOLINA PIÊCIU STAWÓW          ","2025","05","25","06",1.6,,,"8",,"W",,"8","ENE",,5,,3,,8,
"249200550","DOLINA PIÊCIU STAWÓW          ","2025","05","25","12",5.5,,,"8",,"W",,"8","NNE",,2,,4,,8,
"249200550","DOLINA PIÊCIU STAWÓW          ","2025","05","25","18",4.4,,,"8",,"W",,"8","C  ",,0,,5,,8,
"249200550","DOLINA PIÊCIU STAWÓW          ","2025","05","26","06",6.8,,,"8",,"W",,"8","E  ",,2,,1,,8,
"249200550","DOLINA PIÊCIU STAWÓW          ","2025","05","26","12",9.5,,,"8","W","W",,"8","NNE",,1,,8,,8,
"249200550","DOLINA PIÊCIU STAWÓW          ","2025","05","26","18",5.0,,,"8",,"W",,"8","SE ",,4,,8,,5,
"249200550","DOLINA PIÊCIU STAWÓW          ","2025","05","27","06",3.6,,,"8",,"W",,"8","E  ",,4,,8,,4,
"249200550","DOLINA PIÊCIU STAWÓW          ","2025","05","27","12",5.6,,,"8",,"W",,"8","NNE",,2,,8,,5,
"249200550","DOLINA PIÊCIU STAWÓW          ","2025","05","27","18",5.0,,,"8",,"W",,"8","SE ",,3,,5,,8,
"249200550","DOLINA PIÊCIU STAWÓW          ","2025","05","28","06",6.3,,,"8",,"W",,"8","SE ",,2,,6,,7,
"249200550","DOLINA PIÊCIU STAWÓW          ","2025","05","28","12",10.5,,,"8","W","W",,"8","SSW",,3,,5,,8,
"249200550","DOLINA PIÊCIU STAWÓW          ","2025","05","28","18",6.7,,,"8",,"W",,"8","SSW",,4,,8,,5,
"249200550","DOLINA PIÊCIU STAWÓW          ","2025","05","29","06",3.0,,,"8",,"W",,"8","NE ",,1,,8,,5,
"249200550","DOLINA PIÊCIU STAWÓW          ","2025","05","29","12",2.6,,,"8",,"W",,"8","ESE",,3,,8,,5,
"249200550","DOLINA PIÊCIU STAWÓW          ","2025","05","29","18",2.6,,,"8",,"W",,"8","SE ",,5,,8,,3,
"249200550","DOLINA PIÊCIU STAWÓW          ","2025","05","30","06",5.3,,,"8",,"W",,"8","NE ",,3,,3,,8,
"249200550","DOLINA PIÊCIU STAWÓW          ","2025","05","30","12",11.7,,,"8","W","W",,"8","N  ",,2,,3,,9,
"249200550","DOLINA PIÊCIU STAWÓW          ","2025","05","30","18",6.7,,,"8",,"W",,"8","E  ",,2,,8,,2,
"249200550","DOLINA PIÊCIU STAWÓW          ","2025","05","31","06",8.9,,,"8","W","W",,"8","ESE",,1,,7,,6,
"249200550","DOLINA PIÊCIU STAWÓW          ","2025","05","31","12",11.7,,,"8","W","W",,"8","N  ",,2,,6,,8,
"249200550","DOLINA PIÊCIU STAWÓW          ","2025","05","31","18",11.3,,,"8","W","W",,"8","SSW",,3,,6,,8,
"249200920","PIWNICZNA                     ","2025","05","01","06",9.9,,,"8","W","W",,"8","C  ",,0,,1,,6,
"249200920","PIWNICZNA                     ","2025","05","01","12",20.1,,,"8","W","W",,"8","N  ",,6,,0,,6,
"249200920","PIWNICZNA                     ","2025","05","01","18",14.8,,,"8","W","W",,"8","C  ",,0,,0,,6,
"249200920","PIWNICZNA                     ","2025","05","02","06",10.9,,,"8","W","W",,"8","E  ",,1,,0,,6,
"249200920","PIWNICZNA                     ","2025","05","02","12",23.5,,,"8","W","W",,"8","C  ",,0,,0,,6,
"249200920","PIWNICZNA                     ","2025","05","02","18",16.7,,,"8","W","W",,"8","C  ",,0,,2,,6,
"249200920","PIWNICZNA                     ","2025","05","03","06",13.4,,,"8","W","W",,"8","E  ",,1,,4,,6,
"249200920","PIWNICZNA                     ","2025","05","03","12",27.2,,,"8","W","W",,"8","NNW",,3,,3,,6,
"249200920","PIWNICZNA                     ","2025","05","03","18",18.3,,,"8","W","W",,"8","SE ",,1,,8,,6,
"249200920","PIWNICZNA                     ","2025","05","04","06",14.8,,,"8","W","W",,"8","C  ",,0,,0,,6,
"249200920","PIWNICZNA                     ","2025","05","04","12",15.4,,,"8","W","W",,"8","N  ",,3,,8,,6,
"249200920","PIWNICZNA                     ","2025","05","04","18",12.2,,,"8","W","W",,"8","C  ",,0,,8,,6,
"249200920","PIWNICZNA                     ","2025","05","05","06",8.7,,,"8","W","W",,"8","N  ",,3,,8,,6,
"249200920","PIWNICZNA                     ","2025","05","05","12",10.3,,,"8","W","W",,"8","NNW",,1,,8,,6,
"249200920","PIWNICZNA                     ","2025","05","05","18",9.3,,,"8","W","W",,"8","N  ",,1,,6,,6,
"249200920","PIWNICZNA                     ","2025","05","06","06",7.4,,,"8",,"W",,"8","NNW",,1,,8,,6,
"249200920","PIWNICZNA                     ","2025","05","06","12",8.7,,,"8","W","W",,"8","N  ",,3,,8,,6,
"249200920","PIWNICZNA                     ","2025","05","06","18",8.3,,,"8","W","W",,"8","C  ",,0,,6,,6,
"249200920","PIWNICZNA                     ","2025","05","07","06",8.5,,,"8","W","W",,"8","C  ",,0,,8,,6,
"249200920","PIWNICZNA                     ","2025","05","07","12",12.8,,,"8","W","W",,"8","NNW",,2,,7,,6,
"249200920","PIWNICZNA                     ","2025","05","07","18",10.9,,,"8","W","W",,"8","WNW",,1,,5,,6,
"249200920","PIWNICZNA                     ","2025","05","08","06",5.8,,,"8",,"W",,"8","NNW",,2,,4,,6,
"249200920","PIWNICZNA                     ","2025","05","08","12",10.3,,,"8","W","W",,"8","N  ",,4,,6,,6,
"249200920","PIWNICZNA                     ","2025","05","08","18",7.9,,,"8",,"W",,"8","NW ",,1,,8,,6,
"249200920","PIWNICZNA                     ","2025","05","09","06",4.4,,,"8",,"W",,"8","NNW",,3,,4,,6,
"249200920","PIWNICZNA                     ","2025","05","09","12",9.5,,,"8","W","W",,"8","NNW",,4,,2,,6,
"249200920","PIWNICZNA                     ","2025","05","09","18",5.8,,,"8",,"W",,"8","C  ",,0,,5,,6,
"249200920","PIWNICZNA                     ","2025","05","10","06",6.2,,,"8",,"W",,"8","C  ",,0,,8,,6,
"249200920","PIWNICZNA                     ","2025","05","10","12",11.2,,,"8","W","W",,"8","WNW",,2,,8,,6,
"249200920","PIWNICZNA                     ","2025","05","10","18",9.3,,,"8","W","W",,"8","C  ",,0,,8,,6,
"249200920","PIWNICZNA                     ","2025","05","11","06",5.8,,,"8",,"W",,"8","C  ",,0,,8,,6,
"249200920","PIWNICZNA                     ","2025","05","11","12",10.3,,,"8","W","W",,"8","NNW",,3,,4,,6,
"249200920","PIWNICZNA                     ","2025","05","11","18",6.6,,,"8",,"W",,"8","C  ",,0,,3,,6,
"249200920","PIWNICZNA                     ","2025","05","12","06",5.2,,,"8",,"W",,"8","C  ",,0,,1,,6,
"249200920","PIWNICZNA                     ","2025","05","12","12",12.8,,,"8","W","W",,"8","NNW",,2,,0,,6,
"249200920","PIWNICZNA                     ","2025","05","12","18",8.3,,,"8","W","W",,"8","C  ",,0,,2,,6,
"249200920","PIWNICZNA                     ","2025","05","13","06",4.2,,,"8",,"W",,"8","C  ",,0,,6,,6,
"249200920","PIWNICZNA                     ","2025","05","13","12",13.2,,,"8","W","W",,"8","NNW",,2,,7,,6,
"249200920","PIWNICZNA                     ","2025","05","13","18",8.9,,,"8","W","W",,"8","C  ",,0,,5,,6,
"249200920","PIWNICZNA                     ","2025","05","14","06",6.8,,,"8",,"W",,"8","C  ",,0,,8,,6,
"249200920","PIWNICZNA                     ","2025","05","14","12",16.7,,,"8","W","W",,"8","NW ",,1,,6,,6,
"249200920","PIWNICZNA                     ","2025","05","14","18",13.6,,,"8","W","W",,"8","C  ",,0,,8,,6,
"249200920","PIWNICZNA                     ","2025","05","15","06",8.9,,,"8","W","W",,"8","C  ",,0,,8,,6,
"249200920","PIWNICZNA                     ","2025","05","15","12",5.8,,,"8",,"W",,"8","N  ",,2,,8,,6,
"249200920","PIWNICZNA                     ","2025","05","15","18",6.6,,,"8",,"W",,"8","C  ",,0,,4,,6,
"249200920","PIWNICZNA                     ","2025","05","16","06",4.8,,,"8",,"W",,"8","C  ",,0,,6,,6,
"249200920","PIWNICZNA                     ","2025","05","16","12",13.0,,,"8","W","W",,"8","SSW",,1,,4,,6,
"249200920","PIWNICZNA                     ","2025","05","16","18",7.9,,,"8",,"W",,"8","C  ",,0,,8,,6,
"249200920","PIWNICZNA                     ","2025","05","17","06",7.7,,,"8",,"W",,"8","C  ",,0,,8,,6,
"249200920","PIWNICZNA                     ","2025","05","17","12",10.5,,,"8","W","W",,"8","C  ",,0,,8,,6,
"249200920","PIWNICZNA                     ","2025","05","17","18",8.5,,,"8","W","W",,"8","C  ",,0,,7,,6,
"249200920","PIWNICZNA                     ","2025","05","18","06",7.7,,,"8",,"W",,"8","WNW",,1,,5,,6,
"249200920","PIWNICZNA                     ","2025","05","18","12",13.0,,,"8","W","W",,"8","WNW",,2,,6,,6,
"249200920","PIWNICZNA                     ","2025","05","18","18",6.8,,,"8",,"W",,"8","C  ",,0,,4,,6,
"249200920","PIWNICZNA                     ","2025","05","19","06",6.4,,,"8",,"W",,"8","N  ",,3,,8,,5,
"249200920","PIWNICZNA                     ","2025","05","19","12",10.3,,,"8","W","W",,"8","C  ",,0,,5,,6,
"249200920","PIWNICZNA                     ","2025","05","19","18",9.5,,,"8","W","W",,"8","C  ",,0,,3,,6,
"249200920","PIWNICZNA                     ","2025","05","20","06",8.5,,,"8","W","W",,"8","C  ",,0,,5,,6,
"249200920","PIWNICZNA                     ","2025","05","20","12",15.4,,,"8","W","W",,"8","C  ",,0,,4,,6,
"249200920","PIWNICZNA                     ","2025","05","20","18",11.4,,,"8","W","W",,"8","C  ",,0,,0,,6,
"249200920","PIWNICZNA                     ","2025","05","21","06",11.8,,,"8","W","W",,"8","SE ",,3,,0,,6,
"249200920","PIWNICZNA                     ","2025","05","21","12",19.3,,,"8","W","W",,"8","SE ",,5,,0,,6,
"249200920","PIWNICZNA                     ","2025","05","21","18",16.3,,,"8","W","W",,"8","SE ",,3,,0,,6,
"249200920","PIWNICZNA                     ","2025","05","22","06",11.8,,,"8","W","W",,"8","SE ",,2,,8,,6,
"249200920","PIWNICZNA                     ","2025","05","22","12",17.5,,,"8","W","W",,"8","SE ",,4,,3,,6,
"249200920","PIWNICZNA                     ","2025","05","22","18",14.4,,,"8","W","W",,"8","NW ",,1,,8,,6,
"249200920","PIWNICZNA                     ","2025","05","23","06",8.3,,,"8","W","W",,"8","NNW",,2,,8,,5,
"249200920","PIWNICZNA                     ","2025","05","23","12",7.9,,,"8",,"W",,"8","N  ",,4,,8,,5,
"249200920","PIWNICZNA                     ","2025","05","23","18",7.4,,,"8",,"W",,"8","N  ",,1,,8,,4,
"249200920","PIWNICZNA                     ","2025","05","24","06",6.4,,,"8",,"W",,"8","N  ",,2,,8,,5,
"249200920","PIWNICZNA                     ","2025","05","24","12",11.2,,,"8","W","W",,"8","NNW",,1,,8,,6,
"249200920","PIWNICZNA                     ","2025","05","24","18",7.7,,,"8",,"W",,"8","C  ",,0,,2,,6,
"249200920","PIWNICZNA                     ","2025","05","25","06",5.8,,,"8",,"W",,"8","C  ",,0,,0,,6,
"249200920","PIWNICZNA                     ","2025","05","25","12",16.7,,,"8","W","W",,"8","N  ",,2,,1,,6,
"249200920","PIWNICZNA                     ","2025","05","25","18",10.9,,,"8","W","W",,"8","C  ",,0,,0,,6,
"249200920","PIWNICZNA                     ","2025","05","26","06",7.7,,,"8",,"W",,"8","S  ",,1,,0,,6,
"249200920","PIWNICZNA                     ","2025","05","26","12",19.3,,,"8","W","W",,"8","NNW",,3,,0,,6,
"249200920","PIWNICZNA                     ","2025","05","26","18",13.2,,,"8","W","W",,"8","C  ",,0,,8,,6,
"249200920","PIWNICZNA                     ","2025","05","27","06",12.2,,,"8","W","W",,"8","NNW",,3,,8,,6,
"249200920","PIWNICZNA                     ","2025","05","27","12",15.2,,,"8","W","W",,"8","N  ",,4,,8,,6,
"249200920","PIWNICZNA                     ","2025","05","27","18",12.8,,,"8","W","W",,"8","C  ",,0,,2,,6,
"249200920","PIWNICZNA                     ","2025","05","28","06",10.1,,,"8","W","W",,"8","C  ",,0,,0,,6,
"249200920","PIWNICZNA                     ","2025","05","28","12",20.1,,,"8","W","W",,"8","NNW",,1,,4,,6,
"249200920","PIWNICZNA                     ","2025","05","28","18",16.5,,,"8","W","W",,"8","WSW",,1,,8,,6,
"249200920","PIWNICZNA                     ","2025","05","29","06",11.6,,,"8","W","W",,"8","N  ",,3,,8,,5,
"249200920","PIWNICZNA                     ","2025","05","29","12",12.4,,,"8","W","W",,"8","N  ",,2,,8,,6,
"249200920","PIWNICZNA                     ","2025","05","29","18",11.8,,,"8","W","W",,"8","N  ",,1,,8,,6,
"249200920","PIWNICZNA                     ","2025","05","30","06",12.6,,,"8","W","W",,"8","C  ",,0,,2,,6,
"249200920","PIWNICZNA                     ","2025","05","30","12",19.5,,,"8","W","W",,"8","NW ",,3,,1,,6,
"249200920","PIWNICZNA                     ","2025","05","30","18",16.3,,,"8","W","W",,"8","NW ",,1,,6,,6,
"249200920","PIWNICZNA                     ","2025","05","31","06",17.1,,,"8","W","W",,"8","C  ",,0,,2,,6,
"249200920","PIWNICZNA                     ","2025","05","31","12",24.4,,,"8","W","W",,"8","C  ",,0,,4,,6,
"249200920","PIWNICZNA                     ","2025","05","31","18",18.9,,,"8","W","W",,"8","C  ",,0,,1,,6,
"249200930","PORONIN                       ","2025","05","01","06",9.7,,7.4,,"W","W",73,,"C  ",,0,,1,,7,
"249200930","PORONIN                       ","2025","05","01","12",17.4,,11.3,,"W","W",46,,"WSW",,3,,3,,8,
"249200930","PORONIN                       ","2025","05","01","18",13.3,,9.8,,"W","W",64,,"ENE",,1,,2,,7,
"249200930","PORONIN                       ","2025","05","02","06",10.6,,7.6,,"W","W",66,,"ENE",,1,,0,,8,
"249200930","PORONIN                       ","2025","05","02","12",19.8,,11.9,,"W","W",37,,"W  ",,3,,3,,8,
"249200930","PORONIN                       ","2025","05","02","18",17.2,,11.8,,"W","W",52,,"SW ",,1,,5,,7,
"249200930","PORONIN                       ","2025","05","03","06",15.1,,10.7,,"W","W",57,,"WNW",,1,,3,,7,
"249200930","PORONIN                       ","2025","05","03","12",23.0,,14.4,,"W","W",37,,"WSW",,4,,4,,7,
"249200930","PORONIN                       ","2025","05","03","18",14.5,,12.8,,"W","W",82,,"W  ",,4,,8,,7,
"249200930","PORONIN                       ","2025","05","04","06",15.9,,11.5,,"W","W",58,,"W  ",,4,,3,,7,
"249200930","PORONIN                       ","2025","05","04","12",14.4,,12.0,,"W","W",75,,"NNW",,4,,6,,7,
"249200930","PORONIN                       ","2025","05","04","18",9.8,,8.6,,"W","W",85,,"NW ",,2,,8,,6,
"249200930","PORONIN                       ","2025","05","05","06",5.9,,4.6,,"W","W",82,,"E  ",,2,,8,,3,
"249200930","PORONIN                       ","2025","05","05","12",7.5,,6.0,,"W","W",80,,"ENE",,2,,8,,6,
"249200930","PORONIN                       ","2025","05","05","18",6.0,,4.5,,"W","W",79,,"ENE",,2,,8,,6,
"249200930","PORONIN                       ","2025","05","06","06",5.0,,4.2,,"W","W",88,,"ENE",,2,,8,,3,
"249200930","PORONIN                       ","2025","05","06","12",7.1,,5.8,,"W","W",83,,"NE ",,2,,8,,3,
"249200930","PORONIN                       ","2025","05","06","18",5.9,,5.2,,"W","W",90,,"NE ",,1,,8,,2,
"249200930","PORONIN                       ","2025","05","07","06",5.0,,3.9,,"W","W",84,,"C  ",,0,,8,,7,
"249200930","PORONIN                       ","2025","05","07","12",9.8,,5.8,,"W","W",54,,"SE ",,2,,6,,7,
"249200930","PORONIN                       ","2025","05","07","18",8.1,,4.8,,"W","W",59,,"C  ",,0,,7,,7,
"249200930","PORONIN                       ","2025","05","08","06",4.2,,1.8,,"W","W",65,,"NE ",,2,,7,,7,
"249200930","PORONIN                       ","2025","05","08","12",8.1,,4.3,,"W","W",53,,"NE ",,3,,7,,7,
"249200930","PORONIN                       ","2025","05","08","18",5.5,,2.4,,"W","W",57,,"ENE",,1,,6,,7,
"249200930","PORONIN                       ","2025","05","09","06",3.6,,0.8,,"W","W",58,,"ENE",,2,,6,,7,
"249200930","PORONIN                       ","2025","05","09","12",7.2,,3.3,,"W","W",50,,"NNW",,2,,6,,7,
"249200930","PORONIN                       ","2025","05","09","18",3.4,,0.8,,"W","W",60,,"C  ",,0,,2,,7,
"249200930","PORONIN                       ","2025","05","10","06",1.6,,0.0,,"W","W",73,,"ENE",,1,,8,,6,
"249200930","PORONIN                       ","2025","05","10","12",9.1,,5.6,,"W","W",58,,"WSW",,3,,8,,7,
"249200930","PORONIN                       ","2025","05","10","18",6.9,,6.0,,"W","W",88,,"SW ",,1,,8,,6,
"249200930","PORONIN                       ","2025","05","11","06",4.3,,3.3,,"W","W",85,,"N  ",,2,,6,,7,
"249200930","PORONIN                       ","2025","05","11","12",8.3,,4.1,,"W","W",49,,"E  ",,3,,4,,7,
"249200930","PORONIN                       ","2025","05","11","18",7.1,,4.0,,"W","W",60,,"ENE",,1,,6,,7,
"249200930","PORONIN                       ","2025","05","12","06",4.4,,2.8,,"W","W",76,,"NE ",,3,,2,,7,
"249200930","PORONIN                       ","2025","05","12","12",9.3,,5.4,,"W","W",54,,"NE ",,3,,4,,7,
"249200930","PORONIN                       ","2025","05","12","18",7.0,,3.5,,"W","W",55,,"NE ",,1,,5,,7,
"249200930","PORONIN                       ","2025","05","13","06",5.8,,3.0,,"W","W",62,,"W  ",,1,,6,,7,
"249200930","PORONIN                       ","2025","05","13","12",9.2,,5.0,,"W","W",50,,"NW ",,1,,7,,7,
"249200930","PORONIN                       ","2025","05","13","18",7.1,,4.5,,"W","W",66,,"C  ",,0,,5,,7,
"249200930","PORONIN                       ","2025","05","14","06",4.4,,3.3,,"W","W",84,,"ESE",,1,,7,,7,
"249200930","PORONIN                       ","2025","05","14","12",14.7,,9.4,,"W","W",49,,"W  ",,3,,6,,7,
"249200930","PORONIN                       ","2025","05","14","18",13.2,,7.8,,"W","W",45,,"WSW",,2,,8,,7,
"249200930","PORONIN                       ","2025","05","15","06",7.1,,6.5,,"W","W",92,,"SW ",,2,,8,,3,
"249200930","PORONIN                       ","2025","05","15","12",2.4,,1.8,,"W","W",90,,"N  ",,2,,8,,3,
"249200930","PORONIN                       ","2025","05","15","18",2.6,,1.2,,"W","W",78,,"C  ",,0,,3,,7,
"249200930","PORONIN                       ","2025","05","16","06",3.1,,1.6,,"W","W",77,,"WSW",,3,,8,,7,
"249200930","PORONIN                       ","2025","05","16","12",9.0,,5.6,,"W","W",59,,"WSW",,3,,5,,7,
"249200930","PORONIN                       ","2025","05","16","18",6.5,,4.8,,"W","W",77,,"WNW",,3,,8,,6,
"249200930","PORONIN                       ","2025","05","17","06",4.0,,3.5,,"W","W",92,,"SSW",,1,,8,,3,
"249200930","PORONIN                       ","2025","05","17","12",8.4,,6.9,,"W","W",81,,"WSW",,4,,5,,7,
"249200930","PORONIN                       ","2025","05","17","18",6.1,,4.9,,"W","W",83,,"SW ",,2,,7,,6,
"249200930","PORONIN                       ","2025","05","18","06",5.1,,3.3,,"W","W",74,,"WSW",,3,,6,,7,
"249200930","PORONIN                       ","2025","05","18","12",9.3,,6.6,,"W","W",67,,"W  ",,4,,5,,7,
"249200930","PORONIN                       ","2025","05","18","18",4.7,,4.2,,"W","W",93,,"WSW",,3,,8,,3,
"249200930","PORONIN                       ","2025","05","19","06",4.0,,3.4,,"W","W",91,,"WSW",,1,,8,,6,
"249200930","PORONIN                       ","2025","05","19","12",7.9,,5.4,,"W","W",68,,"WSW",,2,,6,,7,
"249200930","PORONIN                       ","2025","05","19","18",7.5,,6.6,,"W","W",88,,"SW ",,2,,6,,7,
"249200930","PORONIN                       ","2025","05","20","06",7.5,,7.0,,"W","W",93,,"W  ",,1,,8,,3,
"249200930","PORONIN                       ","2025","05","20","12",14.3,,11.0,,"W","W",67,,"WNW",,3,,4,,7,
"249200930","PORONIN                       ","2025","05","20","18",10.4,,8.0,,"W","W",72,,"C  ",,0,,2,,7,
"249200930","PORONIN                       ","2025","05","21","06",10.5,,7.9,,"W","W",70,,"C  ",,0,,1,,7,
"249200930","PORONIN                       ","2025","05","21","12",16.7,,11.2,,"W","W",50,,"ENE",,2,,4,,7,
"249200930","PORONIN                       ","2025","05","21","18",15.4,,11.9,,"W","W",66,,"ENE",,1,,5,,7,
"249200930","PORONIN                       ","2025","05","22","06",9.8,,8.8,,"W","W",88,,"NW ",,1,,5,,7,
"249200930","PORONIN                       ","2025","05","22","12",17.2,,13.1,,"W","W",62,,"WSW",,1,,7,,7,
"249200930","PORONIN                       ","2025","05","22","18",12.4,,11.2,,"W","W",87,,"NW ",,3,,8,,3,
"249200930","PORONIN                       ","2025","05","23","06",5.1,,4.9,,"W","W",97,,"WSW",,1,,8,,2,
"249200930","PORONIN                       ","2025","05","23","12",6.3,,5.6,,"W","W",90,,"NW ",,1,,8,,2,
"249200930","PORONIN                       ","2025","05","23","18",5.5,,5.0,,"W","W",93,,"SSE",,1,,8,,2,
"249200930","PORONIN                       ","2025","05","24","06",1.6,,1.5,,"W","W",98,,"C  ",,0,,8,,2,
"249200930","PORONIN                       ","2025","05","24","12",9.9,,6.6,,"W","W",61,,"WSW",,2,,5,,7,
"249200930","PORONIN                       ","2025","05","24","18",7.1,,5.8,,"W","W",83,,"NE ",,1,,5,,7,
"249200930","PORONIN                       ","2025","05","25","06",8.1,,5.4,,"W","W",66,,"C  ",,0,,1,,8,
"249200930","PORONIN                       ","2025","05","25","12",12.4,,7.2,,"W","W",46,,"NNW",,3,,4,,8,
"249200930","PORONIN                       ","2025","05","25","18",11.8,,7.9,,"W","W",58,,"NE ",,2,,4,,7,
"249200930","PORONIN                       ","2025","05","26","06",11.3,,7.2,,"W","W",55,,"C  ",,0,,1,,7,
"249200930","PORONIN                       ","2025","05","26","12",15.5,,11.4,,"W","W",61,,"W  ",,2,,7,,7,
"249200930","PORONIN                       ","2025","05","26","18",11.3,,9.8,,"W","W",83,,"W  ",,1,,7,,7,
"249200930","PORONIN                       ","2025","05","27","06",9.9,,9.0,,"W","W",89,,"W  ",,1,,8,,3,
"249200930","PORONIN                       ","2025","05","27","12",13.2,,10.1,,"W","W",67,,"SW ",,1,,6,,7,
"249200930","PORONIN                       ","2025","05","27","18",10.9,,9.0,,"W","W",78,,"NE ",,1,,3,,7,
"249200930","PORONIN                       ","2025","05","28","06",12.5,,8.4,,"W","W",57,,"C  ",,0,,2,,7,
"249200930","PORONIN                       ","2025","05","28","12",17.7,,11.5,,"W","W",46,,"W  ",,4,,6,,7,
"249200930","PORONIN                       ","2025","05","28","18",13.0,,11.0,,"W","W",78,,"WSW",,2,,8,,3,
"249200930","PORONIN                       ","2025","05","29","06",9.7,,9.1,,"W","W",93,,"WSW",,1,,8,,3,
"249200930","PORONIN                       ","2025","05","29","12",9.8,,8.0,,"W","W",78,,"W  ",,3,,8,,6,
"249200930","PORONIN                       ","2025","05","29","18",9.7,,8.7,,"W","W",88,,"C  ",,0,,7,,7,
"249200930","PORONIN                       ","2025","05","30","06",11.1,,8.3,,"W","W",68,,"WSW",,2,,4,,7,
"249200930","PORONIN                       ","2025","05","30","12",15.2,,10.8,,"W","W",58,,"W  ",,3,,6,,7,
"249200930","PORONIN                       ","2025","05","30","18",11.1,,10.2,,"W","W",90,,"W  ",,2,,8,,3,
"249200930","PORONIN                       ","2025","05","31","06",17.0,,13.6,,"W","W",68,,"NNE",,1,,2,,8,
"249200930","PORONIN                       ","2025","05","31","12",20.1,,14.6,,"W","W",55,,"NE ",,1,,5,,7,
"249200930","PORONIN                       ","2025","05","31","18",16.6,,14.2,,"W","W",77,,"C  ",,0,,5,,7,
"249200980","MSZANA DOLNA                  ","2025","05","01","06",10.6,,9.1,,"W","W",82,,"SSE",,1,,3,,8,
"249200980","MSZANA DOLNA                  ","2025","05","01","12",18.7,,13.8,,"W","W",58,,"N  ",,4,,3,,8,
"249200980","MSZANA DOLNA                  ","2025","05","01","18",15.6,,10.4,,"W","W",51,,"N  ",,1,,1,,8,
"249200980","MSZANA DOLNA                  ","2025","05","02","06",10.7,,9.1,,"W","W",81,,"C  ",,0,,1,,8,
"249200980","MSZANA DOLNA                  ","2025","05","02","12",21.2,,13.7,,"W","W",42,,"SW ",,2,,2,,8,
"249200980","MSZANA DOLNA                  ","2025","05","02","18",17.0,,11.3,,"W","W",49,,"SSW",,2,,6,,8,
"249200980","MSZANA DOLNA                  ","2025","05","03","06",18.6,,13.4,,"W","W",55,,"SSE",,4,,1,,8,
"249200980","MSZANA DOLNA                  ","2025","05","03","12",19.4,,15.0,,"W","W",62,,"NNW",,3,,7,,8,
"249200980","MSZANA DOLNA                  ","2025","05","03","18",14.6,,12.5,,"W","W",79,,"WNW",,4,,8,,6,
"249200980","MSZANA DOLNA                  ","2025","05","04","06",17.0,,13.7,,"W","W",69,,"W  ",,2,,7,,8,
"249200980","MSZANA DOLNA                  ","2025","05","04","12",11.7,,9.8,,"W","W",79,,"N  ",,3,,8,,7,
"249200980","MSZANA DOLNA                  ","2025","05","04","18",11.4,,9.4,,"W","W",77,,"WSW",,1,,7,,8,
"249200980","MSZANA DOLNA                  ","2025","05","05","06",7.6,,6.2,,"W","W",82,,"NE ",,2,,8,,7,
"249200980","MSZANA DOLNA                  ","2025","05","05","12",9.2,,6.8,,"W","W",71,,"NNE",,4,,8,,7,
"249200980","MSZANA DOLNA                  ","2025","05","05","18",7.4,,5.2,,"W","W",71,,"N  ",,3,,8,,7,
"249200980","MSZANA DOLNA                  ","2025","05","06","06",6.6,,6.0,,"W","W",92,,"NNW",,3,,8,,7,
"249200980","MSZANA DOLNA                  ","2025","05","06","12",8.7,,6.8,,"W","W",76,,"NE ",,3,,8,,7,
"249200980","MSZANA DOLNA                  ","2025","05","06","18",7.6,,6.0,,"W","W",79,,"NNW",,1,,8,,6,
"249200980","MSZANA DOLNA                  ","2025","05","07","06",7.2,,6.7,,"W","W",93,,"C  ",,0,,6,,8,
"249200980","MSZANA DOLNA                  ","2025","05","07","12",11.7,,6.3,,"W","W",43,,"NE ",,4,,8,,8,
"249200980","MSZANA DOLNA                  ","2025","05","07","18",9.9,,5.7,,"W","W",52,,"NNE",,3,,8,,8,
"249200980","MSZANA DOLNA                  ","2025","05","08","06",5.6,,3.0,,"W","W",64,,"NNE",,2,,5,,8,
"249200980","MSZANA DOLNA                  ","2025","05","08","12",9.2,,4.5,,"W","W",45,,"NNE",,3,,5,,8,
"249200980","MSZANA DOLNA                  ","2025","05","08","18",7.7,,3.5,,"W","W",48,,"NNW",,1,,4,,8,
"249200980","MSZANA DOLNA                  ","2025","05","09","06",2.1,,1.2,,"W","W",85,,"C  ",,0,,5,,8,
"249200980","MSZANA DOLNA                  ","2025","05","09","12",9.6,,3.8,,"W","W",34,,"NW ",,2,,4,,8,
"249200980","MSZANA DOLNA                  ","2025","05","09","18",6.7,,3.3,,"W","W",55,,"W  ",,1,,3,,8,
"249200980","MSZANA DOLNA                  ","2025","05","10","06",7.9,,4.3,,"W","W",55,,"SSW",,3,,8,,8,
"249200980","MSZANA DOLNA                  ","2025","05","10","12",11.6,,8.4,,"W","W",65,,"NW ",,2,,8,,6,
"249200980","MSZANA DOLNA                  ","2025","05","10","18",8.3,,7.7,,"W","W",92,,"W  ",,2,,8,,6,
"249200980","MSZANA DOLNA                  ","2025","05","11","06",6.4,,5.7,,"W","W",90,,"NNW",,3,,4,,8,
"249200980","MSZANA DOLNA                  ","2025","05","11","12",9.7,,5.3,,"W","W",49,,"NE ",,4,,4,,8,
"249200980","MSZANA DOLNA                  ","2025","05","11","18",8.2,,4.3,,"W","W",52,,"N  ",,2,,3,,8,
"249200980","MSZANA DOLNA                  ","2025","05","12","06",1.4,,0.7,,"W","W",88,,"W  ",,1,,6,,8,
"249200980","MSZANA DOLNA                  ","2025","05","12","12",11.3,,6.3,,"W","W",46,,"N  ",,2,,4,,8,
"249200980","MSZANA DOLNA                  ","2025","05","12","18",8.2,,4.0,,"W","W",49,,"N  ",,1,,2,,8,
"249200980","MSZANA DOLNA                  ","2025","05","13","06",5.4,,4.0,,"W","W",80,,"E  ",,1,,3,,8,
"249200980","MSZANA DOLNA                  ","2025","05","13","12",11.2,,5.5,,"W","W",39,,"NNW",,3,,4,,8,
"249200980","MSZANA DOLNA                  ","2025","05","13","18",9.2,,5.0,,"W","W",50,,"WSW",,2,,4,,8,
"249200980","MSZANA DOLNA                  ","2025","05","14","06",6.0,,5.0,,"W","W",86,,"SSE",,2,,8,,8,
"249200980","MSZANA DOLNA                  ","2025","05","14","12",17.6,,10.4,,"W","W",38,,"WNW",,4,,6,,8,
"249200980","MSZANA DOLNA                  ","2025","05","14","18",15.6,,8.5,,"W","W",35,,"WSW",,2,,6,,8,
"249200980","MSZANA DOLNA                  ","2025","05","15","06",5.0,,4.6,,"W","W",94,,"NNE",,3,,8,,7,
"249200980","MSZANA DOLNA                  ","2025","05","15","12",5.5,,3.5,,"W","W",72,,"N  ",,2,,5,,8,
"249200980","MSZANA DOLNA                  ","2025","05","15","18",5.4,,2.7,,"W","W",62,,"SSW",,1,,6,,8,
"249200980","MSZANA DOLNA                  ","2025","05","16","06",4.6,,3.6,,"W","W",85,,"SW ",,5,,8,,7,
"249200980","MSZANA DOLNA                  ","2025","05","16","12",10.8,,7.3,,"W","W",60,,"S  ",,6,,8,,7,
"249200980","MSZANA DOLNA                  ","2025","05","16","18",7.1,,5.0,,"W","W",72,,"WSW",,2,,8,,7,
"249200980","MSZANA DOLNA                  ","2025","05","17","06",6.4,,5.8,,"W","W",92,,"SSW",,2,,5,,8,
"249200980","MSZANA DOLNA                  ","2025","05","17","12",11.3,,8.4,,"W","W",68,,"SW ",,5,,8,,7,
"249200980","MSZANA DOLNA                  ","2025","05","17","18",6.8,,4.7,,"W","W",72,,"W  ",,4,,8,,6,
"249200980","MSZANA DOLNA                  ","2025","05","18","06",6.1,,4.0,,"W","W",71,,"SW ",,4,,8,,7,
"249200980","MSZANA DOLNA                  ","2025","05","18","12",7.0,,5.7,,"W","W",83,,"WNW",,4,,5,,8,
"249200980","MSZANA DOLNA                  ","2025","05","18","18",6.6,,5.0,,"W","W",78,,"WSW",,1,,6,,8,
"249200980","MSZANA DOLNA                  ","2025","05","19","06",3.9,,3.4,,"W","W",92,,"NNE",,1,,8,,6,
"249200980","MSZANA DOLNA                  ","2025","05","19","12",11.6,,8.0,,"W","W",61,,"WSW",,3,,5,,8,
"249200980","MSZANA DOLNA                  ","2025","05","19","18",9.0,,7.0,,"W","W",75,,"NNE",,1,,6,,8,
"249200980","MSZANA DOLNA                  ","2025","05","20","06",9.6,,8.9,,"W","W",91,,"SW ",,2,,8,,7,
"249200980","MSZANA DOLNA                  ","2025","05","20","12",15.0,,11.8,,"W","W",68,,"S  ",,2,,3,,8,
"249200980","MSZANA DOLNA                  ","2025","05","20","18",13.6,,10.2,,"W","W",65,,"C  ",,0,,1,,8,
"249200980","MSZANA DOLNA                  ","2025","05","21","06",11.3,,9.3,,"W","W",77,,"WNW",,1,,1,,8,
"249200980","MSZANA DOLNA                  ","2025","05","21","12",19.5,,13.8,,"W","W",52,,"SE ",,4,,4,,8,
"249200980","MSZANA DOLNA                  ","2025","05","21","18",15.6,,11.5,,"W","W",61,,"C  ",,0,,6,,8,
"249200980","MSZANA DOLNA                  ","2025","05","22","06",16.2,,12.6,,"W","W",66,,"SE ",,1,,4,,8,
"249200980","MSZANA DOLNA                  ","2025","05","22","12",19.9,,14.6,,"W","W",56,,"NNW",,4,,6,,8,
"249200980","MSZANA DOLNA                  ","2025","05","22","18",12.8,,12.1,,"W","W",92,,"NNW",,3,,8,,6,
"249200980","MSZANA DOLNA                  ","2025","05","23","06",7.4,,7.2,,"W","W",97,,"N  ",,1,,8,,6,
"249200980","MSZANA DOLNA                  ","2025","05","23","12",8.7,,6.8,,"W","W",76,,"SSE",,2,,8,,6,
"249200980","MSZANA DOLNA                  ","2025","05","23","18",7.2,,5.8,,"W","W",81,,"WSW",,1,,8,,7,
"249200980","MSZANA DOLNA                  ","2025","05","24","06",6.4,,5.8,,"W","W",92,,"SE ",,2,,8,,7,
"249200980","MSZANA DOLNA                  ","2025","05","24","12",10.5,,8.0,,"W","W",71,,"NW ",,1,,6,,8,
"249200980","MSZANA DOLNA                  ","2025","05","24","18",10.3,,7.6,,"W","W",69,,"ENE",,1,,6,,8,
"249200980","MSZANA DOLNA                  ","2025","05","25","06",7.7,,6.3,,"W","W",82,,"W  ",,1,,2,,8,
"249200980","MSZANA DOLNA                  ","2025","05","25","12",16.2,,9.4,,"W","W",39,,"NE ",,2,,1,,8,
"249200980","MSZANA DOLNA                  ","2025","05","25","18",13.2,,8.0,,"W","W",47,,"N  ",,2,,1,,8,
"249200980","MSZANA DOLNA                  ","2025","05","26","06",12.0,,8.7,,"W","W",64,,"E  ",,1,,2,,8,
"249200980","MSZANA DOLNA                  ","2025","05","26","12",17.7,,13.0,,"W","W",58,,"WSW",,1,,5,,8,
"249200980","MSZANA DOLNA                  ","2025","05","26","18",14.1,,11.8,,"W","W",76,,"NNW",,2,,8,,7,
"249200980","MSZANA DOLNA                  ","2025","05","27","06",11.6,,10.1,,"W","W",83,,"N  ",,2,,8,,7,
"249200980","MSZANA DOLNA                  ","2025","05","27","12",16.4,,12.4,,"W","W",62,,"N  ",,2,,6,,8,
"249200980","MSZANA DOLNA                  ","2025","05","27","18",15.5,,10.5,,"W","W",53,,"N  ",,2,,2,,8,
"249200980","MSZANA DOLNA                  ","2025","05","28","06",10.0,,9.0,,"W","W",88,,"C  ",,0,,1,,8,
"249200980","MSZANA DOLNA                  ","2025","05","28","12",19.5,,12.4,,"W","W",42,,"WNW",,3,,6,,8,
"249200980","MSZANA DOLNA                  ","2025","05","28","18",13.4,,12.0,,"W","W",85,,"SW ",,1,,8,,7,
"249200980","MSZANA DOLNA                  ","2025","05","29","06",12.0,,11.5,,"W","W",94,,"N  ",,1,,8,,6,
"249200980","MSZANA DOLNA                  ","2025","05","29","12",14.3,,11.8,,"W","W",74,,"WNW",,4,,8,,7,
"249200980","MSZANA DOLNA                  ","2025","05","29","18",12.7,,10.0,,"W","W",71,,"W  ",,2,,7,,7,
"249200980","MSZANA DOLNA                  ","2025","05","30","06",12.7,,10.5,,"W","W",76,,"SSE",,2,,3,,8,
"249200980","MSZANA DOLNA                  ","2025","05","30","12",17.7,,12.4,,"W","W",53,,"WNW",,3,,6,,8,
"249200980","MSZANA DOLNA                  ","2025","05","30","18",13.6,,13.0,,"W","W",94,,"SSW",,1,,8,,6,
"249200980","MSZANA DOLNA                  ","2025","05","31","06",16.6,,15.2,,"W","W",86,,"S  ",,3,,5,,8,
"249200980","MSZANA DOLNA                  ","2025","05","31","12",22.7,,16.1,,"W","W",50,,"NNW",,3,,4,,8,
"249200980","MSZANA DOLNA                  ","2025","05","31","18",19.7,,16.4,,"W","W",71,,"WSW",,2,,3,,8,
"249220150","SOLINA-JAWOR                  ","2025","05","01","06",9.5,,,"8","W","N",,"8","C  ",,0,,0,,7,
"249220150","SOLINA-JAWOR                  ","2025","05","01","12",17.9,,,"8","W","N",,"8","N  ",,2,,3,,8,
"249220150","SOLINA-JAWOR                  ","2025","05","01","18",12.9,,,"8","W","N",,"8","E  ",,1,,2,,7,
"249220150","SOLINA-JAWOR                  ","2025","05","02","06",9.3,,,"8","W","N",,"8","C  ",,0,,0,,7,
"249220150","SOLINA-JAWOR                  ","2025","05","02","12",20.8,,,"8","W","N",,"8","N  ",,1,,0,,8,
"249220150","SOLINA-JAWOR                  ","2025","05","02","18",17.5,,,"8","W","N",,"8","SSW",,1,,6,,7,
"249220150","SOLINA-JAWOR                  ","2025","05","03","06",12.7,,,"8","W","N",,"8","SSW",,2,,8,,7,
"249220150","SOLINA-JAWOR                  ","2025","05","03","12",24.9,,,"8","W","N",,"8","SW ",,3,,3,,8,
"249220150","SOLINA-JAWOR                  ","2025","05","03","18",14.8,,,"8","W","N",,"8","S  ",,2,,8,,7,
"249220150","SOLINA-JAWOR                  ","2025","05","04","06",14.3,,,"8","W","N",,"8","S  ",,1,,8,,7,
"249220150","SOLINA-JAWOR                  ","2025","05","04","12",12.9,,,"8","W","N",,"8","SW ",,1,,8,,7,
"249220150","SOLINA-JAWOR                  ","2025","05","04","18",11.8,,,"8","W","N",,"8","C  ",,0,,8,,5,
"249220150","SOLINA-JAWOR                  ","2025","05","05","06",8.2,,,"8","W","N",,"8","NNE",,1,,8,,7,
"249220150","SOLINA-JAWOR                  ","2025","05","05","12",10.7,,,"8","W","N",,"8","NE ",,2,,8,,8,
"249220150","SOLINA-JAWOR                  ","2025","05","05","18",9.0,,,"8","W","N",,"8","NE ",,1,,8,,7,
"249220150","SOLINA-JAWOR                  ","2025","05","06","06",6.5,,,"8","W","N",,"8","ENE",,3,,8,,5,
"249220150","SOLINA-JAWOR                  ","2025","05","06","12",8.0,,,"8","W","N",,"8","ENE",,2,,8,,4,
"249220150","SOLINA-JAWOR                  ","2025","05","06","18",7.7,,,"8","W","N",,"8","NNE",,1,,8,,4,
"249220150","SOLINA-JAWOR                  ","2025","05","07","06",7.0,,,"8","W","N",,"8","NNE",,1,,8,,5,
"249220150","SOLINA-JAWOR                  ","2025","05","07","12",11.2,,,"8","W","N",,"8","ENE",,3,,8,,8,
"249220150","SOLINA-JAWOR                  ","2025","05","07","18",10.0,,,"8","W","N",,"8","NE ",,2,,8,,7,
"249220150","SOLINA-JAWOR                  ","2025","05","08","06",5.4,,,"8","W","N",,"8","C  ",,0,,8,,7,
"249220150","SOLINA-JAWOR                  ","2025","05","08","12",8.3,,,"8","W","N",,"8","ENE",,3,,8,,8,
"249220150","SOLINA-JAWOR                  ","2025","05","08","18",7.0,,,"8","W","N",,"8","C  ",,0,,8,,7,
"249220150","SOLINA-JAWOR                  ","2025","05","09","06",3.2,,,"8",,"N",,"8","N  ",,2,,4,,7,
"249220150","SOLINA-JAWOR                  ","2025","05","09","12",7.7,,,"8","W","N",,"8","N  ",,2,,6,,8,
"249220150","SOLINA-JAWOR                  ","2025","05","09","18",4.7,,,"8",,"N",,"8","C  ",,0,,2,,7,
"249220150","SOLINA-JAWOR                  ","2025","05","10","06",4.6,,,"8",,"N",,"8","C  ",,0,,8,,7,
"249220150","SOLINA-JAWOR                  ","2025","05","10","12",8.5,,,"8","W","N",,"8","SW ",,2,,8,,7,
"249220150","SOLINA-JAWOR                  ","2025","05","10","18",6.6,,,"8","W","N",,"8","C  ",,0,,8,,3,
"249220150","SOLINA-JAWOR                  ","2025","05","11","06",5.1,,,"8","W","N",,"8","NE ",,1,,8,,5,
"249220150","SOLINA-JAWOR                  ","2025","05","11","12",7.3,,,"8","W","N",,"8","NE ",,5,,8,,7,
"249220150","SOLINA-JAWOR                  ","2025","05","11","18",4.8,,,"8",,"N",,"8","ESE",,1,,4,,7,
"249220150","SOLINA-JAWOR                  ","2025","05","12","06",4.5,,,"8",,"N",,"8","C  ",,0,,6,,5,
"249220150","SOLINA-JAWOR                  ","2025","05","12","12",9.1,,,"8","W","N",,"8","SW ",,2,,5,,8,
"249220150","SOLINA-JAWOR                  ","2025","05","12","18",6.3,,,"8","W","N",,"8","C  ",,0,,4,,7,
"249220150","SOLINA-JAWOR                  ","2025","05","13","06",6.7,,,"8","W","N",,"8","SW ",,1,,2,,7,
"249220150","SOLINA-JAWOR                  ","2025","05","13","12",12.3,,,"8","W","N",,"8","N  ",,1,,7,,8,
"249220150","SOLINA-JAWOR                  ","2025","05","13","18",10.2,,,"8","W","N",,"8","C  ",,0,,3,,7,
"249220150","SOLINA-JAWOR                  ","2025","05","14","06",8.6,,,"8","W","N",,"8","WSW",,1,,6,,7,
"249220150","SOLINA-JAWOR                  ","2025","05","14","12",12.6,,,"8","W","N",,"8","SW ",,3,,8,,8,
"249220150","SOLINA-JAWOR                  ","2025","05","14","18",12.4,,,"8","W","N",,"8","SW ",,5,,8,,7,
"249220150","SOLINA-JAWOR                  ","2025","05","15","06",9.3,,,"8","W","N",,"8","C  ",,0,,8,,5,
"249220150","SOLINA-JAWOR                  ","2025","05","15","12",3.3,,,"8",,"N",,"8","NNW",,1,,8,,4,
"249220150","SOLINA-JAWOR                  ","2025","05","15","18",3.8,,,"8",,"N",,"8","C  ",,0,,2,,7,
"249220150","SOLINA-JAWOR                  ","2025","05","16","06",4.8,,,"8",,"N",,"8","SW ",,1,,3,,7,
"249220150","SOLINA-JAWOR                  ","2025","05","16","12",11.5,,,"8","W","N",,"8","WSW",,2,,5,,8,
"249220150","SOLINA-JAWOR                  ","2025","05","16","18",8.3,,,"8","W","N",,"8","N  ",,1,,8,,7,
"249220150","SOLINA-JAWOR                  ","2025","05","17","06",7.1,,,"8","W","N",,"8","SW ",,1,,8,,7,
"249220150","SOLINA-JAWOR                  ","2025","05","17","12",10.5,,,"8","W","N",,"8","NW ",,1,,6,,7,
"249220150","SOLINA-JAWOR                  ","2025","05","17","18",6.6,,,"8","W","N",,"8","SSW",,1,,5,,7,
"249220150","SOLINA-JAWOR                  ","2025","05","18","06",7.0,,,"8","W","N",,"8","SW ",,2,,6,,7,
"249220150","SOLINA-JAWOR                  ","2025","05","18","12",10.3,,,"8","W","N",,"8","N  ",,1,,7,,8,
"249220150","SOLINA-JAWOR                  ","2025","05","18","18",6.8,,,"8","W","N",,"8","SSW",,1,,6,,7,
"249220150","SOLINA-JAWOR                  ","2025","05","19","06",4.8,,,"8",,"N",,"8","W  ",,1,,8,,4,
"249220150","SOLINA-JAWOR                  ","2025","05","19","12",7.9,,,"8","W","N",,"8","N  ",,2,,8,,5,
"249220150","SOLINA-JAWOR                  ","2025","05","19","18",5.7,,,"8","W","N",,"8","C  ",,0,,5,,7,
"249220150","SOLINA-JAWOR                  ","2025","05","20","06",7.6,,,"8","W","N",,"8","SW ",,2,,8,,5,
"249220150","SOLINA-JAWOR                  ","2025","05","20","12",10.7,,,"8","W","N",,"8","WSW",,2,,8,,5,
"249220150","SOLINA-JAWOR                  ","2025","05","20","18",11.3,,,"8","W","N",,"8","C  ",,0,,0,,7,
"249220150","SOLINA-JAWOR                  ","2025","05","21","06",12.9,,,"8","W","N",,"8","SSW",,1,,0,,7,
"249220150","SOLINA-JAWOR                  ","2025","05","21","12",19.4,,,"8","W","N",,"8","SW ",,3,,3,,8,
"249220150","SOLINA-JAWOR                  ","2025","05","21","18",15.9,,,"8","W","N",,"8","C  ",,0,,4,,7,
"249220150","SOLINA-JAWOR                  ","2025","05","22","06",12.3,,,"8","W","N",,"8","C  ",,0,,8,,7,
"249220150","SOLINA-JAWOR                  ","2025","05","22","12",17.3,,,"8","W","N",,"8","SSW",,2,,5,,8,
"249220150","SOLINA-JAWOR                  ","2025","05","22","18",16.2,,,"8","W","N",,"8","SW ",,1,,8,,7,
"249220150","SOLINA-JAWOR                  ","2025","05","23","06",8.8,,,"8","W","N",,"8","NNE",,2,,8,,4,
"249220150","SOLINA-JAWOR                  ","2025","05","23","12",8.5,,,"8","W","N",,"8","N  ",,1,,8,,2,
"249220150","SOLINA-JAWOR                  ","2025","05","23","18",7.7,,,"8","W","N",,"8","C  ",,0,,8,,3,
"249220150","SOLINA-JAWOR                  ","2025","05","24","06",6.4,,,"8","W","N",,"8","NNE",,1,,8,,5,
"249220150","SOLINA-JAWOR                  ","2025","05","24","12",7.1,,,"8","W","N",,"8","N  ",,1,,8,,4,
"249220150","SOLINA-JAWOR                  ","2025","05","24","18",6.6,,,"8","W","N",,"8","C  ",,0,,8,,5,
"249220150","SOLINA-JAWOR                  ","2025","05","25","06",6.8,,,"8","W","N",,"8","C  ",,0,,8,,1,
"249220150","SOLINA-JAWOR                  ","2025","05","25","12",11.5,,,"8","W","N",,"8","NE ",,1,,8,,7,
"249220150","SOLINA-JAWOR                  ","2025","05","25","18",10.9,,,"8","W","N",,"8","C  ",,0,,6,,7,
"249220150","SOLINA-JAWOR                  ","2025","05","26","06",7.6,,,"8","W","N",,"8","C  ",,0,,0,,4,
"249220150","SOLINA-JAWOR                  ","2025","05","26","12",17.6,,,"8","W","N",,"8","NW ",,1,,4,,8,
"249220150","SOLINA-JAWOR                  ","2025","05","26","18",14.8,,,"8","W","N",,"8","C  ",,0,,3,,7,
"249220150","SOLINA-JAWOR                  ","2025","05","27","06",11.3,,,"8","W","N",,"8","NW ",,1,,8,,4,
"249220150","SOLINA-JAWOR                  ","2025","05","27","12",12.5,,,"8","W","N",,"8","WNW",,2,,8,,5,
"249220150","SOLINA-JAWOR                  ","2025","05","27","18",12.9,,,"8","W","N",,"8","C  ",,0,,4,,7,
"249220150","SOLINA-JAWOR                  ","2025","05","28","06",7.4,,,"8","W","N",,"8","C  ",,0,,5,,5,
"249220150","SOLINA-JAWOR                  ","2025","05","28","12",18.4,,,"8","W","N",,"8","NW ",,1,,4,,8,
"249220150","SOLINA-JAWOR                  ","2025","05","28","18",15.1,,,"8","W","N",,"8","C  ",,0,,5,,7,
"249220150","SOLINA-JAWOR                  ","2025","05","29","06",11.5,,,"8","W","N",,"8","W  ",,2,,8,,4,
"249220150","SOLINA-JAWOR                  ","2025","05","29","12",11.3,,,"8","W","N",,"8","NW ",,2,,8,,4,
"249220150","SOLINA-JAWOR                  ","2025","05","29","18",10.5,,,"8","W","N",,"8","WNW",,1,,8,,4,
"249220150","SOLINA-JAWOR                  ","2025","05","30","06",10.1,,,"8","W","N",,"8","C  ",,0,,4,,7,
"249220150","SOLINA-JAWOR                  ","2025","05","30","12",17.0,,,"8","W","N",,"8","NW ",,2,,2,,8,
"249220150","SOLINA-JAWOR                  ","2025","05","30","18",15.2,,,"8","W","N",,"8","C  ",,0,,0,,7,
"249220150","SOLINA-JAWOR                  ","2025","05","31","06",12.7,,,"8","W","N",,"8","C  ",,0,,8,,4,
"249220150","SOLINA-JAWOR                  ","2025","05","31","12",21.9,,,"8","W","N",,"8","W  ",,1,,4,,8,
"249220150","SOLINA-JAWOR                  ","2025","05","31","18",17.8,,,"8","W","N",,"8","C  ",,0,,2,,7,
"249220180","KOMAÑCZA                      ","2025","05","01","06",7.3,,6.3,,"W","W",87,,"N  ",,1,,0,,6,
"249220180","KOMAÑCZA                      ","2025","05","01","12",18.2,,11.5,,"W","W",43,,"N  ",,3,,4,,6,
"249220180","KOMAÑCZA                      ","2025","05","01","18",12.9,,9.4,,"W","W",63,,"C  ",,0,,0,,6,
"249220180","KOMAÑCZA                      ","2025","05","02","06",7.3,,7.0,,"W","W",96,,"C  ",,0,,0,,6,
"249220180","KOMAÑCZA                      ","2025","05","02","12",20.3,,11.3,,"W","W",30,,"SSW",,3,,3,,6,
"249220180","KOMAÑCZA                      ","2025","05","02","18",17.4,,12.4,,"W","W",55,,"SW ",,1,,0,,6,
"249220180","KOMAÑCZA                      ","2025","05","03","06",15.8,,10.9,,"W","W",54,,"S  ",,2,,7,,6,
"249220180","KOMAÑCZA                      ","2025","05","03","12",23.7,,15.9,,"W","W",43,,"SSW",,3,,6,,6,
"249220180","KOMAÑCZA                      ","2025","05","03","18",13.5,,13.0,,"W","W",95,,"SE ",,3,,8,,6,
"249220180","KOMAÑCZA                      ","2025","05","04","06",13.8,,13.6,,"W","W",98,,"C  ",,0,,8,,6,
"249220180","KOMAÑCZA                      ","2025","05","04","12",15.3,,14.8,,"W","W",95,,"E  ",,2,,6,,6,
"249220180","KOMAÑCZA                      ","2025","05","04","18",12.1,,11.0,,"W","W",88,,"C  ",,0,,8,,6,
"249220180","KOMAÑCZA                      ","2025","05","05","06",8.1,,6.0,,"W","W",73,,"N  ",,2,,8,,6,
"249220180","KOMAÑCZA                      ","2025","05","05","12",10.9,,7.8,,"W","W",65,,"NNW",,3,,6,,6,
"249220180","KOMAÑCZA                      ","2025","05","05","18",8.5,,6.2,,"W","W",71,,"N  ",,1,,6,,6,
"249220180","KOMAÑCZA                      ","2025","05","06","06",6.4,,6.2,,"W","W",97,,"NNE",,2,,8,,6,
"249220180","KOMAÑCZA                      ","2025","05","06","12",7.7,,7.4,,"W","W",96,,"NNE",,1,,8,,6,
"249220180","KOMAÑCZA                      ","2025","05","06","18",7.5,,7.4,,"W","W",99,,"NNW",,1,,8,,6,
"249220180","KOMAÑCZA                      ","2025","05","07","06",7.1,,5.8,,"W","W",83,,"NNW",,1,,8,,6,
"249220180","KOMAÑCZA                      ","2025","05","07","12",11.9,,7.3,,"W","W",51,,"ENE",,3,,6,,6,
"249220180","KOMAÑCZA                      ","2025","05","07","18",9.5,,6.0,,"W","W",59,,"N  ",,1,,5,,6,
"249220180","KOMAÑCZA                      ","2025","05","08","06",5.1,,2.2,,"W","W",59,,"NNE",,2,,6,,6,
"249220180","KOMAÑCZA                      ","2025","05","08","12",9.9,,5.1,,"W","W",45,,"ENE",,2,,7,,6,
"249220180","KOMAÑCZA                      ","2025","05","08","18",7.3,,4.2,,"W","W",60,,"N  ",,2,,8,,6,
"249220180","KOMAÑCZA                      ","2025","05","09","06",3.8,,1.5,,"W","W",65,,"NNE",,2,,0,,6,
"249220180","KOMAÑCZA                      ","2025","05","09","12",8.5,,4.0,,"W","W",46,,"NNW",,4,,6,,6,
"249220180","KOMAÑCZA                      ","2025","05","09","18",4.4,,2.0,,"W","W",65,,"WNW",,1,,0,,6,
"249220180","KOMAÑCZA                      ","2025","05","10","06",4.0,,1.6,,"W","W",64,,"NE ",,1,,7,,6,
"249220180","KOMAÑCZA                      ","2025","05","10","12",7.9,,5.1,,"W","W",65,,"SSW",,2,,8,,6,
"249220180","KOMAÑCZA                      ","2025","05","10","18",6.9,,6.8,,"W","W",99,,"E  ",,1,,8,,4,
"249220180","KOMAÑCZA                      ","2025","05","11","06",4.9,,4.6,,"W","W",96,,"NE ",,1,,8,,6,
"249220180","KOMAÑCZA                      ","2025","05","11","12",10.9,,6.0,,"W","W",46,,"NNE",,2,,6,,6,
"249220180","KOMAÑCZA                      ","2025","05","11","18",6.1,,4.4,,"W","W",77,,"NNE",,1,,1,,6,
"249220180","KOMAÑCZA                      ","2025","05","12","06",3.4,,3.0,,"W","W",94,,"SE ",,1,,8,,6,
"249220180","KOMAÑCZA                      ","2025","05","12","12",10.5,,6.8,,"W","W",58,,"N  ",,2,,4,,6,
"249220180","KOMAÑCZA                      ","2025","05","12","18",5.9,,4.8,,"W","W",85,,"C  ",,0,,4,,6,
"249220180","KOMAÑCZA                      ","2025","05","13","06",3.6,,3.4,,"W","W",97,,"C  ",,0,,6,,6,
"249220180","KOMAÑCZA                      ","2025","05","13","12",12.5,,7.3,,"W","W",46,,"ENE",,2,,7,,6,
"249220180","KOMAÑCZA                      ","2025","05","13","18",9.3,,6.3,,"W","W",64,,"NW ",,1,,3,,6,
"249220180","KOMAÑCZA                      ","2025","05","14","06",7.3,,4.8,,"W","W",67,,"C  ",,0,,8,,6,
"249220180","KOMAÑCZA                      ","2025","05","14","12",10.9,,7.5,,"W","W",62,,"SW ",,3,,6,,6,
"249220180","KOMAÑCZA                      ","2025","05","14","18",10.1,,8.5,,"W","W",81,,"NW ",,1,,8,,4,
"249220180","KOMAÑCZA                      ","2025","05","15","06",8.5,,8.4,,"W","W",99,,"NNE",,1,,8,,6,
"249220180","KOMAÑCZA                      ","2025","05","15","12",4.4,,4.0,,"W","W",94,,"NNW",,3,,8,,6,
"249220180","KOMAÑCZA                      ","2025","05","15","18",4.0,,3.6,,"W","W",94,,"C  ",,0,,3,,6,
"249220180","KOMAÑCZA                      ","2025","05","16","06",4.4,,3.0,,"W","W",79,,"WNW",,2,,3,,6,
"249220180","KOMAÑCZA                      ","2025","05","16","12",11.9,,7.5,,"W","W",53,,"WNW",,2,,5,,6,
"249220180","KOMAÑCZA                      ","2025","05","16","18",7.5,,5.5,,"W","W",74,,"NNW",,2,,8,,6,
"249220180","KOMAÑCZA                      ","2025","05","17","06",5.3,,5.2,,"W","W",99,,"WNW",,1,,8,,6,
"249220180","KOMAÑCZA                      ","2025","05","17","12",10.2,,7.7,,"W","W",71,,"NE ",,1,,8,,6,
"249220180","KOMAÑCZA                      ","2025","05","17","18",6.7,,6.5,,"W","W",97,,"C  ",,0,,7,,6,
"249220180","KOMAÑCZA                      ","2025","05","18","06",6.7,,5.6,,"W","W",85,,"WSW",,1,,8,,6,
"249220180","KOMAÑCZA                      ","2025","05","18","12",10.1,,7.0,,"W","W",64,,"WNW",,2,,6,,6,
"249220180","KOMAÑCZA                      ","2025","05","18","18",6.9,,5.9,,"W","W",86,,"C  ",,0,,4,,5,
"249220180","KOMAÑCZA                      ","2025","05","19","06",5.3,,4.4,,"W","W",87,,"NNW",,2,,8,,6,
"249220180","KOMAÑCZA                      ","2025","05","19","12",9.9,,7.8,,"W","W",75,,"NW ",,4,,6,,6,
"249220180","KOMAÑCZA                      ","2025","05","19","18",7.9,,6.5,,"W","W",82,,"N  ",,1,,8,,6,
"249220180","KOMAÑCZA                      ","2025","05","20","06",6.7,,6.6,,"W","W",99,,"SW ",,3,,8,,6,
"249220180","KOMAÑCZA                      ","2025","05","20","12",10.9,,9.0,,"W","W",78,,"SW ",,2,,8,,6,
"249220180","KOMAÑCZA                      ","2025","05","20","18",11.3,,9.6,,"W","W",81,,"WNW",,1,,2,,6,
"249220180","KOMAÑCZA                      ","2025","05","21","06",12.9,,10.9,,"W","W",78,,"SSE",,2,,3,,6,
"249220180","KOMAÑCZA                      ","2025","05","21","12",18.6,,12.6,,"W","W",49,,"SSW",,4,,4,,6,
"249220180","KOMAÑCZA                      ","2025","05","21","18",15.8,,11.6,,"W","W",60,,"SE ",,1,,6,,6,
"249220180","KOMAÑCZA                      ","2025","05","22","06",14.0,,11.6,,"W","W",75,,"SSE",,2,,6,,6,
"249220180","KOMAÑCZA                      ","2025","05","22","12",14.8,,13.4,,"W","W",86,,"SSE",,4,,8,,6,
"249220180","KOMAÑCZA                      ","2025","05","22","18",15.0,,13.1,,"W","W",81,,"SE ",,2,,8,,6,
"249220180","KOMAÑCZA                      ","2025","05","23","06",7.9,,7.8,,"W","W",99,,"N  ",,3,,8,,6,
"249220180","KOMAÑCZA                      ","2025","05","23","12",8.3,,8.2,,"W","W",99,,"N  ",,3,,8,,6,
"249220180","KOMAÑCZA                      ","2025","05","23","18",7.9,,7.8,,"W","W",99,,"N  ",,2,,8,,6,
"249220180","KOMAÑCZA                      ","2025","05","24","06",6.7,,6.2,,"W","W",93,,"N  ",,2,,8,,6,
"249220180","KOMAÑCZA                      ","2025","05","24","12",7.1,,6.8,,"W","W",96,,"NW ",,2,,8,,6,
"249220180","KOMAÑCZA                      ","2025","05","24","18",7.5,,7.0,,"W","W",93,,"NNW",,1,,6,,6,
"249220180","KOMAÑCZA                      ","2025","05","25","06",7.9,,7.2,,"W","W",91,,"NNE",,2,,8,,6,
"249220180","KOMAÑCZA                      ","2025","05","25","12",11.9,,8.4,,"W","W",62,,"ENE",,2,,8,,6,
"249220180","KOMAÑCZA                      ","2025","05","25","18",10.1,,8.1,,"W","W",76,,"N  ",,1,,4,,6,
"249220180","KOMAÑCZA                      ","2025","05","26","06",6.5,,6.3,,"W","W",97,,"N  ",,1,,0,,6,
"249220180","KOMAÑCZA                      ","2025","05","26","12",18.4,,10.6,,"W","W",35,,"NNE",,2,,3,,6,
"249220180","KOMAÑCZA                      ","2025","05","26","18",14.8,,11.3,,"W","W",65,,"WNW",,1,,4,,6,
"249220180","KOMAÑCZA                      ","2025","05","27","06",11.9,,11.4,,"W","W",94,,"NNW",,2,,8,,6,
"249220180","KOMAÑCZA                      ","2025","05","27","12",13.3,,10.9,,"W","W",75,,"NW ",,5,,6,,6,
"249220180","KOMAÑCZA                      ","2025","05","27","18",11.7,,9.3,,"W","W",73,,"N  ",,1,,4,,6,
"249220180","KOMAÑCZA                      ","2025","05","28","06",11.3,,10.8,,"W","W",94,,"E  ",,2,,1,,6,
"249220180","KOMAÑCZA                      ","2025","05","28","12",19.4,,12.3,,"W","W",42,,"NW ",,4,,2,,6,
"249220180","KOMAÑCZA                      ","2025","05","28","18",15.8,,12.6,,"W","W",69,,"NNW",,1,,4,,6,
"249220180","KOMAÑCZA                      ","2025","05","29","06",11.9,,11.2,,"W","W",92,,"NW ",,3,,8,,6,
"249220180","KOMAÑCZA                      ","2025","05","29","12",11.7,,11.2,,"W","W",94,,"NW ",,4,,8,,6,
"249220180","KOMAÑCZA                      ","2025","05","29","18",10.9,,10.8,,"W","W",99,,"NNW",,2,,8,,6,
"249220180","KOMAÑCZA                      ","2025","05","30","06",9.9,,8.2,,"W","W",80,,"S  ",,1,,0,,6,
"249220180","KOMAÑCZA                      ","2025","05","30","12",17.8,,11.1,,"W","W",42,,"NW ",,4,,0,,6,
"249220180","KOMAÑCZA                      ","2025","05","30","18",13.8,,10.5,,"W","W",66,,"NW ",,1,,0,,6,
"249220180","KOMAÑCZA                      ","2025","05","31","06",15.2,,13.5,,"W","W",83,,"SE ",,1,,6,,6,
"249220180","KOMAÑCZA                      ","2025","05","31","12",22.3,,16.6,,"W","W",56,,"WSW",,2,,4,,6,
"249220180","KOMAÑCZA                      ","2025","05","31","18",19.0,,16.9,,"W","W",81,,"NW ",,1,,4,,6,
"250180580","DRONIOWICE                    ","2025","05","01","06",13.5,,10.9,,"W","N",71,,"NNE",,1,,2,,8,
"250180580","DRONIOWICE                    ","2025","05","01","12",19.6,,13.3,,"W","N",45,,"NNE",,3,,3,,7,
"250180580","DRONIOWICE                    ","2025","05","01","18",15.5,,12.0,,"W","N",64,,"C  ",,0,,4,,7,
"250180580","DRONIOWICE                    ","2025","05","02","06",15.3,,11.6,,"W","N",62,,"S  ",,2,,3,,8,
"250180580","DRONIOWICE                    ","2025","05","02","12",24.5,,15.5,,"W","N",34,,"W  ",,3,,4,,7,
"250180580","DRONIOWICE                    ","2025","05","02","18",21.3,,15.0,,"W","N",48,,"WSW",,3,,5,,7,
"250180580","DRONIOWICE                    ","2025","05","03","06",17.1,,14.0,,"W","N",69,,"WSW",,2,,2,,8,
"250180580","DRONIOWICE                    ","2025","05","03","12",23.2,,17.1,,"W","N",51,,"W  ",,2,,6,,7,
"250180580","DRONIOWICE                    ","2025","05","03","18",17.1,,15.9,,"W","N",88,,"SW ",,1,,8,,5,
"250180580","DRONIOWICE                    ","2025","05","04","06",11.6,,10.0,,"W","N",81,,"NW ",,6,,8,,5,
"250180580","DRONIOWICE                    ","2025","05","04","12",15.5,,10.5,,"W","N",50,,"WNW",,6,,4,,7,
"250180580","DRONIOWICE                    ","2025","05","04","18",10.3,,7.1,,"W","N",60,,"N  ",,3,,4,,7,
"250180580","DRONIOWICE                    ","2025","05","05","06",6.5,,5.2,,"W","N",81,,"NE ",,3,,6,,5,
"250180580","DRONIOWICE                    ","2025","05","05","12",8.5,,5.9,,"W","N",65,,"NE ",,4,,6,,7,
"250180580","DRONIOWICE                    ","2025","05","05","18",7.2,,5.0,,"W","N",69,,"NE ",,2,,6,,7,
"250180580","DRONIOWICE                    ","2025","05","06","06",8.0,,5.8,,"W","N",70,,"ENE",,2,,7,,6,
"250180580","DRONIOWICE                    ","2025","05","06","12",11.7,,7.7,,"W","N",53,,"E  ",,2,,7,,7,
"250180580","DRONIOWICE                    ","2025","05","06","18",9.9,,6.8,,"W","N",61,,"NE ",,1,,6,,7,
"250180580","DRONIOWICE                    ","2025","05","07","06",8.1,,5.6,,"W","N",66,,"NE ",,2,,4,,7,
"250180580","DRONIOWICE                    ","2025","05","07","12",13.1,,7.6,,"W","N",40,,"NE ",,4,,5,,7,
"250180580","DRONIOWICE                    ","2025","05","07","18",9.6,,5.1,,"W","N",44,,"NE ",,2,,4,,7,
"250180580","DRONIOWICE                    ","2025","05","08","06",8.1,,5.0,,"W","N",58,,"ENE",,2,,3,,8,
"250180580","DRONIOWICE                    ","2025","05","08","12",10.8,,5.8,,"W","N",41,,"NNW",,3,,4,,8,
"250180580","DRONIOWICE                    ","2025","05","08","18",6.3,,3.6,,"W","N",60,,"NE ",,2,,5,,7,
"250180580","DRONIOWICE                    ","2025","05","09","06",6.3,,4.4,,"W","N",72,,"NNE",,1,,5,,6,
"250180580","DRONIOWICE                    ","2025","05","09","12",11.9,,6.6,,"W","N",40,,"NW ",,5,,6,,7,
"250180580","DRONIOWICE                    ","2025","05","09","18",10.3,,7.1,,"W","N",60,,"N  ",,1,,6,,7,
"250180580","DRONIOWICE                    ","2025","05","10","06",9.3,,6.9,,"W","N",69,,"W  ",,5,,8,,7,
"250180580","DRONIOWICE                    ","2025","05","10","12",11.3,,9.6,,"W","N",79,,"NW ",,4,,8,,6,
"250180580","DRONIOWICE                    ","2025","05","10","18",9.7,,9.2,,"W","N",93,,"NW ",,1,,8,,4,
"250180580","DRONIOWICE                    ","2025","05","11","06",7.9,,5.8,,"W","N",71,,"E  ",,1,,3,,6,
"250180580","DRONIOWICE                    ","2025","05","11","12",14.0,,7.8,,"W","N",35,,"NE ",,2,,5,,7,
"250180580","DRONIOWICE                    ","2025","05","11","18",10.3,,6.4,,"W","N",52,,"NNE",,1,,5,,7,
"250180580","DRONIOWICE                    ","2025","05","12","06",10.6,,7.1,,"W","N",57,,"ESE",,2,,1,,8,
"250180580","DRONIOWICE                    ","2025","05","12","12",13.4,,7.6,,"W","N",38,,"ESE",,2,,6,,7,
"250180580","DRONIOWICE                    ","2025","05","12","18",11.5,,7.1,,"W","N",49,,"ENE",,1,,4,,7,
"250180580","DRONIOWICE                    ","2025","05","13","06",8.9,,6.4,,"W","N",67,,"C  ",,0,,5,,7,
"250180580","DRONIOWICE                    ","2025","05","13","12",14.9,,8.7,,"W","N",37,,"NNE",,2,,5,,7,
"250180580","DRONIOWICE                    ","2025","05","13","18",10.0,,7.1,,"W","N",63,,"NW ",,1,,4,,7,
"250180580","DRONIOWICE                    ","2025","05","14","06",10.9,,8.1,,"W","N",66,,"WSW",,2,,6,,7,
"250180580","DRONIOWICE                    ","2025","05","14","12",18.9,,11.4,,"W","N",34,,"W  ",,7,,4,,7,
"250180580","DRONIOWICE                    ","2025","05","14","18",16.3,,10.6,,"W","N",45,,"W  ",,4,,7,,7,
"250180580","DRONIOWICE                    ","2025","05","15","06",3.5,,3.1,,"W","N",93,,"N  ",,2,,8,,4,
"250180580","DRONIOWICE                    ","2025","05","15","12",9.8,,5.6,,"W","N",48,,"WNW",,4,,6,,7,
"250180580","DRONIOWICE                    ","2025","05","15","18",4.9,,4.1,,"W","N",87,,"N  ",,2,,5,,5,
"250180580","DRONIOWICE                    ","2025","05","16","06",6.8,,5.9,,"W","N",87,,"W  ",,6,,7,,5,
"250180580","DRONIOWICE                    ","2025","05","16","12",9.6,,8.0,,"W","N",79,,"NW ",,3,,7,,6,
"250180580","DRONIOWICE                    ","2025","05","16","18",6.7,,5.8,,"W","N",87,,"WNW",,3,,8,,5,
"250180580","DRONIOWICE                    ","2025","05","17","06",8.0,,7.0,,"W","N",86,,"W  ",,7,,8,,5,
"250180580","DRONIOWICE                    ","2025","05","17","12",8.8,,7.3,,"W","N",80,,"WNW",,5,,8,,5,
"250180580","DRONIOWICE                    ","2025","05","17","18",7.4,,6.3,,"W","N",84,,"W  ",,6,,8,,5,
"250180580","DRONIOWICE                    ","2025","05","18","06",5.2,,4.8,,"W","N",94,,"WSW",,6,,8,,4,
"250180580","DRONIOWICE                    ","2025","05","18","12",7.5,,6.8,,"W","N",90,,"W  ",,6,,8,,4,
"250180580","DRONIOWICE                    ","2025","05","18","18",6.3,,5.7,,"W","N",91,,"W  ",,6,,8,,4,
"250180580","DRONIOWICE                    ","2025","05","19","06",7.8,,6.9,,"W","N",87,,"NNW",,3,,8,,5,
"250180580","DRONIOWICE                    ","2025","05","19","12",10.9,,8.7,,"W","N",73,,"WNW",,3,,8,,6,
"250180580","DRONIOWICE                    ","2025","05","19","18",9.5,,8.9,,"W","N",92,,"NW ",,2,,8,,4,
"250180580","DRONIOWICE                    ","2025","05","20","06",10.1,,9.8,,"W","N",96,,"NW ",,2,,8,,4,
"250180580","DRONIOWICE                    ","2025","05","20","12",19.4,,13.8,,"W","N",50,,"WNW",,3,,4,,7,
"250180580","DRONIOWICE                    ","2025","05","20","18",12.8,,11.0,,"W","N",79,,"SW ",,1,,8,,6,
"250180580","DRONIOWICE                    ","2025","05","21","06",14.7,,12.8,,"W","N",79,,"SW ",,1,,3,,6,
"250180580","DRONIOWICE                    ","2025","05","21","12",22.7,,15.1,,"W","N",40,,"WSW",,3,,4,,7,
"250180580","DRONIOWICE                    ","2025","05","21","18",16.7,,13.2,,"W","N",65,,"W  ",,2,,6,,7,
"250180580","DRONIOWICE                    ","2025","05","22","06",14.9,,13.2,,"W","N",82,,"SW ",,2,,6,,5,
"250180580","DRONIOWICE                    ","2025","05","22","12",11.5,,10.5,,"W","N",88,,"NNW",,2,,8,,5,
"250180580","DRONIOWICE                    ","2025","05","22","18",10.9,,10.4,,"W","N",94,,"WSW",,1,,8,,4,
"250180580","DRONIOWICE                    ","2025","05","23","06",6.7,,5.6,,"W","N",84,,"NNW",,2,,8,,5,
"250180580","DRONIOWICE                    ","2025","05","23","12",13.2,,7.9,,"W","N",42,,"W  ",,3,,5,,7,
"250180580","DRONIOWICE                    ","2025","05","23","18",11.9,,8.5,,"W","N",60,,"C  ",,0,,5,,7,
"250180580","DRONIOWICE                    ","2025","05","24","06",7.4,,6.2,,"W","N",83,,"NNW",,1,,4,,6,
"250180580","DRONIOWICE                    ","2025","05","24","12",15.7,,9.5,,"W","N",39,,"WNW",,4,,4,,7,
"250180580","DRONIOWICE                    ","2025","05","24","18",11.9,,9.1,,"W","N",67,,"NW ",,3,,5,,7,
"250180580","DRONIOWICE                    ","2025","05","25","06",12.7,,9.8,,"W","N",67,,"S  ",,2,,2,,8,
"250180580","DRONIOWICE                    ","2025","05","25","12",19.0,,13.5,,"W","N",51,,"WSW",,2,,3,,7,
"250180580","DRONIOWICE                    ","2025","05","25","18",16.7,,11.8,,"W","N",52,,"C  ",,0,,3,,7,
"250180580","DRONIOWICE                    ","2025","05","26","06",11.0,,10.7,,"W","N",96,,"SW ",,1,,8,,4,
"250180580","DRONIOWICE                    ","2025","05","26","12",17.7,,14.5,,"W","N",69,,"WNW",,4,,7,,7,
"250180580","DRONIOWICE                    ","2025","05","26","18",13.7,,12.7,,"W","N",89,,"NW ",,3,,8,,5,
"250180580","DRONIOWICE                    ","2025","05","27","06",12.7,,12.3,,"W","N",95,,"C  ",,0,,3,,6,
"250180580","DRONIOWICE                    ","2025","05","27","12",20.6,,13.2,,"W","N",38,,"NNE",,1,,4,,7,
"250180580","DRONIOWICE                    ","2025","05","27","18",15.1,,11.5,,"W","N",62,,"WNW",,1,,5,,7,
"250180580","DRONIOWICE                    ","2025","05","28","06",16.3,,12.5,,"W","N",62,,"WSW",,2,,3,,7,
"250180580","DRONIOWICE                    ","2025","05","28","12",20.0,,14.7,,"W","N",54,,"W  ",,5,,8,,7,
"250180580","DRONIOWICE                    ","2025","05","28","18",14.7,,14.3,,"W","N",96,,"W  ",,2,,8,,4,
"250180580","DRONIOWICE                    ","2025","05","29","06",12.5,,11.4,,"W","N",87,,"NNW",,6,,8,,5,
"250180580","DRONIOWICE                    ","2025","05","29","12",14.8,,12.0,,"W","N",70,,"NW ",,7,,7,,6,
"250180580","DRONIOWICE                    ","2025","05","29","18",14.3,,10.8,,"W","N",62,,"NNW",,3,,6,,7,
"250180580","DRONIOWICE                    ","2025","05","30","06",14.2,,11.5,,"W","N",71,,"W  ",,3,,5,,6,
"250180580","DRONIOWICE                    ","2025","05","30","12",14.5,,13.3,,"W","N",87,,"WSW",,3,,8,,5,
"250180580","DRONIOWICE                    ","2025","05","30","18",15.4,,14.5,,"W","N",90,,"S  ",,1,,6,,5,
"250180580","DRONIOWICE                    ","2025","05","31","06",18.5,,16.1,,"W","N",77,,"W  ",,3,,5,,6,
"250180580","DRONIOWICE                    ","2025","05","31","12",24.1,,19.2,,"W","N",61,,"WNW",,4,,8,,7,
"250180580","DRONIOWICE                    ","2025","05","31","18",18.9,,16.7,,"W","N",79,,"SW ",,1,,6,,6,
"250190390","KRAKÓW-OBSERWATORIUM          ","2025","05","01","06",11.7,,9.7,,"W","W",78,,"C  ",,0,,4,,8,
"250190390","KRAKÓW-OBSERWATORIUM          ","2025","05","01","12",21.6,,13.2,,"W","W",36,,"ENE",,2,,4,,9,
"250190390","KRAKÓW-OBSERWATORIUM          ","2025","05","01","18",17.4,,12.3,,"W","W",54,,"ENE",,1,,2,,9,
"250190390","KRAKÓW-OBSERWATORIUM          ","2025","05","02","06",11.1,,9.3,,"W","W",79,,"C  ",,0,,1,,8,
"250190390","KRAKÓW-OBSERWATORIUM          ","2025","05","02","12",25.2,,14.7,,"W","W",30,,"SW ",,2,,2,,9,
"250190390","KRAKÓW-OBSERWATORIUM          ","2025","05","02","18",22.2,,14.9,,"W","W",44,,"C  ",,0,,1,,8,
"250190390","KRAKÓW-OBSERWATORIUM          ","2025","05","03","06",16.5,,12.5,,"W","W",63,,"W  ",,1,,1,,8,
"250190390","KRAKÓW-OBSERWATORIUM          ","2025","05","03","12",27.0,,16.3,,"W","W",31,,"WNW",,3,,8,,8,
"250190390","KRAKÓW-OBSERWATORIUM          ","2025","05","03","18",18.5,,15.9,,"W","W",76,,"SW ",,3,,8,,7,
"250190390","KRAKÓW-OBSERWATORIUM          ","2025","05","04","06",15.6,,12.4,,"W","W",69,,"WNW",,3,,7,,9,
"250190390","KRAKÓW-OBSERWATORIUM          ","2025","05","04","12",12.9,,10.1,,"W","W",70,,"W  ",,2,,8,,8,
"250190390","KRAKÓW-OBSERWATORIUM          ","2025","05","04","18",13.5,,11.0,,"W","W",74,,"W  ",,1,,3,,8,
"250190390","KRAKÓW-OBSERWATORIUM          ","2025","05","05","06",8.9,,6.9,,"W","W",75,,"NNE",,2,,8,,9,
"250190390","KRAKÓW-OBSERWATORIUM          ","2025","05","05","12",11.1,,7.2,,"W","W",57,,"NE ",,3,,8,,8,
"250190390","KRAKÓW-OBSERWATORIUM          ","2025","05","05","18",9.2,,6.4,,"W","W",66,,"NNE",,3,,7,,9,
"250190390","KRAKÓW-OBSERWATORIUM          ","2025","05","06","06",8.6,,6.5,,"W","W",74,,"NE ",,2,,7,,8,
"250190390","KRAKÓW-OBSERWATORIUM          ","2025","05","06","12",12.4,,8.1,,"W","W",55,,"ENE",,2,,8,,8,
"250190390","KRAKÓW-OBSERWATORIUM          ","2025","05","06","18",11.9,,7.7,,"W","W",55,,"NE ",,1,,8,,8,
"250190390","KRAKÓW-OBSERWATORIUM          ","2025","05","07","06",9.1,,6.1,,"W","W",64,,"SE ",,1,,2,,8,
"250190390","KRAKÓW-OBSERWATORIUM          ","2025","05","07","12",14.2,,8.6,,"W","W",45,,"NE ",,3,,8,,8,
"250190390","KRAKÓW-OBSERWATORIUM          ","2025","05","07","18",12.4,,7.5,,"W","W",49,,"NNE",,2,,7,,8,
"250190390","KRAKÓW-OBSERWATORIUM          ","2025","05","08","06",6.8,,3.5,,"W","W",57,,"ESE",,1,,7,,9,
"250190390","KRAKÓW-OBSERWATORIUM          ","2025","05","08","12",11.5,,5.3,,"W","W",34,,"NNE",,2,,6,,9,
"250190390","KRAKÓW-OBSERWATORIUM          ","2025","05","08","18",10.4,,5.5,,"W","W",45,,"NE ",,1,,7,,9,
"250190390","KRAKÓW-OBSERWATORIUM          ","2025","05","09","06",6.3,,2.8,,"W","W",53,,"W  ",,1,,0,,8,
"250190390","KRAKÓW-OBSERWATORIUM          ","2025","05","09","12",12.1,,5.8,,"W","W",35,,"N  ",,2,,7,,8,
"250190390","KRAKÓW-OBSERWATORIUM          ","2025","05","09","18",10.4,,5.3,,"W","W",43,,"C  ",,0,,2,,8,
"250190390","KRAKÓW-OBSERWATORIUM          ","2025","05","10","06",10.1,,5.9,,"W","W",52,,"W  ",,2,,8,,9,
"250190390","KRAKÓW-OBSERWATORIUM          ","2025","05","10","12",14.7,,9.7,,"W","W",51,,"W  ",,4,,8,,8,
"250190390","KRAKÓW-OBSERWATORIUM          ","2025","05","10","18",10.5,,9.5,,"W","W",88,,"W  ",,2,,7,,8,
"250190390","KRAKÓW-OBSERWATORIUM          ","2025","05","11","06",7.3,,5.4,,"W","W",75,,"ENE",,1,,3,,8,
"250190390","KRAKÓW-OBSERWATORIUM          ","2025","05","11","12",13.2,,7.1,,"W","W",39,,"E  ",,1,,6,,9,
"250190390","KRAKÓW-OBSERWATORIUM          ","2025","05","11","18",11.0,,6.7,,"W","W",52,,"NNE",,1,,5,,9,
"250190390","KRAKÓW-OBSERWATORIUM          ","2025","05","12","06",7.5,,5.8,,"W","W",78,,"E  ",,2,,3,,8,
"250190390","KRAKÓW-OBSERWATORIUM          ","2025","05","12","12",13.3,,7.6,,"W","W",43,,"ESE",,1,,6,,9,
"250190390","KRAKÓW-OBSERWATORIUM          ","2025","05","12","18",11.4,,6.4,,"W","W",46,,"NE ",,2,,2,,9,
"250190390","KRAKÓW-OBSERWATORIUM          ","2025","05","13","06",7.0,,4.7,,"W","W",70,,"WNW",,1,,7,,9,
"250190390","KRAKÓW-OBSERWATORIUM          ","2025","05","13","12",14.6,,7.5,,"W","W",33,,"N  ",,2,,7,,9,
"250190390","KRAKÓW-OBSERWATORIUM          ","2025","05","13","18",13.3,,7.3,,"W","W",40,,"WSW",,1,,5,,9,
"250190390","KRAKÓW-OBSERWATORIUM          ","2025","05","14","06",8.5,,6.7,,"W","W",77,,"C  ",,0,,8,,9,
"250190390","KRAKÓW-OBSERWATORIUM          ","2025","05","14","12",18.9,,11.0,,"W","W",35,,"SW ",,4,,6,,9,
"250190390","KRAKÓW-OBSERWATORIUM          ","2025","05","14","18",17.7,,10.6,,"W","W",39,,"W  ",,2,,7,,9,
"250190390","KRAKÓW-OBSERWATORIUM          ","2025","05","15","06",4.6,,4.3,,"W","W",96,,"N  ",,2,,8,,6,
"250190390","KRAKÓW-OBSERWATORIUM          ","2025","05","15","12",8.5,,4.6,,"W","W",53,,"WNW",,2,,7,,9,
"250190390","KRAKÓW-OBSERWATORIUM          ","2025","05","15","18",6.7,,5.4,,"W","W",82,,"WNW",,1,,7,,9,
"250190390","KRAKÓW-OBSERWATORIUM          ","2025","05","16","06",6.4,,5.4,,"W","W",86,,"W  ",,3,,8,,7,
"250190390","KRAKÓW-OBSERWATORIUM          ","2025","05","16","12",12.7,,8.6,,"W","W",57,,"WSW",,4,,5,,8,
"250190390","KRAKÓW-OBSERWATORIUM          ","2025","05","16","18",8.5,,7.6,,"W","W",89,,"WSW",,2,,6,,9,
"250190390","KRAKÓW-OBSERWATORIUM          ","2025","05","17","06",8.7,,7.4,,"W","W",84,,"W  ",,3,,7,,8,
"250190390","KRAKÓW-OBSERWATORIUM          ","2025","05","17","12",8.5,,7.8,,"W","W",91,,"NW ",,3,,8,,7,
"250190390","KRAKÓW-OBSERWATORIUM          ","2025","05","17","18",8.2,,7.0,,"W","W",85,,"W  ",,2,,8,,8,
"250190390","KRAKÓW-OBSERWATORIUM          ","2025","05","18","06",6.9,,5.2,,"W","W",77,,"W  ",,3,,6,,9,
"250190390","KRAKÓW-OBSERWATORIUM          ","2025","05","18","12",10.1,,7.2,,"W","W",66,,"W  ",,3,,7,,9,
"250190390","KRAKÓW-OBSERWATORIUM          ","2025","05","18","18",8.6,,7.0,,"W","W",80,,"WSW",,2,,8,,9,
"250190390","KRAKÓW-OBSERWATORIUM          ","2025","05","19","06",7.5,,6.8,,"W","W",91,,"WNW",,2,,7,,7,
"250190390","KRAKÓW-OBSERWATORIUM          ","2025","05","19","12",14.4,,9.0,,"W","W",47,,"NW ",,1,,6,,8,
"250190390","KRAKÓW-OBSERWATORIUM          ","2025","05","19","18",11.7,,9.3,,"W","W",73,,"W  ",,2,,3,,8,
"250190390","KRAKÓW-OBSERWATORIUM          ","2025","05","20","06",10.9,,9.8,,"W","W",87,,"NW ",,2,,7,,8,
"250190390","KRAKÓW-OBSERWATORIUM          ","2025","05","20","12",14.9,,11.8,,"W","W",69,,"WNW",,3,,6,,8,
"250190390","KRAKÓW-OBSERWATORIUM          ","2025","05","20","18",15.7,,12.2,,"W","W",66,,"W  ",,1,,1,,9,
"250190390","KRAKÓW-OBSERWATORIUM          ","2025","05","21","06",11.8,,9.3,,"W","W",72,,"NNW",,1,,1,,9,
"250190390","KRAKÓW-OBSERWATORIUM          ","2025","05","21","12",23.0,,13.9,,"W","W",34,,"NW ",,2,,5,,9,
"250190390","KRAKÓW-OBSERWATORIUM          ","2025","05","21","18",20.4,,14.8,,"W","W",54,,"SSE",,1,,6,,8,
"250190390","KRAKÓW-OBSERWATORIUM          ","2025","05","22","06",15.2,,12.7,,"W","W",75,,"S  ",,1,,6,,9,
"250190390","KRAKÓW-OBSERWATORIUM          ","2025","05","22","12",19.6,,15.9,,"W","W",68,,"C  ",,0,,7,,9,
"250190390","KRAKÓW-OBSERWATORIUM          ","2025","05","22","18",13.4,,12.4,,"W","W",89,,"NNE",,2,,8,,8,
"250190390","KRAKÓW-OBSERWATORIUM          ","2025","05","23","06",9.8,,8.1,,"W","W",80,,"NNW",,2,,8,,7,
"250190390","KRAKÓW-OBSERWATORIUM          ","2025","05","23","12",13.0,,7.9,,"W","W",48,,"ENE",,1,,8,,8,
"250190390","KRAKÓW-OBSERWATORIUM          ","2025","05","23","18",11.7,,8.8,,"W","W",68,,"SSE",,2,,8,,8,
"250190390","KRAKÓW-OBSERWATORIUM          ","2025","05","24","06",9.7,,8.0,,"W","W",79,,"S  ",,1,,8,,8,
"250190390","KRAKÓW-OBSERWATORIUM          ","2025","05","24","12",14.5,,9.6,,"W","W",52,,"SSE",,1,,6,,8,
"250190390","KRAKÓW-OBSERWATORIUM          ","2025","05","24","18",13.7,,9.7,,"W","W",59,,"WNW",,1,,2,,8,
"250190390","KRAKÓW-OBSERWATORIUM          ","2025","05","25","06",9.6,,7.4,,"W","W",74,,"W  ",,1,,0,,9,
"250190390","KRAKÓW-OBSERWATORIUM          ","2025","05","25","12",17.2,,10.1,,"W","W",38,,"S  ",,1,,3,,9,
"250190390","KRAKÓW-OBSERWATORIUM          ","2025","05","25","18",15.7,,9.7,,"W","W",44,,"ESE",,1,,1,,9,
"250190390","KRAKÓW-OBSERWATORIUM          ","2025","05","26","06",12.6,,9.9,,"W","W",71,,"WNW",,1,,2,,8,
"250190390","KRAKÓW-OBSERWATORIUM          ","2025","05","26","12",18.8,,14.3,,"W","W",61,,"W  ",,3,,7,,8,
"250190390","KRAKÓW-OBSERWATORIUM          ","2025","05","26","18",13.7,,13.2,,"W","W",95,,"WNW",,1,,8,,7,
"250190390","KRAKÓW-OBSERWATORIUM          ","2025","05","27","06",13.4,,12.0,,"W","W",85,,"W  ",,2,,7,,7,
"250190390","KRAKÓW-OBSERWATORIUM          ","2025","05","27","12",19.8,,12.5,,"W","W",41,,"NNE",,3,,6,,9,
"250190390","KRAKÓW-OBSERWATORIUM          ","2025","05","27","18",18.2,,12.5,,"W","W",51,,"N  ",,1,,1,,9,
"250190390","KRAKÓW-OBSERWATORIUM          ","2025","05","28","06",14.4,,11.4,,"W","W",70,,"SW ",,1,,0,,8,
"250190390","KRAKÓW-OBSERWATORIUM          ","2025","05","28","12",22.2,,13.8,,"W","W",37,,"W  ",,2,,2,,8,
"250190390","KRAKÓW-OBSERWATORIUM          ","2025","05","28","18",16.0,,14.9,,"W","W",89,,"WNW",,2,,8,,7,
"250190390","KRAKÓW-OBSERWATORIUM          ","2025","05","29","06",13.4,,12.9,,"W","W",95,,"WNW",,2,,8,,7,
"250190390","KRAKÓW-OBSERWATORIUM          ","2025","05","29","12",16.8,,12.9,,"W","W",64,,"WNW",,4,,7,,8,
"250190390","KRAKÓW-OBSERWATORIUM          ","2025","05","29","18",16.3,,11.8,,"W","W",58,,"WNW",,3,,7,,8,
"250190390","KRAKÓW-OBSERWATORIUM          ","2025","05","30","06",13.0,,10.5,,"W","W",73,,"WSW",,1,,5,,9,
"250190390","KRAKÓW-OBSERWATORIUM          ","2025","05","30","12",18.2,,12.9,,"W","W",54,,"W  ",,3,,7,,9,
"250190390","KRAKÓW-OBSERWATORIUM          ","2025","05","30","18",15.3,,12.7,,"W","W",74,,"W  ",,2,,7,,8,
"250190390","KRAKÓW-OBSERWATORIUM          ","2025","05","31","06",17.3,,15.2,,"W","W",80,,"SW ",,1,,5,,9,
"250190390","KRAKÓW-OBSERWATORIUM          ","2025","05","31","12",25.6,,18.3,,"W","W",49,,"W  ",,3,,5,,9,
"250190390","KRAKÓW-OBSERWATORIUM          ","2025","05","31","18",19.6,,17.2,,"W","W",79,,"W  ",,1,,5,,9,
"250210050","ŒWIÊTY KRZY¯                  ","2025","05","01","06",12.2,,9.6,,"W","W",72,,"ENE",,3,,,"8",,"8"
"250210050","ŒWIÊTY KRZY¯                  ","2025","05","01","12",16.8,,11.3,,"W","W",50,,"NE ",,3,,,"8",,"8"
"250210050","ŒWIÊTY KRZY¯                  ","2025","05","01","18",12.6,,8.9,,"W","W",61,,"ENE",,2,,,"8",,"8"
"250210050","ŒWIÊTY KRZY¯                  ","2025","05","02","06",12.5,,8.9,,"W","W",62,,"SSW",,4,,,"8",,"8"
"250210050","ŒWIÊTY KRZY¯                  ","2025","05","02","12",19.8,,12.8,,"W","W",43,,"WSW",,3,,,"8",,"8"
"250210050","ŒWIÊTY KRZY¯                  ","2025","05","02","18",18.8,,12.1,,"W","W",44,,"WSW",,5,,,"8",,"8"
"250210050","ŒWIÊTY KRZY¯                  ","2025","05","03","06",15.1,,12.2,,"W","W",71,,"W  ",,5,,,"8",,"8"
"250210050","ŒWIÊTY KRZY¯                  ","2025","05","03","12",22.3,,15.5,,"W","W",48,,"WNW",,4,,,"8",,"8"
"250210050","ŒWIÊTY KRZY¯                  ","2025","05","03","18",18.1,,13.6,,"W","W",60,,"SW ",,3,,,"8",,"8"
"250210050","ŒWIÊTY KRZY¯                  ","2025","05","04","06",12.6,,11.5,,"W","W",88,,"WNW",,6,,,"8",,"8"
"250210050","ŒWIÊTY KRZY¯                  ","2025","05","04","12",13.1,,9.3,,"W","W",60,,"W  ",,5,,,"8",,"8"
"250210050","ŒWIÊTY KRZY¯                  ","2025","05","04","18",10.4,,7.1,,"W","W",62,,"NNW",,4,,,"8",,"8"
"250210050","ŒWIÊTY KRZY¯                  ","2025","05","05","06",4.8,,4.3,,"W","W",93,,"NE ",,5,,,"8",,"8"
"250210050","ŒWIÊTY KRZY¯                  ","2025","05","05","12",7.4,,5.6,,"W","W",76,,"NE ",,5,,,"8",,"8"
"250210050","ŒWIÊTY KRZY¯                  ","2025","05","05","18",5.3,,4.4,,"W","W",87,,"NE ",,3,,,"8",,"8"
"250210050","ŒWIÊTY KRZY¯                  ","2025","05","06","06",5.3,,4.3,,"W","W",86,,"ENE",,2,,,"8",,"8"
"250210050","ŒWIÊTY KRZY¯                  ","2025","05","06","12",10.1,,7.0,,"W","W",64,,"ENE",,2,,,"8",,"8"
"250210050","ŒWIÊTY KRZY¯                  ","2025","05","06","18",8.1,,5.6,,"W","W",68,,"NNE",,2,,,"8",,"8"
"250210050","ŒWIÊTY KRZY¯                  ","2025","05","07","06",7.2,,4.4,,"W","W",64,,"N  ",,3,,,"8",,"8"
"250210050","ŒWIÊTY KRZY¯                  ","2025","05","07","12",10.6,,6.6,,"W","W",55,,"NE ",,4,,,"8",,"8"
"250210050","ŒWIÊTY KRZY¯                  ","2025","05","07","18",6.6,,3.2,,"W","W",55,,"ENE",,4,,,"8",,"8"
"250210050","ŒWIÊTY KRZY¯                  ","2025","05","08","06",3.5,,0.9,,"W","W",61,,"ENE",,2,,,"8",,"8"
"250210050","ŒWIÊTY KRZY¯                  ","2025","05","08","12",8.8,,4.5,,"W","W",49,,"ENE",,2,,,"8",,"8"
"250210050","ŒWIÊTY KRZY¯                  ","2025","05","08","18",4.8,,1.9,,"W","W",59,,"NE ",,3,,,"8",,"8"
"250210050","ŒWIÊTY KRZY¯                  ","2025","05","09","06",3.6,,0.2,,"W","W",49,,"ENE",,2,,,"8",,"8"
"250210050","ŒWIÊTY KRZY¯                  ","2025","05","09","12",7.8,,3.9,,"W","W",51,,"N  ",,4,,,"8",,"8"
"250210050","ŒWIÊTY KRZY¯                  ","2025","05","09","18",6.3,,3.4,,"W","W",61,,"N  ",,3,,,"8",,"8"
"250210050","ŒWIÊTY KRZY¯                  ","2025","05","10","06",5.9,,5.0,,"W","W",87,,"W  ",,5,,,"8",,"8"
"250210050","ŒWIÊTY KRZY¯                  ","2025","05","10","12",9.2,,8.1,,"W","W",86,,"NNE",,5,,,"8",,"8"
"250210050","ŒWIÊTY KRZY¯                  ","2025","05","10","18",5.0,,4.7,,"W","W",96,,"ENE",,3,,,"8",,"8"
"250210050","ŒWIÊTY KRZY¯                  ","2025","05","11","06",5.3,,4.2,,"W","W",84,,"NNE",,2,,,"8",,"8"
"250210050","ŒWIÊTY KRZY¯                  ","2025","05","11","12",12.0,,7.6,,"W","W",53,,"ENE",,3,,,"8",,"8"
"250210050","ŒWIÊTY KRZY¯                  ","2025","05","11","18",7.2,,4.7,,"W","W",67,,"E  ",,1,,,"8",,"8"
"250210050","ŒWIÊTY KRZY¯                  ","2025","05","12","06",6.3,,5.1,,"W","W",83,,"ENE",,2,,,"8",,"8"
"250210050","ŒWIÊTY KRZY¯                  ","2025","05","12","12",11.9,,7.1,,"W","W",49,,"E  ",,2,,,"8",,"8"
"250210050","ŒWIÊTY KRZY¯                  ","2025","05","12","18",7.9,,4.4,,"W","W",56,,"ENE",,2,,,"8",,"8"
"250210050","ŒWIÊTY KRZY¯                  ","2025","05","13","06",9.6,,5.9,,"W","W",57,,"NNE",,1,,,"8",,"8"
"250210050","ŒWIÊTY KRZY¯                  ","2025","05","13","12",11.5,,6.8,,"W","W",49,,"N  ",,4,,,"8",,"8"
"250210050","ŒWIÊTY KRZY¯                  ","2025","05","13","18",10.7,,5.6,,"W","W",44,,"NW ",,4,,,"8",,"8"
"250210050","ŒWIÊTY KRZY¯                  ","2025","05","14","06",7.0,,6.3,,"W","W",91,,"W  ",,6,,,"8",,"8"
"250210050","ŒWIÊTY KRZY¯                  ","2025","05","14","12",13.1,,10.8,,"W","W",75,,"WSW",,5,,,"8",,"8"
"250210050","ŒWIÊTY KRZY¯                  ","2025","05","14","18",13.6,,8.7,,"W","W",51,,"WNW",,5,,,"8",,"8"
"250210050","ŒWIÊTY KRZY¯                  ","2025","05","15","06",0.4,,0.4,,"W","W",100,,"NNW",,3,,,"8",,"8"
"250210050","ŒWIÊTY KRZY¯                  ","2025","05","15","12",6.7,,4.4,,"W","W",69,,"NNE",,3,,,"8",,"8"
"250210050","ŒWIÊTY KRZY¯                  ","2025","05","15","18",2.8,,2.5,,"W","W",95,,"WSW",,4,,,"8",,"8"
"250210050","ŒWIÊTY KRZY¯                  ","2025","05","16","06",3.1,,3.1,,"W","W",100,,"WSW",,7,,,"8",,"8"
"250210050","ŒWIÊTY KRZY¯                  ","2025","05","16","12",5.7,,5.4,,"W","W",96,,"NW ",,4,,,"8",,"8"
"250210050","ŒWIÊTY KRZY¯                  ","2025","05","16","18",5.0,,4.3,,"W","W",90,,"W  ",,4,,,"8",,"8"
"250210050","ŒWIÊTY KRZY¯                  ","2025","05","17","06",3.4,,3.4,,"W","W",100,,"WNW",,7,,,"8",,"8"
"250210050","ŒWIÊTY KRZY¯                  ","2025","05","17","12",7.1,,5.2,,"W","W",75,,"W  ",,3,,,"8",,"8"
"250210050","ŒWIÊTY KRZY¯                  ","2025","05","17","18",5.2,,4.6,,"W","W",91,,"W  ",,5,,,"8",,"8"
"250210050","ŒWIÊTY KRZY¯                  ","2025","05","18","06",3.2,,3.2,,"W","W",100,,"W  ",,4,,,"8",,"8"
"250210050","ŒWIÊTY KRZY¯                  ","2025","05","18","12",5.2,,5.2,,"W","W",100,,"WSW",,5,,,"8",,"8"
"250210050","ŒWIÊTY KRZY¯                  ","2025","05","18","18",4.3,,4.2,,"W","W",98,,"W  ",,4,,,"8",,"8"
"250210050","ŒWIÊTY KRZY¯                  ","2025","05","19","06",5.7,,5.7,,"W","W",100,,"N  ",,3,,,"8",,"8"
"250210050","ŒWIÊTY KRZY¯                  ","2025","05","19","12",10.3,,7.3,,"W","W",65,,"NNE",,4,,,"8",,"8"
"250210050","ŒWIÊTY KRZY¯                  ","2025","05","19","18",8.3,,6.5,,"W","W",77,,"NNW",,4,,,"8",,"8"
"250210050","ŒWIÊTY KRZY¯                  ","2025","05","20","06",8.0,,7.9,,"W","W",99,,"WNW",,6,,,"8",,"8"
"250210050","ŒWIÊTY KRZY¯                  ","2025","05","20","12",16.3,,11.0,,"W","W",51,,"NNW",,4,,,"8",,"8"
"250210050","ŒWIÊTY KRZY¯                  ","2025","05","20","18",15.4,,10.8,,"W","W",56,,"W  ",,3,,,"8",,"8"
"250210050","ŒWIÊTY KRZY¯                  ","2025","05","21","06",12.8,,10.6,,"W","W",76,,"W  ",,4,,,"8",,"8"
"250210050","ŒWIÊTY KRZY¯                  ","2025","05","21","12",19.2,,12.5,,"W","W",44,,"SW ",,3,,,"8",,"8"
"250210050","ŒWIÊTY KRZY¯                  ","2025","05","21","18",15.2,,11.5,,"W","W",64,,"S  ",,4,,,"8",,"8"
"250210050","ŒWIÊTY KRZY¯                  ","2025","05","22","06",12.4,,11.4,,"W","W",89,,"SW ",,4,,,"8",,"8"
"250210050","ŒWIÊTY KRZY¯                  ","2025","05","22","12",17.6,,13.6,,"W","W",64,,"SSW",,3,,,"8",,"8"
"250210050","ŒWIÊTY KRZY¯                  ","2025","05","22","18",10.8,,10.6,,"W","W",98,,"NNE",,6,,,"8",,"8"
"250210050","ŒWIÊTY KRZY¯                  ","2025","05","23","06",7.0,,6.8,,"W","W",97,,"N  ",,4,,,"8",,"8"
"250210050","ŒWIÊTY KRZY¯                  ","2025","05","23","12",10.2,,7.6,,"W","W",70,,"NNE",,2,,,"8",,"8"
"250210050","ŒWIÊTY KRZY¯                  ","2025","05","23","18",9.0,,7.2,,"W","W",78,,"NE ",,2,,,"8",,"8"
"250210050","ŒWIÊTY KRZY¯                  ","2025","05","24","06",7.8,,5.3,,"W","W",68,,"NNE",,3,,,"8",,"8"
"250210050","ŒWIÊTY KRZY¯                  ","2025","05","24","12",11.8,,7.2,,"W","W",51,,"NNE",,2,,,"8",,"8"
"250210050","ŒWIÊTY KRZY¯                  ","2025","05","24","18",9.1,,7.3,,"W","W",78,,"SSW",,3,,,"8",,"8"
"250210050","ŒWIÊTY KRZY¯                  ","2025","05","25","06",12.3,,8.2,,"W","W",56,,"E  ",,1,,,"8",,"8"
"250210050","ŒWIÊTY KRZY¯                  ","2025","05","25","12",14.6,,8.2,,"W","W",39,,"ESE",,1,,,"8",,"8"
"250210050","ŒWIÊTY KRZY¯                  ","2025","05","25","18",11.2,,7.7,,"W","W",61,,"S  ",,4,,,"8",,"8"
"250210050","ŒWIÊTY KRZY¯                  ","2025","05","26","06",13.5,,8.0,,"W","W",45,,"W  ",,3,,,"8",,"8"
"250210050","ŒWIÊTY KRZY¯                  ","2025","05","26","12",17.5,,11.2,,"W","W",45,,"W  ",,4,,,"8",,"8"
"250210050","ŒWIÊTY KRZY¯                  ","2025","05","26","18",13.8,,12.1,,"W","W",82,,"NNW",,5,,,"8",,"8"
"250210050","ŒWIÊTY KRZY¯                  ","2025","05","27","06",9.8,,8.1,,"W","W",80,,"NNE",,7,,,"8",,"8"
"250210050","ŒWIÊTY KRZY¯                  ","2025","05","27","12",18.0,,11.0,,"W","W",40,,"NE ",,4,,,"8",,"8"
"250210050","ŒWIÊTY KRZY¯                  ","2025","05","27","18",14.0,,9.6,,"W","W",56,,"NNE",,4,,,"8",,"8"
"250210050","ŒWIÊTY KRZY¯                  ","2025","05","28","06",15.1,,10.9,,"W","W",59,,"N  ",,2,,,"8",,"8"
"250210050","ŒWIÊTY KRZY¯                  ","2025","05","28","12",18.8,,12.7,,"W","W",48,,"SW ",,2,,,"8",,"8"
"250210050","ŒWIÊTY KRZY¯                  ","2025","05","28","18",16.4,,12.7,,"W","W",65,,"WNW",,4,,,"8",,"8"
"250210050","ŒWIÊTY KRZY¯                  ","2025","05","29","06",10.7,,10.7,,"W","W",100,,"N  ",,5,,,"8",,"8"
"250210050","ŒWIÊTY KRZY¯                  ","2025","05","29","12",10.8,,10.8,,"W","W",100,,"N  ",,7,,,"8",,"8"
"250210050","ŒWIÊTY KRZY¯                  ","2025","05","29","18",10.9,,9.9,,"W","W",88,,"N  ",,6,,,"8",,"8"
"250210050","ŒWIÊTY KRZY¯                  ","2025","05","30","06",12.2,,7.9,,"W","W",54,,"NNW",,4,,,"8",,"8"
"250210050","ŒWIÊTY KRZY¯                  ","2025","05","30","12",17.0,,12.0,,"W","W",55,,"W  ",,4,,,"8",,"8"
"250210050","ŒWIÊTY KRZY¯                  ","2025","05","30","18",12.8,,12.2,,"W","W",93,,"W  ",,5,,,"8",,"8"
"250210050","ŒWIÊTY KRZY¯                  ","2025","05","31","06",15.7,,14.8,,"W","W",91,,"WNW",,5,,,"8",,"8"
"250210050","ŒWIÊTY KRZY¯                  ","2025","05","31","12",20.9,,16.1,,"W","W",61,,"N  ",,2,,,"8",,"8"
"250210050","ŒWIÊTY KRZY¯                  ","2025","05","31","18",20.0,,15.2,,"W","W",60,,"NW ",,3,,,"8",,"8"
"250210130","STASZÓW                       ","2025","05","01","06",12.8,,,"8","W","W",,"8","NE ",,1,,1,,6,
"250210130","STASZÓW                       ","2025","05","01","12",19.0,,,"8","W","W",,"8","ENE",,3,,5,,6,
"250210130","STASZÓW                       ","2025","05","01","18",15.1,,,"8","W","W",,"8","NNE",,1,,1,,6,
"250210130","STASZÓW                       ","2025","05","02","06",13.4,,,"8","W","W",,"8","C  ",,0,,2,,6,
"250210130","STASZÓW                       ","2025","05","02","12",23.0,,,"8","W","W",,"8","S  ",,3,,2,,6,
"250210130","STASZÓW                       ","2025","05","02","18",20.0,,,"8","W","W",,"8","WSW",,3,,6,,6,
"250210130","STASZÓW                       ","2025","05","03","06",16.6,,,"8","W","W",,"8","WSW",,1,,4,,6,
"250210130","STASZÓW                       ","2025","05","03","12",25.6,,,"8","W","W",,"8","W  ",,4,,4,,6,
"250210130","STASZÓW                       ","2025","05","03","18",20.3,,,"8","W","W",,"8","S  ",,2,,7,,6,
"250210130","STASZÓW                       ","2025","05","04","06",15.5,,,"8","W","W",,"8","WNW",,6,,7,,6,
"250210130","STASZÓW                       ","2025","05","04","12",15.1,,,"8","W","W",,"8","WNW",,4,,8,,6,
"250210130","STASZÓW                       ","2025","05","04","18",13.7,,,"8","W","W",,"8","WNW",,2,,6,,6,
"250210130","STASZÓW                       ","2025","05","05","06",7.9,,,"8",,"W",,"8","N  ",,2,,8,,6,
"250210130","STASZÓW                       ","2025","05","05","12",11.6,,,"8","W","W",,"8","N  ",,4,,8,,6,
"250210130","STASZÓW                       ","2025","05","05","18",7.6,,,"8",,"W",,"8","NNE",,2,,3,,6,
"250210130","STASZÓW                       ","2025","05","06","06",7.0,,,"8",,"W",,"8","NE ",,3,,8,,6,
"250210130","STASZÓW                       ","2025","05","06","12",11.8,,,"8","W","W",,"8","NE ",,2,,8,,6,
"250210130","STASZÓW                       ","2025","05","06","18",10.6,,,"8","W","W",,"8","C  ",,0,,8,,6,
"250210130","STASZÓW                       ","2025","05","07","06",10.9,,,"8","W","W",,"8","N  ",,3,,1,,6,
"250210130","STASZÓW                       ","2025","05","07","12",13.1,,,"8","W","W",,"8","NNE",,3,,8,,6,
"250210130","STASZÓW                       ","2025","05","07","18",9.9,,,"8","W","W",,"8","NNE",,2,,1,,6,
"250210130","STASZÓW                       ","2025","05","08","06",6.9,,,"8",,"W",,"8","NE ",,2,,1,,6,
"250210130","STASZÓW                       ","2025","05","08","12",10.6,,,"8","W","W",,"8","ENE",,2,,6,,6,
"250210130","STASZÓW                       ","2025","05","08","18",8.3,,,"8","W","W",,"8","NNE",,1,,1,,6,
"250210130","STASZÓW                       ","2025","05","09","06",7.7,,,"8",,"W",,"8","NNE",,4,,2,,6,
"250210130","STASZÓW                       ","2025","05","09","12",10.6,,,"8","W","W",,"8","NW ",,3,,8,,6,
"250210130","STASZÓW                       ","2025","05","09","18",7.3,,,"8",,"W",,"8","C  ",,0,,2,,6,
"250210130","STASZÓW                       ","2025","05","10","06",8.5,,,"8","W","W",,"8","W  ",,4,,8,,6,
"250210130","STASZÓW                       ","2025","05","10","12",12.0,,,"8","W","W",,"8","WNW",,5,,8,,6,
"250210130","STASZÓW                       ","2025","05","10","18",8.1,,,"8","W","W",,"8","NE ",,1,,8,,6,
"250210130","STASZÓW                       ","2025","05","11","06",8.9,,,"8","W","W",,"8","NNE",,2,,1,,6,
"250210130","STASZÓW                       ","2025","05","11","12",12.2,,,"8","W","W",,"8","NE ",,3,,8,,6,
"250210130","STASZÓW                       ","2025","05","11","18",9.1,,,"8","W","W",,"8","NE ",,1,,7,,6,
"250210130","STASZÓW                       ","2025","05","12","06",7.3,,,"8",,"W",,"8","E  ",,1,,1,,6,
"250210130","STASZÓW                       ","2025","05","12","12",12.7,,,"8","W","W",,"8","NNE",,4,,3,,6,
"250210130","STASZÓW                       ","2025","05","12","18",7.5,,,"8",,"W",,"8","C  ",,0,,2,,6,
"250210130","STASZÓW                       ","2025","05","13","06",11.5,,,"8","W","W",,"8","ENE",,1,,1,,6,
"250210130","STASZÓW                       ","2025","05","13","12",14.7,,,"8","W","W",,"8","NNW",,2,,7,,6,
"250210130","STASZÓW                       ","2025","05","13","18",11.7,,,"8","W","W",,"8","SW ",,1,,3,,6,
"250210130","STASZÓW                       ","2025","05","14","06",8.6,,,"8","W","W",,"8","SW ",,1,,8,,6,
"250210130","STASZÓW                       ","2025","05","14","12",15.6,,,"8","W","W",,"8","SW ",,4,,8,,6,
"250210130","STASZÓW                       ","2025","05","14","18",16.2,,,"8","W","W",,"8","W  ",,1,,8,,6,
"250210130","STASZÓW                       ","2025","05","15","06",2.7,,,"8",,"W",,"8","N  ",,2,,8,,6,
"250210130","STASZÓW                       ","2025","05","15","12",9.7,,,"8","W","W",,"8","NW ",,3,,7,,6,
"250210130","STASZÓW                       ","2025","05","15","18",5.3,,,"8",,"W",,"8","WNW",,4,,8,,6,
"250210130","STASZÓW                       ","2025","05","16","06",5.4,,,"8",,"W",,"8","WSW",,5,,8,,6,
"250210130","STASZÓW                       ","2025","05","16","12",9.6,,,"8","W","W",,"8","WNW",,4,,8,,6,
"250210130","STASZÓW                       ","2025","05","16","18",8.1,,,"8","W","W",,"8","WNW",,2,,6,,6,
"250210130","STASZÓW                       ","2025","05","17","06",8.2,,,"8","W","W",,"8","WSW",,4,,8,,6,
"250210130","STASZÓW                       ","2025","05","17","12",10.8,,,"8","W","W",,"8","W  ",,5,,7,,6,
"250210130","STASZÓW                       ","2025","05","17","18",7.7,,,"8",,"W",,"8","C  ",,0,,8,,6,
"250210130","STASZÓW                       ","2025","05","18","06",6.1,,,"8",,"W",,"8","W  ",,3,,8,,6,
"250210130","STASZÓW                       ","2025","05","18","12",9.1,,,"8","W","W",,"8","WSW",,3,,8,,6,
"250210130","STASZÓW                       ","2025","05","18","18",7.0,,,"8",,"W",,"8","WNW",,3,,8,,6,
"250210130","STASZÓW                       ","2025","05","19","06",7.1,,,"8",,"W",,"8","WNW",,3,,8,,6,
"250210130","STASZÓW                       ","2025","05","19","12",12.5,,,"8","W","W",,"8","WNW",,4,,7,,6,
"250210130","STASZÓW                       ","2025","05","19","18",12.5,,,"8","W","W",,"8","C  ",,0,,1,,6,
"250210130","STASZÓW                       ","2025","05","20","06",10.0,,,"8","W","W",,"8","W  ",,3,,8,,6,
"250210130","STASZÓW                       ","2025","05","20","12",17.6,,,"8","W","W",,"8","WSW",,4,,5,,6,
"250210130","STASZÓW                       ","2025","05","20","18",16.8,,,"8","W","W",,"8","SSW",,1,,6,,6,
"250210130","STASZÓW                       ","2025","05","21","06",12.8,,,"8","W","W",,"8","SSW",,2,,1,,6,
"250210130","STASZÓW                       ","2025","05","21","12",21.9,,,"8","W","W",,"8","SW ",,4,,2,,6,
"250210130","STASZÓW                       ","2025","05","21","18",19.0,,,"8","W","W",,"8","SSE",,3,,5,,6,
"250210130","STASZÓW                       ","2025","05","22","06",13.7,,,"8","W","W",,"8","C  ",,0,,8,,6,
"250210130","STASZÓW                       ","2025","05","22","12",22.4,,,"8","W","W",,"8","S  ",,4,,5,,6,
"250210130","STASZÓW                       ","2025","05","22","18",13.3,,,"8","W","W",,"8","C  ",,0,,8,,6,
"250210130","STASZÓW                       ","2025","05","23","06",9.6,,,"8","W","W",,"8","WNW",,1,,8,,6,
"250210130","STASZÓW                       ","2025","05","23","12",12.9,,,"8","W","W",,"8","C  ",,0,,8,,6,
"250210130","STASZÓW                       ","2025","05","23","18",10.3,,,"8","W","W",,"8","C  ",,0,,8,,6,
"250210130","STASZÓW                       ","2025","05","24","06",8.7,,,"8","W","W",,"8","N  ",,1,,8,,6,
"250210130","STASZÓW                       ","2025","05","24","12",12.8,,,"8","W","W",,"8","SE ",,1,,8,,6,
"250210130","STASZÓW                       ","2025","05","24","18",11.7,,,"8","W","W",,"8","C  ",,0,,2,,6,
"250210130","STASZÓW                       ","2025","05","25","06",11.4,,,"8","W","W",,"8","C  ",,0,,0,,6,
"250210130","STASZÓW                       ","2025","05","25","12",17.4,,,"8","W","W",,"8","ENE",,1,,6,,6,
"250210130","STASZÓW                       ","2025","05","25","18",14.8,,,"8","W","W",,"8","ESE",,1,,1,,6,
"250210130","STASZÓW                       ","2025","05","26","06",12.4,,,"8","W","W",,"8","SSW",,1,,1,,6,
"250210130","STASZÓW                       ","2025","05","26","12",21.0,,,"8","W","W",,"8","W  ",,3,,7,,6,
"250210130","STASZÓW                       ","2025","05","26","18",16.2,,,"8","W","W",,"8","W  ",,3,,7,,6,
"250210130","STASZÓW                       ","2025","05","27","06",12.8,,,"8","W","W",,"8","NNW",,1,,8,,6,
"250210130","STASZÓW                       ","2025","05","27","12",19.4,,,"8","W","W",,"8","NNE",,3,,4,,6,
"250210130","STASZÓW                       ","2025","05","27","18",18.5,,,"8","W","W",,"8","N  ",,1,,1,,6,
"250210130","STASZÓW                       ","2025","05","28","06",13.8,,,"8","W","W",,"8","C  ",,0,,3,,6,
"250210130","STASZÓW                       ","2025","05","28","12",20.6,,,"8","W","W",,"8","W  ",,3,,7,,6,
"250210130","STASZÓW                       ","2025","05","28","18",18.7,,,"8","W","W",,"8","W  ",,5,,7,,6,
"250210130","STASZÓW                       ","2025","05","29","06",12.6,,,"8","W","W",,"8","WNW",,4,,8,,6,
"250210130","STASZÓW                       ","2025","05","29","12",13.0,,,"8","W","W",,"8","NW ",,5,,8,,6,
"250210130","STASZÓW                       ","2025","05","29","18",14.5,,,"8","W","W",,"8","NW ",,2,,7,,6,
"250210130","STASZÓW                       ","2025","05","30","06",13.0,,,"8","W","W",,"8","W  ",,2,,1,,6,
"250210130","STASZÓW                       ","2025","05","30","12",20.0,,,"8","W","W",,"8","W  ",,4,,5,,6,
"250210130","STASZÓW                       ","2025","05","30","18",15.8,,,"8","W","W",,"8","WNW",,2,,7,,6,
"250210130","STASZÓW                       ","2025","05","31","06",17.2,,,"8","W","W",,"8","WSW",,1,,5,,6,
"250210130","STASZÓW                       ","2025","05","31","12",22.0,,,"8","W","W",,"8","WNW",,2,,3,,6,
"250210130","STASZÓW                       ","2025","05","31","18",22.9,,,"8","W","W",,"8","C  ",,0,,2,,6,
"250220120","JAROCIN                       ","2025","05","01","06",11.9,,,"8","W","W",,"8","WNW",,2,,1,,6,
"250220120","JAROCIN                       ","2025","05","01","12",17.8,,,"8","W","W",,"8","N  ",,3,,3,,6,
"250220120","JAROCIN                       ","2025","05","01","18",14.7,,,"8","W","W",,"8","C  ",,0,,1,,6,
"250220120","JAROCIN                       ","2025","05","02","06",12.3,,,"8","W","W",,"8","SSE",,2,,1,,6,
"250220120","JAROCIN                       ","2025","05","02","12",21.6,,,"8","W","W",,"8","WSW",,3,,3,,6,
"250220120","JAROCIN                       ","2025","05","02","18",18.0,,,"8","W","W",,"8","SSW",,1,,8,,6,
"250220120","JAROCIN                       ","2025","05","03","06",15.3,,,"8","W","W",,"8","WSW",,2,,3,,6,
"250220120","JAROCIN                       ","2025","05","03","12",25.4,,,"8","W","W",,"8","WNW",,4,,3,,6,
"250220120","JAROCIN                       ","2025","05","03","18",17.3,,,"8","W","W",,"8","S  ",,1,,1,,6,
"250220120","JAROCIN                       ","2025","05","04","06",17.8,,,"8","W","W",,"8","W  ",,6,,4,,6,
"250220120","JAROCIN                       ","2025","05","04","12",15.7,,,"8","W","W",,"8","WNW",,5,,8,,6,
"250220120","JAROCIN                       ","2025","05","04","18",14.5,,,"8","W","W",,"8","WNW",,1,,1,,6,
"250220120","JAROCIN                       ","2025","05","05","06",6.9,,,"8",,"W",,"8","NNW",,3,,8,,6,
"250220120","JAROCIN                       ","2025","05","05","12",11.3,,,"8","W","W",,"8","NNW",,3,,8,,6,
"250220120","JAROCIN                       ","2025","05","05","18",9.3,,,"8","W","W",,"8","NNE",,1,,8,,6,
"250220120","JAROCIN                       ","2025","05","06","06",8.0,,,"8",,"W",,"8","ESE",,2,,8,,6,
"250220120","JAROCIN                       ","2025","05","06","12",11.3,,,"8","W","W",,"8","NE ",,2,,8,,6,
"250220120","JAROCIN                       ","2025","05","06","18",10.3,,,"8","W","W",,"8","C  ",,0,,4,,6,
"250220120","JAROCIN                       ","2025","05","07","06",8.4,,,"8","W","W",,"8","NW ",,1,,1,,6,
"250220120","JAROCIN                       ","2025","05","07","12",13.5,,,"8","W","W",,"8","NNE",,3,,4,,6,
"250220120","JAROCIN                       ","2025","05","07","18",9.5,,,"8","W","W",,"8","NNW",,2,,1,,6,
"250220120","JAROCIN                       ","2025","05","08","06",6.5,,,"8",,"W",,"8","C  ",,0,,1,,6,
"250220120","JAROCIN                       ","2025","05","08","12",11.1,,,"8","W","W",,"8","NW ",,4,,8,,6,
"250220120","JAROCIN                       ","2025","05","08","18",7.2,,,"8",,"W",,"8","N  ",,1,,1,,6,
"250220120","JAROCIN                       ","2025","05","09","06",7.0,,,"8",,"W",,"8","NE ",,2,,2,,6,
"250220120","JAROCIN                       ","2025","05","09","12",10.1,,,"8","W","W",,"8","NNW",,3,,3,,6,
"250220120","JAROCIN                       ","2025","05","09","18",8.8,,,"8","W","W",,"8","WSW",,1,,1,,6,
"250220120","JAROCIN                       ","2025","05","10","06",8.6,,,"8","W","W",,"8","WSW",,3,,8,,6,
"250220120","JAROCIN                       ","2025","05","10","12",10.9,,,"8","W","W",,"8","W  ",,4,,8,,6,
"250220120","JAROCIN                       ","2025","05","10","18",7.2,,,"8",,"W",,"8","NNE",,1,,8,,6,
"250220120","JAROCIN                       ","2025","05","11","06",6.5,,,"8",,"W",,"8","C  ",,0,,1,,4,
"250220120","JAROCIN                       ","2025","05","11","12",10.7,,,"8","W","W",,"8","C  ",,0,,6,,6,
"250220120","JAROCIN                       ","2025","05","11","18",8.6,,,"8","W","W",,"8","NW ",,1,,6,,6,
"250220120","JAROCIN                       ","2025","05","12","06",8.4,,,"8","W","W",,"8","W  ",,1,,3,,6,
"250220120","JAROCIN                       ","2025","05","12","12",14.0,,,"8","W","W",,"8","NNE",,3,,3,,6,
"250220120","JAROCIN                       ","2025","05","12","18",10.9,,,"8","W","W",,"8","NNW",,1,,3,,6,
"250220120","JAROCIN                       ","2025","05","13","06",9.3,,,"8","W","W",,"8","WNW",,8,,1,,6,
"250220120","JAROCIN                       ","2025","05","13","12",15.5,,,"8","W","W",,"8","WNW",,4,,6,,6,
"250220120","JAROCIN                       ","2025","05","13","18",11.9,,,"8","W","W",,"8","WSW",,1,,3,,6,
"250220120","JAROCIN                       ","2025","05","14","06",9.1,,,"8","W","W",,"8","SW ",,2,,8,,6,
"250220120","JAROCIN                       ","2025","05","14","12",17.3,,,"8","W","W",,"8","WSW",,6,,6,,6,
"250220120","JAROCIN                       ","2025","05","14","18",15.7,,,"8","W","W",,"8","SW ",,4,,8,,6,
"250220120","JAROCIN                       ","2025","05","15","06",3.8,,,"8",,"W",,"8","N  ",,3,,8,,4,
"250220120","JAROCIN                       ","2025","05","15","12",8.0,,,"8",,"W",,"8","WNW",,3,,3,,6,
"250220120","JAROCIN                       ","2025","05","15","18",8.6,,,"8","W","W",,"8","WSW",,2,,6,,6,
"250220120","JAROCIN                       ","2025","05","16","06",5.5,,,"8",,"W",,"8","SW ",,5,,8,,6,
"250220120","JAROCIN                       ","2025","05","16","12",11.1,,,"8","W","W",,"8","SW ",,5,,8,,6,
"250220120","JAROCIN                       ","2025","05","16","18",8.9,,,"8","W","W",,"8","SW ",,2,,8,,6,
"250220120","JAROCIN                       ","2025","05","17","06",7.8,,,"8",,"W",,"8","SSW",,3,,8,,6,
"250220120","JAROCIN                       ","2025","05","17","12",10.3,,,"8","W","W",,"8","W  ",,4,,8,,6,
"250220120","JAROCIN                       ","2025","05","17","18",8.6,,,"8","W","W",,"8","C  ",,0,,6,,6,
"250220120","JAROCIN                       ","2025","05","18","06",7.6,,,"8",,"W",,"8","SW ",,3,,8,,6,
"250220120","JAROCIN                       ","2025","05","18","12",9.5,,,"8","W","W",,"8","SW ",,4,,6,,6,
"250220120","JAROCIN                       ","2025","05","18","18",7.6,,,"8",,"W",,"8","SW ",,2,,8,,4,
"250220120","JAROCIN                       ","2025","05","19","06",7.0,,,"8",,"W",,"8","W  ",,1,,8,,4,
"250220120","JAROCIN                       ","2025","05","19","12",12.3,,,"8","W","W",,"8","NW ",,4,,8,,6,
"250220120","JAROCIN                       ","2025","05","19","18",10.3,,,"8","W","W",,"8","C  ",,0,,1,,4,
"250220120","JAROCIN                       ","2025","05","20","06",9.5,,,"8","W","W",,"8","WSW",,3,,8,,4,
"250220120","JAROCIN                       ","2025","05","20","12",16.9,,,"8","W","W",,"8","WSW",,4,,5,,6,
"250220120","JAROCIN                       ","2025","05","20","18",15.5,,,"8","W","W",,"8","SW ",,2,,1,,6,
"250220120","JAROCIN                       ","2025","05","21","06",15.3,,,"8","W","W",,"8","WSW",,3,,1,,6,
"250220120","JAROCIN                       ","2025","05","21","12",21.8,,,"8","W","W",,"8","W  ",,3,,3,,6,
"250220120","JAROCIN                       ","2025","05","21","18",17.5,,,"8","W","W",,"8","S  ",,1,,3,,6,
"250220120","JAROCIN                       ","2025","05","22","06",15.1,,,"8","W","W",,"8","SSE",,1,,6,,6,
"250220120","JAROCIN                       ","2025","05","22","12",21.6,,,"8","W","W",,"8","S  ",,4,,8,,6,
"250220120","JAROCIN                       ","2025","05","22","18",15.9,,,"8","W","W",,"8","NW ",,2,,8,,6,
"250220120","JAROCIN                       ","2025","05","23","06",9.3,,,"8","W","W",,"8","WNW",,2,,8,,4,
"250220120","JAROCIN                       ","2025","05","23","12",10.3,,,"8","W","W",,"8","WNW",,2,,8,,5,
"250220120","JAROCIN                       ","2025","05","23","18",10.5,,,"8","W","W",,"8","C  ",,0,,8,,5,
"250220120","JAROCIN                       ","2025","05","24","06",8.9,,,"8","W","W",,"8","SSW",,1,,8,,4,
"250220120","JAROCIN                       ","2025","05","24","12",11.7,,,"8","W","W",,"8","WNW",,3,,8,,6,
"250220120","JAROCIN                       ","2025","05","24","18",12.5,,,"8","W","W",,"8","C  ",,0,,1,,6,
"250220120","JAROCIN                       ","2025","05","25","06",11.1,,,"8","W","W",,"8","C  ",,0,,1,,6,
"250220120","JAROCIN                       ","2025","05","25","12",15.3,,,"8","W","W",,"8","NW ",,1,,8,,6,
"250220120","JAROCIN                       ","2025","05","25","18",14.3,,,"8","W","W",,"8","C  ",,0,,2,,6,
"250220120","JAROCIN                       ","2025","05","26","06",11.3,,,"8","W","W",,"8","C  ",,0,,1,,6,
"250220120","JAROCIN                       ","2025","05","26","12",20.8,,,"8","W","W",,"8","WSW",,2,,3,,6,
"250220120","JAROCIN                       ","2025","05","26","18",17.5,,,"8","W","W",,"8","WNW",,1,,8,,6,
"250220120","JAROCIN                       ","2025","05","27","06",13.5,,,"8","W","W",,"8","NW ",,3,,8,,6,
"250220120","JAROCIN                       ","2025","05","27","12",18.6,,,"8","W","W",,"8","NW ",,3,,6,,6,
"250220120","JAROCIN                       ","2025","05","27","18",18.4,,,"8","W","W",,"8","NNW",,2,,1,,6,
"250220120","JAROCIN                       ","2025","05","28","06",13.5,,,"8","W","W",,"8","W  ",,1,,1,,6,
"250220120","JAROCIN                       ","2025","05","28","12",20.4,,,"8","W","W",,"8","NNW",,1,,8,,6,
"250220120","JAROCIN                       ","2025","05","28","18",17.5,,,"8","W","W",,"8","ESE",,3,,8,,6,
"250220120","JAROCIN                       ","2025","05","29","06",13.3,,,"8","W","W",,"8","W  ",,3,,8,,4,
"250220120","JAROCIN                       ","2025","05","29","12",13.5,,,"8","W","W",,"8","WNW",,5,,8,,4,
"250220120","JAROCIN                       ","2025","05","29","18",13.1,,,"8","W","W",,"8","WNW",,3,,8,,4,
"250220120","JAROCIN                       ","2025","05","30","06",12.3,,,"8","W","W",,"8","WNW",,3,,1,,6,
"250220120","JAROCIN                       ","2025","05","30","12",19.8,,,"8","W","W",,"8","W  ",,4,,3,,6,
"250220120","JAROCIN                       ","2025","05","30","18",17.8,,,"8","W","W",,"8","W  ",,2,,8,,6,
"250220120","JAROCIN                       ","2025","05","31","06",17.3,,,"8","W","W",,"8","WSW",,2,,5,,6,
"250220120","JAROCIN                       ","2025","05","31","12",21.4,,,"8","W","W",,"8","WNW",,3,,7,,6,
"250220120","JAROCIN                       ","2025","05","31","18",21.2,,,"8","W","W",,"8","C  ",,0,,5,,6,
"250240010","STRZY¯ÓW                      ","2025","05","01","06",12.1,,,"8","W","W",,"8",,"8",,"8",1,,8,
"250240010","STRZY¯ÓW                      ","2025","05","01","12",18.9,,,"8","W","W",,"8",,"8",,"8",1,,8,
"250240010","STRZY¯ÓW                      ","2025","05","01","18",11.5,,,"8","W","W",,"8",,"8",,"8",1,,8,
"250240010","STRZY¯ÓW                      ","2025","05","02","06",11.7,,,"8","W","W",,"8",,"8",,"8",1,,8,
"250240010","STRZY¯ÓW                      ","2025","05","02","12",19.7,,,"8","W","W",,"8",,"8",,"8",1,,8,
"250240010","STRZY¯ÓW                      ","2025","05","02","18",14.9,,,"8","W","W",,"8",,"8",,"8",1,,8,
"250240010","STRZY¯ÓW                      ","2025","05","03","06",13.5,,,"8","W","W",,"8",,"8",,"8",2,,8,
"250240010","STRZY¯ÓW                      ","2025","05","03","12",23.3,,,"8","W","W",,"8",,"8",,"8",1,,8,
"250240010","STRZY¯ÓW                      ","2025","05","03","18",14.3,,,"8","W","W",,"8",,"8",,"8",6,,8,
"250240010","STRZY¯ÓW                      ","2025","05","04","06",16.9,,,"8","W","W",,"8",,"8",,"8",1,,8,
"250240010","STRZY¯ÓW                      ","2025","05","04","12",20.3,,,"8","W","W",,"8",,"8",,"8",1,,8,
"250240010","STRZY¯ÓW                      ","2025","05","04","18",15.5,,,"8","W","W",,"8",,"8",,"8",1,,8,
"250240010","STRZY¯ÓW                      ","2025","05","05","06",8.9,,,"8","W","W",,"8",,"8",,"8",4,,8,
"250240010","STRZY¯ÓW                      ","2025","05","05","12",12.1,,,"8","W","W",,"8",,"8",,"8",2,,8,
"250240010","STRZY¯ÓW                      ","2025","05","05","18",8.1,,,"8","W","W",,"8",,"8",,"8",2,,8,
"250240010","STRZY¯ÓW                      ","2025","05","06","06",7.3,,,"8",,"W",,"8",,"8",,"8",7,,7,
"250240010","STRZY¯ÓW                      ","2025","05","06","12",14.1,,,"8","W","W",,"8",,"8",,"8",4,,8,
"250240010","STRZY¯ÓW                      ","2025","05","06","18",9.9,,,"8","W","W",,"8",,"8",,"8",6,,8,
"250240010","STRZY¯ÓW                      ","2025","05","07","06",9.3,,,"8","W","W",,"8",,"8",,"8",1,,8,
"250240010","STRZY¯ÓW                      ","2025","05","07","12",13.9,,,"8","W","W",,"8",,"8",,"8",1,,8,
"250240010","STRZY¯ÓW                      ","2025","05","07","18",9.1,,,"8","W","W",,"8",,"8",,"8",1,,8,
"250240010","STRZY¯ÓW                      ","2025","05","08","06",5.1,,,"8",,"W",,"8",,"8",,"8",1,,8,
"250240010","STRZY¯ÓW                      ","2025","05","08","12",10.3,,,"8","W","W",,"8",,"8",,"8",1,,8,
"250240010","STRZY¯ÓW                      ","2025","05","08","18",9.5,,,"8","W","W",,"8",,"8",,"8",1,,8,
"250240010","STRZY¯ÓW                      ","2025","05","09","06",5.8,,,"8",,"W",,"8",,"8",,"8",5,,8,
"250240010","STRZY¯ÓW                      ","2025","05","09","12",9.7,,,"8","W","W",,"8",,"8",,"8",6,,8,
"250240010","STRZY¯ÓW                      ","2025","05","09","18",6.9,,,"8",,"W",,"8",,"8",,"8",6,,8,
"250240010","STRZY¯ÓW                      ","2025","05","10","06",6.1,,,"8",,"W",,"8",,"8",,"8",8,,6,
"250240010","STRZY¯ÓW                      ","2025","05","10","12",9.3,,,"8","W","W",,"8",,"8",,"8",8,,7,
"250240010","STRZY¯ÓW                      ","2025","05","10","18",5.2,,,"8",,"W",,"8",,"8",,"8",7,,8,
"250240010","STRZY¯ÓW                      ","2025","05","11","06",6.2,,,"8",,"W",,"8",,"8",,"8",4,,8,
"250240010","STRZY¯ÓW                      ","2025","05","11","12",10.7,,,"8","W","W",,"8",,"8",,"8",5,,8,
"250240010","STRZY¯ÓW                      ","2025","05","11","18",7.8,,,"8",,"W",,"8",,"8",,"8",5,,8,
"250240010","STRZY¯ÓW                      ","2025","05","12","06",8.3,,,"8","W","W",,"8",,"8",,"8",6,,8,
"250240010","STRZY¯ÓW                      ","2025","05","12","12",12.5,,,"8","W","W",,"8",,"8",,"8",7,,8,
"250240010","STRZY¯ÓW                      ","2025","05","12","18",10.3,,,"8","W","W",,"8",,"8",,"8",6,,8,
"250240010","STRZY¯ÓW                      ","2025","05","13","06",6.0,,,"8",,"W",,"8",,"8",,"8",1,,8,
"250240010","STRZY¯ÓW                      ","2025","05","13","12",15.3,,,"8","W","W",,"8",,"8",,"8",4,,8,
"250240010","STRZY¯ÓW                      ","2025","05","13","18",9.1,,,"8","W","W",,"8",,"8",,"8",1,,8,
"250240010","STRZY¯ÓW                      ","2025","05","14","06",8.3,,,"8","W","W",,"8",,"8",,"8",2,,8,
"250240010","STRZY¯ÓW                      ","2025","05","14","12",10.1,,,"8","W","W",,"8",,"8",,"8",4,,8,
"250240010","STRZY¯ÓW                      ","2025","05","14","18",8.7,,,"8","W","W",,"8",,"8",,"8",6,,8,
"250240010","STRZY¯ÓW                      ","2025","05","15","06",6.5,,,"8",,"W",,"8",,"8",,"8",7,,6,
"250240010","STRZY¯ÓW                      ","2025","05","15","12",9.9,,,"8","W","W",,"8",,"8",,"8",7,,7,
"250240010","STRZY¯ÓW                      ","2025","05","15","18",7.9,,,"8",,"W",,"8",,"8",,"8",6,,7,
"250240010","STRZY¯ÓW                      ","2025","05","16","06",5.9,,,"8",,"W",,"8",,"8",,"8",2,,8,
"250240010","STRZY¯ÓW                      ","2025","05","16","12",11.3,,,"8","W","W",,"8",,"8",,"8",4,,8,
"250240010","STRZY¯ÓW                      ","2025","05","16","18",7.9,,,"8",,"W",,"8",,"8",,"8",6,,8,
"250240010","STRZY¯ÓW                      ","2025","05","17","06",8.5,,,"8","W","W",,"8",,"8",,"8",2,,8,
"250240010","STRZY¯ÓW                      ","2025","05","17","12",13.1,,,"8","W","W",,"8",,"8",,"8",4,,8,
"250240010","STRZY¯ÓW                      ","2025","05","17","18",9.9,,,"8","W","W",,"8",,"8",,"8",2,,8,
"250240010","STRZY¯ÓW                      ","2025","05","18","06",7.3,,,"8",,"W",,"8",,"8",,"8",6,,7,
"250240010","STRZY¯ÓW                      ","2025","05","18","12",10.3,,,"8","W","W",,"8",,"8",,"8",2,,8,
"250240010","STRZY¯ÓW                      ","2025","05","18","18",10.1,,,"8","W","W",,"8",,"8",,"8",6,,8,
"250240010","STRZY¯ÓW                      ","2025","05","19","06",7.9,,,"8",,"W",,"8",,"8",,"8",7,,7,
"250240010","STRZY¯ÓW                      ","2025","05","19","12",13.3,,,"8","W","W",,"8",,"8",,"8",6,,8,
"250240010","STRZY¯ÓW                      ","2025","05","19","18",10.9,,,"8","W","W",,"8",,"8",,"8",1,,8,
"250240010","STRZY¯ÓW                      ","2025","05","20","06",9.1,,,"8","W","W",,"8",,"8",,"8",6,,7,
"250240010","STRZY¯ÓW                      ","2025","05","20","12",17.3,,,"8","W","W",,"8",,"8",,"8",2,,8,
"250240010","STRZY¯ÓW                      ","2025","05","20","18",15.9,,,"8","W","W",,"8",,"8",,"8",1,,8,
"250240010","STRZY¯ÓW                      ","2025","05","21","06",14.7,,,"8","W","W",,"8",,"8",,"8",1,,8,
"250240010","STRZY¯ÓW                      ","2025","05","21","12",20.3,,,"8","W","W",,"8",,"8",,"8",1,,8,
"250240010","STRZY¯ÓW                      ","2025","05","21","18",17.7,,,"8","W","W",,"8",,"8",,"8",1,,8,
"250240010","STRZY¯ÓW                      ","2025","05","22","06",17.1,,,"8","W","W",,"8",,"8",,"8",2,,8,
"250240010","STRZY¯ÓW                      ","2025","05","22","12",22.3,,,"8","W","W",,"8",,"8",,"8",2,,8,
"250240010","STRZY¯ÓW                      ","2025","05","22","18",18.9,,,"8","W","W",,"8",,"8",,"8",4,,8,
"250240010","STRZY¯ÓW                      ","2025","05","23","06",11.1,,,"8","W","W",,"8",,"8",,"8",8,,6,
"250240010","STRZY¯ÓW                      ","2025","05","23","12",11.3,,,"8","W","W",,"8",,"8",,"8",8,,6,
"250240010","STRZY¯ÓW                      ","2025","05","23","18",9.7,,,"8","W","W",,"8",,"8",,"8",8,,7,
"250240010","STRZY¯ÓW                      ","2025","05","24","06",8.7,,,"8","W","W",,"8",,"8",,"8",8,,6,
"250240010","STRZY¯ÓW                      ","2025","05","24","12",11.7,,,"8","W","W",,"8",,"8",,"8",4,,8,
"250240010","STRZY¯ÓW                      ","2025","05","24","18",11.9,,,"8","W","W",,"8",,"8",,"8",4,,8,
"250240010","STRZY¯ÓW                      ","2025","05","25","06",8.7,,,"8","W","W",,"8",,"8",,"8",4,,8,
"250240010","STRZY¯ÓW                      ","2025","05","25","12",16.5,,,"8","W","W",,"8",,"8",,"8",1,,8,
"250240010","STRZY¯ÓW                      ","2025","05","25","18",14.9,,,"8","W","W",,"8",,"8",,"8",1,,8,
"250240010","STRZY¯ÓW                      ","2025","05","26","06",13.1,,,"8","W","W",,"8",,"8",,"8",2,,8,
"250240010","STRZY¯ÓW                      ","2025","05","26","12",19.1,,,"8","W","W",,"8",,"8",,"8",1,,8,
"250240010","STRZY¯ÓW                      ","2025","05","26","18",15.1,,,"8","W","W",,"8",,"8",,"8",2,,8,
"250240010","STRZY¯ÓW                      ","2025","05","27","06",14.1,,,"8","W","W",,"8",,"8",,"8",3,,8,
"250240010","STRZY¯ÓW                      ","2025","05","27","12",20.5,,,"8","W","W",,"8",,"8",,"8",2,,8,
"250240010","STRZY¯ÓW                      ","2025","05","27","18",16.1,,,"8","W","W",,"8",,"8",,"8",2,,8,
"250240010","STRZY¯ÓW                      ","2025","05","28","06",15.9,,,"8","W","W",,"8",,"8",,"8",4,,7,
"250240010","STRZY¯ÓW                      ","2025","05","28","12",21.1,,,"8","W","W",,"8",,"8",,"8",6,,7,
"250240010","STRZY¯ÓW                      ","2025","05","28","18",16.7,,,"8","W","W",,"8",,"8",,"8",6,,7,
"250240010","STRZY¯ÓW                      ","2025","05","29","06",14.7,,,"8","W","W",,"8",,"8",,"8",4,,7,
"250240010","STRZY¯ÓW                      ","2025","05","29","12",17.5,,,"8","W","W",,"8",,"8",,"8",8,,5,
"250240010","STRZY¯ÓW                      ","2025","05","29","18",13.5,,,"8","W","W",,"8",,"8",,"8",6,,7,
"250240010","STRZY¯ÓW                      ","2025","05","30","06",12.9,,,"8","W","W",,"8",,"8",,"8",1,,8,
"250240010","STRZY¯ÓW                      ","2025","05","30","12",20.1,,,"8","W","W",,"8",,"8",,"8",1,,8,
"250240010","STRZY¯ÓW                      ","2025","05","30","18",15.5,,,"8","W","W",,"8",,"8",,"8",1,,8,
"250240010","STRZY¯ÓW                      ","2025","05","31","06",16.7,,,"8","W","W",,"8",,"8",,"8",1,,8,
"250240010","STRZY¯ÓW                      ","2025","05","31","12",21.3,,,"8","W","W",,"8",,"8",,"8",4,,8,
"250240010","STRZY¯ÓW                      ","2025","05","31","18",17.1,,,"8","W","W",,"8",,"8",,"8",2,,8,
"251160320","RADZYÑ                        ","2025","05","01","06",13.1,,11.6,,"W","W",84,,"C  ",,0,,1,,8,
"251160320","RADZYÑ                        ","2025","05","01","12",21.2,,14.5,,"W","W",47,,"NE ",,2,,6,,8,
"251160320","RADZYÑ                        ","2025","05","01","18",19.8,,13.7,,"W","W",50,,"SE ",,2,,5,,8,
"251160320","RADZYÑ                        ","2025","05","02","06",15.2,,11.7,,"W","W",66,,"SSE",,2,,3,,8,
"251160320","RADZYÑ                        ","2025","05","02","12",27.9,,16.7,,"W","W",30,,"W  ",,3,,7,,8,
"251160320","RADZYÑ                        ","2025","05","02","18",23.8,,16.1,,"W","W",44,,"C  ",,0,,6,,7,
"251160320","RADZYÑ                        ","2025","05","03","06",14.7,,14.0,,"W","W",93,,"W  ",,2,,7,,7,
"251160320","RADZYÑ                        ","2025","05","03","12",20.9,,16.5,,"W","W",64,,"NNE",,2,,6,,7,
"251160320","RADZYÑ                        ","2025","05","03","18",15.1,,15.0,,"W","W",99,,"WSW",,1,,8,,6,
"251160320","RADZYÑ                        ","2025","05","04","06",10.1,,8.3,,"W","W",79,,"WNW",,4,,4,,8,
"251160320","RADZYÑ                        ","2025","05","04","12",12.9,,9.2,,"W","W",61,,"W  ",,3,,4,,8,
"251160320","RADZYÑ                        ","2025","05","04","18",11.2,,8.5,,"W","W",70,,"WSW",,1,,3,,8,
"251160320","RADZYÑ                        ","2025","05","05","06",6.3,,5.0,,"W","W",82,,"N  ",,3,,6,,8,
"251160320","RADZYÑ                        ","2025","05","05","12",10.9,,6.6,,"W","W",52,,"NNE",,4,,6,,8,
"251160320","RADZYÑ                        ","2025","05","05","18",10.3,,6.2,,"W","W",53,,"ENE",,2,,4,,8,
"251160320","RADZYÑ                        ","2025","05","06","06",5.9,,5.3,,"W","W",92,,"C  ",,0,,1,,8,
"251160320","RADZYÑ                        ","2025","05","06","12",13.6,,7.0,,"W","W",35,,"NNE",,2,,2,,8,
"251160320","RADZYÑ                        ","2025","05","06","18",14.1,,8.0,,"W","W",41,,"NW ",,1,,1,,8,
"251160320","RADZYÑ                        ","2025","05","07","06",7.9,,6.2,,"W","W",78,,"NE ",,7,,4,,8,
"251160320","RADZYÑ                        ","2025","05","07","12",12.5,,7.5,,"W","W",48,,"NE ",,5,,5,,8,
"251160320","RADZYÑ                        ","2025","05","07","18",12.2,,7.4,,"W","W",49,,"NE ",,6,,7,,8,
"251160320","RADZYÑ                        ","2025","05","08","06",7.1,,5.3,,"W","W",76,,"ENE",,4,,6,,8,
"251160320","RADZYÑ                        ","2025","05","08","12",12.8,,7.2,,"W","W",43,,"NNE",,6,,4,,8,
"251160320","RADZYÑ                        ","2025","05","08","18",11.9,,7.1,,"W","W",49,,"NNE",,4,,2,,8,
"251160320","RADZYÑ                        ","2025","05","09","06",6.7,,5.2,,"W","W",80,,"SSW",,1,,8,,8,
"251160320","RADZYÑ                        ","2025","05","09","12",15.6,,8.2,,"W","W",33,,"NE ",,2,,5,,8,
"251160320","RADZYÑ                        ","2025","05","09","18",15.6,,10.2,,"W","W",49,,"NW ",,1,,6,,8,
"251160320","RADZYÑ                        ","2025","05","10","06",11.5,,8.8,,"W","W",70,,"W  ",,1,,8,,8,
"251160320","RADZYÑ                        ","2025","05","10","12",15.5,,12.4,,"W","W",70,,"NNW",,2,,7,,8,
"251160320","RADZYÑ                        ","2025","05","10","18",12.1,,10.9,,"W","W",87,,"C  ",,0,,7,,7,
"251160320","RADZYÑ                        ","2025","05","11","06",7.1,,5.7,,"W","W",81,,"NE ",,2,,1,,7,
"251160320","RADZYÑ                        ","2025","05","11","12",12.4,,7.5,,"W","W",49,,"NE ",,4,,6,,8,
"251160320","RADZYÑ                        ","2025","05","11","18",11.9,,7.7,,"W","W",55,,"SE ",,1,,2,,7,
"251160320","RADZYÑ                        ","2025","05","12","06",7.4,,5.5,,"W","W",75,,"ENE",,2,,0,,7,
"251160320","RADZYÑ                        ","2025","05","12","12",14.9,,8.9,,"W","W",43,,"ESE",,2,,6,,8,
"251160320","RADZYÑ                        ","2025","05","12","18",13.7,,8.7,,"W","W",50,,"NE ",,3,,3,,8,
"251160320","RADZYÑ                        ","2025","05","13","06",7.9,,5.8,,"W","W",73,,"NNE",,1,,0,,7,
"251160320","RADZYÑ                        ","2025","05","13","12",17.7,,10.1,,"W","W",35,,"NW ",,2,,3,,8,
"251160320","RADZYÑ                        ","2025","05","13","18",18.3,,10.3,,"W","W",33,,"NNW",,3,,5,,8,
"251160320","RADZYÑ                        ","2025","05","14","06",13.0,,8.9,,"W","W",57,,"SW ",,2,,6,,8,
"251160320","RADZYÑ                        ","2025","05","14","12",20.8,,12.3,,"W","W",34,,"WNW",,3,,6,,8,
"251160320","RADZYÑ                        ","2025","05","14","18",19.4,,12.3,,"W","W",42,,"WNW",,2,,8,,8,
"251160320","RADZYÑ                        ","2025","05","15","06",6.7,,5.5,,"W","W",84,,"NW ",,2,,2,,7,
"251160320","RADZYÑ                        ","2025","05","15","12",7.6,,7.0,,"W","W",92,,"NW ",,2,,8,,8,
"251160320","RADZYÑ                        ","2025","05","15","18",10.0,,7.2,,"W","W",67,,"NW ",,3,,7,,8,
"251160320","RADZYÑ                        ","2025","05","16","06",10.2,,8.5,,"W","W",80,,"W  ",,3,,4,,8,
"251160320","RADZYÑ                        ","2025","05","16","12",15.2,,9.7,,"W","W",48,,"NW ",,4,,8,,8,
"251160320","RADZYÑ                        ","2025","05","16","18",11.3,,8.5,,"W","W",69,,"NNW",,4,,7,,8,
"251160320","RADZYÑ                        ","2025","05","17","06",10.6,,8.1,,"W","W",71,,"W  ",,3,,8,,8,
"251160320","RADZYÑ                        ","2025","05","17","12",9.0,,7.7,,"W","W",84,,"NW ",,3,,7,,8,
"251160320","RADZYÑ                        ","2025","05","17","18",10.1,,7.8,,"W","W",73,,"NW ",,3,,6,,8,
"251160320","RADZYÑ                        ","2025","05","18","06",7.5,,7.2,,"W","W",96,,"W  ",,3,,8,,6,
"251160320","RADZYÑ                        ","2025","05","18","12",8.5,,7.9,,"W","W",92,,"NNW",,3,,8,,6,
"251160320","RADZYÑ                        ","2025","05","18","18",8.8,,8.5,,"W","W",96,,"WSW",,1,,8,,7,
"251160320","RADZYÑ                        ","2025","05","19","06",9.1,,9.1,,"W","W",100,,"W  ",,1,,8,,7,
"251160320","RADZYÑ                        ","2025","05","19","12",10.3,,10.2,,"W","W",99,,"WNW",,2,,8,,5,
"251160320","RADZYÑ                        ","2025","05","19","18",10.7,,10.6,,"W","W",99,,"W  ",,2,,8,,5,
"251160320","RADZYÑ                        ","2025","05","20","06",13.3,,11.9,,"W","W",85,,"N  ",,2,,1,,7,
"251160320","RADZYÑ                        ","2025","05","20","12",21.4,,15.0,,"W","W",50,,"W  ",,2,,6,,8,
"251160320","RADZYÑ                        ","2025","05","20","18",18.8,,14.2,,"W","W",60,,"SSW",,1,,1,,8,
"251160320","RADZYÑ                        ","2025","05","21","06",15.9,,13.7,,"W","W",78,,"S  ",,2,,7,,7,
"251160320","RADZYÑ                        ","2025","05","21","12",22.1,,16.2,,"W","W",54,,"WSW",,4,,6,,8,
"251160320","RADZYÑ                        ","2025","05","21","18",20.4,,11.8,,"W","W",33,,"W  ",,2,,6,,8,
"251160320","RADZYÑ                        ","2025","05","22","06",11.6,,9.2,,"W","W",73,,"W  ",,2,,8,,8,
"251160320","RADZYÑ                        ","2025","05","22","12",16.5,,10.6,,"W","W",47,,"WNW",,4,,6,,8,
"251160320","RADZYÑ                        ","2025","05","22","18",13.5,,7.9,,"W","W",44,,"WSW",,2,,7,,8,
"251160320","RADZYÑ                        ","2025","05","23","06",9.0,,6.0,,"W","W",64,,"SSW",,2,,0,,7,
"251160320","RADZYÑ                        ","2025","05","23","12",14.2,,8.8,,"W","W",47,,"W  ",,2,,6,,8,
"251160320","RADZYÑ                        ","2025","05","23","18",11.5,,8.0,,"W","W",61,,"WNW",,1,,1,,8,
"251160320","RADZYÑ                        ","2025","05","24","06",9.1,,6.8,,"W","W",72,,"SW ",,2,,1,,8,
"251160320","RADZYÑ                        ","2025","05","24","12",14.5,,9.4,,"W","W",50,,"WNW",,2,,6,,8,
"251160320","RADZYÑ                        ","2025","05","24","18",14.9,,9.8,,"W","W",51,,"SSW",,1,,3,,8,
"251160320","RADZYÑ                        ","2025","05","25","06",12.0,,8.8,,"W","W",65,,"SSE",,2,,3,,8,
"251160320","RADZYÑ                        ","2025","05","25","12",21.3,,12.8,,"W","W",35,,"S  ",,4,,4,,8,
"251160320","RADZYÑ                        ","2025","05","25","18",16.7,,13.1,,"W","W",66,,"SSW",,2,,8,,8,
"251160320","RADZYÑ                        ","2025","05","26","06",14.1,,13.8,,"W","W",97,,"WSW",,2,,6,,7,
"251160320","RADZYÑ                        ","2025","05","26","12",18.3,,14.7,,"W","W",68,,"NW ",,4,,7,,8,
"251160320","RADZYÑ                        ","2025","05","26","18",17.9,,12.2,,"W","W",50,,"NW ",,1,,1,,8,
"251160320","RADZYÑ                        ","2025","05","27","06",14.2,,11.7,,"W","W",74,,"E  ",,1,,4,,8,
"251160320","RADZYÑ                        ","2025","05","27","12",22.3,,14.3,,"W","W",40,,"SSW",,3,,6,,8,
"251160320","RADZYÑ                        ","2025","05","27","18",19.7,,13.4,,"W","W",48,,"SSW",,1,,2,,8,
"251160320","RADZYÑ                        ","2025","05","28","06",17.2,,13.9,,"W","W",69,,"S  ",,2,,8,,8,
"251160320","RADZYÑ                        ","2025","05","28","12",15.3,,15.0,,"W","W",97,,"SSW",,1,,8,,6,
"251160320","RADZYÑ                        ","2025","05","28","18",13.5,,13.3,,"W","W",98,,"SSW",,1,,7,,8,
"251160320","RADZYÑ                        ","2025","05","29","06",13.4,,11.5,,"W","W",80,,"NW ",,4,,3,,8,
"251160320","RADZYÑ                        ","2025","05","29","12",17.2,,12.6,,"W","W",58,,"WNW",,3,,4,,8,
"251160320","RADZYÑ                        ","2025","05","29","18",16.6,,11.4,,"W","W",52,,"W  ",,1,,6,,8,
"251160320","RADZYÑ                        ","2025","05","30","06",13.2,,12.9,,"W","W",97,,"SSW",,2,,8,,6,
"251160320","RADZYÑ                        ","2025","05","30","12",20.8,,17.5,,"W","W",72,,"WNW",,3,,7,,8,
"251160320","RADZYÑ                        ","2025","05","30","18",21.2,,18.3,,"W","W",76,,"C  ",,0,,2,,8,
"251160320","RADZYÑ                        ","2025","05","31","06",18.5,,16.3,,"W","W",80,,"NE ",,1,,2,,8,
"251160320","RADZYÑ                        ","2025","05","31","12",24.7,,18.8,,"W","W",57,,"NW ",,2,,4,,8,
"251160320","RADZYÑ                        ","2025","05","31","18",23.0,,18.5,,"W","W",65,,"NE ",,3,,6,,8,
"251190050","PUCZNIEW                      ","2025","05","01","06",12.5,,,"8",,,,"8",,"8",,"8",0,,7,
"251190050","PUCZNIEW                      ","2025","05","01","18",16.0,,,"8",,,,"8",,"8",,"8",2,,7,
"251190050","PUCZNIEW                      ","2025","05","02","06",12.2,,,"8",,,,"8",,"8",,"8",0,,7,
"251190050","PUCZNIEW                      ","2025","05","02","18",20.6,,,"8",,,,"8",,"8",,"8",6,,7,
"251190050","PUCZNIEW                      ","2025","05","03","06",15.3,,,"8",,,,"8",,"8",,"8",2,,7,
"251190050","PUCZNIEW                      ","2025","05","03","18",18.3,,,"8",,,,"8",,"8",,"8",8,,6,
"251190050","PUCZNIEW                      ","2025","05","04","06",11.8,,,"8",,,,"8",,"8",,"8",8,,7,
"251190050","PUCZNIEW                      ","2025","05","04","18",11.1,,,"8",,,,"8",,"8",,"8",4,,7,
"251190050","PUCZNIEW                      ","2025","05","05","06",6.3,,,"8",,,,"8",,"8",,"8",8,,7,
"251190050","PUCZNIEW                      ","2025","05","05","18",7.6,,,"8",,,,"8",,"8",,"8",8,,7,
"251190050","PUCZNIEW                      ","2025","05","06","06",5.1,,,"8",,,,"8",,"8",,"8",7,,7,
"251190050","PUCZNIEW                      ","2025","05","06","18",12.3,,,"8",,,,"8",,"8",,"8",4,,7,
"251190050","PUCZNIEW                      ","2025","05","07","06",5.2,,,"8",,,,"8",,"8",,"8",5,,7,
"251190050","PUCZNIEW                      ","2025","05","07","18",8.2,,,"8",,,,"8",,"8",,"8",4,,7,
"251190050","PUCZNIEW                      ","2025","05","08","06",4.2,,,"8",,,,"8",,"8",,"8",3,,7,
"251190050","PUCZNIEW                      ","2025","05","08","18",9.4,,,"8",,,,"8",,"8",,"8",3,,7,
"251190050","PUCZNIEW                      ","2025","05","09","06",5.5,,,"8",,,,"8",,"8",,"8",8,,7,
"251190050","PUCZNIEW                      ","2025","05","09","18",12.5,,,"8",,,,"8",,"8",,"8",7,,7,
"251190050","PUCZNIEW                      ","2025","05","10","06",9.5,,,"8",,,,"8",,"8",,"8",8,,7,
"251190050","PUCZNIEW                      ","2025","05","10","18",8.8,,,"8",,,,"8",,"8",,"8",6,,7,
"251190050","PUCZNIEW                      ","2025","05","11","06",5.5,,,"8",,,,"8",,"8",,"8",0,,7,
"251190050","PUCZNIEW                      ","2025","05","11","18",10.8,,,"8",,,,"8",,"8",,"8",3,,7,
"251190050","PUCZNIEW                      ","2025","05","12","06",8.0,,,"8",,,,"8",,"8",,"8",0,,7,
"251190050","PUCZNIEW                      ","2025","05","12","18",11.6,,,"8",,,,"8",,"8",,"8",4,,7,
"251190050","PUCZNIEW                      ","2025","05","13","06",8.8,,,"8",,,,"8",,"8",,"8",6,,7,
"251190050","PUCZNIEW                      ","2025","05","13","18",14.7,,,"8",,,,"8",,"8",,"8",2,,7,
"251190050","PUCZNIEW                      ","2025","05","14","06",12.2,,,"8",,,,"8",,"8",,"8",7,,7,
"251190050","PUCZNIEW                      ","2025","05","14","18",15.3,,,"8",,,,"8",,"8",,"8",8,,7,
"251190050","PUCZNIEW                      ","2025","05","15","06",5.1,,,"8",,,,"8",,"8",,"8",7,,7,
"251190050","PUCZNIEW                      ","2025","05","15","18",5.5,,,"8",,,,"8",,"8",,"8",7,,7,
"251190050","PUCZNIEW                      ","2025","05","16","06",8.0,,,"8",,,,"8",,"8",,"8",8,,7,
"251190050","PUCZNIEW                      ","2025","05","16","18",8.2,,,"8",,,,"8",,"8",,"8",7,,7,
"251190050","PUCZNIEW                      ","2025","05","17","06",6.7,,,"8",,,,"8",,"8",,"8",7,,7,
"251190050","PUCZNIEW                      ","2025","05","17","18",7.4,,,"8",,,,"8",,"8",,"8",7,,7,
"251190050","PUCZNIEW                      ","2025","05","18","06",5.6,,,"8",,,,"8",,"8",,"8",8,,7,
"251190050","PUCZNIEW                      ","2025","05","18","18",8.1,,,"8",,,,"8",,"8",,"8",8,,7,
"251190050","PUCZNIEW                      ","2025","05","19","06",7.1,,,"8",,,,"8",,"8",,"8",8,,7,
"251190050","PUCZNIEW                      ","2025","05","19","18",11.1,,,"8",,,,"8",,"8",,"8",7,,7,
"251190050","PUCZNIEW                      ","2025","05","20","06",12.1,,,"8",,,,"8",,"8",,"8",7,,7,
"251190050","PUCZNIEW                      ","2025","05","20","18",17.6,,,"8",,,,"8",,"8",,"8",4,,7,
"251190050","PUCZNIEW                      ","2025","05","21","06",15.9,,,"8",,,,"8",,"8",,"8",2,,7,
"251190050","PUCZNIEW                      ","2025","05","21","18",13.9,,,"8",,,,"8",,"8",,"8",7,,7,
"251190050","PUCZNIEW                      ","2025","05","22","06",14.7,,,"8",,,,"8",,"8",,"8",7,,7,
"251190050","PUCZNIEW                      ","2025","05","22","18",12.7,,,"8",,,,"8",,"8",,"8",7,,7,
"251190050","PUCZNIEW                      ","2025","05","23","06",7.8,,,"8",,,,"8",,"8",,"8",4,,7,
"251190050","PUCZNIEW                      ","2025","05","23","18",13.9,,,"8",,,,"8",,"8",,"8",3,,7,
"251190050","PUCZNIEW                      ","2025","05","24","06",9.5,,,"8",,,,"8",,"8",,"8",2,,7,
"251190050","PUCZNIEW                      ","2025","05","24","18",14.6,,,"8",,,,"8",,"8",,"8",2,,7,
"251190050","PUCZNIEW                      ","2025","05","25","06",11.3,,,"8",,,,"8",,"8",,"8",0,,7,
"251190050","PUCZNIEW                      ","2025","05","25","18",17.1,,,"8",,,,"8",,"8",,"8",0,,7,
"251190050","PUCZNIEW                      ","2025","05","26","06",11.8,,,"8",,,,"8",,"8",,"8",8,,6,
"251190050","PUCZNIEW                      ","2025","05","26","18",15.5,,,"8",,,,"8",,"8",,"8",8,,7,
"251190050","PUCZNIEW                      ","2025","05","27","06",11.3,,,"8",,,,"8",,"8",,"8",2,,2,
"251190050","PUCZNIEW                      ","2025","05","27","18",19.2,,,"8",,,,"8",,"8",,"8",4,,7,
"251190050","PUCZNIEW                      ","2025","05","28","06",15.5,,,"8",,,,"8",,"8",,"8",1,,7,
"251190050","PUCZNIEW                      ","2025","05","28","18",15.2,,,"8",,,,"8",,"8",,"8",8,,6,
"251190050","PUCZNIEW                      ","2025","05","29","06",12.8,,,"8",,,,"8",,"8",,"8",8,,7,
"251190050","PUCZNIEW                      ","2025","05","29","18",16.6,,,"8",,,,"8",,"8",,"8",2,,7,
"251190050","PUCZNIEW                      ","2025","05","30","06",11.5,,,"8",,,,"8",,"8",,"8",3,,7,
"251190050","PUCZNIEW                      ","2025","05","30","18",16.8,,,"8",,,,"8",,"8",,"8",4,,6,
"251190050","PUCZNIEW                      ","2025","05","31","06",17.9,,,"8",,,,"8",,"8",,"8",3,,7,
"251190050","PUCZNIEW                      ","2025","05","31","18",23.1,,,"8",,,,"8",,"8",,"8",2,,7,
"251200030","SKIERNIEWICE                  ","2025","05","01","06",12.5,,10.0,,"W","W",73,,"NE ",,1,,5,,7,
"251200030","SKIERNIEWICE                  ","2025","05","01","12",19.4,,11.9,,"W","W",39,,"S  ",,1,,3,,7,
"251200030","SKIERNIEWICE                  ","2025","05","01","18",15.2,,9.8,,"W","W",49,,"C  ",,0,,2,,7,
"251200030","SKIERNIEWICE                  ","2025","05","02","06",13.6,,10.2,,"W","W",65,,"S  ",,2,,6,,7,
"251200030","SKIERNIEWICE                  ","2025","05","02","12",24.9,,15.1,,"W","W",33,,"SW ",,4,,6,,7,
"251200030","SKIERNIEWICE                  ","2025","05","02","18",22.2,,15.6,,"W","W",49,,"NNW",,4,,8,,7,
"251200030","SKIERNIEWICE                  ","2025","05","03","06",16.4,,14.0,,"W","W",77,,"W  ",,1,,1,,6,
"251200030","SKIERNIEWICE                  ","2025","05","03","12",22.1,,16.1,,"W","W",53,,"WSW",,2,,8,,7,
"251200030","SKIERNIEWICE                  ","2025","05","03","18",20.0,,15.0,,"W","W",58,,"NNW",,2,,8,,7,
"251200030","SKIERNIEWICE                  ","2025","05","04","06",12.8,,11.0,,"W","W",80,,"NW ",,2,,7,,7,
"251200030","SKIERNIEWICE                  ","2025","05","04","12",15.2,,10.0,,"W","W",50,,"WNW",,4,,7,,7,
"251200030","SKIERNIEWICE                  ","2025","05","04","18",11.2,,7.6,,"W","W",60,,"W  ",,2,,1,,7,
"251200030","SKIERNIEWICE                  ","2025","05","05","06",5.9,,5.1,,"W","W",89,,"NNW",,2,,8,,6,
"251200030","SKIERNIEWICE                  ","2025","05","05","12",7.1,,5.4,,"W","W",77,,"NNW",,4,,8,,7,
"251200030","SKIERNIEWICE                  ","2025","05","05","18",8.1,,4.8,,"W","W",59,,"WNW",,1,,8,,7,
"251200030","SKIERNIEWICE                  ","2025","05","06","06",5.9,,3.5,,"W","W",67,,"ENE",,1,,7,,7,
"251200030","SKIERNIEWICE                  ","2025","05","06","12",12.7,,7.4,,"W","W",45,,"SW ",,2,,5,,7,
"251200030","SKIERNIEWICE                  ","2025","05","06","18",11.1,,6.4,,"W","W",48,,"W  ",,1,,3,,7,
"251200030","SKIERNIEWICE                  ","2025","05","07","06",6.2,,4.1,,"W","W",71,,"NNW",,2,,3,,7,
"251200030","SKIERNIEWICE                  ","2025","05","07","12",12.7,,6.2,,"W","W",34,,"NE ",,7,,4,,7,
"251200030","SKIERNIEWICE                  ","2025","05","07","18",8.7,,4.2,,"W","W",46,,"NNE",,2,,6,,7,
"251200030","SKIERNIEWICE                  ","2025","05","08","06",4.2,,1.8,,"W","W",65,,"NNW",,2,,5,,7,
"251200030","SKIERNIEWICE                  ","2025","05","08","12",9.9,,4.4,,"W","W",38,,"ESE",,7,,4,,7,
"251200030","SKIERNIEWICE                  ","2025","05","08","18",9.2,,4.1,,"W","W",41,,"NNE",,2,,6,,7,
"251200030","SKIERNIEWICE                  ","2025","05","09","06",6.5,,3.8,,"W","W",64,,"SE ",,1,,7,,7,
"251200030","SKIERNIEWICE                  ","2025","05","09","12",12.3,,6.3,,"W","W",38,,"NNW",,4,,6,,7,
"251200030","SKIERNIEWICE                  ","2025","05","09","18",11.0,,7.5,,"W","W",61,,"SSE",,1,,8,,6,
"251200030","SKIERNIEWICE                  ","2025","05","10","06",9.6,,8.8,,"W","W",90,,"NNW",,2,,8,,7,
"251200030","SKIERNIEWICE                  ","2025","05","10","12",11.3,,8.0,,"W","W",63,,"NNE",,4,,7,,7,
"251200030","SKIERNIEWICE                  ","2025","05","10","18",8.1,,5.6,,"W","W",68,,"NNE",,1,,8,,7,
"251200030","SKIERNIEWICE                  ","2025","05","11","06",6.7,,4.9,,"W","W",76,,"N  ",,2,,1,,7,
"251200030","SKIERNIEWICE                  ","2025","05","11","12",13.4,,7.8,,"W","W",44,,"ENE",,1,,7,,7,
"251200030","SKIERNIEWICE                  ","2025","05","11","18",10.9,,6.2,,"W","W",48,,"N  ",,1,,8,,7,
"251200030","SKIERNIEWICE                  ","2025","05","12","06",8.5,,5.8,,"W","W",67,,"NNE",,2,,1,,7,
"251200030","SKIERNIEWICE                  ","2025","05","12","12",13.3,,7.3,,"W","W",40,,"ENE",,4,,3,,7,
"251200030","SKIERNIEWICE                  ","2025","05","12","18",12.3,,7.0,,"W","W",45,,"NNE",,2,,7,,7,
"251200030","SKIERNIEWICE                  ","2025","05","13","06",9.7,,5.4,,"W","W",50,,"NNW",,1,,6,,7,
"251200030","SKIERNIEWICE                  ","2025","05","13","12",16.2,,8.4,,"W","W",31,,"NNW",,4,,3,,7,
"251200030","SKIERNIEWICE                  ","2025","05","13","18",13.7,,8.4,,"W","W",47,,"WNW",,1,,8,,7,
"251200030","SKIERNIEWICE                  ","2025","05","14","06",12.7,,10.6,,"W","W",77,,"WNW",,2,,8,,7,
"251200030","SKIERNIEWICE                  ","2025","05","14","12",19.8,,12.4,,"W","W",40,,"W  ",,7,,6,,7,
"251200030","SKIERNIEWICE                  ","2025","05","14","18",11.5,,10.8,,"W","W",92,,"N  ",,2,,8,,7,
"251200030","SKIERNIEWICE                  ","2025","05","15","06",5.9,,4.0,,"W","W",74,,"N  ",,2,,7,,7,
"251200030","SKIERNIEWICE                  ","2025","05","15","12",9.9,,6.2,,"W","W",57,,"WSW",,4,,6,,7,
"251200030","SKIERNIEWICE                  ","2025","05","15","18",6.1,,4.5,,"W","W",78,,"NW ",,1,,7,,7,
"251200030","SKIERNIEWICE                  ","2025","05","16","06",7.0,,6.4,,"W","W",92,,"WNW",,4,,8,,5,
"251200030","SKIERNIEWICE                  ","2025","05","16","12",8.1,,6.0,,"W","W",73,,"NNW",,4,,8,,7,
"251200030","SKIERNIEWICE                  ","2025","05","16","18",7.6,,6.2,,"W","W",82,,"SW ",,1,,5,,7,
"251200030","SKIERNIEWICE                  ","2025","05","17","06",6.9,,5.5,,"W","W",81,,"W  ",,4,,7,,7,
"251200030","SKIERNIEWICE                  ","2025","05","17","12",7.8,,6.3,,"W","W",81,,"NNW",,4,,8,,6,
"251200030","SKIERNIEWICE                  ","2025","05","17","18",8.3,,6.6,,"W","W",78,,"WNW",,2,,7,,6,
"251200030","SKIERNIEWICE                  ","2025","05","18","06",6.3,,5.6,,"W","W",90,,"SSW",,1,,8,,6,
"251200030","SKIERNIEWICE                  ","2025","05","18","12",9.2,,7.4,,"W","W",78,,"SW ",,2,,8,,7,
"251200030","SKIERNIEWICE                  ","2025","05","18","18",9.5,,8.0,,"W","W",82,,"WSW",,1,,7,,7,
"251200030","SKIERNIEWICE                  ","2025","05","19","06",6.4,,6.4,,"W","W",100,,"WNW",,2,,8,,4,
"251200030","SKIERNIEWICE                  ","2025","05","19","12",14.3,,10.0,,"W","W",57,,"W  ",,4,,6,,7,
"251200030","SKIERNIEWICE                  ","2025","05","19","18",12.3,,9.9,,"W","W",74,,"NW ",,2,,6,,7,
"251200030","SKIERNIEWICE                  ","2025","05","20","06",11.7,,10.4,,"W","W",85,,"W  ",,1,,7,,6,
"251200030","SKIERNIEWICE                  ","2025","05","20","12",20.5,,13.7,,"W","W",46,,"WNW",,4,,5,,7,
"251200030","SKIERNIEWICE                  ","2025","05","20","18",17.8,,12.8,,"W","W",56,,"WSW",,1,,2,,7,
"251200030","SKIERNIEWICE                  ","2025","05","21","06",17.5,,13.2,,"W","W",61,,"WNW",,4,,2,,7,
"251200030","SKIERNIEWICE                  ","2025","05","21","12",22.1,,14.4,,"W","W",42,,"SSW",,4,,7,,7,
"251200030","SKIERNIEWICE                  ","2025","05","21","18",13.1,,12.4,,"W","W",92,,"S  ",,2,,7,,7,
"251200030","SKIERNIEWICE                  ","2025","05","22","06",15.8,,13.1,,"W","W",74,,"SW ",,1,,7,,6,
"251200030","SKIERNIEWICE                  ","2025","05","22","12",15.2,,11.3,,"W","W",62,,"NW ",,2,,8,,7,
"251200030","SKIERNIEWICE                  ","2025","05","22","18",11.9,,11.5,,"W","W",95,,"SSW",,1,,8,,5,
"251200030","SKIERNIEWICE                  ","2025","05","23","06",8.9,,6.6,,"W","W",72,,"NW ",,4,,8,,7,
"251200030","SKIERNIEWICE                  ","2025","05","23","12",12.9,,8.2,,"W","W",51,,"WNW",,2,,7,,7,
"251200030","SKIERNIEWICE                  ","2025","05","23","18",13.4,,8.1,,"W","W",47,,"NNW",,2,,6,,7,
"251200030","SKIERNIEWICE                  ","2025","05","24","06",10.4,,7.6,,"W","W",68,,"NNW",,1,,8,,7,
"251200030","SKIERNIEWICE                  ","2025","05","24","12",16.0,,9.1,,"W","W",38,,"WSW",,2,,8,,7,
"251200030","SKIERNIEWICE                  ","2025","05","24","18",14.1,,9.1,,"W","W",51,,"WNW",,1,,5,,7,
"251200030","SKIERNIEWICE                  ","2025","05","25","06",13.2,,9.2,,"W","W",59,,"SE ",,1,,1,,7,
"251200030","SKIERNIEWICE                  ","2025","05","25","12",18.9,,11.3,,"W","W",37,,"SSW",,2,,6,,7,
"251200030","SKIERNIEWICE                  ","2025","05","25","18",17.5,,11.4,,"W","W",46,,"SW ",,1,,2,,7,
"251200030","SKIERNIEWICE                  ","2025","05","26","06",11.1,,8.6,,"W","W",72,,"SSW",,2,,4,,7,
"251200030","SKIERNIEWICE                  ","2025","05","26","12",15.4,,14.4,,"W","W",90,,"NNW",,4,,8,,6,
"251200030","SKIERNIEWICE                  ","2025","05","26","18",14.3,,13.9,,"W","W",96,,"NNW",,2,,8,,6,
"251200030","SKIERNIEWICE                  ","2025","05","27","06",14.2,,10.6,,"W","W",64,,"NNE",,2,,4,,7,
"251200030","SKIERNIEWICE                  ","2025","05","27","12",20.0,,12.8,,"W","W",42,,"WNW",,2,,1,,7,
"251200030","SKIERNIEWICE                  ","2025","05","27","18",18.4,,13.1,,"W","W",54,,"NNW",,1,,3,,7,
"251200030","SKIERNIEWICE                  ","2025","05","28","06",17.9,,12.8,,"W","W",55,,"WSW",,2,,2,,7,
"251200030","SKIERNIEWICE                  ","2025","05","28","12",22.5,,14.3,,"W","W",39,,"SW ",,2,,5,,7,
"251200030","SKIERNIEWICE                  ","2025","05","28","18",17.3,,14.4,,"W","W",73,,"W  ",,2,,8,,7,
"251200030","SKIERNIEWICE                  ","2025","05","29","06",12.8,,11.9,,"W","W",90,,"NNW",,2,,8,,7,
"251200030","SKIERNIEWICE                  ","2025","05","29","12",16.1,,12.6,,"W","W",67,,"NNW",,7,,8,,7,
"251200030","SKIERNIEWICE                  ","2025","05","29","18",15.5,,11.7,,"W","W",63,,"NNW",,1,,6,,7,
"251200030","SKIERNIEWICE                  ","2025","05","30","06",14.8,,10.0,,"W","W",53,,"W  ",,2,,4,,7,
"251200030","SKIERNIEWICE                  ","2025","05","30","12",18.8,,12.9,,"W","W",50,,"W  ",,7,,8,,7,
"251200030","SKIERNIEWICE                  ","2025","05","30","18",15.5,,14.4,,"W","W",89,,"WSW",,2,,8,,6,
"251200030","SKIERNIEWICE                  ","2025","05","31","06",18.2,,16.4,,"W","W",83,,"WNW",,2,,8,,6,
"251200030","SKIERNIEWICE                  ","2025","05","31","12",23.0,,16.6,,"W","W",51,,"NW ",,1,,8,,7,
"251200030","SKIERNIEWICE                  ","2025","05","31","18",21.5,,16.4,,"W","W",59,,"N  ",,1,,7,,7,
"251210040","JARCZEW                       ","2025","05","01","06",12.9,,11.0,,"W","W",79,,"NW ",,2,,1,,7,
"251210040","JARCZEW                       ","2025","05","01","12",17.8,,11.2,,"W","W",43,,"NW ",,3,,1,,7,
"251210040","JARCZEW                       ","2025","05","01","18",12.9,,11.8,,"W","W",88,,"C  ",,0,,1,,7,
"251210040","JARCZEW                       ","2025","05","02","06",11.9,,8.8,,"W","W",66,,"SSE",,2,,3,,7,
"251210040","JARCZEW                       ","2025","05","02","12",21.0,,14.1,,"W","W",46,,"S  ",,4,,2,,7,
"251210040","JARCZEW                       ","2025","05","02","18",19.1,,14.4,,"W","W",60,,"S  ",,3,,7,,7,
"251210040","JARCZEW                       ","2025","05","03","06",15.5,,14.8,,"W","W",93,,"WNW",,3,,1,,7,
"251210040","JARCZEW                       ","2025","05","03","12",21.7,,16.7,,"W","W",60,,"WNW",,3,,6,,7,
"251210040","JARCZEW                       ","2025","05","03","18",18.3,,17.4,,"W","W",92,,"C  ",,0,,8,,7,
"251210040","JARCZEW                       ","2025","05","04","06",14.7,,14.0,,"W","W",93,,"WSW",,4,,8,,7,
"251210040","JARCZEW                       ","2025","05","04","12",15.1,,11.0,,"W","W",60,,"WNW",,8,,6,,7,
"251210040","JARCZEW                       ","2025","05","04","18",11.1,,7.9,,"W","W",64,,"WNW",,5,,7,,7,
"251210040","JARCZEW                       ","2025","05","05","06",7.0,,6.1,,"W","W",88,,"NW ",,4,,8,,7,
"251210040","JARCZEW                       ","2025","05","05","12",7.7,,6.5,,"W","W",84,,"NW ",,1,,8,,7,
"251210040","JARCZEW                       ","2025","05","05","18",7.6,,7.0,,"W","W",92,,"C  ",,0,,8,,7,
"251210040","JARCZEW                       ","2025","05","06","06",5.9,,4.7,,"W","W",83,,"E  ",,2,,6,,7,
"251210040","JARCZEW                       ","2025","05","06","12",11.7,,7.7,,"W","W",57,,"NNW",,4,,7,,7,
"251210040","JARCZEW                       ","2025","05","06","18",8.7,,8.4,,"W","W",96,,"C  ",,0,,2,,7,
"251210040","JARCZEW                       ","2025","05","07","06",5.9,,5.1,,"W","W",89,,"NNE",,2,,2,,7,
"251210040","JARCZEW                       ","2025","05","07","12",11.9,,7.6,,"W","W",54,,"NE ",,3,,2,,7,
"251210040","JARCZEW                       ","2025","05","07","18",5.1,,4.9,,"W","W",97,,"C  ",,0,,1,,7,
"251210040","JARCZEW                       ","2025","05","08","06",3.9,,2.5,,"W","W",79,,"NW ",,2,,1,,7,
"251210040","JARCZEW                       ","2025","05","08","12",9.7,,6.1,,"W","W",58,,"WSW",,2,,3,,7,
"251210040","JARCZEW                       ","2025","05","08","18",7.6,,5.7,,"W","W",75,,"NNE",,1,,4,,7,
"251210040","JARCZEW                       ","2025","05","09","06",2.9,,2.3,,"W","W",90,,"NW ",,2,,8,,7,
"251210040","JARCZEW                       ","2025","05","09","12",9.6,,6.8,,"W","W",67,,"NW ",,3,,8,,7,
"251210040","JARCZEW                       ","2025","05","09","18",8.1,,6.8,,"W","W",83,,"NW ",,1,,8,,7,
"251210040","JARCZEW                       ","2025","05","10","06",8.3,,8.0,,"W","W",96,,"WNW",,5,,8,,6,
"251210040","JARCZEW                       ","2025","05","10","12",6.9,,6.2,,"W","W",90,,"NE ",,2,,8,,7,
"251210040","JARCZEW                       ","2025","05","10","18",6.6,,6.1,,"W","W",93,,"NW ",,2,,8,,7,
"251210040","JARCZEW                       ","2025","05","11","06",7.7,,6.1,,"W","W",79,,"NNE",,2,,5,,7,
"251210040","JARCZEW                       ","2025","05","11","12",10.8,,7.6,,"W","W",64,,"WNW",,4,,8,,7,
"251210040","JARCZEW                       ","2025","05","11","18",8.9,,8.2,,"W","W",91,,"E  ",,1,,8,,7,
"251210040","JARCZEW                       ","2025","05","12","06",8.1,,5.9,,"W","W",72,,"E  ",,2,,1,,7,
"251210040","JARCZEW                       ","2025","05","12","12",12.2,,9.2,,"W","W",67,,"NW ",,2,,6,,7,
"251210040","JARCZEW                       ","2025","05","12","18",10.4,,8.8,,"W","W",81,,"WNW",,1,,7,,7,
"251210040","JARCZEW                       ","2025","05","13","06",7.7,,6.4,,"W","W",83,,"WNW",,2,,1,,7,
"251210040","JARCZEW                       ","2025","05","13","12",14.8,,9.8,,"W","W",52,,"NW ",,4,,1,,7,
"251210040","JARCZEW                       ","2025","05","13","18",11.0,,10.1,,"W","W",89,,"WNW",,1,,4,,7,
"251210040","JARCZEW                       ","2025","05","14","06",9.8,,9.6,,"W","W",98,,"W  ",,3,,8,,7,
"251210040","JARCZEW                       ","2025","05","14","12",13.7,,12.9,,"W","W",91,,"S  ",,1,,8,,7,
"251210040","JARCZEW                       ","2025","05","14","18",10.3,,9.9,,"W","W",95,,"W  ",,3,,8,,6,
"251210040","JARCZEW                       ","2025","05","15","06",4.2,,3.7,,"W","W",92,,"NNW",,2,,3,,7,
"251210040","JARCZEW                       ","2025","05","15","12",10.6,,6.9,,"W","W",58,,"WNW",,4,,6,,7,
"251210040","JARCZEW                       ","2025","05","15","18",6.5,,5.2,,"W","W",82,,"WNW",,3,,5,,7,
"251210040","JARCZEW                       ","2025","05","16","06",5.9,,5.6,,"W","W",96,,"W  ",,6,,8,,6,
"251210040","JARCZEW                       ","2025","05","16","12",7.6,,6.7,,"W","W",88,,"WNW",,6,,8,,7,
"251210040","JARCZEW                       ","2025","05","16","18",6.7,,5.9,,"W","W",89,,"W  ",,2,,8,,7,
"251210040","JARCZEW                       ","2025","05","17","06",5.4,,4.7,,"W","W",90,,"W  ",,4,,8,,7,
"251210040","JARCZEW                       ","2025","05","17","12",9.2,,7.8,,"W","W",83,,"WSW",,4,,8,,6,
"251210040","JARCZEW                       ","2025","05","17","18",8.1,,7.7,,"W","W",95,,"S  ",,1,,4,,7,
"251210040","JARCZEW                       ","2025","05","18","06",5.5,,5.3,,"W","W",97,,"S  ",,1,,8,,7,
"251210040","JARCZEW                       ","2025","05","18","12",9.5,,7.6,,"W","W",77,,"SW ",,2,,8,,7,
"251210040","JARCZEW                       ","2025","05","18","18",6.7,,5.4,,"W","W",82,,"C  ",,0,,2,,7,
"251210040","JARCZEW                       ","2025","05","19","06",6.1,,6.0,,"W","W",99,,"NW ",,2,,8,,7,
"251210040","JARCZEW                       ","2025","05","19","12",13.8,,10.2,,"W","W",63,,"NW ",,4,,6,,7,
"251210040","JARCZEW                       ","2025","05","19","18",11.5,,9.8,,"W","W",81,,"WNW",,3,,3,,7,
"251210040","JARCZEW                       ","2025","05","20","06",11.0,,10.1,,"W","W",89,,"WNW",,6,,7,,7,
"251210040","JARCZEW                       ","2025","05","20","12",18.8,,13.0,,"W","W",51,,"WNW",,6,,3,,7,
"251210040","JARCZEW                       ","2025","05","20","18",17.5,,14.2,,"W","W",70,,"W  ",,3,,1,,7,
"251210040","JARCZEW                       ","2025","05","21","06",14.9,,12.9,,"W","W",80,,"W  ",,3,,2,,7,
"251210040","JARCZEW                       ","2025","05","21","12",19.9,,14.5,,"W","W",55,,"SW ",,3,,6,,7,
"251210040","JARCZEW                       ","2025","05","21","18",17.7,,13.5,,"W","W",62,,"S  ",,2,,7,,7,
"251210040","JARCZEW                       ","2025","05","22","06",13.1,,12.6,,"W","W",94,,"SSE",,3,,8,,7,
"251210040","JARCZEW                       ","2025","05","22","12",19.9,,15.7,,"W","W",64,,"S  ",,3,,7,,7,
"251210040","JARCZEW                       ","2025","05","22","18",12.6,,11.8,,"W","W",91,,"NW ",,2,,8,,7,
"251210040","JARCZEW                       ","2025","05","23","06",10.2,,9.8,,"W","W",95,,"WNW",,4,,8,,7,
"251210040","JARCZEW                       ","2025","05","23","12",13.7,,10.8,,"W","W",70,,"W  ",,2,,8,,7,
"251210040","JARCZEW                       ","2025","05","23","18",11.8,,10.5,,"W","W",85,,"WNW",,1,,8,,7,
"251210040","JARCZEW                       ","2025","05","24","06",10.4,,8.9,,"W","W",82,,"NW ",,1,,8,,7,
"251210040","JARCZEW                       ","2025","05","24","12",13.3,,11.0,,"W","W",76,,"C  ",,0,,8,,7,
"251210040","JARCZEW                       ","2025","05","24","18",11.1,,9.1,,"W","W",77,,"C  ",,0,,1,,7,
"251210040","JARCZEW                       ","2025","05","25","06",9.8,,8.9,,"W","W",89,,"WNW",,1,,2,,7,
"251210040","JARCZEW                       ","2025","05","25","12",17.1,,13.1,,"W","W",63,,"WNW",,2,,5,,7,
"251210040","JARCZEW                       ","2025","05","25","18",14.6,,12.5,,"W","W",79,,"ESE",,1,,2,,7,
"251210040","JARCZEW                       ","2025","05","26","06",15.5,,10.8,,"W","W",55,,"WNW",,2,,2,,7,
"251210040","JARCZEW                       ","2025","05","26","12",20.9,,15.4,,"W","W",55,,"WNW",,3,,4,,7,
"251210040","JARCZEW                       ","2025","05","26","18",16.7,,15.1,,"W","W",84,,"WNW",,2,,8,,7,
"251210040","JARCZEW                       ","2025","05","27","06",12.8,,11.8,,"W","W",89,,"NNW",,1,,8,,7,
"251210040","JARCZEW                       ","2025","05","27","12",19.9,,14.3,,"W","W",54,,"N  ",,2,,1,,7,
"251210040","JARCZEW                       ","2025","05","27","18",19.0,,16.3,,"W","W",76,,"C  ",,0,,1,,7,
"251210040","JARCZEW                       ","2025","05","28","06",15.8,,14.0,,"W","W",82,,"WNW",,1,,1,,7,
"251210040","JARCZEW                       ","2025","05","28","12",20.7,,16.8,,"W","W",67,,"NNW",,1,,6,,7,
"251210040","JARCZEW                       ","2025","05","28","18",19.1,,17.1,,"W","W",82,,"ESE",,1,,6,,7,
"251210040","JARCZEW                       ","2025","05","29","06",14.0,,13.7,,"W","W",97,,"NW ",,5,,8,,6,
"251210040","JARCZEW                       ","2025","05","29","12",14.8,,13.7,,"W","W",89,,"NW ",,6,,8,,7,
"251210040","JARCZEW                       ","2025","05","29","18",15.1,,12.8,,"W","W",77,,"NW ",,3,,3,,7,
"251210040","JARCZEW                       ","2025","05","30","06",12.0,,9.7,,"W","W",75,,"WNW",,4,,1,,7,
"251210040","JARCZEW                       ","2025","05","30","12",19.2,,13.9,,"W","W",55,,"W  ",,4,,2,,7,
"251210040","JARCZEW                       ","2025","05","30","18",15.9,,14.2,,"W","W",83,,"WNW",,5,,7,,7,
"251210040","JARCZEW                       ","2025","05","31","06",16.1,,15.7,,"W","W",96,,"W  ",,3,,8,,7,
"251210040","JARCZEW                       ","2025","05","31","12",21.8,,17.2,,"W","W",63,,"NW ",,4,,6,,7,
"251210040","JARCZEW                       ","2025","05","31","18",19.7,,18.7,,"W","W",91,,"C  ",,0,,2,,7,
"252150120","GORZYÑ                        ","2025","05","01","06",11.3,,10.5,,"W","W",91,,"C  ",,0,,1,,7,
"252150120","GORZYÑ                        ","2025","05","01","12",22.5,,19.8,,"W","W",78,,"W  ",,1,,1,,7,
"252150120","GORZYÑ                        ","2025","05","01","18",20.8,,15.5,,"W","W",57,,"C  ",,0,,2,,7,
"252150120","GORZYÑ                        ","2025","05","02","06",15.1,,11.5,,"W","W",65,,"C  ",,0,,1,,7,
"252150120","GORZYÑ                        ","2025","05","02","12",27.5,,24.9,,"W","W",81,,"NW ",,2,,3,,7,
"252150120","GORZYÑ                        ","2025","05","02","18",21.2,,17.0,,"W","W",65,,"NW ",,2,,2,,7,
"252150120","GORZYÑ                        ","2025","05","03","06",12.5,,11.3,,"W","W",87,,"NW ",,2,,2,,7,
"252150120","GORZYÑ                        ","2025","05","03","12",19.5,,13.8,,"W","W",52,,"NW ",,2,,7,,7,
"252150120","GORZYÑ                        ","2025","05","03","18",18.4,,12.5,,"W","W",49,,"NW ",,2,,7,,6,
"252150120","GORZYÑ                        ","2025","05","04","06",8.7,,7.5,,"W","W",85,,"NW ",,4,,7,,7,
"252150120","GORZYÑ                        ","2025","05","04","12",13.9,,11.7,,"W","W",77,,"NW ",,4,,7,,7,
"252150120","GORZYÑ                        ","2025","05","04","18",9.5,,8.1,,"W","W",83,,"NW ",,4,,6,,7,
"252150120","GORZYÑ                        ","2025","05","05","06",4.9,,4.0,,"W","W",87,,"C  ",,0,,2,,7,
"252150120","GORZYÑ                        ","2025","05","05","12",13.9,,12.7,,"W","W",87,,"NW ",,2,,3,,7,
"252150120","GORZYÑ                        ","2025","05","05","18",7.7,,4.8,,"W","W",63,,"C  ",,0,,2,,7,
"252150120","GORZYÑ                        ","2025","05","06","06",4.5,,3.4,,"W","W",84,,"C  ",,0,,2,,7,
"252150120","GORZYÑ                        ","2025","05","06","12",17.0,,15.5,,"W","W",86,,"W  ",,1,,3,,7,
"252150120","GORZYÑ                        ","2025","05","06","18",10.9,,8.3,,"W","W",70,,"C  ",,0,,4,,7,
"252150120","GORZYÑ                        ","2025","05","07","06",7.3,,5.2,,"W","W",73,,"NE ",,2,,2,,7,
"252150120","GORZYÑ                        ","2025","05","07","12",19.5,,15.8,,"W","W",68,,"NE ",,2,,2,,7,
"252150120","GORZYÑ                        ","2025","05","07","18",9.9,,5.7,,"W","W",52,,"N  ",,1,,1,,7,
"252150120","GORZYÑ                        ","2025","05","08","06",6.7,,4.2,,"W","W",67,,"NE ",,2,,6,,7,
"252150120","GORZYÑ                        ","2025","05","08","12",15.4,,14.8,,"W","W",94,,"C  ",,0,,4,,7,
"252150120","GORZYÑ                        ","2025","05","08","18",9.9,,5.9,,"W","W",54,,"C  ",,0,,5,,7,
"252150120","GORZYÑ                        ","2025","05","09","06",10.5,,6.6,,"W","W",56,,"NW ",,1,,2,,7,
"252150120","GORZYÑ                        ","2025","05","09","12",18.0,,16.9,,"W","W",90,,"NW ",,1,,2,,7,
"252150120","GORZYÑ                        ","2025","05","09","18",13.7,,10.0,,"W","W",62,,"C  ",,0,,5,,7,
"252150120","GORZYÑ                        ","2025","05","10","06",11.9,,10.0,,"W","W",79,,"NW ",,1,,6,,7,
"252150120","GORZYÑ                        ","2025","05","10","12",16.9,,15.5,,"W","W",86,,"C  ",,0,,5,,7,
"252150120","GORZYÑ                        ","2025","05","10","18",13.3,,10.9,,"W","W",75,,"C  ",,0,,5,,7,
"252150120","GORZYÑ                        ","2025","05","11","06",8.7,,6.6,,"W","W",74,,"S  ",,1,,0,,7,
"252150120","GORZYÑ                        ","2025","05","11","12",14.9,,12.9,,"W","W",80,,"S  ",,1,,2,,7,
"252150120","GORZYÑ                        ","2025","05","11","18",10.7,,7.5,,"W","W",64,,"C  ",,0,,0,,7,
"252150120","GORZYÑ                        ","2025","05","12","06",6.3,,4.5,,"W","W",75,,"NE ",,2,,6,,7,
"252150120","GORZYÑ                        ","2025","05","12","12",15.9,,8.4,,"W","W",33,,"NE ",,2,,5,,7,
"252150120","GORZYÑ                        ","2025","05","12","18",13.9,,8.7,,"W","W",48,,"C  ",,0,,2,,7,
"252150120","GORZYÑ                        ","2025","05","13","06",7.4,,4.0,,"W","W",57,,"C  ",,0,,2,,7,
"252150120","GORZYÑ                        ","2025","05","13","12",20.0,,12.7,,"W","W",41,,"NW ",,1,,2,,7,
"252150120","GORZYÑ                        ","2025","05","13","18",16.2,,11.5,,"W","W",56,,"C  ",,0,,1,,7,
"252150120","GORZYÑ                        ","2025","05","14","06",12.5,,10.0,,"W","W",73,,"C  ",,0,,4,,7,
"252150120","GORZYÑ                        ","2025","05","14","12",20.8,,18.6,,"W","W",81,,"NW ",,2,,7,,7,
"252150120","GORZYÑ                        ","2025","05","14","18",17.0,,13.1,,"W","W",64,,"NW ",,2,,8,,7,
"252150120","GORZYÑ                        ","2025","05","15","06",5.9,,4.2,,"W","W",76,,"C  ",,0,,7,,7,
"252150120","GORZYÑ                        ","2025","05","15","12",11.4,,9.7,,"W","W",81,,"NW ",,4,,5,,7,
"252150120","GORZYÑ                        ","2025","05","15","18",8.9,,6.3,,"W","W",68,,"NW ",,2,,8,,7,
"252150120","GORZYÑ                        ","2025","05","16","06",8.1,,6.3,,"W","W",77,,"W  ",,2,,7,,7,
"252150120","GORZYÑ                        ","2025","05","16","12",14.9,,13.4,,"W","W",85,,"W  ",,4,,7,,7,
"252150120","GORZYÑ                        ","2025","05","16","18",9.3,,8.1,,"W","W",85,,"W  ",,4,,7,,7,
"252150120","GORZYÑ                        ","2025","05","17","06",9.9,,8.3,,"W","W",81,,"NW ",,4,,7,,7,
"252150120","GORZYÑ                        ","2025","05","17","12",10.9,,8.4,,"W","W",71,,"NW ",,4,,7,,7,
"252150120","GORZYÑ                        ","2025","05","17","18",7.3,,6.1,,"W","W",84,,"NW ",,4,,7,,7,
"252150120","GORZYÑ                        ","2025","05","18","06",8.3,,7.1,,"W","W",85,,"NW ",,4,,8,,6,
"252150120","GORZYÑ                        ","2025","05","18","12",11.4,,10.9,,"W","W",94,,"NW ",,4,,8,,6,
"252150120","GORZYÑ                        ","2025","05","18","18",8.9,,8.3,,"W","W",92,,"N  ",,1,,8,,7,
"252150120","GORZYÑ                        ","2025","05","19","06",9.1,,8.7,,"W","W",95,,"C  ",,0,,7,,7,
"252150120","GORZYÑ                        ","2025","05","19","12",14.1,,13.8,,"W","W",97,,"W  ",,1,,7,,6,
"252150120","GORZYÑ                        ","2025","05","19","18",11.7,,10.7,,"W","W",89,,"C  ",,0,,7,,6,
"252150120","GORZYÑ                        ","2025","05","20","06",11.1,,9.2,,"W","W",78,,"C  ",,0,,1,,7,
"252150120","GORZYÑ                        ","2025","05","20","12",22.7,,21.8,,"W","W",92,,"NW ",,4,,4,,7,
"252150120","GORZYÑ                        ","2025","05","20","18",17.0,,13.3,,"W","W",66,,"C  ",,0,,1,,7,
"252150120","GORZYÑ                        ","2025","05","21","06",15.3,,13.3,,"W","W",80,,"C  ",,0,,2,,7,
"252150120","GORZYÑ                        ","2025","05","21","12",23.0,,20.8,,"W","W",82,,"N  ",,1,,2,,7,
"252150120","GORZYÑ                        ","2025","05","21","18",18.8,,11.7,,"W","W",41,,"N  ",,1,,1,,7,
"252150120","GORZYÑ                        ","2025","05","22","06",10.9,,8.7,,"W","W",75,,"NW ",,1,,2,,7,
"252150120","GORZYÑ                        ","2025","05","22","12",15.9,,14.0,,"W","W",81,,"NW ",,4,,5,,7,
"252150120","GORZYÑ                        ","2025","05","22","18",14.1,,8.7,,"W","W",47,,"NW ",,4,,4,,7,
"252150120","GORZYÑ                        ","2025","05","23","06",7.9,,5.7,,"W","W",72,,"NW ",,1,,2,,7,
"252150120","GORZYÑ                        ","2025","05","23","12",17.5,,14.8,,"W","W",75,,"NW ",,2,,5,,7,
"252150120","GORZYÑ                        ","2025","05","23","18",14.6,,13.8,,"W","W",92,,"C  ",,0,,3,,7,
"252150120","GORZYÑ                        ","2025","05","24","06",9.9,,7.7,,"W","W",74,,"C  ",,0,,0,,7,
"252150120","GORZYÑ                        ","2025","05","24","12",15.9,,13.8,,"W","W",79,,"C  ",,0,,2,,7,
"252150120","GORZYÑ                        ","2025","05","24","18",9.9,,7.7,,"W","W",74,,"C  ",,0,,1,,7,
"252150120","GORZYÑ                        ","2025","05","25","06",11.9,,8.3,,"W","W",61,,"W  ",,2,,4,,7,
"252150120","GORZYÑ                        ","2025","05","25","12",23.4,,20.8,,"W","W",79,,"W  ",,1,,3,,7,
"252150120","GORZYÑ                        ","2025","05","25","18",17.0,,13.6,,"W","W",68,,"W  ",,1,,5,,7,
"252150120","GORZYÑ                        ","2025","05","26","06",14.5,,12.8,,"W","W",82,,"C  ",,0,,7,,7,
"252150120","GORZYÑ                        ","2025","05","26","12",19.0,,17.3,,"W","W",85,,"NW ",,1,,5,,7,
"252150120","GORZYÑ                        ","2025","05","26","18",15.0,,12.7,,"W","W",77,,"C  ",,0,,5,,7,
"252150120","GORZYÑ                        ","2025","05","27","06",13.5,,11.5,,"W","W",79,,"C  ",,0,,2,,7,
"252150120","GORZYÑ                        ","2025","05","27","12",22.0,,19.3,,"W","W",78,,"C  ",,0,,2,,7,
"252150120","GORZYÑ                        ","2025","05","27","18",18.1,,12.7,,"W","W",53,,"C  ",,0,,3,,7,
"252150120","GORZYÑ                        ","2025","05","28","06",15.3,,11.9,,"W","W",67,,"SW ",,2,,7,,7,
"252150120","GORZYÑ                        ","2025","05","28","12",18.0,,17.9,,"W","W",99,,"SW ",,2,,7,,6,
"252150120","GORZYÑ                        ","2025","05","28","18",14.6,,14.4,,"W","W",98,,"C  ",,0,,7,,7,
"252150120","GORZYÑ                        ","2025","05","29","06",11.9,,10.9,,"W","W",89,,"NW ",,2,,7,,7,
"252150120","GORZYÑ                        ","2025","05","29","12",19.0,,16.9,,"W","W",81,,"W  ",,2,,3,,7,
"252150120","GORZYÑ                        ","2025","05","29","18",15.3,,12.5,,"W","W",72,,"C  ",,0,,3,,7,
"252150120","GORZYÑ                        ","2025","05","30","06",12.7,,12.3,,"W","W",96,,"W  ",,1,,5,,6,
"252150120","GORZYÑ                        ","2025","05","30","12",21.8,,21.4,,"W","W",97,,"W  ",,2,,6,,7,
"252150120","GORZYÑ                        ","2025","05","30","18",19.4,,17.1,,"W","W",79,,"C  ",,0,,5,,7,
"252150120","GORZYÑ                        ","2025","05","31","06",17.8,,16.2,,"W","W",85,,"C  ",,0,,6,,7,
"252150120","GORZYÑ                        ","2025","05","31","12",24.0,,21.9,,"W","W",83,,"C  ",,0,,4,,7,
"252150120","GORZYÑ                        ","2025","05","31","18",21.0,,17.9,,"W","W",74,,"C  ",,0,,4,,7,
"252150270","BABIMOST                      ","2025","05","01","06",12.8,,11.2,,"W","W",83,,"C  ",,0,,0,,8,
"252150270","BABIMOST                      ","2025","05","01","12",21.2,,13.9,,"W","W",43,,"SE ",,2,,6,,8,
"252150270","BABIMOST                      ","2025","05","01","18",19.2,,13.0,,"W","W",48,,"ESE",,2,,4,,8,
"252150270","BABIMOST                      ","2025","05","02","06",14.4,,11.2,,"W","W",68,,"S  ",,2,,5,,8,
"252150270","BABIMOST                      ","2025","05","02","12",27.7,,16.0,,"W","W",27,,"WSW",,7,,6,,8,
"252150270","BABIMOST                      ","2025","05","02","18",24.0,,16.2,,"W","W",44,,"WSW",,3,,5,,8,
"252150270","BABIMOST                      ","2025","05","03","06",14.7,,13.2,,"W","W",85,,"WNW",,3,,6,,6,
"252150270","BABIMOST                      ","2025","05","03","12",20.4,,15.0,,"W","W",56,,"W  ",,5,,7,,8,
"252150270","BABIMOST                      ","2025","05","03","18",14.9,,14.9,,"W","W",100,,"WSW",,2,,8,,7,
"252150270","BABIMOST                      ","2025","05","04","06",9.0,,7.4,,"W","W",80,,"W  ",,7,,7,,8,
"252150270","BABIMOST                      ","2025","05","04","12",12.4,,9.7,,"W","W",71,,"WSW",,7,,8,,8,
"252150270","BABIMOST                      ","2025","05","04","18",12.2,,7.9,,"W","W",54,,"WNW",,5,,6,,8,
"252150270","BABIMOST                      ","2025","05","05","06",5.5,,4.2,,"W","W",82,,"NNE",,2,,4,,8,
"252150270","BABIMOST                      ","2025","05","05","12",11.7,,5.0,,"W","W",30,,"NE ",,4,,4,,8,
"252150270","BABIMOST                      ","2025","05","05","18",9.5,,4.9,,"W","W",47,,"ENE",,3,,7,,8,
"252150270","BABIMOST                      ","2025","05","06","06",5.5,,3.4,,"W","W",71,,"C  ",,0,,1,,7,
"252150270","BABIMOST                      ","2025","05","06","12",14.6,,8.2,,"W","W",39,,"SSW",,2,,2,,8,
"252150270","BABIMOST                      ","2025","05","06","18",13.0,,7.3,,"W","W",42,,"WNW",,1,,1,,8,
"252150270","BABIMOST                      ","2025","05","07","06",7.6,,4.8,,"W","W",64,,"NE ",,5,,3,,8,
"252150270","BABIMOST                      ","2025","05","07","12",13.6,,6.7,,"W","W",33,,"ENE",,6,,7,,8,
"252150270","BABIMOST                      ","2025","05","07","18",11.2,,6.1,,"W","W",45,,"ENE",,4,,8,,8,
"252150270","BABIMOST                      ","2025","05","08","06",6.0,,4.0,,"W","W",72,,"ENE",,3,,7,,8,
"252150270","BABIMOST                      ","2025","05","08","12",12.7,,7.0,,"W","W",42,,"NE ",,5,,6,,8,
"252150270","BABIMOST                      ","2025","05","08","18",11.1,,6.0,,"W","W",44,,"ENE",,4,,2,,8,
"252150270","BABIMOST                      ","2025","05","09","06",6.4,,4.2,,"W","W",70,,"S  ",,1,,6,,8,
"252150270","BABIMOST                      ","2025","05","09","12",15.5,,9.1,,"W","W",41,,"NW ",,2,,5,,8,
"252150270","BABIMOST                      ","2025","05","09","18",15.5,,10.1,,"W","W",49,,"NW ",,2,,5,,8,
"252150270","BABIMOST                      ","2025","05","10","06",11.7,,8.5,,"W","W",65,,"WSW",,2,,7,,8,
"252150270","BABIMOST                      ","2025","05","10","12",13.2,,12.1,,"W","W",88,,"NW ",,4,,8,,7,
"252150270","BABIMOST                      ","2025","05","10","18",12.8,,12.6,,"W","W",98,,"ENE",,2,,5,,8,
"252150270","BABIMOST                      ","2025","05","11","06",7.1,,5.4,,"W","W",77,,"ENE",,2,,1,,8,
"252150270","BABIMOST                      ","2025","05","11","12",14.1,,8.8,,"W","W",48,,"ESE",,4,,3,,8,
"252150270","BABIMOST                      ","2025","05","11","18",12.7,,7.9,,"W","W",50,,"SE ",,2,,1,,8,
"252150270","BABIMOST                      ","2025","05","12","06",7.3,,5.8,,"W","W",80,,"ENE",,2,,1,,8,
"252150270","BABIMOST                      ","2025","05","12","12",14.3,,7.1,,"W","W",32,,"ENE",,4,,6,,8,
"252150270","BABIMOST                      ","2025","05","12","18",13.1,,8.1,,"W","W",49,,"ENE",,3,,2,,8,
"252150270","BABIMOST                      ","2025","05","13","06",9.5,,6.7,,"W","W",67,,"ESE",,1,,0,,8,
"252150270","BABIMOST                      ","2025","05","13","12",18.0,,10.0,,"W","W",33,,"W  ",,3,,2,,8,
"252150270","BABIMOST                      ","2025","05","13","18",17.4,,11.3,,"W","W",46,,"WNW",,2,,6,,8,
"252150270","BABIMOST                      ","2025","05","14","06",13.7,,9.4,,"W","W",56,,"WSW",,3,,6,,8,
"252150270","BABIMOST                      ","2025","05","14","12",22.0,,13.2,,"W","W",34,,"W  ",,8,,7,,8,
"252150270","BABIMOST                      ","2025","05","14","18",18.6,,11.6,,"W","W",41,,"NW ",,4,,7,,8,
"252150270","BABIMOST                      ","2025","05","15","06",7.2,,6.0,,"W","W",84,,"NW ",,3,,2,,8,
"252150270","BABIMOST                      ","2025","05","15","12",9.6,,7.6,,"W","W",76,,"NW ",,6,,7,,8,
"252150270","BABIMOST                      ","2025","05","15","18",9.6,,6.1,,"W","W",59,,"NNW",,4,,4,,8,
"252150270","BABIMOST                      ","2025","05","16","06",11.0,,9.0,,"W","W",77,,"WNW",,5,,7,,8,
"252150270","BABIMOST                      ","2025","05","16","12",16.0,,9.4,,"W","W",40,,"NW ",,7,,7,,8,
"252150270","BABIMOST                      ","2025","05","16","18",10.4,,8.0,,"W","W",72,,"NNW",,4,,8,,8,
"252150270","BABIMOST                      ","2025","05","17","06",10.9,,8.3,,"W","W",70,,"WNW",,5,,7,,8,
"252150270","BABIMOST                      ","2025","05","17","12",9.2,,7.3,,"W","W",77,,"NW ",,3,,7,,8,
"252150270","BABIMOST                      ","2025","05","17","18",9.4,,7.1,,"W","W",72,,"NW ",,4,,6,,8,
"252150270","BABIMOST                      ","2025","05","18","06",8.4,,7.5,,"W","W",88,,"WNW",,5,,8,,8,
"252150270","BABIMOST                      ","2025","05","18","12",8.9,,8.2,,"W","W",91,,"WNW",,2,,8,,6,
"252150270","BABIMOST                      ","2025","05","18","18",9.4,,8.4,,"W","W",88,,"W  ",,2,,8,,7,
"252150270","BABIMOST                      ","2025","05","19","06",9.2,,9.0,,"W","W",97,,"NW ",,4,,8,,6,
"252150270","BABIMOST                      ","2025","05","19","12",10.4,,9.7,,"W","W",92,,"NW ",,4,,8,,7,
"252150270","BABIMOST                      ","2025","05","19","18",12.1,,10.1,,"W","W",78,,"WNW",,3,,8,,8,
"252150270","BABIMOST                      ","2025","05","20","06",12.8,,11.0,,"W","W",80,,"W  ",,2,,1,,8,
"252150270","BABIMOST                      ","2025","05","20","12",21.3,,14.5,,"W","W",47,,"WSW",,4,,5,,8,
"252150270","BABIMOST                      ","2025","05","20","18",20.6,,14.7,,"W","W",52,,"WSW",,2,,1,,8,
"252150270","BABIMOST                      ","2025","05","21","06",14.8,,13.1,,"W","W",83,,"SSW",,2,,6,,8,
"252150270","BABIMOST                      ","2025","05","21","12",22.7,,15.0,,"W","W",43,,"WSW",,6,,4,,8,
"252150270","BABIMOST                      ","2025","05","21","18",20.0,,12.0,,"W","W",36,,"WSW",,4,,6,,8,
"252150270","BABIMOST                      ","2025","05","22","06",11.3,,8.6,,"W","W",70,,"WSW",,4,,7,,8,
"252150270","BABIMOST                      ","2025","05","22","12",16.0,,10.0,,"W","W",45,,"WSW",,6,,7,,8,
"252150270","BABIMOST                      ","2025","05","22","18",13.1,,7.5,,"W","W",43,,"WSW",,3,,4,,8,
"252150270","BABIMOST                      ","2025","05","23","06",8.7,,5.5,,"W","W",61,,"SW ",,8,,0,,8,
"252150270","BABIMOST                      ","2025","05","23","12",13.3,,7.9,,"W","W",46,,"WSW",,5,,6,,8,
"252150270","BABIMOST                      ","2025","05","23","18",11.6,,8.1,,"W","W",62,,"SSW",,2,,2,,8,
"252150270","BABIMOST                      ","2025","05","24","06",9.2,,7.3,,"W","W",77,,"WSW",,5,,1,,8,
"252150270","BABIMOST                      ","2025","05","24","12",14.5,,9.4,,"W","W",50,,"WSW",,6,,6,,8,
"252150270","BABIMOST                      ","2025","05","24","18",15.5,,9.7,,"W","W",46,,"SW ",,2,,1,,8,
"252150270","BABIMOST                      ","2025","05","25","06",12.6,,8.5,,"W","W",57,,"S  ",,3,,5,,8,
"252150270","BABIMOST                      ","2025","05","25","12",21.1,,13.1,,"W","W",38,,"SSW",,6,,7,,8,
"252150270","BABIMOST                      ","2025","05","25","18",16.0,,13.4,,"W","W",75,,"SW ",,4,,8,,8,
"252150270","BABIMOST                      ","2025","05","26","06",15.2,,13.4,,"W","W",82,,"E  ",,3,,7,,8,
"252150270","BABIMOST                      ","2025","05","26","12",17.8,,13.3,,"W","W",60,,"WNW",,6,,6,,8,
"252150270","BABIMOST                      ","2025","05","26","18",18.4,,12.3,,"W","W",48,,"NW ",,1,,1,,8,
"252150270","BABIMOST                      ","2025","05","27","06",15.6,,12.0,,"W","W",65,,"SW ",,2,,2,,8,
"252150270","BABIMOST                      ","2025","05","27","12",20.3,,11.4,,"W","W",31,,"WSW",,5,,6,,8,
"252150270","BABIMOST                      ","2025","05","27","18",18.6,,12.6,,"W","W",49,,"WSW",,3,,2,,8,
"252150270","BABIMOST                      ","2025","05","28","06",16.1,,12.6,,"W","W",67,,"SSW",,4,,7,,8,
"252150270","BABIMOST                      ","2025","05","28","12",15.9,,15.5,,"W","W",96,,"WSW",,4,,8,,7,
"252150270","BABIMOST                      ","2025","05","28","18",14.6,,13.8,,"W","W",92,,"WSW",,3,,7,,8,
"252150270","BABIMOST                      ","2025","05","29","06",12.8,,10.8,,"W","W",78,,"NW ",,5,,5,,8,
"252150270","BABIMOST                      ","2025","05","29","12",16.5,,11.6,,"W","W",55,,"WNW",,5,,5,,8,
"252150270","BABIMOST                      ","2025","05","29","18",16.9,,11.1,,"W","W",48,,"WNW",,3,,7,,8,
"252150270","BABIMOST                      ","2025","05","30","06",13.5,,13.0,,"W","W",95,,"SW ",,4,,8,,6,
"252150270","BABIMOST                      ","2025","05","30","12",21.2,,17.7,,"W","W",71,,"W  ",,4,,7,,8,
"252150270","BABIMOST                      ","2025","05","30","18",21.8,,18.0,,"W","W",69,,"WSW",,2,,4,,8,
"252150270","BABIMOST                      ","2025","05","31","06",19.0,,16.7,,"W","W",79,,"SW ",,2,,3,,8,
"252150270","BABIMOST                      ","2025","05","31","12",24.9,,18.2,,"W","W",52,,"WNW",,4,,4,,8,
"252150270","BABIMOST                      ","2025","05","31","18",23.0,,17.4,,"W","W",57,,"N  ",,2,,7,,8,
"252160230","WIELICHOWO                    ","2025","05","01","06",12.8,,,"8",,,,"8",,"8",,"8",0,,8,
"252160230","WIELICHOWO                    ","2025","05","01","12",21.7,,,"8",,,,"8",,"8",,"8",3,,8,
"252160230","WIELICHOWO                    ","2025","05","01","18",17.4,,,"8",,,,"8",,"8",,"8",0,,8,
"252160230","WIELICHOWO                    ","2025","05","02","06",16.9,,,"8",,,,"8",,"8",,"8",0,,8,
"252160230","WIELICHOWO                    ","2025","05","02","12",27.4,,,"8",,,,"8",,"8",,"8",2,,8,
"252160230","WIELICHOWO                    ","2025","05","02","18",22.1,,,"8",,,,"8",,"8",,"8",2,,8,
"252160230","WIELICHOWO                    ","2025","05","03","06",13.9,,,"8",,,,"8",,"8",,"8",7,,8,
"252160230","WIELICHOWO                    ","2025","05","03","12",20.9,,,"8",,,,"8",,"8",,"8",3,,8,
"252160230","WIELICHOWO                    ","2025","05","03","18",14.9,,,"8",,,,"8",,"8",,"8",8,,8,
"252160230","WIELICHOWO                    ","2025","05","04","06",9.7,,,"8",,,,"8",,"8",,"8",4,,8,
"252160230","WIELICHOWO                    ","2025","05","04","12",13.1,,,"8",,,,"8",,"8",,"8",6,,8,
"252160230","WIELICHOWO                    ","2025","05","04","18",11.7,,,"8",,,,"8",,"8",,"8",6,,8,
"252160230","WIELICHOWO                    ","2025","05","05","06",6.4,,,"8",,,,"8",,"8",,"8",6,,8,
"252160230","WIELICHOWO                    ","2025","05","05","12",11.5,,,"8",,,,"8",,"8",,"8",0,,8,
"252160230","WIELICHOWO                    ","2025","05","05","18",8.7,,,"8",,,,"8",,"8",,"8",0,,8,
"252160230","WIELICHOWO                    ","2025","05","06","06",7.9,,,"8",,,,"8",,"8",,"8",0,,8,
"252160230","WIELICHOWO                    ","2025","05","06","12",14.5,,,"8",,,,"8",,"8",,"8",0,,8,
"252160230","WIELICHOWO                    ","2025","05","06","18",13.9,,,"8",,,,"8",,"8",,"8",0,,8,
"252160230","WIELICHOWO                    ","2025","05","07","06",7.4,,,"8",,,,"8",,"8",,"8",0,,8,
"252160230","WIELICHOWO                    ","2025","05","07","12",13.5,,,"8",,,,"8",,"8",,"8",1,,8,
"252160230","WIELICHOWO                    ","2025","05","07","18",10.7,,,"8",,,,"8",,"8",,"8",1,,8,
"252160230","WIELICHOWO                    ","2025","05","08","06",6.7,,,"8",,,,"8",,"8",,"8",0,,8,
"252160230","WIELICHOWO                    ","2025","05","08","12",12.3,,,"8",,,,"8",,"8",,"8",0,,8,
"252160230","WIELICHOWO                    ","2025","05","08","18",10.5,,,"8",,,,"8",,"8",,"8",0,,8,
"252160230","WIELICHOWO                    ","2025","05","09","06",7.1,,,"8",,,,"8",,"8",,"8",8,,8,
"252160230","WIELICHOWO                    ","2025","05","09","12",16.7,,,"8",,,,"8",,"8",,"8",2,,8,
"252160230","WIELICHOWO                    ","2025","05","09","18",15.7,,,"8",,,,"8",,"8",,"8",2,,8,
"252160230","WIELICHOWO                    ","2025","05","10","06",12.5,,,"8",,,,"8",,"8",,"8",8,,8,
"252160230","WIELICHOWO                    ","2025","05","10","12",14.9,,,"8",,,,"8",,"8",,"8",7,,8,
"252160230","WIELICHOWO                    ","2025","05","10","18",11.7,,,"8",,,,"8",,"8",,"8",7,,8,
"252160230","WIELICHOWO                    ","2025","05","11","06",5.6,,,"8",,,,"8",,"8",,"8",0,,8,
"252160230","WIELICHOWO                    ","2025","05","11","12",12.9,,,"8",,,,"8",,"8",,"8",2,,8,
"252160230","WIELICHOWO                    ","2025","05","11","18",12.1,,,"8",,,,"8",,"8",,"8",0,,8,
"252160230","WIELICHOWO                    ","2025","05","12","06",7.1,,,"8",,,,"8",,"8",,"8",0,,8,
"252160230","WIELICHOWO                    ","2025","05","12","12",14.1,,,"8",,,,"8",,"8",,"8",6,,8,
"252160230","WIELICHOWO                    ","2025","05","12","18",13.1,,,"8",,,,"8",,"8",,"8",1,,8,
"252160230","WIELICHOWO                    ","2025","05","13","06",8.7,,,"8",,,,"8",,"8",,"8",0,,8,
"252160230","WIELICHOWO                    ","2025","05","13","12",18.4,,,"8",,,,"8",,"8",,"8",0,,8,
"252160230","WIELICHOWO                    ","2025","05","13","18",17.6,,,"8",,,,"8",,"8",,"8",0,,8,
"252160230","WIELICHOWO                    ","2025","05","14","06",13.7,,,"8",,,,"8",,"8",,"8",1,,8,
"252160230","WIELICHOWO                    ","2025","05","14","12",21.4,,,"8",,,,"8",,"8",,"8",5,,8,
"252160230","WIELICHOWO                    ","2025","05","14","18",19.5,,,"8",,,,"8",,"8",,"8",3,,8,
"252160230","WIELICHOWO                    ","2025","05","15","06",7.6,,,"8",,,,"8",,"8",,"8",0,,8,
"252160230","WIELICHOWO                    ","2025","05","15","12",9.5,,,"8",,,,"8",,"8",,"8",7,,8,
"252160230","WIELICHOWO                    ","2025","05","15","18",9.9,,,"8",,,,"8",,"8",,"8",2,,8,
"252160230","WIELICHOWO                    ","2025","05","16","06",9.7,,,"8",,,,"8",,"8",,"8",1,,8,
"252160230","WIELICHOWO                    ","2025","05","16","12",14.7,,,"8",,,,"8",,"8",,"8",7,,8,
"252160230","WIELICHOWO                    ","2025","05","16","18",10.5,,,"8",,,,"8",,"8",,"8",8,,8,
"252160230","WIELICHOWO                    ","2025","05","17","06",9.9,,,"8",,,,"8",,"8",,"8",8,,8,
"252160230","WIELICHOWO                    ","2025","05","17","12",10.1,,,"8",,,,"8",,"8",,"8",6,,8,
"252160230","WIELICHOWO                    ","2025","05","17","18",8.5,,,"8",,,,"8",,"8",,"8",7,,8,
"252160230","WIELICHOWO                    ","2025","05","18","06",7.7,,,"8",,,,"8",,"8",,"8",8,,8,
"252160230","WIELICHOWO                    ","2025","05","18","12",9.1,,,"8",,,,"8",,"8",,"8",8,,8,
"252160230","WIELICHOWO                    ","2025","05","18","18",9.7,,,"8",,,,"8",,"8",,"8",7,,8,
"252160230","WIELICHOWO                    ","2025","05","19","06",8.9,,,"8",,,,"8",,"8",,"8",8,,8,
"252160230","WIELICHOWO                    ","2025","05","19","12",10.3,,,"8",,,,"8",,"8",,"8",8,,8,
"252160230","WIELICHOWO                    ","2025","05","19","18",11.5,,,"8",,,,"8",,"8",,"8",8,,8,
"252160230","WIELICHOWO                    ","2025","05","20","06",12.9,,,"8",,,,"8",,"8",,"8",0,,8,
"252160230","WIELICHOWO                    ","2025","05","20","12",21.1,,,"8",,,,"8",,"8",,"8",5,,8,
"252160230","WIELICHOWO                    ","2025","05","20","18",19.5,,,"8",,,,"8",,"8",,"8",0,,8,
"252160230","WIELICHOWO                    ","2025","05","21","06",16.5,,,"8",,,,"8",,"8",,"8",6,,8,
"252160230","WIELICHOWO                    ","2025","05","21","12",21.9,,,"8",,,,"8",,"8",,"8",4,,8,
"252160230","WIELICHOWO                    ","2025","05","21","18",19.0,,,"8",,,,"8",,"8",,"8",0,,8,
"252160230","WIELICHOWO                    ","2025","05","22","06",11.7,,,"8",,,,"8",,"8",,"8",8,,8,
"252160230","WIELICHOWO                    ","2025","05","22","12",15.9,,,"8",,,,"8",,"8",,"8",2,,8,
"252160230","WIELICHOWO                    ","2025","05","22","18",13.7,,,"8",,,,"8",,"8",,"8",6,,8,
"252160230","WIELICHOWO                    ","2025","05","23","06",8.1,,,"8",,,,"8",,"8",,"8",0,,8,
"252160230","WIELICHOWO                    ","2025","05","23","12",14.5,,,"8",,,,"8",,"8",,"8",3,,8,
"252160230","WIELICHOWO                    ","2025","05","23","18",10.9,,,"8",,,,"8",,"8",,"8",0,,8,
"252160230","WIELICHOWO                    ","2025","05","24","06",8.1,,,"8",,,,"8",,"8",,"8",0,,8,
"252160230","WIELICHOWO                    ","2025","05","24","12",13.7,,,"8",,,,"8",,"8",,"8",7,,8,
"252160230","WIELICHOWO                    ","2025","05","24","18",14.5,,,"8",,,,"8",,"8",,"8",0,,8,
"252160230","WIELICHOWO                    ","2025","05","25","06",14.3,,,"8",,,,"8",,"8",,"8",0,,8,
"252160230","WIELICHOWO                    ","2025","05","25","12",20.9,,,"8",,,,"8",,"8",,"8",0,,8,
"252160230","WIELICHOWO                    ","2025","05","25","18",17.3,,,"8",,,,"8",,"8",,"8",7,,8,
"252160230","WIELICHOWO                    ","2025","05","26","06",14.5,,,"8",,,,"8",,"8",,"8",8,,8,
"252160230","WIELICHOWO                    ","2025","05","26","12",18.6,,,"8",,,,"8",,"8",,"8",5,,8,
"252160230","WIELICHOWO                    ","2025","05","26","18",18.3,,,"8",,,,"8",,"8",,"8",0,,8,
"252160230","WIELICHOWO                    ","2025","05","27","06",13.1,,,"8",,,,"8",,"8",,"8",0,,8,
"252160230","WIELICHOWO                    ","2025","05","27","12",20.6,,,"8",,,,"8",,"8",,"8",7,,8,
"252160230","WIELICHOWO                    ","2025","05","27","18",19.3,,,"8",,,,"8",,"8",,"8",0,,8,
"252160230","WIELICHOWO                    ","2025","05","28","06",17.1,,,"8",,,,"8",,"8",,"8",7,,8,
"252160230","WIELICHOWO                    ","2025","05","28","12",15.1,,,"8",,,,"8",,"8",,"8",8,,8,
"252160230","WIELICHOWO                    ","2025","05","28","18",13.5,,,"8",,,,"8",,"8",,"8",7,,8,
"252160230","WIELICHOWO                    ","2025","05","29","06",13.5,,,"8",,,,"8",,"8",,"8",4,,8,
"252160230","WIELICHOWO                    ","2025","05","29","12",17.9,,,"8",,,,"8",,"8",,"8",1,,8,
"252160230","WIELICHOWO                    ","2025","05","29","18",16.9,,,"8",,,,"8",,"8",,"8",0,,8,
"252160230","WIELICHOWO                    ","2025","05","30","06",12.9,,,"8",,,,"8",,"8",,"8",8,,7,
"252160230","WIELICHOWO                    ","2025","05","30","12",19.9,,,"8",,,,"8",,"8",,"8",6,,8,
"252160230","WIELICHOWO                    ","2025","05","30","18",20.9,,,"8",,,,"8",,"8",,"8",6,,8,
"252160230","WIELICHOWO                    ","2025","05","31","06",15.5,,,"8",,,,"8",,"8",,"8",4,,8,
"252160230","WIELICHOWO                    ","2025","05","31","12",24.1,,,"8",,,,"8",,"8",,"8",4,,8,
"252160230","WIELICHOWO                    ","2025","05","31","18",22.0,,,"8",,,,"8",,"8",,"8",3,,8,
"252180080","KO£UDA WIELKA                 ","2025","05","01","06",8.5,,,"8",,,,"8",,"8",,"8",0,,7,
"252180080","KO£UDA WIELKA                 ","2025","05","01","12",19.7,,,"8",,,,"8",,"8",,"8",0,,7,
"252180080","KO£UDA WIELKA                 ","2025","05","01","18",18.9,,,"8",,,,"8",,"8",,"8",0,,7,
"252180080","KO£UDA WIELKA                 ","2025","05","02","06",10.1,,,"8",,,,"8",,"8",,"8",3,,7,
"252180080","KO£UDA WIELKA                 ","2025","05","02","12",24.9,,,"8",,,,"8",,"8",,"8",1,,7,
"252180080","KO£UDA WIELKA                 ","2025","05","02","18",20.1,,,"8",,,,"8",,"8",,"8",8,,7,
"252180080","KO£UDA WIELKA                 ","2025","05","03","06",15.7,,,"8",,,,"8",,"8",,"8",0,,7,
"252180080","KO£UDA WIELKA                 ","2025","05","03","12",20.1,,,"8",,,,"8",,"8",,"8",0,,7,
"252180080","KO£UDA WIELKA                 ","2025","05","03","18",16.8,,,"8",,,,"8",,"8",,"8",0,,7,
"252180080","KO£UDA WIELKA                 ","2025","05","04","06",10.7,,,"8",,,,"8",,"8",,"8",1,,7,
"252180080","KO£UDA WIELKA                 ","2025","05","04","12",12.3,,,"8",,,,"8",,"8",,"8",8,,7,
"252180080","KO£UDA WIELKA                 ","2025","05","04","18",9.4,,,"8",,,,"8",,"8",,"8",8,,7,
"252180080","KO£UDA WIELKA                 ","2025","05","05","06",4.9,,,"8",,,,"8",,"8",,"8",4,,7,
"252180080","KO£UDA WIELKA                 ","2025","05","05","12",8.5,,,"8",,,,"8",,"8",,"8",8,,7,
"252180080","KO£UDA WIELKA                 ","2025","05","05","18",7.9,,,"8",,,,"8",,"8",,"8",0,,7,
"252180080","KO£UDA WIELKA                 ","2025","05","06","06",2.2,,,"8",,,,"8",,"8",,"8",0,,7,
"252180080","KO£UDA WIELKA                 ","2025","05","06","12",14.3,,,"8",,,,"8",,"8",,"8",8,,7,
"252180080","KO£UDA WIELKA                 ","2025","05","06","18",9.3,,,"8",,,,"8",,"8",,"8",2,,7,
"252180080","KO£UDA WIELKA                 ","2025","05","07","06",5.3,,,"8",,,,"8",,"8",,"8",0,,7,
"252180080","KO£UDA WIELKA                 ","2025","05","07","12",8.1,,,"8",,,,"8",,"8",,"8",1,,7,
"252180080","KO£UDA WIELKA                 ","2025","05","07","18",4.7,,,"8",,,,"8",,"8",,"8",8,,7,
"252180080","KO£UDA WIELKA                 ","2025","05","08","06",1.0,,,"8",,,,"8",,"8",,"8",0,,7,
"252180080","KO£UDA WIELKA                 ","2025","05","08","12",9.3,,,"8",,,,"8",,"8",,"8",0,,7,
"252180080","KO£UDA WIELKA                 ","2025","05","08","18",7.7,,,"8",,,,"8",,"8",,"8",0,,7,
"252180080","KO£UDA WIELKA                 ","2025","05","09","06",5.1,,,"8",,,,"8",,"8",,"8",2,,7,
"252180080","KO£UDA WIELKA                 ","2025","05","09","12",5.3,,,"8",,,,"8",,"8",,"8",3,,7,
"252180080","KO£UDA WIELKA                 ","2025","05","09","18",9.9,,,"8",,,,"8",,"8",,"8",8,,7,
"252180080","KO£UDA WIELKA                 ","2025","05","10","06",9.1,,,"8",,,,"8",,"8",,"8",8,,7,
"252180080","KO£UDA WIELKA                 ","2025","05","10","12",11.7,,,"8",,,,"8",,"8",,"8",4,,7,
"252180080","KO£UDA WIELKA                 ","2025","05","10","18",10.3,,,"8",,,,"8",,"8",,"8",2,,7,
"252180080","KO£UDA WIELKA                 ","2025","05","11","06",10.9,,,"8",,,,"8",,"8",,"8",0,,7,
"252180080","KO£UDA WIELKA                 ","2025","05","11","12",11.4,,,"8",,,,"8",,"8",,"8",8,,7,
"252180080","KO£UDA WIELKA                 ","2025","05","11","18",9.9,,,"8",,,,"8",,"8",,"8",8,,7,
"252180080","KO£UDA WIELKA                 ","2025","05","12","06",5.3,,,"8",,,,"8",,"8",,"8",2,,7,
"252180080","KO£UDA WIELKA                 ","2025","05","12","12",14.9,,,"8",,,,"8",,"8",,"8",5,,7,
"252180080","KO£UDA WIELKA                 ","2025","05","12","18",14.3,,,"8",,,,"8",,"8",,"8",4,,7,
"252180080","KO£UDA WIELKA                 ","2025","05","13","06",4.5,,,"8",,,,"8",,"8",,"8",3,,7,
"252180080","KO£UDA WIELKA                 ","2025","05","13","12",17.3,,,"8",,,,"8",,"8",,"8",4,,7,
"252180080","KO£UDA WIELKA                 ","2025","05","13","18",16.3,,,"8",,,,"8",,"8",,"8",8,,7,
"252180080","KO£UDA WIELKA                 ","2025","05","14","06",11.9,,,"8",,,,"8",,"8",,"8",4,,7,
"252180080","KO£UDA WIELKA                 ","2025","05","14","12",14.7,,,"8",,,,"8",,"8",,"8",8,,7,
"252180080","KO£UDA WIELKA                 ","2025","05","14","18",7.5,,,"8",,,,"8",,"8",,"8",8,,7,
"252180080","KO£UDA WIELKA                 ","2025","05","15","06",4.3,,,"8",,,,"8",,"8",,"8",8,,7,
"252180080","KO£UDA WIELKA                 ","2025","05","15","12",6.5,,,"8",,,,"8",,"8",,"8",4,,7,
"252180080","KO£UDA WIELKA                 ","2025","05","15","18",7.9,,,"8",,,,"8",,"8",,"8",8,,7,
"252180080","KO£UDA WIELKA                 ","2025","05","16","06",8.9,,,"8",,,,"8",,"8",,"8",8,,7,
"252180080","KO£UDA WIELKA                 ","2025","05","16","12",11.5,,,"8",,,,"8",,"8",,"8",4,,7,
"252180080","KO£UDA WIELKA                 ","2025","05","16","18",9.1,,,"8",,,,"8",,"8",,"8",8,,7,
"252180080","KO£UDA WIELKA                 ","2025","05","17","06",6.3,,,"8",,,,"8",,"8",,"8",8,,7,
"252180080","KO£UDA WIELKA                 ","2025","05","17","12",7.9,,,"8",,,,"8",,"8",,"8",8,,6,
"252180080","KO£UDA WIELKA                 ","2025","05","17","18",6.9,,,"8",,,,"8",,"8",,"8",8,,6,
"252180080","KO£UDA WIELKA                 ","2025","05","18","06",6.3,,,"8",,,,"8",,"8",,"8",8,,7,
"252180080","KO£UDA WIELKA                 ","2025","05","18","12",12.7,,,"8",,,,"8",,"8",,"8",8,,6,
"252180080","KO£UDA WIELKA                 ","2025","05","18","18",8.9,,,"8",,,,"8",,"8",,"8",8,,6,
"252180080","KO£UDA WIELKA                 ","2025","05","19","06",8.7,,,"8",,,,"8",,"8",,"8",8,,7,
"252180080","KO£UDA WIELKA                 ","2025","05","19","12",11.4,,,"8",,,,"8",,"8",,"8",8,,7,
"252180080","KO£UDA WIELKA                 ","2025","05","19","18",11.1,,,"8",,,,"8",,"8",,"8",8,,7,
"252180080","KO£UDA WIELKA                 ","2025","05","20","06",9.1,,,"8",,,,"8",,"8",,"8",4,,7,
"252180080","KO£UDA WIELKA                 ","2025","05","20","12",20.9,,,"8",,,,"8",,"8",,"8",2,,7,
"252180080","KO£UDA WIELKA                 ","2025","05","20","18",16.9,,,"8",,,,"8",,"8",,"8",3,,7,
"252180080","KO£UDA WIELKA                 ","2025","05","21","06",11.9,,,"8",,,,"8",,"8",,"8",4,,7,
"252180080","KO£UDA WIELKA                 ","2025","05","21","12",20.1,,,"8",,,,"8",,"8",,"8",8,,7,
"252180080","KO£UDA WIELKA                 ","2025","05","21","18",19.5,,,"8",,,,"8",,"8",,"8",5,,7,
"252180080","KO£UDA WIELKA                 ","2025","05","22","06",11.1,,,"8",,,,"8",,"8",,"8",8,,7,
"252180080","KO£UDA WIELKA                 ","2025","05","22","12",16.3,,,"8",,,,"8",,"8",,"8",5,,7,
"252180080","KO£UDA WIELKA                 ","2025","05","22","18",14.5,,,"8",,,,"8",,"8",,"8",8,,7,
"252180080","KO£UDA WIELKA                 ","2025","05","23","06",8.9,,,"8",,,,"8",,"8",,"8",0,,7,
"252180080","KO£UDA WIELKA                 ","2025","05","23","12",14.7,,,"8",,,,"8",,"8",,"8",2,,7,
"252180080","KO£UDA WIELKA                 ","2025","05","23","18",10.5,,,"8",,,,"8",,"8",,"8",0,,7,
"252180080","KO£UDA WIELKA                 ","2025","05","24","06",9.7,,,"8",,,,"8",,"8",,"8",2,,7,
"252180080","KO£UDA WIELKA                 ","2025","05","24","12",15.1,,,"8",,,,"8",,"8",,"8",8,,7,
"252180080","KO£UDA WIELKA                 ","2025","05","24","18",13.9,,,"8",,,,"8",,"8",,"8",0,,7,
"252180080","KO£UDA WIELKA                 ","2025","05","25","06",12.1,,,"8",,,,"8",,"8",,"8",0,,7,
"252180080","KO£UDA WIELKA                 ","2025","05","25","12",19.3,,,"8",,,,"8",,"8",,"8",0,,7,
"252180080","KO£UDA WIELKA                 ","2025","05","25","18",16.1,,,"8",,,,"8",,"8",,"8",8,,7,
"252180080","KO£UDA WIELKA                 ","2025","05","26","06",12.9,,,"8",,,,"8",,"8",,"8",8,,7,
"252180080","KO£UDA WIELKA                 ","2025","05","26","12",15.3,,,"8",,,,"8",,"8",,"8",8,,7,
"252180080","KO£UDA WIELKA                 ","2025","05","26","18",13.7,,,"8",,,,"8",,"8",,"8",5,,7,
"252180080","KO£UDA WIELKA                 ","2025","05","27","06",10.3,,,"8",,,,"8",,"8",,"8",0,,7,
"252180080","KO£UDA WIELKA                 ","2025","05","27","12",19.7,,,"8",,,,"8",,"8",,"8",8,,7,
"252180080","KO£UDA WIELKA                 ","2025","05","27","18",18.5,,,"8",,,,"8",,"8",,"8",3,,7,
"252180080","KO£UDA WIELKA                 ","2025","05","28","06",14.5,,,"8",,,,"8",,"8",,"8",0,,7,
"252180080","KO£UDA WIELKA                 ","2025","05","28","12",14.7,,,"8",,,,"8",,"8",,"8",8,,7,
"252180080","KO£UDA WIELKA                 ","2025","05","28","18",14.5,,,"8",,,,"8",,"8",,"8",8,,7,
"252180080","KO£UDA WIELKA                 ","2025","05","29","06",13.5,,,"8",,,,"8",,"8",,"8",4,,7,
"252180080","KO£UDA WIELKA                 ","2025","05","29","12",18.3,,,"8",,,,"8",,"8",,"8",0,,7,
"252180080","KO£UDA WIELKA                 ","2025","05","29","18",13.9,,,"8",,,,"8",,"8",,"8",0,,7,
"252180080","KO£UDA WIELKA                 ","2025","05","30","06",11.3,,,"8",,,,"8",,"8",,"8",8,,7,
"252180080","KO£UDA WIELKA                 ","2025","05","30","12",15.7,,,"8",,,,"8",,"8",,"8",8,,7,
"252180080","KO£UDA WIELKA                 ","2025","05","30","18",17.3,,,"8",,,,"8",,"8",,"8",4,,7,
"252180080","KO£UDA WIELKA                 ","2025","05","31","06",18.9,,,"8",,,,"8",,"8",,"8",4,,7,
"252180080","KO£UDA WIELKA                 ","2025","05","31","12",23.5,,,"8",,,,"8",,"8",,"8",4,,7,
"252180080","KO£UDA WIELKA                 ","2025","05","31","18",20.3,,,"8",,,,"8",,"8",,"8",8,,7,
"252200120","LEGIONOWO                     ","2025","05","01","06",12.7,,,"8","W","W",,"8","NE ",,2,,,"8",,"8"
"252200120","LEGIONOWO                     ","2025","05","01","12",19.3,,,"8","W","W",,"8","NNW",,2,,,"8",,"8"
"252200120","LEGIONOWO                     ","2025","05","01","18",15.2,,,"8","W","W",,"8","NNE",,1,,,"8",,"8"
"252200120","LEGIONOWO                     ","2025","05","02","06",12.1,,,"8","W","W",,"8","SE ",,1,,,"8",,"8"
"252200120","LEGIONOWO                     ","2025","05","02","12",23.4,,,"8","W","W",,"8","SW ",,4,,,"8",,"8"
"252200120","LEGIONOWO                     ","2025","05","02","18",15.7,,,"8","W","W",,"8","NW ",,4,,,"8",,"8"
"252200120","LEGIONOWO                     ","2025","05","03","06",15.0,,,"8","W","W",,"8","NNW",,2,,,"8",,"8"
"252200120","LEGIONOWO                     ","2025","05","03","12",20.2,,,"8","W","W",,"8","W  ",,3,,,"8",,"8"
"252200120","LEGIONOWO                     ","2025","05","03","18",19.0,,,"8","W","W",,"8","WNW",,1,,,"8",,"8"
"252200120","LEGIONOWO                     ","2025","05","04","06",14.1,,,"8","W","W",,"8","WSW",,5,,,"8",,"8"
"252200120","LEGIONOWO                     ","2025","05","04","12",15.0,,,"8","W","W",,"8","W  ",,6,,,"8",,"8"
"252200120","LEGIONOWO                     ","2025","05","04","18",12.5,,,"8","W","W",,"8","WSW",,3,,,"8",,"8"
"252200120","LEGIONOWO                     ","2025","05","05","06",6.8,,,"8",,"W",,"8","NW ",,3,,,"8",,"8"
"252200120","LEGIONOWO                     ","2025","05","05","12",9.9,,,"8","W","W",,"8","NNE",,2,,,"8",,"8"
"252200120","LEGIONOWO                     ","2025","05","05","18",9.5,,,"8","W","W",,"8","NW ",,1,,,"8",,"8"
"252200120","LEGIONOWO                     ","2025","05","06","06",6.5,,,"8",,"W",,"8","ENE",,1,,,"8",,"8"
"252200120","LEGIONOWO                     ","2025","05","06","12",14.4,,,"8","W","W",,"8","SSE",,2,,,"8",,"8"
"252200120","LEGIONOWO                     ","2025","05","06","18",12.7,,,"8","W","W",,"8","WNW",,1,,,"8",,"8"
"252200120","LEGIONOWO                     ","2025","05","07","06",6.6,,,"8",,"W",,"8","NNE",,3,,,"8",,"8"
"252200120","LEGIONOWO                     ","2025","05","07","12",13.7,,,"8","W","W",,"8","NNE",,3,,,"8",,"8"
"252200120","LEGIONOWO                     ","2025","05","07","18",8.6,,,"8","W","W",,"8","N  ",,1,,,"8",,"8"
"252200120","LEGIONOWO                     ","2025","05","08","06",3.9,,,"8",,"W",,"8","NNW",,2,,,"8",,"8"
"252200120","LEGIONOWO                     ","2025","05","08","12",10.9,,,"8","W","W",,"8","NNE",,3,,,"8",,"8"
"252200120","LEGIONOWO                     ","2025","05","08","18",8.3,,,"8","W","W",,"8","NE ",,1,,,"8",,"8"
"252200120","LEGIONOWO                     ","2025","05","09","06",6.8,,,"8",,"W",,"8","NNE",,1,,,"8",,"8"
"252200120","LEGIONOWO                     ","2025","05","09","12",11.0,,,"8","W","W",,"8","N  ",,2,,,"8",,"8"
"252200120","LEGIONOWO                     ","2025","05","09","18",8.2,,,"8","W","W",,"8","C  ",,0,,,"8",,"8"
"252200120","LEGIONOWO                     ","2025","05","10","06",9.3,,,"8","W","W",,"8","WNW",,3,,,"8",,"8"
"252200120","LEGIONOWO                     ","2025","05","10","12",8.8,,,"8","W","W",,"8","NE ",,2,,,"8",,"8"
"252200120","LEGIONOWO                     ","2025","05","10","18",8.4,,,"8","W","W",,"8","N  ",,1,,,"8",,"8"
"252200120","LEGIONOWO                     ","2025","05","11","06",8.4,,,"8","W","W",,"8","NNE",,2,,,"8",,"8"
"252200120","LEGIONOWO                     ","2025","05","11","12",12.4,,,"8","W","W",,"8","SW ",,1,,,"8",,"8"
"252200120","LEGIONOWO                     ","2025","05","11","18",9.3,,,"8","W","W",,"8","ENE",,2,,,"8",,"8"
"252200120","LEGIONOWO                     ","2025","05","12","06",9.2,,,"8","W","W",,"8","ENE",,2,,,"8",,"8"
"252200120","LEGIONOWO                     ","2025","05","12","12",14.1,,,"8","W","W",,"8","N  ",,3,,,"8",,"8"
"252200120","LEGIONOWO                     ","2025","05","12","18",13.1,,,"8","W","W",,"8","N  ",,2,,,"8",,"8"
"252200120","LEGIONOWO                     ","2025","05","13","06",8.7,,,"8","W","W",,"8","NW ",,2,,,"8",,"8"
"252200120","LEGIONOWO                     ","2025","05","13","12",15.8,,,"8","W","W",,"8","WNW",,3,,,"8",,"8"
"252200120","LEGIONOWO                     ","2025","05","13","18",14.6,,,"8","W","W",,"8","NNE",,1,,,"8",,"8"
"252200120","LEGIONOWO                     ","2025","05","14","06",11.5,,,"8","W","W",,"8","WSW",,3,,,"8",,"8"
"252200120","LEGIONOWO                     ","2025","05","14","12",19.6,,,"8","W","W",,"8","W  ",,5,,,"8",,"8"
"252200120","LEGIONOWO                     ","2025","05","14","18",11.8,,,"8","W","W",,"8","W  ",,2,,,"8",,"8"
"252200120","LEGIONOWO                     ","2025","05","15","06",6.3,,,"8",,"W",,"8","NNW",,4,,,"8",,"8"
"252200120","LEGIONOWO                     ","2025","05","15","12",8.3,,,"8","W","W",,"8","WNW",,4,,,"8",,"8"
"252200120","LEGIONOWO                     ","2025","05","15","18",6.4,,,"8",,"W",,"8","W  ",,2,,,"8",,"8"
"252200120","LEGIONOWO                     ","2025","05","16","06",7.0,,,"8",,"W",,"8","W  ",,5,,,"8",,"8"
"252200120","LEGIONOWO                     ","2025","05","16","12",6.6,,,"8",,"W",,"8","NW ",,4,,,"8",,"8"
"252200120","LEGIONOWO                     ","2025","05","16","18",7.9,,,"8",,"W",,"8","W  ",,2,,,"8",,"8"
"252200120","LEGIONOWO                     ","2025","05","17","06",4.7,,,"8",,"W",,"8","W  ",,5,,,"8",,"8"
"252200120","LEGIONOWO                     ","2025","05","17","12",9.9,,,"8","W","W",,"8","WNW",,4,,,"8",,"8"
"252200120","LEGIONOWO                     ","2025","05","17","18",8.1,,,"8","W","W",,"8","SW ",,2,,,"8",,"8"
"252200120","LEGIONOWO                     ","2025","05","18","06",6.8,,,"8",,"W",,"8","S  ",,1,,,"8",,"8"
"252200120","LEGIONOWO                     ","2025","05","18","12",11.0,,,"8","W","W",,"8","WSW",,3,,,"8",,"8"
"252200120","LEGIONOWO                     ","2025","05","18","18",10.2,,,"8","W","W",,"8","NNE",,2,,,"8",,"8"
"252200120","LEGIONOWO                     ","2025","05","19","06",10.1,,,"8","W","W",,"8","C  ",,0,,,"8",,"8"
"252200120","LEGIONOWO                     ","2025","05","19","12",14.9,,,"8","W","W",,"8","WNW",,2,,,"8",,"8"
"252200120","LEGIONOWO                     ","2025","05","19","18",13.4,,,"8","W","W",,"8","W  ",,2,,,"8",,"8"
"252200120","LEGIONOWO                     ","2025","05","20","06",13.0,,,"8","W","W",,"8","WNW",,3,,,"8",,"8"
"252200120","LEGIONOWO                     ","2025","05","20","12",21.1,,,"8","W","W",,"8","WNW",,4,,,"8",,"8"
"252200120","LEGIONOWO                     ","2025","05","20","18",19.9,,,"8","W","W",,"8","WNW",,3,,,"8",,"8"
"252200120","LEGIONOWO                     ","2025","05","21","06",15.8,,,"8","W","W",,"8","WSW",,3,,,"8",,"8"
"252200120","LEGIONOWO                     ","2025","05","21","12",23.3,,,"8","W","W",,"8","SW ",,3,,,"8",,"8"
"252200120","LEGIONOWO                     ","2025","05","21","18",15.8,,,"8","W","W",,"8","WSW",,5,,,"8",,"8"
"252200120","LEGIONOWO                     ","2025","05","22","06",14.2,,,"8","W","W",,"8","WSW",,2,,,"8",,"8"
"252200120","LEGIONOWO                     ","2025","05","22","12",17.3,,,"8","W","W",,"8","WNW",,4,,,"8",,"8"
"252200120","LEGIONOWO                     ","2025","05","22","18",11.8,,,"8","W","W",,"8","SSW",,1,,,"8",,"8"
"252200120","LEGIONOWO                     ","2025","05","23","06",10.2,,,"8","W","W",,"8","WNW",,3,,,"8",,"8"
"252200120","LEGIONOWO                     ","2025","05","23","12",13.8,,,"8","W","W",,"8","NW ",,2,,,"8",,"8"
"252200120","LEGIONOWO                     ","2025","05","23","18",14.6,,,"8","W","W",,"8","WSW",,1,,,"8",,"8"
"252200120","LEGIONOWO                     ","2025","05","24","06",11.8,,,"8","W","W",,"8","WNW",,1,,,"8",,"8"
"252200120","LEGIONOWO                     ","2025","05","24","12",15.8,,,"8","W","W",,"8","W  ",,2,,,"8",,"8"
"252200120","LEGIONOWO                     ","2025","05","24","18",15.9,,,"8","W","W",,"8","WNW",,2,,,"8",,"8"
"252200120","LEGIONOWO                     ","2025","05","25","06",13.2,,,"8","W","W",,"8","WNW",,1,,,"8",,"8"
"252200120","LEGIONOWO                     ","2025","05","25","12",19.2,,,"8","W","W",,"8","SW ",,2,,,"8",,"8"
"252200120","LEGIONOWO                     ","2025","05","25","18",17.7,,,"8","W","W",,"8","SSE",,1,,,"8",,"8"
"252200120","LEGIONOWO                     ","2025","05","26","06",15.7,,,"8","W","W",,"8","SW ",,1,,,"8",,"8"
"252200120","LEGIONOWO                     ","2025","05","26","12",21.2,,,"8","W","W",,"8","WSW",,4,,,"8",,"8"
"252200120","LEGIONOWO                     ","2025","05","26","18",14.4,,,"8","W","W",,"8","N  ",,1,,,"8",,"8"
"252200120","LEGIONOWO                     ","2025","05","27","06",13.9,,,"8","W","W",,"8","N  ",,2,,,"8",,"8"
"252200120","LEGIONOWO                     ","2025","05","27","12",20.9,,,"8","W","W",,"8","NE ",,3,,,"8",,"8"
"252200120","LEGIONOWO                     ","2025","05","27","18",19.7,,,"8","W","W",,"8","WNW",,2,,,"8",,"8"
"252200120","LEGIONOWO                     ","2025","05","28","06",16.9,,,"8","W","W",,"8","W  ",,1,,,"8",,"8"
"252200120","LEGIONOWO                     ","2025","05","28","12",23.0,,,"8","W","W",,"8","WSW",,3,,,"8",,"8"
"252200120","LEGIONOWO                     ","2025","05","28","18",21.4,,,"8","W","W",,"8","W  ",,1,,,"8",,"8"
"252200120","LEGIONOWO                     ","2025","05","29","06",14.3,,,"8","W","W",,"8","WNW",,2,,,"8",,"8"
"252200120","LEGIONOWO                     ","2025","05","29","12",16.2,,,"8","W","W",,"8","NW ",,4,,,"8",,"8"
"252200120","LEGIONOWO                     ","2025","05","29","18",16.3,,,"8","W","W",,"8","NW ",,2,,,"8",,"8"
"252200120","LEGIONOWO                     ","2025","05","30","06",13.0,,,"8","W","W",,"8","NW ",,3,,,"8",,"8"
"252200120","LEGIONOWO                     ","2025","05","30","12",20.7,,,"8","W","W",,"8","W  ",,4,,,"8",,"8"
"252200120","LEGIONOWO                     ","2025","05","30","18",15.2,,,"8","W","W",,"8","WSW",,3,,,"8",,"8"
"252200120","LEGIONOWO                     ","2025","05","31","06",16.8,,,"8","W","W",,"8","W  ",,2,,,"8",,"8"
"252200120","LEGIONOWO                     ","2025","05","31","12",22.2,,,"8","W","W",,"8","WNW",,4,,,"8",,"8"
"252200120","LEGIONOWO                     ","2025","05","31","18",22.1,,,"8","W","W",,"8","WNW",,1,,,"8",,"8"
"252200230","WARSZAWA-FILTRY               ","2025","05","01","06",13.0,,,"8","W","W",,"8","NNW",,3,,1,,8,
"252200230","WARSZAWA-FILTRY               ","2025","05","01","12",18.9,,,"8","W","W",,"8","NNW",,2,,0,,8,
"252200230","WARSZAWA-FILTRY               ","2025","05","01","18",15.4,,,"8","W","W",,"8","W  ",,1,,0,,7,
"252200230","WARSZAWA-FILTRY               ","2025","05","02","06",13.8,,,"8","W","W",,"8","ESE",,2,,6,,8,
"252200230","WARSZAWA-FILTRY               ","2025","05","02","12",24.2,,,"8","W","W",,"8","SSE",,4,,4,,8,
"252200230","WARSZAWA-FILTRY               ","2025","05","02","18",20.3,,,"8","W","W",,"8","WNW",,5,,8,,7,
"252200230","WARSZAWA-FILTRY               ","2025","05","03","06",16.2,,,"8","W","W",,"8","WNW",,2,,2,,8,
"252200230","WARSZAWA-FILTRY               ","2025","05","03","12",21.1,,,"8","W","W",,"8","WSW",,5,,5,,8,
"252200230","WARSZAWA-FILTRY               ","2025","05","03","18",19.6,,,"8","W","W",,"8","WSW",,3,,7,,8,
"252200230","WARSZAWA-FILTRY               ","2025","05","04","06",14.2,,,"8","W","W",,"8","WSW",,7,,8,,6,
"252200230","WARSZAWA-FILTRY               ","2025","05","04","12",15.4,,,"8","W","W",,"8","SW ",,8,,5,,8,
"252200230","WARSZAWA-FILTRY               ","2025","05","04","18",12.5,,,"8","W","W",,"8","SW ",,4,,1,,8,
"252200230","WARSZAWA-FILTRY               ","2025","05","05","06",7.3,,,"8",,"W",,"8","WNW",,3,,8,,7,
"252200230","WARSZAWA-FILTRY               ","2025","05","05","12",9.8,,,"8","W","W",,"8","NW ",,2,,7,,7,
"252200230","WARSZAWA-FILTRY               ","2025","05","05","18",9.4,,,"8","W","W",,"8","NW ",,2,,8,,7,
"252200230","WARSZAWA-FILTRY               ","2025","05","06","06",7.6,,,"8",,"W",,"8","NNE",,1,,1,,8,
"252200230","WARSZAWA-FILTRY               ","2025","05","06","12",14.6,,,"8","W","W",,"8","W  ",,3,,2,,8,
"252200230","WARSZAWA-FILTRY               ","2025","05","06","18",12.3,,,"8","W","W",,"8","W  ",,3,,4,,8,
"252200230","WARSZAWA-FILTRY               ","2025","05","07","06",6.8,,,"8",,"W",,"8","N  ",,3,,3,,8,
"252200230","WARSZAWA-FILTRY               ","2025","05","07","12",12.0,,,"8","W","W",,"8","N  ",,3,,2,,8,
"252200230","WARSZAWA-FILTRY               ","2025","05","07","18",9.3,,,"8","W","W",,"8","NNW",,2,,3,,8,
"252200230","WARSZAWA-FILTRY               ","2025","05","08","06",5.4,,,"8",,"W",,"8","W  ",,3,,4,,7,
"252200230","WARSZAWA-FILTRY               ","2025","05","08","12",11.6,,,"8","W","W",,"8","NNW",,3,,6,,7,
"252200230","WARSZAWA-FILTRY               ","2025","05","08","18",8.7,,,"8","W","W",,"8","NNW",,2,,4,,8,
"252200230","WARSZAWA-FILTRY               ","2025","05","09","06",7.7,,,"8",,"W",,"8","NE ",,2,,4,,8,
"252200230","WARSZAWA-FILTRY               ","2025","05","09","12",10.8,,,"8","W","W",,"8","WNW",,3,,8,,8,
"252200230","WARSZAWA-FILTRY               ","2025","05","09","18",8.8,,,"8","W","W",,"8","NNW",,1,,8,,7,
"252200230","WARSZAWA-FILTRY               ","2025","05","10","06",9.0,,,"8","W","W",,"8","W  ",,4,,8,,6,
"252200230","WARSZAWA-FILTRY               ","2025","05","10","12",8.1,,,"8","W","W",,"8","NNE",,3,,8,,8,
"252200230","WARSZAWA-FILTRY               ","2025","05","10","18",8.4,,,"8","W","W",,"8","NW ",,3,,8,,7,
"252200230","WARSZAWA-FILTRY               ","2025","05","11","06",8.0,,,"8",,"W",,"8","NE ",,2,,0,,8,
"252200230","WARSZAWA-FILTRY               ","2025","05","11","12",13.3,,,"8","W","W",,"8","WNW",,3,,6,,8,
"252200230","WARSZAWA-FILTRY               ","2025","05","11","18",10.1,,,"8","W","W",,"8","NNE",,3,,8,,7,
"252200230","WARSZAWA-FILTRY               ","2025","05","12","06",9.5,,,"8","W","W",,"8","NE ",,3,,2,,8,
"252200230","WARSZAWA-FILTRY               ","2025","05","12","12",14.2,,,"8","W","W",,"8","NNW",,2,,4,,8,
"252200230","WARSZAWA-FILTRY               ","2025","05","12","18",12.7,,,"8","W","W",,"8","NW ",,2,,4,,8,
"252200230","WARSZAWA-FILTRY               ","2025","05","13","06",10.8,,,"8","W","W",,"8","WNW",,2,,4,,8,
"252200230","WARSZAWA-FILTRY               ","2025","05","13","12",15.8,,,"8","W","W",,"8","W  ",,4,,1,,8,
"252200230","WARSZAWA-FILTRY               ","2025","05","13","18",14.7,,,"8","W","W",,"8","W  ",,2,,8,,8,
"252200230","WARSZAWA-FILTRY               ","2025","05","14","06",11.7,,,"8","W","W",,"8","SW ",,3,,7,,8,
"252200230","WARSZAWA-FILTRY               ","2025","05","14","12",19.2,,,"8","W","W",,"8","WSW",,6,,4,,8,
"252200230","WARSZAWA-FILTRY               ","2025","05","14","18",11.1,,,"8","W","W",,"8","SW ",,5,,8,,8,
"252200230","WARSZAWA-FILTRY               ","2025","05","15","06",6.5,,,"8",,"W",,"8","NW ",,2,,7,,7,
"252200230","WARSZAWA-FILTRY               ","2025","05","15","12",8.4,,,"8","W","W",,"8","WSW",,6,,5,,8,
"252200230","WARSZAWA-FILTRY               ","2025","05","15","18",5.1,,,"8",,"W",,"8","W  ",,1,,8,,5,
"252200230","WARSZAWA-FILTRY               ","2025","05","16","06",6.7,,,"8",,"W",,"8","WSW",,7,,8,,6,
"252200230","WARSZAWA-FILTRY               ","2025","05","16","12",6.9,,,"8",,"W",,"8","W  ",,5,,8,,6,
"252200230","WARSZAWA-FILTRY               ","2025","05","16","18",7.9,,,"8",,"W",,"8","WSW",,4,,8,,5,
"252200230","WARSZAWA-FILTRY               ","2025","05","17","06",4.3,,,"8",,"W",,"8","WSW",,7,,8,,6,
"252200230","WARSZAWA-FILTRY               ","2025","05","17","12",8.5,,,"8","W","W",,"8","SW ",,5,,8,,6,
"252200230","WARSZAWA-FILTRY               ","2025","05","17","18",8.4,,,"8","W","W",,"8","W  ",,3,,8,,6,
"252200230","WARSZAWA-FILTRY               ","2025","05","18","06",6.8,,,"8",,"W",,"8","SSW",,2,,8,,6,
"252200230","WARSZAWA-FILTRY               ","2025","05","18","12",10.6,,,"8","W","W",,"8","SE ",,2,,6,,7,
"252200230","WARSZAWA-FILTRY               ","2025","05","18","18",9.0,,,"8","W","W",,"8","SE ",,1,,6,,7,
"252200230","WARSZAWA-FILTRY               ","2025","05","19","06",11.1,,,"8","W","W",,"8","WNW",,1,,0,,8,
"252200230","WARSZAWA-FILTRY               ","2025","05","19","12",15.2,,,"8","W","W",,"8","SW ",,4,,7,,8,
"252200230","WARSZAWA-FILTRY               ","2025","05","19","18",13.3,,,"8","W","W",,"8","WSW",,4,,6,,7,
"252200230","WARSZAWA-FILTRY               ","2025","05","20","06",13.6,,,"8","W","W",,"8","W  ",,4,,0,,8,
"252200230","WARSZAWA-FILTRY               ","2025","05","20","12",20.6,,,"8","W","W",,"8","WSW",,6,,3,,8,
"252200230","WARSZAWA-FILTRY               ","2025","05","20","18",19.3,,,"8","W","W",,"8","WSW",,3,,4,,7,
"252200230","WARSZAWA-FILTRY               ","2025","05","21","06",17.7,,,"8","W","W",,"8","SW ",,3,,0,,8,
"252200230","WARSZAWA-FILTRY               ","2025","05","21","12",22.9,,,"8","W","W",,"8","ESE",,3,,4,,8,
"252200230","WARSZAWA-FILTRY               ","2025","05","21","18",14.5,,,"8","W","W",,"8","WSW",,6,,8,,7,
"252200230","WARSZAWA-FILTRY               ","2025","05","22","06",15.1,,,"8","W","W",,"8","SW ",,1,,5,,8,
"252200230","WARSZAWA-FILTRY               ","2025","05","22","12",16.9,,,"8","W","W",,"8","WNW",,3,,8,,8,
"252200230","WARSZAWA-FILTRY               ","2025","05","22","18",11.6,,,"8","W","W",,"8","C  ",,0,,8,,6,
"252200230","WARSZAWA-FILTRY               ","2025","05","23","06",9.8,,,"8","W","W",,"8","WSW",,4,,7,,8,
"252200230","WARSZAWA-FILTRY               ","2025","05","23","12",14.7,,,"8","W","W",,"8","WSW",,4,,8,,8,
"252200230","WARSZAWA-FILTRY               ","2025","05","23","18",13.8,,,"8","W","W",,"8","NW ",,1,,6,,8,
"252200230","WARSZAWA-FILTRY               ","2025","05","24","06",12.4,,,"8","W","W",,"8","WSW",,3,,5,,7,
"252200230","WARSZAWA-FILTRY               ","2025","05","24","12",16.0,,,"8","W","W",,"8","WSW",,2,,4,,8,
"252200230","WARSZAWA-FILTRY               ","2025","05","24","18",15.3,,,"8","W","W",,"8","W  ",,3,,1,,8,
"252200230","WARSZAWA-FILTRY               ","2025","05","25","06",15.2,,,"8","W","W",,"8","C  ",,0,,0,,8,
"252200230","WARSZAWA-FILTRY               ","2025","05","25","12",18.1,,,"8","W","W",,"8","ESE",,2,,2,,8,
"252200230","WARSZAWA-FILTRY               ","2025","05","25","18",16.8,,,"8","W","W",,"8","ESE",,1,,0,,8,
"252200230","WARSZAWA-FILTRY               ","2025","05","26","06",16.4,,,"8","W","W",,"8","SSE",,2,,0,,8,
"252200230","WARSZAWA-FILTRY               ","2025","05","26","12",20.6,,,"8","W","W",,"8","WSW",,5,,6,,7,
"252200230","WARSZAWA-FILTRY               ","2025","05","26","18",15.5,,,"8","W","W",,"8","NW ",,4,,5,,8,
"252200230","WARSZAWA-FILTRY               ","2025","05","27","06",14.8,,,"8","W","W",,"8","N  ",,2,,0,,8,
"252200230","WARSZAWA-FILTRY               ","2025","05","27","12",21.3,,,"8","W","W",,"8","NNE",,2,,0,,8,
"252200230","WARSZAWA-FILTRY               ","2025","05","27","18",19.4,,,"8","W","W",,"8","NW ",,2,,0,,8,
"252200230","WARSZAWA-FILTRY               ","2025","05","28","06",19.5,,,"8","W","W",,"8","SSW",,1,,1,,8,
"252200230","WARSZAWA-FILTRY               ","2025","05","28","12",23.7,,,"8","W","W",,"8","NW ",,1,,3,,8,
"252200230","WARSZAWA-FILTRY               ","2025","05","28","18",21.4,,,"8","W","W",,"8","SSW",,1,,7,,7,
"252200230","WARSZAWA-FILTRY               ","2025","05","29","06",14.0,,,"8","W","W",,"8","WSW",,4,,8,,8,
"252200230","WARSZAWA-FILTRY               ","2025","05","29","12",15.6,,,"8","W","W",,"8","WNW",,4,,8,,8,
"252200230","WARSZAWA-FILTRY               ","2025","05","29","18",16.0,,,"8","W","W",,"8","WNW",,3,,8,,7,
"252200230","WARSZAWA-FILTRY               ","2025","05","30","06",13.8,,,"8","W","W",,"8","WSW",,3,,4,,8,
"252200230","WARSZAWA-FILTRY               ","2025","05","30","12",21.0,,,"8","W","W",,"8","SW ",,5,,1,,8,
"252200230","WARSZAWA-FILTRY               ","2025","05","30","18",15.2,,,"8","W","W",,"8","WSW",,4,,8,,7,
"252200230","WARSZAWA-FILTRY               ","2025","05","31","06",17.3,,,"8","W","W",,"8","SW ",,3,,8,,7,
"252200230","WARSZAWA-FILTRY               ","2025","05","31","12",22.0,,,"8","W","W",,"8","WNW",,3,,8,,7,
"252200230","WARSZAWA-FILTRY               ","2025","05","31","18",21.3,,,"8","W","W",,"8","WNW",,1,,8,,7,
"252210050","PU£TUSK                       ","2025","05","01","06",10.6,,,"8","W","W",,"8","WSW",,1,,,"8",,"8"
"252210050","PU£TUSK                       ","2025","05","01","12",18.0,,,"8","W","W",,"8","SSW",,1,,,"8",,"8"
"252210050","PU£TUSK                       ","2025","05","01","18",15.3,,,"8","W","W",,"8","C  ",,0,,,"8",,"8"
"252210050","PU£TUSK                       ","2025","05","02","06",10.8,,,"8","W","W",,"8","E  ",,2,,,"8",,"8"
"252210050","PU£TUSK                       ","2025","05","02","12",22.8,,,"8","W","W",,"8","SE ",,4,,,"8",,"8"
"252210050","PU£TUSK                       ","2025","05","02","18",14.3,,,"8","W","W",,"8","ESE",,2,,,"8",,"8"
"252210050","PU£TUSK                       ","2025","05","03","06",14.0,,,"8","W","W",,"8","SW ",,1,,,"8",,"8"
"252210050","PU£TUSK                       ","2025","05","03","12",19.0,,,"8","W","W",,"8","S  ",,4,,,"8",,"8"
"252210050","PU£TUSK                       ","2025","05","03","18",17.1,,,"8","W","W",,"8","C  ",,0,,,"8",,"8"
"252210050","PU£TUSK                       ","2025","05","04","06",13.0,,,"8","W","W",,"8","SSW",,3,,,"8",,"8"
"252210050","PU£TUSK                       ","2025","05","04","12",13.9,,,"8","W","W",,"8","S  ",,6,,,"8",,"8"
"252210050","PU£TUSK                       ","2025","05","04","18",11.6,,,"8","W","W",,"8","S  ",,2,,,"8",,"8"
"252210050","PU£TUSK                       ","2025","05","05","06",6.6,,,"8",,"W",,"8","SW ",,4,,,"8",,"8"
"252210050","PU£TUSK                       ","2025","05","05","12",11.0,,,"8","W","W",,"8","NW ",,1,,,"8",,"8"
"252210050","PU£TUSK                       ","2025","05","05","18",8.6,,,"8","W","W",,"8","C  ",,0,,,"8",,"8"
"252210050","PU£TUSK                       ","2025","05","06","06",6.2,,,"8",,"W",,"8","E  ",,1,,,"8",,"8"
"252210050","PU£TUSK                       ","2025","05","06","12",13.9,,,"8","W","W",,"8","SSW",,2,,,"8",,"8"
"252210050","PU£TUSK                       ","2025","05","06","18",11.7,,,"8","W","W",,"8","C  ",,0,,,"8",,"8"
"252210050","PU£TUSK                       ","2025","05","07","06",6.2,,,"8",,"W",,"8","N  ",,1,,,"8",,"8"
"252210050","PU£TUSK                       ","2025","05","07","12",13.5,,,"8","W","W",,"8","W  ",,3,,,"8",,"8"
"252210050","PU£TUSK                       ","2025","05","07","18",8.5,,,"8","W","W",,"8","C  ",,0,,,"8",,"8"
"252210050","PU£TUSK                       ","2025","05","08","06",3.0,,,"8",,"W",,"8","W  ",,1,,,"8",,"8"
"252210050","PU£TUSK                       ","2025","05","08","12",11.5,,,"8","W","W",,"8","NE ",,2,,,"8",,"8"
"252210050","PU£TUSK                       ","2025","05","08","18",8.0,,,"8",,"W",,"8","C  ",,0,,,"8",,"8"
"252210050","PU£TUSK                       ","2025","05","09","06",5.9,,,"8",,"W",,"8","C  ",,0,,,"8",,"8"
"252210050","PU£TUSK                       ","2025","05","09","12",10.6,,,"8","W","W",,"8","WSW",,2,,,"8",,"8"
"252210050","PU£TUSK                       ","2025","05","09","18",7.3,,,"8",,"W",,"8","C  ",,0,,,"8",,"8"
"252210050","PU£TUSK                       ","2025","05","10","06",7.7,,,"8",,"W",,"8","C  ",,0,,,"8",,"8"
"252210050","PU£TUSK                       ","2025","05","10","12",8.0,,,"8",,"W",,"8","C  ",,0,,,"8",,"8"
"252210050","PU£TUSK                       ","2025","05","10","18",7.8,,,"8",,"W",,"8","C  ",,0,,,"8",,"8"
"252210050","PU£TUSK                       ","2025","05","11","06",7.7,,,"8",,"W",,"8","NNE",,1,,,"8",,"8"
"252210050","PU£TUSK                       ","2025","05","11","12",13.8,,,"8","W","W",,"8","SW ",,3,,,"8",,"8"
"252210050","PU£TUSK                       ","2025","05","11","18",8.5,,,"8","W","W",,"8","ENE",,1,,,"8",,"8"
"252210050","PU£TUSK                       ","2025","05","12","06",7.8,,,"8",,"W",,"8","C  ",,0,,,"8",,"8"
"252210050","PU£TUSK                       ","2025","05","12","12",14.7,,,"8","W","W",,"8","WNW",,1,,,"8",,"8"
"252210050","PU£TUSK                       ","2025","05","12","18",11.1,,,"8","W","W",,"8","C  ",,0,,,"8",,"8"
"252210050","PU£TUSK                       ","2025","05","13","06",7.4,,,"8",,"W",,"8","SW ",,2,,,"8",,"8"
"252210050","PU£TUSK                       ","2025","05","13","12",16.2,,,"8","W","W",,"8","SW ",,3,,,"8",,"8"
"252210050","PU£TUSK                       ","2025","05","13","18",13.3,,,"8","W","W",,"8","C  ",,0,,,"8",,"8"
"252210050","PU£TUSK                       ","2025","05","14","06",11.0,,,"8","W","W",,"8","SSE",,1,,,"8",,"8"
"252210050","PU£TUSK                       ","2025","05","14","12",18.5,,,"8","W","W",,"8","SSW",,4,,,"8",,"8"
"252210050","PU£TUSK                       ","2025","05","14","18",11.3,,,"8","W","W",,"8","WSW",,3,,,"8",,"8"
"252210050","PU£TUSK                       ","2025","05","15","06",6.3,,,"8",,"W",,"8","WSW",,2,,,"8",,"8"
"252210050","PU£TUSK                       ","2025","05","15","12",7.1,,,"8",,"W",,"8","S  ",,3,,,"8",,"8"
"252210050","PU£TUSK                       ","2025","05","15","18",6.2,,,"8",,"W",,"8","SSW",,2,,,"8",,"8"
"252210050","PU£TUSK                       ","2025","05","16","06",6.8,,,"8",,"W",,"8","SSW",,3,,,"8",,"8"
"252210050","PU£TUSK                       ","2025","05","16","12",6.4,,,"8",,"W",,"8","SSW",,3,,,"8",,"8"
"252210050","PU£TUSK                       ","2025","05","16","18",6.5,,,"8",,"W",,"8","S  ",,1,,,"8",,"8"
"252210050","PU£TUSK                       ","2025","05","17","06",5.3,,,"8",,"W",,"8","E  ",,1,,,"8",,"8"
"252210050","PU£TUSK                       ","2025","05","17","12",7.2,,,"8",,"W",,"8","SSW",,4,,,"8",,"8"
"252210050","PU£TUSK                       ","2025","05","17","18",7.1,,,"8",,"W",,"8","C  ",,0,,,"8",,"8"
"252210050","PU£TUSK                       ","2025","05","18","06",6.4,,,"8",,"W",,"8","E  ",,1,,,"8",,"8"
"252210050","PU£TUSK                       ","2025","05","18","12",11.8,,,"8","W","W",,"8","NE ",,1,,,"8",,"8"
"252210050","PU£TUSK                       ","2025","05","18","18",7.9,,,"8",,"W",,"8","SSW",,1,,,"8",,"8"
"252210050","PU£TUSK                       ","2025","05","19","06",8.3,,,"8","W","W",,"8","C  ",,0,,,"8",,"8"
"252210050","PU£TUSK                       ","2025","05","19","12",15.9,,,"8","W","W",,"8","SSW",,2,,,"8",,"8"
"252210050","PU£TUSK                       ","2025","05","19","18",13.4,,,"8","W","W",,"8","SSW",,2,,,"8",,"8"
"252210050","PU£TUSK                       ","2025","05","20","06",11.6,,,"8","W","W",,"8","SSW",,3,,,"8",,"8"
"252210050","PU£TUSK                       ","2025","05","20","12",20.7,,,"8","W","W",,"8","SSW",,3,,,"8",,"8"
"252210050","PU£TUSK                       ","2025","05","20","18",17.7,,,"8","W","W",,"8","SSW",,2,,,"8",,"8"
"252210050","PU£TUSK                       ","2025","05","21","06",15.4,,,"8","W","W",,"8","S  ",,1,,,"8",,"8"
"252210050","PU£TUSK                       ","2025","05","21","12",23.4,,,"8","W","W",,"8","SSE",,4,,,"8",,"8"
"252210050","PU£TUSK                       ","2025","05","21","18",17.2,,,"8","W","W",,"8","SSE",,2,,,"8",,"8"
"252210050","PU£TUSK                       ","2025","05","22","06",14.2,,,"8","W","W",,"8","SE ",,2,,,"8",,"8"
"252210050","PU£TUSK                       ","2025","05","22","12",16.6,,,"8","W","W",,"8","SSW",,4,,,"8",,"8"
"252210050","PU£TUSK                       ","2025","05","22","18",12.0,,,"8","W","W",,"8","ESE",,1,,,"8",,"8"
"252210050","PU£TUSK                       ","2025","05","23","06",10.5,,,"8","W","W",,"8","SSW",,3,,,"8",,"8"
"252210050","PU£TUSK                       ","2025","05","23","12",14.1,,,"8","W","W",,"8","S  ",,1,,,"8",,"8"
"252210050","PU£TUSK                       ","2025","05","23","18",13.8,,,"8","W","W",,"8","E  ",,1,,,"8",,"8"
"252210050","PU£TUSK                       ","2025","05","24","06",11.7,,,"8","W","W",,"8","SW ",,1,,,"8",,"8"
"252210050","PU£TUSK                       ","2025","05","24","12",15.8,,,"8","W","W",,"8","SSE",,1,,,"8",,"8"
"252210050","PU£TUSK                       ","2025","05","24","18",13.9,,,"8","W","W",,"8","C  ",,0,,,"8",,"8"
"252210050","PU£TUSK                       ","2025","05","25","06",11.7,,,"8","W","W",,"8","C  ",,0,,,"8",,"8"
"252210050","PU£TUSK                       ","2025","05","25","12",18.6,,,"8","W","W",,"8","ENE",,2,,,"8",,"8"
"252210050","PU£TUSK                       ","2025","05","25","18",16.8,,,"8","W","W",,"8","C  ",,0,,,"8",,"8"
"252210050","PU£TUSK                       ","2025","05","26","06",14.0,,,"8","W","W",,"8","C  ",,0,,,"8",,"8"
"252210050","PU£TUSK                       ","2025","05","26","12",21.2,,,"8","W","W",,"8","S  ",,4,,,"8",,"8"
"252210050","PU£TUSK                       ","2025","05","26","18",15.6,,,"8","W","W",,"8","SW ",,2,,,"8",,"8"
"252210050","PU£TUSK                       ","2025","05","27","06",13.4,,,"8","W","W",,"8","C  ",,0,,,"8",,"8"
"252210050","PU£TUSK                       ","2025","05","27","12",21.3,,,"8","W","W",,"8","SSW",,1,,,"8",,"8"
"252210050","PU£TUSK                       ","2025","05","27","18",19.2,,,"8","W","W",,"8","C  ",,0,,,"8",,"8"
"252210050","PU£TUSK                       ","2025","05","28","06",15.9,,,"8","W","W",,"8","C  ",,0,,,"8",,"8"
"252210050","PU£TUSK                       ","2025","05","28","12",23.1,,,"8","W","W",,"8","SSE",,2,,,"8",,"8"
"252210050","PU£TUSK                       ","2025","05","28","18",20.8,,,"8","W","W",,"8","C  ",,0,,,"8",,"8"
"252210050","PU£TUSK                       ","2025","05","29","06",14.3,,,"8","W","W",,"8","SSW",,2,,,"8",,"8"
"252210050","PU£TUSK                       ","2025","05","29","12",14.4,,,"8","W","W",,"8","SW ",,3,,,"8",,"8"
"252210050","PU£TUSK                       ","2025","05","29","18",14.9,,,"8","W","W",,"8","SSW",,2,,,"8",,"8"
"252210050","PU£TUSK                       ","2025","05","30","06",12.5,,,"8","W","W",,"8","S  ",,2,,,"8",,"8"
"252210050","PU£TUSK                       ","2025","05","30","12",20.8,,,"8","W","W",,"8","SSE",,1,,,"8",,"8"
"252210050","PU£TUSK                       ","2025","05","30","18",15.7,,,"8","W","W",,"8","SSE",,1,,,"8",,"8"
"252210050","PU£TUSK                       ","2025","05","31","06",17.0,,,"8","W","W",,"8","SSW",,2,,,"8",,"8"
"252210050","PU£TUSK                       ","2025","05","31","12",22.4,,,"8","W","W",,"8","S  ",,4,,,"8",,"8"
"252210050","PU£TUSK                       ","2025","05","31","18",20.4,,,"8","W","W",,"8","SSW",,1,,,"8",,"8"
"252210170","WARSZAWA-OBSERWATORIUM II     ","2025","05","01","06",11.9,,,"8","W","W",,"8",,"8",,"8",,"8",,"8"
"252210170","WARSZAWA-OBSERWATORIUM II     ","2025","05","01","12",19.0,,,"8","W","W",,"8",,"8",,"8",,"8",,"8"
"252210170","WARSZAWA-OBSERWATORIUM II     ","2025","05","01","18",14.7,,,"8","W","W",,"8",,"8",,"8",,"8",,"8"
"252210170","WARSZAWA-OBSERWATORIUM II     ","2025","05","02","06",10.0,,,"8","W","W",,"8",,"8",,"8",,"8",,"8"
"252210170","WARSZAWA-OBSERWATORIUM II     ","2025","05","02","12",22.7,,,"8","W","W",,"8",,"8",,"8",,"8",,"8"
"252210170","WARSZAWA-OBSERWATORIUM II     ","2025","05","02","18",16.7,,,"8","W","W",,"8",,"8",,"8",,"8",,"8"
"252210170","WARSZAWA-OBSERWATORIUM II     ","2025","05","03","06",14.5,,,"8","W","W",,"8",,"8",,"8",,"8",,"8"
"252210170","WARSZAWA-OBSERWATORIUM II     ","2025","05","03","12",20.6,,,"8","W","W",,"8",,"8",,"8",,"8",,"8"
"252210170","WARSZAWA-OBSERWATORIUM II     ","2025","05","03","18",18.4,,,"8","W","W",,"8",,"8",,"8",,"8",,"8"
"252210170","WARSZAWA-OBSERWATORIUM II     ","2025","05","04","06",13.4,,,"8","W","W",,"8",,"8",,"8",,"8",,"8"
"252210170","WARSZAWA-OBSERWATORIUM II     ","2025","05","04","12",15.0,,,"8","W","W",,"8",,"8",,"8",,"8",,"8"
"252210170","WARSZAWA-OBSERWATORIUM II     ","2025","05","04","18",11.7,,,"8","W","W",,"8",,"8",,"8",,"8",,"8"
"252210170","WARSZAWA-OBSERWATORIUM II     ","2025","05","05","06",7.0,,,"8",,"W",,"8",,"8",,"8",,"8",,"8"
"252210170","WARSZAWA-OBSERWATORIUM II     ","2025","05","05","12",8.8,,,"8","W","W",,"8",,"8",,"8",,"8",,"8"
"252210170","WARSZAWA-OBSERWATORIUM II     ","2025","05","05","18",8.3,,,"8","W","W",,"8",,"8",,"8",,"8",,"8"
"252210170","WARSZAWA-OBSERWATORIUM II     ","2025","05","06","06",5.9,,,"8",,"W",,"8",,"8",,"8",,"8",,"8"
"252210170","WARSZAWA-OBSERWATORIUM II     ","2025","05","06","12",13.8,,,"8","W","W",,"8",,"8",,"8",,"8",,"8"
"252210170","WARSZAWA-OBSERWATORIUM II     ","2025","05","06","18",10.9,,,"8","W","W",,"8",,"8",,"8",,"8",,"8"
"252210170","WARSZAWA-OBSERWATORIUM II     ","2025","05","07","06",5.7,,,"8",,"W",,"8",,"8",,"8",,"8",,"8"
"252210170","WARSZAWA-OBSERWATORIUM II     ","2025","05","07","12",12.7,,,"8","W","W",,"8",,"8",,"8",,"8",,"8"
"252210170","WARSZAWA-OBSERWATORIUM II     ","2025","05","07","18",8.8,,,"8","W","W",,"8",,"8",,"8",,"8",,"8"
"252210170","WARSZAWA-OBSERWATORIUM II     ","2025","05","08","06",4.0,,,"8",,"W",,"8",,"8",,"8",,"8",,"8"
"252210170","WARSZAWA-OBSERWATORIUM II     ","2025","05","08","12",10.8,,,"8","W","W",,"8",,"8",,"8",,"8",,"8"
"252210170","WARSZAWA-OBSERWATORIUM II     ","2025","05","08","18",8.2,,,"8","W","W",,"8",,"8",,"8",,"8",,"8"
"252210170","WARSZAWA-OBSERWATORIUM II     ","2025","05","09","06",5.8,,,"8",,"W",,"8",,"8",,"8",,"8",,"8"
"252210170","WARSZAWA-OBSERWATORIUM II     ","2025","05","09","12",10.5,,,"8","W","W",,"8",,"8",,"8",,"8",,"8"
"252210170","WARSZAWA-OBSERWATORIUM II     ","2025","05","09","18",8.3,,,"8","W","W",,"8",,"8",,"8",,"8",,"8"
"252210170","WARSZAWA-OBSERWATORIUM II     ","2025","05","10","06",8.8,,,"8","W","W",,"8",,"8",,"8",,"8",,"8"
"252210170","WARSZAWA-OBSERWATORIUM II     ","2025","05","10","12",7.9,,,"8",,"W",,"8",,"8",,"8",,"8",,"8"
"252210170","WARSZAWA-OBSERWATORIUM II     ","2025","05","10","18",7.9,,,"8",,"W",,"8",,"8",,"8",,"8",,"8"
"252210170","WARSZAWA-OBSERWATORIUM II     ","2025","05","11","06",6.9,,,"8",,"W",,"8",,"8",,"8",,"8",,"8"
"252210170","WARSZAWA-OBSERWATORIUM II     ","2025","05","11","12",12.9,,,"8","W","W",,"8",,"8",,"8",,"8",,"8"
"252210170","WARSZAWA-OBSERWATORIUM II     ","2025","05","11","18",9.5,,,"8","W","W",,"8",,"8",,"8",,"8",,"8"
"252210170","WARSZAWA-OBSERWATORIUM II     ","2025","05","12","06",8.2,,,"8","W","W",,"8",,"8",,"8",,"8",,"8"
"252210170","WARSZAWA-OBSERWATORIUM II     ","2025","05","12","12",13.1,,,"8","W","W",,"8",,"8",,"8",,"8",,"8"
"252210170","WARSZAWA-OBSERWATORIUM II     ","2025","05","12","18",11.9,,,"8","W","W",,"8",,"8",,"8",,"8",,"8"
"252210170","WARSZAWA-OBSERWATORIUM II     ","2025","05","13","06",8.2,,,"8","W","W",,"8",,"8",,"8",,"8",,"8"
"252210170","WARSZAWA-OBSERWATORIUM II     ","2025","05","13","12",16.5,,,"8","W","W",,"8",,"8",,"8",,"8",,"8"
"252210170","WARSZAWA-OBSERWATORIUM II     ","2025","05","13","18",13.8,,,"8","W","W",,"8",,"8",,"8",,"8",,"8"
"252210170","WARSZAWA-OBSERWATORIUM II     ","2025","05","14","06",11.3,,,"8","W","W",,"8",,"8",,"8",,"8",,"8"
"252210170","WARSZAWA-OBSERWATORIUM II     ","2025","05","14","12",18.5,,,"8","W","W",,"8",,"8",,"8",,"8",,"8"
"252210170","WARSZAWA-OBSERWATORIUM II     ","2025","05","14","18",11.2,,,"8","W","W",,"8",,"8",,"8",,"8",,"8"
"252210170","WARSZAWA-OBSERWATORIUM II     ","2025","05","15","06",5.3,,,"8",,"W",,"8",,"8",,"8",,"8",,"8"
"252210170","WARSZAWA-OBSERWATORIUM II     ","2025","05","15","12",7.7,,,"8",,"W",,"8",,"8",,"8",,"8",,"8"
"252210170","WARSZAWA-OBSERWATORIUM II     ","2025","05","15","18",4.6,,,"8",,"W",,"8",,"8",,"8",,"8",,"8"
"252210170","WARSZAWA-OBSERWATORIUM II     ","2025","05","16","06",6.4,,,"8",,"W",,"8",,"8",,"8",,"8",,"8"
"252210170","WARSZAWA-OBSERWATORIUM II     ","2025","05","16","12",6.9,,,"8",,"W",,"8",,"8",,"8",,"8",,"8"
"252210170","WARSZAWA-OBSERWATORIUM II     ","2025","05","16","18",7.3,,,"8",,"W",,"8",,"8",,"8",,"8",,"8"
"252210170","WARSZAWA-OBSERWATORIUM II     ","2025","05","17","06",4.2,,,"8",,"W",,"8",,"8",,"8",,"8",,"8"
"252210170","WARSZAWA-OBSERWATORIUM II     ","2025","05","17","12",8.3,,,"8","W","W",,"8",,"8",,"8",,"8",,"8"
"252210170","WARSZAWA-OBSERWATORIUM II     ","2025","05","17","18",7.9,,,"8",,"W",,"8",,"8",,"8",,"8",,"8"
"252210170","WARSZAWA-OBSERWATORIUM II     ","2025","05","18","06",6.7,,,"8",,"W",,"8",,"8",,"8",,"8",,"8"
"252210170","WARSZAWA-OBSERWATORIUM II     ","2025","05","18","12",9.7,,,"8","W","W",,"8",,"8",,"8",,"8",,"8"
"252210170","WARSZAWA-OBSERWATORIUM II     ","2025","05","18","18",7.9,,,"8",,"W",,"8",,"8",,"8",,"8",,"8"
"252210170","WARSZAWA-OBSERWATORIUM II     ","2025","05","19","06",8.8,,,"8","W","W",,"8",,"8",,"8",,"8",,"8"
"252210170","WARSZAWA-OBSERWATORIUM II     ","2025","05","19","12",14.5,,,"8","W","W",,"8",,"8",,"8",,"8",,"8"
"252210170","WARSZAWA-OBSERWATORIUM II     ","2025","05","19","18",12.5,,,"8","W","W",,"8",,"8",,"8",,"8",,"8"
"252210170","WARSZAWA-OBSERWATORIUM II     ","2025","05","20","06",12.5,,,"8","W","W",,"8",,"8",,"8",,"8",,"8"
"252210170","WARSZAWA-OBSERWATORIUM II     ","2025","05","20","12",18.8,,,"8","W","W",,"8",,"8",,"8",,"8",,"8"
"252210170","WARSZAWA-OBSERWATORIUM II     ","2025","05","20","18",18.1,,,"8","W","W",,"8",,"8",,"8",,"8",,"8"
"252210170","WARSZAWA-OBSERWATORIUM II     ","2025","05","21","06",15.9,,,"8","W","W",,"8",,"8",,"8",,"8",,"8"
"252210170","WARSZAWA-OBSERWATORIUM II     ","2025","05","21","12",22.3,,,"8","W","W",,"8",,"8",,"8",,"8",,"8"
"252210170","WARSZAWA-OBSERWATORIUM II     ","2025","05","21","18",14.2,,,"8","W","W",,"8",,"8",,"8",,"8",,"8"
"252210170","WARSZAWA-OBSERWATORIUM II     ","2025","05","22","06",14.8,,,"8","W","W",,"8",,"8",,"8",,"8",,"8"
"252210170","WARSZAWA-OBSERWATORIUM II     ","2025","05","22","12",16.0,,,"8","W","W",,"8",,"8",,"8",,"8",,"8"
"252210170","WARSZAWA-OBSERWATORIUM II     ","2025","05","22","18",11.4,,,"8","W","W",,"8",,"8",,"8",,"8",,"8"
"252210170","WARSZAWA-OBSERWATORIUM II     ","2025","05","23","06",9.4,,,"8","W","W",,"8",,"8",,"8",,"8",,"8"
"252210170","WARSZAWA-OBSERWATORIUM II     ","2025","05","23","12",14.0,,,"8","W","W",,"8",,"8",,"8",,"8",,"8"
"252210170","WARSZAWA-OBSERWATORIUM II     ","2025","05","23","18",12.5,,,"8","W","W",,"8",,"8",,"8",,"8",,"8"
"252210170","WARSZAWA-OBSERWATORIUM II     ","2025","05","24","06",12.1,,,"8","W","W",,"8",,"8",,"8",,"8",,"8"
"252210170","WARSZAWA-OBSERWATORIUM II     ","2025","05","24","12",15.0,,,"8","W","W",,"8",,"8",,"8",,"8",,"8"
"252210170","WARSZAWA-OBSERWATORIUM II     ","2025","05","24","18",13.7,,,"8","W","W",,"8",,"8",,"8",,"8",,"8"
"252210170","WARSZAWA-OBSERWATORIUM II     ","2025","05","25","06",12.6,,,"8","W","W",,"8",,"8",,"8",,"8",,"8"
"252210170","WARSZAWA-OBSERWATORIUM II     ","2025","05","25","12",18.0,,,"8","W","W",,"8",,"8",,"8",,"8",,"8"
"252210170","WARSZAWA-OBSERWATORIUM II     ","2025","05","25","18",15.0,,,"8","W","W",,"8",,"8",,"8",,"8",,"8"
"252210170","WARSZAWA-OBSERWATORIUM II     ","2025","05","26","06",13.6,,,"8","W","W",,"8",,"8",,"8",,"8",,"8"
"252210170","WARSZAWA-OBSERWATORIUM II     ","2025","05","26","12",20.2,,,"8","W","W",,"8",,"8",,"8",,"8",,"8"
"252210170","WARSZAWA-OBSERWATORIUM II     ","2025","05","26","18",15.2,,,"8","W","W",,"8",,"8",,"8",,"8",,"8"
"252210170","WARSZAWA-OBSERWATORIUM II     ","2025","05","27","06",13.4,,,"8","W","W",,"8",,"8",,"8",,"8",,"8"
"252210170","WARSZAWA-OBSERWATORIUM II     ","2025","05","27","12",21.4,,,"8","W","W",,"8",,"8",,"8",,"8",,"8"
"252210170","WARSZAWA-OBSERWATORIUM II     ","2025","05","27","18",18.0,,,"8","W","W",,"8",,"8",,"8",,"8",,"8"
"252210170","WARSZAWA-OBSERWATORIUM II     ","2025","05","28","06",16.9,,,"8","W","W",,"8",,"8",,"8",,"8",,"8"
"252210170","WARSZAWA-OBSERWATORIUM II     ","2025","05","28","12",22.8,,,"8","W","W",,"8",,"8",,"8",,"8",,"8"
"252210170","WARSZAWA-OBSERWATORIUM II     ","2025","05","28","18",20.0,,,"8","W","W",,"8",,"8",,"8",,"8",,"8"
"252210170","WARSZAWA-OBSERWATORIUM II     ","2025","05","29","06",13.8,,,"8","W","W",,"8",,"8",,"8",,"8",,"8"
"252210170","WARSZAWA-OBSERWATORIUM II     ","2025","05","29","12",15.0,,,"8","W","W",,"8",,"8",,"8",,"8",,"8"
"252210170","WARSZAWA-OBSERWATORIUM II     ","2025","05","29","18",15.2,,,"8","W","W",,"8",,"8",,"8",,"8",,"8"
"252210170","WARSZAWA-OBSERWATORIUM II     ","2025","05","30","06",12.3,,,"8","W","W",,"8",,"8",,"8",,"8",,"8"
"252210170","WARSZAWA-OBSERWATORIUM II     ","2025","05","30","12",20.6,,,"8","W","W",,"8",,"8",,"8",,"8",,"8"
"252210170","WARSZAWA-OBSERWATORIUM II     ","2025","05","30","18",15.0,,,"8","W","W",,"8",,"8",,"8",,"8",,"8"
"252210170","WARSZAWA-OBSERWATORIUM II     ","2025","05","31","06",17.1,,,"8","W","W",,"8",,"8",,"8",,"8",,"8"
"252210170","WARSZAWA-OBSERWATORIUM II     ","2025","05","31","12",21.8,,,"8","W","W",,"8",,"8",,"8",,"8",,"8"
"252210170","WARSZAWA-OBSERWATORIUM II     ","2025","05","31","18",20.2,,,"8","W","W",,"8",,"8",,"8",,"8",,"8"
"252220030","SZEPIETOWO                    ","2025","05","01","06",9.1,,,"8",,"U",,"8",,"8",,"8",2,,7,
"252220030","SZEPIETOWO                    ","2025","05","01","12",15.4,,,"8",,"U",,"8",,"8",,"8",1,,7,
"252220030","SZEPIETOWO                    ","2025","05","01","18",12.7,,,"8",,"U",,"8",,"8",,"8",2,,7,
"252220030","SZEPIETOWO                    ","2025","05","02","06",9.1,,,"8",,"U",,"8",,"8",,"8",5,,7,
"252220030","SZEPIETOWO                    ","2025","05","02","12",20.4,,,"8",,"U",,"8",,"8",,"8",4,,7,
"252220030","SZEPIETOWO                    ","2025","05","02","18",17.9,,,"8",,"U",,"8",,"8",,"8",7,,7,
"252220030","SZEPIETOWO                    ","2025","05","03","06",12.9,,,"8",,"U",,"8",,"8",,"8",8,,7,
"252220030","SZEPIETOWO                    ","2025","05","03","12",18.7,,,"8",,"U",,"8",,"8",,"8",6,,7,
"252220030","SZEPIETOWO                    ","2025","05","03","18",15.1,,,"8",,"U",,"8",,"8",,"8",3,,7,
"252220030","SZEPIETOWO                    ","2025","05","04","06",14.1,,,"8",,"U",,"8",,"8",,"8",8,,5,
"252220030","SZEPIETOWO                    ","2025","05","04","12",13.3,,,"8",,"U",,"8",,"8",,"8",7,,7,
"252220030","SZEPIETOWO                    ","2025","05","04","18",11.3,,,"8",,"U",,"8",,"8",,"8",4,,7,
"252220030","SZEPIETOWO                    ","2025","05","05","06",7.0,,,"8",,"U",,"8",,"8",,"8",6,,7,
"252220030","SZEPIETOWO                    ","2025","05","05","12",8.9,,,"8",,"U",,"8",,"8",,"8",7,,7,
"252220030","SZEPIETOWO                    ","2025","05","05","18",7.0,,,"8",,"U",,"8",,"8",,"8",2,,7,
"252220030","SZEPIETOWO                    ","2025","05","06","06",6.0,,,"8",,"U",,"8",,"8",,"8",2,,7,
"252220030","SZEPIETOWO                    ","2025","05","06","12",12.9,,,"8",,"U",,"8",,"8",,"8",4,,7,
"252220030","SZEPIETOWO                    ","2025","05","06","18",9.7,,,"8",,"U",,"8",,"8",,"8",4,,7,
"252220030","SZEPIETOWO                    ","2025","05","07","06",5.6,,,"8",,"U",,"8",,"8",,"8",2,,7,
"252220030","SZEPIETOWO                    ","2025","05","07","12",11.3,,,"8",,"U",,"8",,"8",,"8",5,,7,
"252220030","SZEPIETOWO                    ","2025","05","07","18",7.9,,,"8",,"U",,"8",,"8",,"8",6,,7,
"252220030","SZEPIETOWO                    ","2025","05","08","06",3.3,,,"8",,"U",,"8",,"8",,"8",2,,7,
"252220030","SZEPIETOWO                    ","2025","05","08","12",10.3,,,"8",,"U",,"8",,"8",,"8",5,,7,
"252220030","SZEPIETOWO                    ","2025","05","08","18",6.0,,,"8",,"U",,"8",,"8",,"8",6,,7,
"252220030","SZEPIETOWO                    ","2025","05","09","06",5.2,,,"8",,"U",,"8",,"8",,"8",4,,7,
"252220030","SZEPIETOWO                    ","2025","05","09","12",8.1,,,"8",,"U",,"8",,"8",,"8",6,,7,
"252220030","SZEPIETOWO                    ","2025","05","09","18",7.2,,,"8",,"U",,"8",,"8",,"8",7,,7,
"252220030","SZEPIETOWO                    ","2025","05","10","06",4.8,,,"8",,"U",,"8",,"8",,"8",8,,7,
"252220030","SZEPIETOWO                    ","2025","05","10","12",8.1,,,"8",,"U",,"8",,"8",,"8",7,,7,
"252220030","SZEPIETOWO                    ","2025","05","10","18",7.0,,,"8",,"U",,"8",,"8",,"8",7,,7,
"252220030","SZEPIETOWO                    ","2025","05","11","06",7.2,,,"8",,"U",,"8",,"8",,"8",0,,7,
"252220030","SZEPIETOWO                    ","2025","05","11","12",11.3,,,"8",,"U",,"8",,"8",,"8",6,,7,
"252220030","SZEPIETOWO                    ","2025","05","11","18",7.6,,,"8",,"U",,"8",,"8",,"8",8,,7,
"252220030","SZEPIETOWO                    ","2025","05","12","06",7.0,,,"8",,"U",,"8",,"8",,"8",2,,7,
"252220030","SZEPIETOWO                    ","2025","05","12","12",12.3,,,"8",,"U",,"8",,"8",,"8",5,,7,
"252220030","SZEPIETOWO                    ","2025","05","12","18",11.1,,,"8",,"U",,"8",,"8",,"8",5,,7,
"252220030","SZEPIETOWO                    ","2025","05","13","06",7.1,,,"8",,"U",,"8",,"8",,"8",2,,7,
"252220030","SZEPIETOWO                    ","2025","05","13","12",15.3,,,"8",,"U",,"8",,"8",,"8",5,,7,
"252220030","SZEPIETOWO                    ","2025","05","13","18",12.3,,,"8",,"U",,"8",,"8",,"8",5,,7,
"252220030","SZEPIETOWO                    ","2025","05","14","06",9.9,,,"8",,"U",,"8",,"8",,"8",6,,7,
"252220030","SZEPIETOWO                    ","2025","05","14","12",13.5,,,"8",,"U",,"8",,"8",,"8",8,,7,
"252220030","SZEPIETOWO                    ","2025","05","14","18",9.9,,,"8",,"U",,"8",,"8",,"8",8,,7,
"252220030","SZEPIETOWO                    ","2025","05","15","06",4.8,,,"8",,"U",,"8",,"8",,"8",2,,7,
"252220030","SZEPIETOWO                    ","2025","05","15","12",10.3,,,"8",,"U",,"8",,"8",,"8",6,,7,
"252220030","SZEPIETOWO                    ","2025","05","15","18",6.6,,,"8",,"U",,"8",,"8",,"8",4,,7,
"252220030","SZEPIETOWO                    ","2025","05","16","06",5.4,,,"8",,"U",,"8",,"8",,"8",8,,6,
"252220030","SZEPIETOWO                    ","2025","05","16","12",7.2,,,"8",,"U",,"8",,"8",,"8",8,,7,
"252220030","SZEPIETOWO                    ","2025","05","16","18",5.8,,,"8",,"U",,"8",,"8",,"8",8,,7,
"252220030","SZEPIETOWO                    ","2025","05","17","06",4.8,,,"8",,"U",,"8",,"8",,"8",8,,6,
"252220030","SZEPIETOWO                    ","2025","05","17","12",7.6,,,"8",,"U",,"8",,"8",,"8",8,,6,
"252220030","SZEPIETOWO                    ","2025","05","17","18",7.0,,,"8",,"U",,"8",,"8",,"8",5,,7,
"252220030","SZEPIETOWO                    ","2025","05","18","06",6.0,,,"8",,"U",,"8",,"8",,"8",8,,6,
"252220030","SZEPIETOWO                    ","2025","05","18","12",10.3,,,"8",,"U",,"8",,"8",,"8",6,,7,
"252220030","SZEPIETOWO                    ","2025","05","18","18",9.1,,,"8",,"U",,"8",,"8",,"8",6,,7,
"252220030","SZEPIETOWO                    ","2025","05","19","06",10.9,,,"8",,"U",,"8",,"8",,"8",2,,7,
"252220030","SZEPIETOWO                    ","2025","05","19","12",15.4,,,"8",,"U",,"8",,"8",,"8",5,,7,
"252220030","SZEPIETOWO                    ","2025","05","19","18",12.7,,,"8",,"U",,"8",,"8",,"8",4,,7,
"252220030","SZEPIETOWO                    ","2025","05","20","06",10.9,,,"8",,"U",,"8",,"8",,"8",2,,7,
"252220030","SZEPIETOWO                    ","2025","05","20","12",18.9,,,"8",,"U",,"8",,"8",,"8",3,,7,
"252220030","SZEPIETOWO                    ","2025","05","20","18",18.3,,,"8",,"U",,"8",,"8",,"8",4,,7,
"252220030","SZEPIETOWO                    ","2025","05","21","06",13.1,,,"8",,"U",,"8",,"8",,"8",2,,7,
"252220030","SZEPIETOWO                    ","2025","05","21","12",22.3,,,"8",,"U",,"8",,"8",,"8",4,,7,
"252220030","SZEPIETOWO                    ","2025","05","21","18",16.7,,,"8",,"U",,"8",,"8",,"8",7,,7,
"252220030","SZEPIETOWO                    ","2025","05","22","06",13.9,,,"8",,"U",,"8",,"8",,"8",6,,7,
"252220030","SZEPIETOWO                    ","2025","05","22","12",18.7,,,"8",,"U",,"8",,"8",,"8",7,,7,
"252220030","SZEPIETOWO                    ","2025","05","22","18",13.7,,,"8",,"U",,"8",,"8",,"8",8,,7,
"252220030","SZEPIETOWO                    ","2025","05","23","06",10.7,,,"8",,"U",,"8",,"8",,"8",8,,6,
"252220030","SZEPIETOWO                    ","2025","05","23","12",14.3,,,"8",,"U",,"8",,"8",,"8",8,,7,
"252220030","SZEPIETOWO                    ","2025","05","23","18",13.3,,,"8",,"U",,"8",,"8",,"8",8,,7,
"252220030","SZEPIETOWO                    ","2025","05","24","06",10.7,,,"8",,"U",,"8",,"8",,"8",5,,7,
"252220030","SZEPIETOWO                    ","2025","05","24","12",12.1,,,"8",,"U",,"8",,"8",,"8",8,,7,
"252220030","SZEPIETOWO                    ","2025","05","24","18",10.9,,,"8",,"U",,"8",,"8",,"8",6,,7,
"252220030","SZEPIETOWO                    ","2025","05","25","06",10.7,,,"8",,"U",,"8",,"8",,"8",2,,7,
"252220030","SZEPIETOWO                    ","2025","05","25","12",17.4,,,"8",,"U",,"8",,"8",,"8",4,,7,
"252220030","SZEPIETOWO                    ","2025","05","25","18",14.5,,,"8",,"U",,"8",,"8",,"8",2,,7,
"252220030","SZEPIETOWO                    ","2025","05","26","06",11.7,,,"8",,"U",,"8",,"8",,"8",4,,7,
"252220030","SZEPIETOWO                    ","2025","05","26","12",20.8,,,"8",,"U",,"8",,"8",,"8",4,,7,
"252220030","SZEPIETOWO                    ","2025","05","26","18",17.5,,,"8",,"U",,"8",,"8",,"8",8,,7,
"252220030","SZEPIETOWO                    ","2025","05","27","06",13.9,,,"8",,"U",,"8",,"8",,"8",2,,7,
"252220030","SZEPIETOWO                    ","2025","05","27","12",20.3,,,"8",,"U",,"8",,"8",,"8",3,,7,
"252220030","SZEPIETOWO                    ","2025","05","27","18",18.7,,,"8",,"U",,"8",,"8",,"8",4,,7,
"252220030","SZEPIETOWO                    ","2025","05","28","06",16.7,,,"8",,"U",,"8",,"8",,"8",3,,7,
"252220030","SZEPIETOWO                    ","2025","05","28","12",22.2,,,"8",,"U",,"8",,"8",,"8",6,,7,
"252220030","SZEPIETOWO                    ","2025","05","28","18",17.1,,,"8",,"U",,"8",,"8",,"8",7,,7,
"252220030","SZEPIETOWO                    ","2025","05","29","06",15.7,,,"8",,"U",,"8",,"8",,"8",7,,7,
"252220030","SZEPIETOWO                    ","2025","05","29","12",19.1,,,"8",,"U",,"8",,"8",,"8",6,,7,
"252220030","SZEPIETOWO                    ","2025","05","29","18",15.3,,,"8",,"U",,"8",,"8",,"8",5,,7,
"252220030","SZEPIETOWO                    ","2025","05","30","06",12.9,,,"8",,"U",,"8",,"8",,"8",2,,7,
"252220030","SZEPIETOWO                    ","2025","05","30","12",19.7,,,"8",,"U",,"8",,"8",,"8",2,,7,
"252220030","SZEPIETOWO                    ","2025","05","30","18",17.3,,,"8",,"U",,"8",,"8",,"8",8,,7,
"252220030","SZEPIETOWO                    ","2025","05","31","06",16.3,,,"8",,"U",,"8",,"8",,"8",6,,6,
"252220030","SZEPIETOWO                    ","2025","05","31","12",21.6,,,"8",,"U",,"8",,"8",,"8",5,,7,
"252220030","SZEPIETOWO                    ","2025","05","31","18",19.7,,,"8",,"U",,"8",,"8",,"8",3,,7,
"253140060","GOLENIÓW                      ","2025","05","01","06",11.8,,,"8",,,,"8","SW ",,1,,1,,8,
"253140060","GOLENIÓW                      ","2025","05","01","12",21.1,,,"8",,,,"8","SW ",,2,,4,,8,
"253140060","GOLENIÓW                      ","2025","05","01","18",19.8,,,"8",,,,"8","ENE",,1,,3,,8,
"253140060","GOLENIÓW                      ","2025","05","02","06",14.2,,,"8",,,,"8","WSW",,3,,7,,8,
"253140060","GOLENIÓW                      ","2025","05","02","12",24.2,,,"8",,,,"8","WNW",,5,,7,,8,
"253140060","GOLENIÓW                      ","2025","05","02","18",14.8,,,"8",,,,"8","WSW",,4,,7,,8,
"253140060","GOLENIÓW                      ","2025","05","03","06",10.6,,,"8",,,,"8","NW ",,2,,2,,8,
"253140060","GOLENIÓW                      ","2025","05","03","12",15.5,,,"8",,,,"8","NW ",,3,,4,,8,
"253140060","GOLENIÓW                      ","2025","05","03","18",14.7,,,"8",,,,"8","NNE",,2,,7,,8,
"253140060","GOLENIÓW                      ","2025","05","04","06",8.5,,,"8",,,,"8","WNW",,6,,6,,8,
"253140060","GOLENIÓW                      ","2025","05","04","12",7.1,,,"8",,,,"8","WNW",,7,,7,,6,
"253140060","GOLENIÓW                      ","2025","05","04","18",7.4,,,"8",,,,"8","N  ",,2,,5,,8,
"253140060","GOLENIÓW                      ","2025","05","05","06",5.5,,,"8",,,,"8","NNE",,2,,3,,8,
"253140060","GOLENIÓW                      ","2025","05","05","12",10.8,,,"8",,,,"8","NE ",,3,,5,,8,
"253140060","GOLENIÓW                      ","2025","05","05","18",9.1,,,"8",,,,"8","N  ",,2,,0,,8,
"253140060","GOLENIÓW                      ","2025","05","06","06",6.4,,,"8",,,,"8","WSW",,2,,0,,8,
"253140060","GOLENIÓW                      ","2025","05","06","12",13.3,,,"8",,,,"8","NNW",,3,,6,,8,
"253140060","GOLENIÓW                      ","2025","05","06","18",12.2,,,"8",,,,"8","NE ",,2,,6,,8,
"253140060","GOLENIÓW                      ","2025","05","07","06",6.7,,,"8",,,,"8","E  ",,2,,4,,8,
"253140060","GOLENIÓW                      ","2025","05","07","12",13.9,,,"8",,,,"8","ENE",,2,,7,,8,
"253140060","GOLENIÓW                      ","2025","05","07","18",11.6,,,"8",,,,"8","NE ",,2,,2,,8,
"253140060","GOLENIÓW                      ","2025","05","08","06",8.3,,,"8",,,,"8","S  ",,2,,3,,8,
"253140060","GOLENIÓW                      ","2025","05","08","12",13.6,,,"8",,,,"8","NW ",,1,,5,,8,
"253140060","GOLENIÓW                      ","2025","05","08","18",11.1,,,"8",,,,"8","NE ",,2,,2,,8,
"253140060","GOLENIÓW                      ","2025","05","09","06",7.3,,,"8",,,,"8","S  ",,1,,7,,8,
"253140060","GOLENIÓW                      ","2025","05","09","12",16.5,,,"8",,,,"8","NW ",,6,,7,,8,
"253140060","GOLENIÓW                      ","2025","05","09","18",15.2,,,"8",,,,"8","NNW",,1,,7,,8,
"253140060","GOLENIÓW                      ","2025","05","10","06",11.6,,,"8",,,,"8","N  ",,2,,7,,8,
"253140060","GOLENIÓW                      ","2025","05","10","12",13.8,,,"8",,,,"8","N  ",,4,,7,,8,
"253140060","GOLENIÓW                      ","2025","05","10","18",10.2,,,"8",,,,"8","N  ",,3,,4,,8,
"253140060","GOLENIÓW                      ","2025","05","11","06",7.7,,,"8",,,,"8","ESE",,2,,4,,8,
"253140060","GOLENIÓW                      ","2025","05","11","12",15.0,,,"8",,,,"8","NE ",,3,,0,,8,
"253140060","GOLENIÓW                      ","2025","05","11","18",10.3,,,"8",,,,"8","NE ",,3,,0,,8,
"253140060","GOLENIÓW                      ","2025","05","12","06",6.9,,,"8",,,,"8","ENE",,3,,1,,8,
"253140060","GOLENIÓW                      ","2025","05","12","12",15.5,,,"8",,,,"8","ESE",,2,,6,,8,
"253140060","GOLENIÓW                      ","2025","05","12","18",12.2,,,"8",,,,"8","ENE",,3,,3,,8,
"253140060","GOLENIÓW                      ","2025","05","13","06",10.3,,,"8",,,,"8","NNE",,1,,0,,8,
"253140060","GOLENIÓW                      ","2025","05","13","12",18.7,,,"8",,,,"8","NNW",,3,,3,,8,
"253140060","GOLENIÓW                      ","2025","05","13","18",16.9,,,"8",,,,"8","NW ",,4,,2,,8,
"253140060","GOLENIÓW                      ","2025","05","14","06",13.7,,,"8",,,,"8","WNW",,4,,6,,8,
"253140060","GOLENIÓW                      ","2025","05","14","12",18.3,,,"8",,,,"8","NNW",,4,,7,,8,
"253140060","GOLENIÓW                      ","2025","05","14","18",12.8,,,"8",,,,"8","NNE",,1,,7,,8,
"253140060","GOLENIÓW                      ","2025","05","15","06",9.2,,,"8",,,,"8","NW ",,4,,5,,8,
"253140060","GOLENIÓW                      ","2025","05","15","12",9.8,,,"8",,,,"8","N  ",,6,,7,,8,
"253140060","GOLENIÓW                      ","2025","05","15","18",7.7,,,"8",,,,"8","NW ",,3,,7,,8,
"253140060","GOLENIÓW                      ","2025","05","16","06",11.9,,,"8",,,,"8","NW ",,5,,4,,8,
"253140060","GOLENIÓW                      ","2025","05","16","12",12.5,,,"8",,,,"8","NNW",,9,,7,,8,
"253140060","GOLENIÓW                      ","2025","05","16","18",9.5,,,"8",,,,"8","NW ",,4,,7,,8,
"253140060","GOLENIÓW                      ","2025","05","17","06",9.7,,,"8",,,,"8","W  ",,4,,6,,8,
"253140060","GOLENIÓW                      ","2025","05","17","12",10.3,,,"8",,,,"8","W  ",,5,,7,,8,
"253140060","GOLENIÓW                      ","2025","05","17","18",8.0,,,"8",,,,"8","NNW",,5,,6,,8,
"253140060","GOLENIÓW                      ","2025","05","18","06",9.4,,,"8",,,,"8","N  ",,4,,6,,8,
"253140060","GOLENIÓW                      ","2025","05","18","12",8.8,,,"8",,,,"8","NW ",,4,,8,,7,
"253140060","GOLENIÓW                      ","2025","05","18","18",8.2,,,"8",,,,"8","N  ",,3,,8,,6,
"253140060","GOLENIÓW                      ","2025","05","19","06",8.9,,,"8",,,,"8","NNW",,4,,8,,7,
"253140060","GOLENIÓW                      ","2025","05","19","12",13.1,,,"8",,,,"8","N  ",,3,,8,,7,
"253140060","GOLENIÓW                      ","2025","05","19","18",12.9,,,"8",,,,"8","NW ",,2,,5,,8,
"253140060","GOLENIÓW                      ","2025","05","20","06",12.5,,,"8",,,,"8","W  ",,3,,1,,8,
"253140060","GOLENIÓW                      ","2025","05","20","12",21.8,,,"8",,,,"8","WNW",,7,,1,,8,
"253140060","GOLENIÓW                      ","2025","05","20","18",20.2,,,"8",,,,"8","NNW",,3,,4,,8,
"253140060","GOLENIÓW                      ","2025","05","21","06",13.7,,,"8",,,,"8","W  ",,4,,1,,8,
"253140060","GOLENIÓW                      ","2025","05","21","12",20.4,,,"8",,,,"8","W  ",,5,,0,,8,
"253140060","GOLENIÓW                      ","2025","05","21","18",18.0,,,"8",,,,"8","W  ",,5,,4,,8,
"253140060","GOLENIÓW                      ","2025","05","22","06",9.9,,,"8",,,,"8","W  ",,4,,6,,8,
"253140060","GOLENIÓW                      ","2025","05","22","12",13.8,,,"8",,,,"8","SW ",,6,,7,,8,
"253140060","GOLENIÓW                      ","2025","05","22","18",10.2,,,"8",,,,"8","W  ",,5,,3,,8,
"253140060","GOLENIÓW                      ","2025","05","23","06",7.9,,,"8",,,,"8","W  ",,5,,0,,8,
"253140060","GOLENIÓW                      ","2025","05","23","12",13.3,,,"8",,,,"8","W  ",,4,,5,,8,
"253140060","GOLENIÓW                      ","2025","05","23","18",11.9,,,"8",,,,"8","SW ",,3,,1,,8,
"253140060","GOLENIÓW                      ","2025","05","24","06",8.9,,,"8",,,,"8","SW ",,3,,4,,8,
"253140060","GOLENIÓW                      ","2025","05","24","12",14.7,,,"8",,,,"8","SW ",,4,,4,,8,
"253140060","GOLENIÓW                      ","2025","05","24","18",15.7,,,"8",,,,"8","SW ",,3,,2,,8,
"253140060","GOLENIÓW                      ","2025","05","25","06",13.5,,,"8",,,,"8","SSE",,6,,6,,8,
"253140060","GOLENIÓW                      ","2025","05","25","12",15.4,,,"8",,,,"8","SW ",,4,,8,,7,
"253140060","GOLENIÓW                      ","2025","05","25","18",14.1,,,"8",,,,"8","S  ",,3,,7,,7,
"253140060","GOLENIÓW                      ","2025","05","26","06",13.1,,,"8",,,,"8","NW ",,3,,7,,8,
"253140060","GOLENIÓW                      ","2025","05","26","12",18.4,,,"8",,,,"8","NW ",,4,,6,,8,
"253140060","GOLENIÓW                      ","2025","05","26","18",15.9,,,"8",,,,"8","NW ",,6,,7,,8,
"253140060","GOLENIÓW                      ","2025","05","27","06",14.5,,,"8",,,,"8","S  ",,3,,2,,8,
"253140060","GOLENIÓW                      ","2025","05","27","12",19.7,,,"8",,,,"8","SW ",,5,,7,,8,
"253140060","GOLENIÓW                      ","2025","05","27","18",19.4,,,"8",,,,"8","SW ",,4,,6,,8,
"253140060","GOLENIÓW                      ","2025","05","28","06",13.6,,,"8",,,,"8","S  ",,3,,8,,7,
"253140060","GOLENIÓW                      ","2025","05","28","12",18.9,,,"8",,,,"8","WSW",,4,,7,,8,
"253140060","GOLENIÓW                      ","2025","05","28","18",15.6,,,"8",,,,"8","WNW",,2,,6,,8,
"253140060","GOLENIÓW                      ","2025","05","29","06",13.7,,,"8",,,,"8","NW ",,5,,4,,8,
"253140060","GOLENIÓW                      ","2025","05","29","12",17.3,,,"8",,,,"8","NW ",,6,,4,,8,
"253140060","GOLENIÓW                      ","2025","05","29","18",15.3,,,"8",,,,"8","NNE",,1,,7,,8,
"253140060","GOLENIÓW                      ","2025","05","30","06",13.8,,,"8",,,,"8","SW ",,3,,8,,7,
"253140060","GOLENIÓW                      ","2025","05","30","12",19.8,,,"8",,,,"8","W  ",,4,,8,,8,
"253140060","GOLENIÓW                      ","2025","05","30","18",21.2,,,"8",,,,"8","W  ",,5,,6,,8,
"253140060","GOLENIÓW                      ","2025","05","31","06",15.7,,,"8",,,,"8","W  ",,2,,6,,8,
"253140060","GOLENIÓW                      ","2025","05","31","12",21.6,,,"8",,,,"8","W  ",,4,,5,,8,
"253140060","GOLENIÓW                      ","2025","05","31","18",19.0,,,"8",,,,"8","N  ",,1,,7,,8,
"253170210","CHRZ¥STOWO                    ","2025","05","01","06",10.7,,,"8",,,,"8",,"8",,"8",5,,7,
"253170210","CHRZ¥STOWO                    ","2025","05","01","12",19.2,,,"8",,,,"8",,"8",,"8",3,,8,
"253170210","CHRZ¥STOWO                    ","2025","05","01","18",16.7,,,"8",,,,"8",,"8",,"8",4,,7,
"253170210","CHRZ¥STOWO                    ","2025","05","02","06",13.8,,,"8",,,,"8",,"8",,"8",2,,7,
"253170210","CHRZ¥STOWO                    ","2025","05","02","12",23.1,,,"8",,,,"8",,"8",,"8",6,,8,
"253170210","CHRZ¥STOWO                    ","2025","05","02","18",16.1,,,"8",,,,"8",,"8",,"8",6,,7,
"253170210","CHRZ¥STOWO                    ","2025","05","03","06",13.0,,,"8",,,,"8",,"8",,"8",3,,7,
"253170210","CHRZ¥STOWO                    ","2025","05","03","12",17.7,,,"8",,,,"8",,"8",,"8",3,,8,
"253170210","CHRZ¥STOWO                    ","2025","05","03","18",14.2,,,"8",,,,"8",,"8",,"8",6,,8,
"253170210","CHRZ¥STOWO                    ","2025","05","04","06",9.1,,,"8",,,,"8",,"8",,"8",6,,7,
"253170210","CHRZ¥STOWO                    ","2025","05","04","12",12.2,,,"8",,,,"8",,"8",,"8",5,,8,
"253170210","CHRZ¥STOWO                    ","2025","05","04","18",7.4,,,"8",,,,"8",,"8",,"8",4,,8,
"253170210","CHRZ¥STOWO                    ","2025","05","05","06",5.3,,,"8",,,,"8",,"8",,"8",2,,8,
"253170210","CHRZ¥STOWO                    ","2025","05","05","12",9.7,,,"8",,,,"8",,"8",,"8",4,,8,
"253170210","CHRZ¥STOWO                    ","2025","05","05","18",7.5,,,"8",,,,"8",,"8",,"8",1,,8,
"253170210","CHRZ¥STOWO                    ","2025","05","06","06",5.5,,,"8",,,,"8",,"8",,"8",1,,7,
"253170210","CHRZ¥STOWO                    ","2025","05","06","12",14.0,,,"8",,,,"8",,"8",,"8",2,,8,
"253170210","CHRZ¥STOWO                    ","2025","05","06","18",11.2,,,"8",,,,"8",,"8",,"8",6,,8,
"253170210","CHRZ¥STOWO                    ","2025","05","07","06",5.5,,,"8",,,,"8",,"8",,"8",3,,8,
"253170210","CHRZ¥STOWO                    ","2025","05","07","12",10.9,,,"8",,,,"8",,"8",,"8",7,,8,
"253170210","CHRZ¥STOWO                    ","2025","05","07","18",8.3,,,"8",,,,"8",,"8",,"8",3,,8,
"253170210","CHRZ¥STOWO                    ","2025","05","08","06",4.2,,,"8",,,,"8",,"8",,"8",1,,8,
"253170210","CHRZ¥STOWO                    ","2025","05","08","12",10.0,,,"8",,,,"8",,"8",,"8",4,,8,
"253170210","CHRZ¥STOWO                    ","2025","05","08","18",8.7,,,"8",,,,"8",,"8",,"8",4,,8,
"253170210","CHRZ¥STOWO                    ","2025","05","09","06",6.9,,,"8",,,,"8",,"8",,"8",4,,7,
"253170210","CHRZ¥STOWO                    ","2025","05","09","12",14.5,,,"8",,,,"8",,"8",,"8",6,,8,
"253170210","CHRZ¥STOWO                    ","2025","05","09","18",11.6,,,"8",,,,"8",,"8",,"8",8,,7,
"253170210","CHRZ¥STOWO                    ","2025","05","10","06",10.8,,,"8",,,,"8",,"8",,"8",7,,7,
"253170210","CHRZ¥STOWO                    ","2025","05","10","12",11.2,,,"8",,,,"8",,"8",,"8",5,,7,
"253170210","CHRZ¥STOWO                    ","2025","05","10","18",8.5,,,"8",,,,"8",,"8",,"8",4,,8,
"253170210","CHRZ¥STOWO                    ","2025","05","11","06",5.6,,,"8",,,,"8",,"8",,"8",1,,7,
"253170210","CHRZ¥STOWO                    ","2025","05","11","12",13.2,,,"8",,,,"8",,"8",,"8",4,,8,
"253170210","CHRZ¥STOWO                    ","2025","05","11","18",10.5,,,"8",,,,"8",,"8",,"8",6,,7,
"253170210","CHRZ¥STOWO                    ","2025","05","12","06",7.1,,,"8",,,,"8",,"8",,"8",3,,7,
"253170210","CHRZ¥STOWO                    ","2025","05","12","12",14.4,,,"8",,,,"8",,"8",,"8",4,,8,
"253170210","CHRZ¥STOWO                    ","2025","05","12","18",12.8,,,"8",,,,"8",,"8",,"8",3,,8,
"253170210","CHRZ¥STOWO                    ","2025","05","13","06",8.3,,,"8",,,,"8",,"8",,"8",1,,7,
"253170210","CHRZ¥STOWO                    ","2025","05","13","12",17.1,,,"8",,,,"8",,"8",,"8",6,,8,
"253170210","CHRZ¥STOWO                    ","2025","05","13","18",15.1,,,"8",,,,"8",,"8",,"8",5,,8,
"253170210","CHRZ¥STOWO                    ","2025","05","14","06",13.5,,,"8",,,,"8",,"8",,"8",2,,8,
"253170210","CHRZ¥STOWO                    ","2025","05","14","12",18.6,,,"8",,,,"8",,"8",,"8",6,,8,
"253170210","CHRZ¥STOWO                    ","2025","05","14","18",8.5,,,"8",,,,"8",,"8",,"8",8,,8,
"253170210","CHRZ¥STOWO                    ","2025","05","15","06",6.7,,,"8",,,,"8",,"8",,"8",6,,7,
"253170210","CHRZ¥STOWO                    ","2025","05","15","12",9.3,,,"8",,,,"8",,"8",,"8",5,,8,
"253170210","CHRZ¥STOWO                    ","2025","05","15","18",7.9,,,"8",,,,"8",,"8",,"8",7,,7,
"253170210","CHRZ¥STOWO                    ","2025","05","16","06",9.2,,,"8",,,,"8",,"8",,"8",8,,7,
"253170210","CHRZ¥STOWO                    ","2025","05","16","12",10.1,,,"8",,,,"8",,"8",,"8",4,,8,
"253170210","CHRZ¥STOWO                    ","2025","05","16","18",7.3,,,"8",,,,"8",,"8",,"8",8,,7,
"253170210","CHRZ¥STOWO                    ","2025","05","17","06",6.5,,,"8",,,,"8",,"8",,"8",7,,8,
"253170210","CHRZ¥STOWO                    ","2025","05","17","12",8.7,,,"8",,,,"8",,"8",,"8",7,,7,
"253170210","CHRZ¥STOWO                    ","2025","05","17","18",6.5,,,"8",,,,"8",,"8",,"8",7,,7,
"253170210","CHRZ¥STOWO                    ","2025","05","18","06",6.8,,,"8",,,,"8",,"8",,"8",8,,7,
"253170210","CHRZ¥STOWO                    ","2025","05","18","12",11.2,,,"8",,,,"8",,"8",,"8",6,,8,
"253170210","CHRZ¥STOWO                    ","2025","05","18","18",9.5,,,"8",,,,"8",,"8",,"8",7,,7,
"253170210","CHRZ¥STOWO                    ","2025","05","19","06",7.7,,,"8",,,,"8",,"8",,"8",8,,4,
"253170210","CHRZ¥STOWO                    ","2025","05","19","12",11.2,,,"8",,,,"8",,"8",,"8",8,,8,
"253170210","CHRZ¥STOWO                    ","2025","05","19","18",11.2,,,"8",,,,"8",,"8",,"8",8,,5,
"253170210","CHRZ¥STOWO                    ","2025","05","20","06",12.3,,,"8",,,,"8",,"8",,"8",2,,7,
"253170210","CHRZ¥STOWO                    ","2025","05","20","12",19.8,,,"8",,,,"8",,"8",,"8",2,,7,
"253170210","CHRZ¥STOWO                    ","2025","05","20","18",16.9,,,"8",,,,"8",,"8",,"8",0,,8,
"253170210","CHRZ¥STOWO                    ","2025","05","21","06",13.7,,,"8",,,,"8",,"8",,"8",3,,7,
"253170210","CHRZ¥STOWO                    ","2025","05","21","12",21.0,,,"8",,,,"8",,"8",,"8",4,,7,
"253170210","CHRZ¥STOWO                    ","2025","05","21","18",15.9,,,"8",,,,"8",,"8",,"8",3,,8,
"253170210","CHRZ¥STOWO                    ","2025","05","22","06",10.4,,,"8",,,,"8",,"8",,"8",7,,7,
"253170210","CHRZ¥STOWO                    ","2025","05","22","12",14.8,,,"8",,,,"8",,"8",,"8",4,,7,
"253170210","CHRZ¥STOWO                    ","2025","05","22","18",11.8,,,"8",,,,"8",,"8",,"8",4,,7,
"253170210","CHRZ¥STOWO                    ","2025","05","23","06",7.5,,,"8",,,,"8",,"8",,"8",1,,8,
"253170210","CHRZ¥STOWO                    ","2025","05","23","12",12.8,,,"8",,,,"8",,"8",,"8",6,,8,
"253170210","CHRZ¥STOWO                    ","2025","05","23","18",10.1,,,"8",,,,"8",,"8",,"8",3,,8,
"253170210","CHRZ¥STOWO                    ","2025","05","24","06",8.3,,,"8",,,,"8",,"8",,"8",1,,7,
"253170210","CHRZ¥STOWO                    ","2025","05","24","12",13.7,,,"8",,,,"8",,"8",,"8",5,,8,
"253170210","CHRZ¥STOWO                    ","2025","05","24","18",11.9,,,"8",,,,"8",,"8",,"8",3,,8,
"253170210","CHRZ¥STOWO                    ","2025","05","25","06",11.9,,,"8",,,,"8",,"8",,"8",2,,7,
"253170210","CHRZ¥STOWO                    ","2025","05","25","12",19.2,,,"8",,,,"8",,"8",,"8",2,,8,
"253170210","CHRZ¥STOWO                    ","2025","05","25","18",16.7,,,"8",,,,"8",,"8",,"8",5,,8,
"253170210","CHRZ¥STOWO                    ","2025","05","26","06",12.7,,,"8",,,,"8",,"8",,"8",8,,3,
"253170210","CHRZ¥STOWO                    ","2025","05","26","12",17.1,,,"8",,,,"8",,"8",,"8",7,,7,
"253170210","CHRZ¥STOWO                    ","2025","05","26","18",16.2,,,"8",,,,"8",,"8",,"8",2,,8,
"253170210","CHRZ¥STOWO                    ","2025","05","27","06",12.6,,,"8",,,,"8",,"8",,"8",0,,7,
"253170210","CHRZ¥STOWO                    ","2025","05","27","12",18.0,,,"8",,,,"8",,"8",,"8",4,,8,
"253170210","CHRZ¥STOWO                    ","2025","05","27","18",17.5,,,"8",,,,"8",,"8",,"8",3,,8,
"253170210","CHRZ¥STOWO                    ","2025","05","28","06",14.4,,,"8",,,,"8",,"8",,"8",7,,7,
"253170210","CHRZ¥STOWO                    ","2025","05","28","12",19.0,,,"8",,,,"8",,"8",,"8",8,,7,
"253170210","CHRZ¥STOWO                    ","2025","05","28","18",15.1,,,"8",,,,"8",,"8",,"8",8,,8,
"253170210","CHRZ¥STOWO                    ","2025","05","29","06",12.8,,,"8",,,,"8",,"8",,"8",3,,8,
"253170210","CHRZ¥STOWO                    ","2025","05","29","12",17.1,,,"8",,,,"8",,"8",,"8",4,,8,
"253170210","CHRZ¥STOWO                    ","2025","05","29","18",13.6,,,"8",,,,"8",,"8",,"8",3,,8,
"253170210","CHRZ¥STOWO                    ","2025","05","30","06",11.6,,,"8",,,,"8",,"8",,"8",7,,8,
"253170210","CHRZ¥STOWO                    ","2025","05","30","12",14.6,,,"8",,,,"8",,"8",,"8",8,,5,
"253170210","CHRZ¥STOWO                    ","2025","05","30","18",18.6,,,"8",,,,"8",,"8",,"8",5,,7,
"253170210","CHRZ¥STOWO                    ","2025","05","31","06",16.8,,,"8",,,,"8",,"8",,"8",3,,7,
"253170210","CHRZ¥STOWO                    ","2025","05","31","12",21.4,,,"8",,,,"8",,"8",,"8",4,,8,
"253170210","CHRZ¥STOWO                    ","2025","05","31","18",19.0,,,"8",,,,"8",,"8",,"8",3,,8,
"253220330","MARIANOWO II                  ","2025","05","01","06",7.7,,5.8,,"W","W",75,,"NNE",,4,,0,,8,
"253220330","MARIANOWO II                  ","2025","05","01","12",14.9,,7.8,,"W","W",34,,"NW ",,3,,,"8",,"8"
"253220330","MARIANOWO II                  ","2025","05","01","18",10.9,,5.9,,"W","W",45,,"NE ",,2,,,"8",,"8"
"253220330","MARIANOWO II                  ","2025","05","02","06",9.7,,4.5,,"W","W",41,,"SSE",,4,,7,,7,
"253220330","MARIANOWO II                  ","2025","05","02","12",20.8,,11.6,,"W","W",30,,"SSW",,5,,,"8",,"8"
"253220330","MARIANOWO II                  ","2025","05","02","18",16.2,,13.6,,"W","W",75,,"WNW",,10,,,"8",,"8"
"253220330","MARIANOWO II                  ","2025","05","03","06",12.0,,10.1,,"W","W",79,,"NW ",,3,,4,,8,
"253220330","MARIANOWO II                  ","2025","05","03","12",17.5,,11.6,,"W","W",48,,"WSW",,4,,,"8",,"8"
"253220330","MARIANOWO II                  ","2025","05","03","18",16.3,,12.5,,"W","W",64,,"C  ",,0,,,"8",,"8"
"253220330","MARIANOWO II                  ","2025","05","04","06",9.1,,8.0,,"W","W",86,,"NNW",,4,,5,,7,
"253220330","MARIANOWO II                  ","2025","05","04","12",12.6,,10.5,,"W","W",77,,"WNW",,4,,,"8",,"8"
"253220330","MARIANOWO II                  ","2025","05","04","18",10.1,,7.3,,"W","W",67,,"WSW",,2,,,"8",,"8"
"253220330","MARIANOWO II                  ","2025","05","05","06",6.2,,4.9,,"W","W",82,,"NNW",,2,,3,,7,
"253220330","MARIANOWO II                  ","2025","05","05","12",9.6,,5.2,,"W","W",49,,"N  ",,4,,,"8",,"8"
"253220330","MARIANOWO II                  ","2025","05","05","18",7.6,,3.3,,"W","W",46,,"N  ",,2,,,"8",,"8"
"253220330","MARIANOWO II                  ","2025","05","06","06",7.0,,3.3,,"W","W",52,,"SE ",,3,,0,,8,
"253220330","MARIANOWO II                  ","2025","05","06","12",12.6,,6.1,,"W","W",34,,"WNW",,2,,,"8",,"8"
"253220330","MARIANOWO II                  ","2025","05","06","18",11.1,,5.5,,"W","W",39,,"N  ",,1,,,"8",,"8"
"253220330","MARIANOWO II                  ","2025","05","07","06",5.3,,3.2,,"W","W",70,,"N  ",,5,,0,,8,
"253220330","MARIANOWO II                  ","2025","05","07","12",8.9,,4.3,,"W","W",45,,"NNW",,4,,,"8",,"8"
"253220330","MARIANOWO II                  ","2025","05","07","18",6.4,,2.5,,"W","W",49,,"NNW",,2,,,"8",,"8"
"253220330","MARIANOWO II                  ","2025","05","08","06",3.9,,1.6,,"W","W",66,,"ENE",,4,,6,,8,
"253220330","MARIANOWO II                  ","2025","05","08","12",7.7,,3.3,,"W","W",45,,"N  ",,4,,,"8",,"8"
"253220330","MARIANOWO II                  ","2025","05","08","18",6.3,,2.8,,"W","W",53,,"NE ",,1,,,"8",,"8"
"253220330","MARIANOWO II                  ","2025","05","09","06",5.0,,3.1,,"W","W",73,,"NNW",,4,,7,,8,
"253220330","MARIANOWO II                  ","2025","05","09","12",7.5,,3.1,,"W","W",45,,"NW ",,3,,,"8",,"8"
"253220330","MARIANOWO II                  ","2025","05","09","18",6.8,,4.3,,"W","W",67,,"C  ",,0,,,"8",,"8"
"253220330","MARIANOWO II                  ","2025","05","10","06",5.3,,4.9,,"W","W",94,,"ENE",,3,,8,,7,
"253220330","MARIANOWO II                  ","2025","05","10","12",8.1,,5.4,,"W","W",66,,"N  ",,3,,,"8",,"8"
"253220330","MARIANOWO II                  ","2025","05","10","18",7.0,,4.6,,"W","W",68,,"N  ",,2,,,"8",,"8"
"253220330","MARIANOWO II                  ","2025","05","11","06",7.5,,6.0,,"W","W",80,,"NE ",,3,,0,,8,
"253220330","MARIANOWO II                  ","2025","05","11","12",11.4,,6.8,,"W","W",50,,"NNW",,4,,,"8",,"8"
"253220330","MARIANOWO II                  ","2025","05","11","18",8.4,,5.7,,"W","W",66,,"ESE",,1,,,"8",,"8"
"253220330","MARIANOWO II                  ","2025","05","12","06",7.7,,6.0,,"W","W",78,,"N  ",,3,,0,,8,
"253220330","MARIANOWO II                  ","2025","05","12","12",12.8,,6.4,,"W","W",35,,"NNW",,4,,,"8",,"8"
"253220330","MARIANOWO II                  ","2025","05","12","18",11.2,,6.5,,"W","W",49,,"NNW",,2,,,"8",,"8"
"253220330","MARIANOWO II                  ","2025","05","13","06",7.8,,6.0,,"W","W",77,,"N  ",,3,,0,,8,
"253220330","MARIANOWO II                  ","2025","05","13","12",14.4,,8.8,,"W","W",46,,"WNW",,3,,,"8",,"8"
"253220330","MARIANOWO II                  ","2025","05","13","18",10.5,,5.8,,"W","W",47,,"NNW",,1,,,"8",,"8"
"253220330","MARIANOWO II                  ","2025","05","14","06",10.5,,10.0,,"W","W",94,,"SW ",,2,,7,,7,
"253220330","MARIANOWO II                  ","2025","05","14","12",16.8,,11.5,,"W","W",52,,"WSW",,4,,,"8",,"8"
"253220330","MARIANOWO II                  ","2025","05","14","18",8.1,,7.2,,"W","W",88,,"NNW",,5,,,"8",,"8"
"253220330","MARIANOWO II                  ","2025","05","15","06",4.6,,3.6,,"W","W",85,,"NNW",,2,,4,,7,
"253220330","MARIANOWO II                  ","2025","05","15","12",7.1,,5.4,,"W","W",77,,"NW ",,2,,,"8",,"8"
"253220330","MARIANOWO II                  ","2025","05","15","18",5.6,,3.8,,"W","W",75,,"W  ",,1,,,"8",,"8"
"253220330","MARIANOWO II                  ","2025","05","16","06",5.9,,5.6,,"W","W",96,,"SW ",,3,,8,,7,
"253220330","MARIANOWO II                  ","2025","05","16","12",6.2,,5.8,,"W","W",94,,"WNW",,3,,,"8",,"8"
"253220330","MARIANOWO II                  ","2025","05","16","18",6.2,,5.6,,"W","W",92,,"SW ",,2,,,"8",,"8"
"253220330","MARIANOWO II                  ","2025","05","17","06",5.0,,4.7,,"W","W",96,,"ESE",,6,,8,,7,
"253220330","MARIANOWO II                  ","2025","05","17","12",5.9,,5.2,,"W","W",90,,"S  ",,3,,,"8",,"8"
"253220330","MARIANOWO II                  ","2025","05","17","18",6.7,,5.4,,"W","W",82,,"SSE",,1,,,"8",,"8"
"253220330","MARIANOWO II                  ","2025","05","18","06",5.2,,5.0,,"W","W",97,,"C  ",,0,,8,,6,
"253220330","MARIANOWO II                  ","2025","05","18","12",10.0,,6.9,,"W","W",64,,"SSE",,1,,,"8",,"8"
"253220330","MARIANOWO II                  ","2025","05","18","18",7.8,,6.4,,"W","W",82,,"C  ",,0,,,"8",,"8"
"253220330","MARIANOWO II                  ","2025","05","19","06",7.3,,6.8,,"W","W",93,,"NW ",,2,,1,,7,
"253220330","MARIANOWO II                  ","2025","05","19","12",15.3,,10.2,,"W","W",51,,"NW ",,2,,,"8",,"8"
"253220330","MARIANOWO II                  ","2025","05","19","18",12.8,,9.4,,"W","W",64,,"NNW",,3,,,"8",,"8"
"253220330","MARIANOWO II                  ","2025","05","20","06",10.4,,9.1,,"W","W",85,,"WNW",,3,,1,,8,
"253220330","MARIANOWO II                  ","2025","05","20","12",19.4,,11.6,,"W","W",37,,"NW ",,2,,,"8",,"8"
"253220330","MARIANOWO II                  ","2025","05","20","18",17.1,,11.0,,"W","W",46,,"N  ",,3,,,"8",,"8"
"253220330","MARIANOWO II                  ","2025","05","21","06",14.7,,11.3,,"W","W",66,,"WSW",,3,,0,,8,
"253220330","MARIANOWO II                  ","2025","05","21","12",22.0,,13.5,,"W","W",36,,"WSW",,3,,,"8",,"8"
"253220330","MARIANOWO II                  ","2025","05","21","18",16.4,,12.2,,"W","W",61,,"SSW",,2,,,"8",,"8"
"253220330","MARIANOWO II                  ","2025","05","22","06",15.4,,13.2,,"W","W",78,,"S  ",,2,,3,,7,
"253220330","MARIANOWO II                  ","2025","05","22","12",18.3,,13.1,,"W","W",55,,"S  ",,3,,,"8",,"8"
"253220330","MARIANOWO II                  ","2025","05","22","18",11.4,,10.5,,"W","W",90,,"SSE",,1,,,"8",,"8"
"253220330","MARIANOWO II                  ","2025","05","23","06",10.8,,10.5,,"W","W",96,,"NNW",,3,,1,,7,
"253220330","MARIANOWO II                  ","2025","05","23","12",13.9,,8.8,,"W","W",49,,"W  ",,2,,,"8",,"8"
"253220330","MARIANOWO II                  ","2025","05","23","18",13.2,,9.5,,"W","W",62,,"C  ",,0,,,"8",,"8"
"253220330","MARIANOWO II                  ","2025","05","24","06",10.9,,8.4,,"W","W",71,,"ESE",,2,,3,,7,
"253220330","MARIANOWO II                  ","2025","05","24","12",13.7,,9.9,,"W","W",61,,"ENE",,1,,,"8",,"8"
"253220330","MARIANOWO II                  ","2025","05","24","18",10.5,,8.6,,"W","W",78,,"ESE",,2,,,"8",,"8"
"253220330","MARIANOWO II                  ","2025","05","25","06",11.1,,9.8,,"W","W",85,,"C  ",,0,,0,,8,
"253220330","MARIANOWO II                  ","2025","05","25","12",17.5,,10.3,,"W","W",38,,"ESE",,3,,,"8",,"8"
"253220330","MARIANOWO II                  ","2025","05","25","18",15.4,,10.0,,"W","W",49,,"SE ",,1,,,"8",,"8"
"253220330","MARIANOWO II                  ","2025","05","26","06",12.4,,10.7,,"W","W",81,,"C  ",,0,,4,,7,
"253220330","MARIANOWO II                  ","2025","05","26","12",21.0,,12.4,,"W","W",34,,"NNW",,1,,,"8",,"8"
"253220330","MARIANOWO II                  ","2025","05","26","18",16.4,,12.4,,"W","W",62,,"NNW",,4,,,"8",,"8"
"253220330","MARIANOWO II                  ","2025","05","27","06",13.6,,10.8,,"W","W",71,,"N  ",,4,,1,,8,
"253220330","MARIANOWO II                  ","2025","05","27","12",19.8,,12.8,,"W","W",43,,"NW ",,3,,,"8",,"8"
"253220330","MARIANOWO II                  ","2025","05","27","18",16.8,,12.5,,"W","W",60,,"NE ",,3,,,"8",,"8"
"253220330","MARIANOWO II                  ","2025","05","28","06",17.0,,13.6,,"W","W",68,,"C  ",,0,,1,,8,
"253220330","MARIANOWO II                  ","2025","05","28","12",21.0,,13.6,,"W","W",42,,"C  ",,0,,,"8",,"8"
"253220330","MARIANOWO II                  ","2025","05","28","18",19.9,,13.2,,"W","W",45,,"SSE",,1,,,"8",,"8"
"253220330","MARIANOWO II                  ","2025","05","29","06",15.3,,14.0,,"W","W",87,,"NW ",,2,,8,,8,
"253220330","MARIANOWO II                  ","2025","05","29","12",16.4,,13.6,,"W","W",73,,"NW ",,5,,,"8",,"8"
"253220330","MARIANOWO II                  ","2025","05","29","18",14.5,,10.4,,"W","W",59,,"NW ",,6,,,"8",,"8"
"253220330","MARIANOWO II                  ","2025","05","30","06",12.9,,10.7,,"W","W",76,,"WNW",,3,,0,,8,
"253220330","MARIANOWO II                  ","2025","05","30","12",19.4,,11.4,,"W","W",35,,"WSW",,4,,,"8",,"8"
"253220330","MARIANOWO II                  ","2025","05","30","18",15.4,,13.2,,"W","W",78,,"W  ",,3,,,"8",,"8"
"253220330","MARIANOWO II                  ","2025","05","31","06",16.9,,15.7,,"W","W",88,,"W  ",,3,,6,,7,
"253220330","MARIANOWO II                  ","2025","05","31","12",21.4,,16.0,,"W","W",57,,"W  ",,4,,,"8",,"8"
"253220330","MARIANOWO II                  ","2025","05","31","18",17.8,,13.9,,"W","W",65,,"N  ",,3,,,"8",,"8"
"254180090","GDAÑSK-RÊBIECHOWO             ","2025","05","01","06",9.1,,,"8","W","N",,"8","ESE",,3,,2,,8,
"254180090","GDAÑSK-RÊBIECHOWO             ","2025","05","01","12",14.4,,,"8","W","N",,"8","E  ",,4,,1,,8,
"254180090","GDAÑSK-RÊBIECHOWO             ","2025","05","01","18",12.8,,,"8","W","N",,"8","ESE",,3,,7,,9,
"254180090","GDAÑSK-RÊBIECHOWO             ","2025","05","02","06",15.8,,,"8","W","N",,"8","WSW",,4,,7,,8,
"254180090","GDAÑSK-RÊBIECHOWO             ","2025","05","02","12",17.9,,,"8","W","N",,"8","SW ",,4,,7,,8,
"254180090","GDAÑSK-RÊBIECHOWO             ","2025","05","02","18",16.8,,,"8","W","N",,"8","WNW",,5,,7,,8,
"254180090","GDAÑSK-RÊBIECHOWO             ","2025","05","03","06",9.9,,,"8","W","N",,"8","WNW",,4,,3,,8,
"254180090","GDAÑSK-RÊBIECHOWO             ","2025","05","03","12",13.7,,,"8","W","N",,"8","W  ",,6,,5,,8,
"254180090","GDAÑSK-RÊBIECHOWO             ","2025","05","03","18",10.9,,,"8","W","N",,"8","WNW",,3,,4,,8,
"254180090","GDAÑSK-RÊBIECHOWO             ","2025","05","04","06",7.1,,,"8","W","N",,"8","WSW",,1,,7,,6,
"254180090","GDAÑSK-RÊBIECHOWO             ","2025","05","04","12",11.6,,,"8","W","N",,"8","W  ",,8,,6,,9,
"254180090","GDAÑSK-RÊBIECHOWO             ","2025","05","04","18",6.5,,,"8","W","N",,"8","WNW",,8,,7,,7,
"254180090","GDAÑSK-RÊBIECHOWO             ","2025","05","05","06",4.8,,,"8",,"N",,"8","NNE",,5,,4,,9,
"254180090","GDAÑSK-RÊBIECHOWO             ","2025","05","05","12",8.6,,,"8","W","N",,"8","ENE",,5,,3,,9,
"254180090","GDAÑSK-RÊBIECHOWO             ","2025","05","05","18",6.0,,,"8","W","N",,"8","SE ",,2,,1,,9,
"254180090","GDAÑSK-RÊBIECHOWO             ","2025","05","06","06",7.5,,,"8","W","N",,"8","WSW",,4,,1,,8,
"254180090","GDAÑSK-RÊBIECHOWO             ","2025","05","06","12",13.0,,,"8","W","N",,"8","WNW",,7,,7,,9,
"254180090","GDAÑSK-RÊBIECHOWO             ","2025","05","06","18",7.2,,,"8","W","N",,"8","N  ",,3,,2,,9,
"254180090","GDAÑSK-RÊBIECHOWO             ","2025","05","07","06",6.2,,,"8","W","N",,"8","N  ",,4,,2,,9,
"254180090","GDAÑSK-RÊBIECHOWO             ","2025","05","07","12",9.4,,,"8","W","N",,"8","ENE",,4,,6,,9,
"254180090","GDAÑSK-RÊBIECHOWO             ","2025","05","07","18",4.6,,,"8",,"N",,"8","NE ",,3,,3,,9,
"254180090","GDAÑSK-RÊBIECHOWO             ","2025","05","08","06",4.2,,,"8",,"N",,"8","ENE",,5,,4,,9,
"254180090","GDAÑSK-RÊBIECHOWO             ","2025","05","08","12",7.9,,,"8","W","N",,"8","ENE",,3,,1,,9,
"254180090","GDAÑSK-RÊBIECHOWO             ","2025","05","08","18",5.3,,,"8","W","N",,"8","C  ",,0,,7,,9,
"254180090","GDAÑSK-RÊBIECHOWO             ","2025","05","09","06",5.0,,,"8",,"N",,"8","WNW",,1,,7,,8,
"254180090","GDAÑSK-RÊBIECHOWO             ","2025","05","09","12",10.2,,,"8","W","N",,"8","SE ",,3,,8,,8,
"254180090","GDAÑSK-RÊBIECHOWO             ","2025","05","09","18",8.6,,,"8","W","N",,"8","W  ",,3,,8,,8,
"254180090","GDAÑSK-RÊBIECHOWO             ","2025","05","10","06",4.8,,,"8",,"N",,"8","NE ",,4,,8,,8,
"254180090","GDAÑSK-RÊBIECHOWO             ","2025","05","10","12",8.5,,,"8","W","N",,"8","NE ",,4,,6,,9,
"254180090","GDAÑSK-RÊBIECHOWO             ","2025","05","10","18",6.2,,,"8","W","N",,"8","N  ",,4,,5,,9,
"254180090","GDAÑSK-RÊBIECHOWO             ","2025","05","11","06",6.7,,,"8","W","N",,"8","N  ",,4,,3,,9,
"254180090","GDAÑSK-RÊBIECHOWO             ","2025","05","11","12",9.3,,,"8","W","N",,"8","ENE",,6,,5,,9,
"254180090","GDAÑSK-RÊBIECHOWO             ","2025","05","11","18",5.6,,,"8","W","N",,"8","NNE",,2,,1,,9,
"254180090","GDAÑSK-RÊBIECHOWO             ","2025","05","12","06",7.6,,,"8","W","N",,"8","NNE",,2,,1,,9,
"254180090","GDAÑSK-RÊBIECHOWO             ","2025","05","12","12",11.2,,,"8","W","N",,"8","ENE",,5,,3,,9,
"254180090","GDAÑSK-RÊBIECHOWO             ","2025","05","12","18",7.6,,,"8","W","N",,"8","ENE",,3,,1,,9,
"254180090","GDAÑSK-RÊBIECHOWO             ","2025","05","13","06",7.9,,,"8","W","N",,"8","WSW",,2,,2,,8,
"254180090","GDAÑSK-RÊBIECHOWO             ","2025","05","13","12",16.2,,,"8","W","N",,"8","WNW",,4,,6,,9,
"254180090","GDAÑSK-RÊBIECHOWO             ","2025","05","13","18",14.8,,,"8","W","N",,"8","WNW",,5,,7,,8,
"254180090","GDAÑSK-RÊBIECHOWO             ","2025","05","14","06",12.5,,,"8","W","N",,"8","WNW",,3,,6,,8,
"254180090","GDAÑSK-RÊBIECHOWO             ","2025","05","14","12",10.1,,,"8","W","N",,"8","N  ",,7,,8,,8,
"254180090","GDAÑSK-RÊBIECHOWO             ","2025","05","14","18",5.2,,,"8","W","N",,"8","NNE",,2,,1,,8,
"254180090","GDAÑSK-RÊBIECHOWO             ","2025","05","15","06",4.6,,,"8",,"N",,"8","NW ",,5,,7,,8,
"254180090","GDAÑSK-RÊBIECHOWO             ","2025","05","15","12",7.8,,,"8","W","N",,"8","WSW",,6,,7,,8,
"254180090","GDAÑSK-RÊBIECHOWO             ","2025","05","15","18",6.3,,,"8","W","N",,"8","NNW",,7,,7,,8,
"254180090","GDAÑSK-RÊBIECHOWO             ","2025","05","16","06",5.0,,,"8",,"N",,"8","N  ",,5,,8,,8,
"254180090","GDAÑSK-RÊBIECHOWO             ","2025","05","16","12",7.9,,,"8","W","N",,"8","N  ",,7,,7,,9,
"254180090","GDAÑSK-RÊBIECHOWO             ","2025","05","16","18",7.0,,,"8","W","N",,"8","NW ",,6,,8,,5,
"254180090","GDAÑSK-RÊBIECHOWO             ","2025","05","17","06",5.7,,,"8","W","N",,"8","N  ",,5,,8,,6,
"254180090","GDAÑSK-RÊBIECHOWO             ","2025","05","17","12",7.1,,,"8","W","N",,"8","NE ",,6,,7,,8,
"254180090","GDAÑSK-RÊBIECHOWO             ","2025","05","17","18",6.4,,,"8","W","N",,"8","NNW",,4,,7,,7,
"254180090","GDAÑSK-RÊBIECHOWO             ","2025","05","18","06",7.2,,,"8","W","N",,"8","NNE",,4,,7,,8,
"254180090","GDAÑSK-RÊBIECHOWO             ","2025","05","18","12",10.7,,,"8","W","N",,"8","ENE",,4,,1,,8,
"254180090","GDAÑSK-RÊBIECHOWO             ","2025","05","18","18",7.9,,,"8","W","N",,"8","ENE",,2,,6,,8,
"254180090","GDAÑSK-RÊBIECHOWO             ","2025","05","19","06",8.0,,,"8","W","N",,"8","W  ",,2,,8,,8,
"254180090","GDAÑSK-RÊBIECHOWO             ","2025","05","19","12",10.2,,,"8","W","N",,"8","NW ",,4,,8,,8,
"254180090","GDAÑSK-RÊBIECHOWO             ","2025","05","19","18",10.6,,,"8","W","N",,"8","NW ",,6,,7,,8,
"254180090","GDAÑSK-RÊBIECHOWO             ","2025","05","20","06",12.9,,,"8","W","N",,"8","W  ",,4,,1,,9,
"254180090","GDAÑSK-RÊBIECHOWO             ","2025","05","20","12",19.4,,,"8","W","N",,"8","WNW",,8,,5,,9,
"254180090","GDAÑSK-RÊBIECHOWO             ","2025","05","20","18",17.0,,,"8","W","N",,"8","W  ",,5,,0,,9,
"254180090","GDAÑSK-RÊBIECHOWO             ","2025","05","21","06",15.7,,,"8","W","N",,"8","WSW",,4,,0,,9,
"254180090","GDAÑSK-RÊBIECHOWO             ","2025","05","21","12",20.5,,,"8","W","N",,"8","WSW",,5,,6,,8,
"254180090","GDAÑSK-RÊBIECHOWO             ","2025","05","21","18",12.5,,,"8","W","N",,"8","ESE",,2,,3,,8,
"254180090","GDAÑSK-RÊBIECHOWO             ","2025","05","22","06",10.3,,,"8","W","N",,"8","WSW",,4,,8,,8,
"254180090","GDAÑSK-RÊBIECHOWO             ","2025","05","22","12",15.6,,,"8","W","N",,"8","SW ",,3,,7,,8,
"254180090","GDAÑSK-RÊBIECHOWO             ","2025","05","22","18",8.4,,,"8","W","N",,"8","ESE",,4,,4,,8,
"254180090","GDAÑSK-RÊBIECHOWO             ","2025","05","23","06",8.3,,,"8","W","N",,"8","WSW",,4,,3,,8,
"254180090","GDAÑSK-RÊBIECHOWO             ","2025","05","23","12",12.8,,,"8","W","N",,"8","WSW",,4,,5,,9,
"254180090","GDAÑSK-RÊBIECHOWO             ","2025","05","23","18",9.0,,,"8","W","N",,"8","E  ",,3,,3,,9,
"254180090","GDAÑSK-RÊBIECHOWO             ","2025","05","24","06",10.3,,,"8","W","N",,"8","WSW",,3,,1,,9,
"254180090","GDAÑSK-RÊBIECHOWO             ","2025","05","24","12",12.4,,,"8","W","N",,"8","NW ",,5,,7,,9,
"254180090","GDAÑSK-RÊBIECHOWO             ","2025","05","24","18",9.8,,,"8","W","N",,"8","ENE",,2,,3,,9,
"254180090","GDAÑSK-RÊBIECHOWO             ","2025","05","25","06",13.5,,,"8","W","N",,"8","SSW",,3,,1,,9,
"254180090","GDAÑSK-RÊBIECHOWO             ","2025","05","25","12",18.5,,,"8","W","N",,"8","SE ",,6,,3,,9,
"254180090","GDAÑSK-RÊBIECHOWO             ","2025","05","25","18",17.3,,,"8","W","N",,"8","SE ",,4,,7,,9,
"254180090","GDAÑSK-RÊBIECHOWO             ","2025","05","26","06",13.7,,,"8","W","N",,"8","W  ",,3,,7,,8,
"254180090","GDAÑSK-RÊBIECHOWO             ","2025","05","26","12",17.7,,,"8","W","N",,"8","WNW",,5,,7,,8,
"254180090","GDAÑSK-RÊBIECHOWO             ","2025","05","26","18",14.4,,,"8","W","N",,"8","WNW",,5,,1,,9,
"254180090","GDAÑSK-RÊBIECHOWO             ","2025","05","27","06",14.0,,,"8","W","N",,"8","NNE",,1,,0,,8,
"254180090","GDAÑSK-RÊBIECHOWO             ","2025","05","27","12",20.3,,,"8","W","N",,"8","WSW",,3,,5,,9,
"254180090","GDAÑSK-RÊBIECHOWO             ","2025","05","27","18",19.0,,,"8","W","N",,"8","SSW",,2,,5,,8,
"254180090","GDAÑSK-RÊBIECHOWO             ","2025","05","28","06",17.9,,,"8","W","N",,"8","SSW",,4,,7,,8,
"254180090","GDAÑSK-RÊBIECHOWO             ","2025","05","28","12",19.1,,,"8","W","N",,"8","SSW",,3,,8,,8,
"254180090","GDAÑSK-RÊBIECHOWO             ","2025","05","28","18",14.5,,,"8","W","N",,"8","C  ",,0,,8,,6,
"254180090","GDAÑSK-RÊBIECHOWO             ","2025","05","29","06",12.8,,,"8","W","N",,"8","NW ",,6,,7,,8,
"254180090","GDAÑSK-RÊBIECHOWO             ","2025","05","29","12",15.8,,,"8","W","N",,"8","NW ",,9,,5,,8,
"254180090","GDAÑSK-RÊBIECHOWO             ","2025","05","29","18",13.1,,,"8","W","N",,"8","WNW",,5,,3,,8,
"254180090","GDAÑSK-RÊBIECHOWO             ","2025","05","30","06",13.0,,,"8","W","N",,"8","WSW",,2,,6,,8,
"254180090","GDAÑSK-RÊBIECHOWO             ","2025","05","30","12",15.9,,,"8","W","N",,"8","WSW",,5,,7,,9,
"254180090","GDAÑSK-RÊBIECHOWO             ","2025","05","30","18",18.0,,,"8","W","N",,"8","W  ",,9,,7,,9,
"254180090","GDAÑSK-RÊBIECHOWO             ","2025","05","31","06",15.2,,,"8","W","N",,"8","WNW",,5,,5,,9,
"254180090","GDAÑSK-RÊBIECHOWO             ","2025","05","31","12",18.2,,,"8","W","N",,"8","W  ",,6,,8,,8,
"254180090","GDAÑSK-RÊBIECHOWO             ","2025","05","31","18",15.9,,,"8","W","N",,"8","W  ",,3,,8,,8,
"254200080","LIDZBARK WARMIÑSKI            ","2025","05","01","06",5.6,,4.9,,"W","N",89,,"NNE",,2,,7,,7,
"254200080","LIDZBARK WARMIÑSKI            ","2025","05","01","12",14.8,,10.1,,"W","N",51,,,"8",,"8",2,,7,
"254200080","LIDZBARK WARMIÑSKI            ","2025","05","01","18",13.4,,9.7,,"W","N",59,,"C  ",,0,,2,,7,
"254200080","LIDZBARK WARMIÑSKI            ","2025","05","02","06",13.2,,8.9,,"W","N",53,,"S  ",,2,,3,,7,
"254200080","LIDZBARK WARMIÑSKI            ","2025","05","02","12",22.4,,13.8,,"W","N",33,,"SSW",,5,,7,,7,
"254200080","LIDZBARK WARMIÑSKI            ","2025","05","02","18",14.4,,13.6,,"W","N",91,,,"8",,"8",6,,7,
"254200080","LIDZBARK WARMIÑSKI            ","2025","05","03","06",10.9,,9.5,,"W","N",83,,"WSW",,1,,2,,7,
"254200080","LIDZBARK WARMIÑSKI            ","2025","05","03","12",16.1,,11.1,,"W","N",50,,,"8",,"8",7,,7,
"254200080","LIDZBARK WARMIÑSKI            ","2025","05","03","18",8.3,,6.5,,"W","N",75,,"N  ",,1,,1,,7,
"254200080","LIDZBARK WARMIÑSKI            ","2025","05","04","06",6.4,,5.9,,"W","N",92,,"ESE",,1,,8,,7,
"254200080","LIDZBARK WARMIÑSKI            ","2025","05","04","12",9.3,,8.3,,"W","N",87,,"W  ",,4,,6,,7,
"254200080","LIDZBARK WARMIÑSKI            ","2025","05","04","18",7.7,,7.1,,"W","N",91,,,"8",,"8",8,,7,
"254200080","LIDZBARK WARMIÑSKI            ","2025","05","05","06",6.0,,4.0,,"W","N",70,,"N  ",,6,,4,,7,
"254200080","LIDZBARK WARMIÑSKI            ","2025","05","05","12",9.9,,5.3,,"W","N",43,,"NNW",,2,,3,,7,
"254200080","LIDZBARK WARMIÑSKI            ","2025","05","05","18",6.4,,3.0,,"W","N",51,,"NW ",,2,,0,,7,
"254200080","LIDZBARK WARMIÑSKI            ","2025","05","06","06",6.0,,3.4,,"W","N",61,,,"8",,"8",0,,7,
"254200080","LIDZBARK WARMIÑSKI            ","2025","05","06","12",13.8,,7.1,,"W","N",30,,,"8",,"8",6,,7,
"254200080","LIDZBARK WARMIÑSKI            ","2025","05","06","18",8.5,,6.7,,"W","N",76,,,"8",,"8",7,,7,
"254200080","LIDZBARK WARMIÑSKI            ","2025","05","07","06",5.4,,4.2,,"W","N",81,,"N  ",,1,,2,,7,
"254200080","LIDZBARK WARMIÑSKI            ","2025","05","07","12",7.5,,4.9,,"W","N",64,,,"8",,"8",8,,7,
"254200080","LIDZBARK WARMIÑSKI            ","2025","05","07","18",5.2,,2.6,,"W","N",60,,"NNW",,3,,0,,7,
"254200080","LIDZBARK WARMIÑSKI            ","2025","05","08","06",2.6,,0.4,,"W","N",62,,"N  ",,1,,8,,7,
"254200080","LIDZBARK WARMIÑSKI            ","2025","05","08","12",9.3,,4.7,,"W","N",42,,,"8",,"8",4,,7,
"254200080","LIDZBARK WARMIÑSKI            ","2025","05","08","18",6.4,,3.4,,"W","N",56,,"N  ",,3,,8,,7,
"254200080","LIDZBARK WARMIÑSKI            ","2025","05","09","06",4.8,,3.8,,"W","N",84,,,"8",,"8",7,,7,
"254200080","LIDZBARK WARMIÑSKI            ","2025","05","09","12",8.9,,5.5,,"W","N",56,,"WNW",,2,,8,,7,
"254200080","LIDZBARK WARMIÑSKI            ","2025","05","09","18",6.0,,5.5,,"W","N",92,,,"8",,"8",8,,7,
"254200080","LIDZBARK WARMIÑSKI            ","2025","05","10","06",4.4,,4.0,,"W","N",93,,"NNE",,3,,8,,5,
"254200080","LIDZBARK WARMIÑSKI            ","2025","05","10","12",9.5,,5.5,,"W","N",49,,,"8",,"8",8,,7,
"254200080","LIDZBARK WARMIÑSKI            ","2025","05","10","18",5.8,,4.4,,"W","N",79,,"N  ",,3,,3,,7,
"254200080","LIDZBARK WARMIÑSKI            ","2025","05","11","06",5.8,,5.1,,"W","N",89,,,"8",,"8",1,,5,
"254200080","LIDZBARK WARMIÑSKI            ","2025","05","11","12",9.1,,6.3,,"W","N",63,,"SSE",,1,,8,,6,
"254200080","LIDZBARK WARMIÑSKI            ","2025","05","11","18",7.7,,6.1,,"W","N",78,,,"8",,"8",6,,7,
"254200080","LIDZBARK WARMIÑSKI            ","2025","05","12","06",6.0,,5.1,,"W","N",86,,,"8",,"8",0,,7,
"254200080","LIDZBARK WARMIÑSKI            ","2025","05","12","12",14.0,,8.1,,"W","N",38,,,"8",,"8",0,,7,
"254200080","LIDZBARK WARMIÑSKI            ","2025","05","12","18",8.5,,5.5,,"W","N",60,,,"8",,"8",0,,7,
"254200080","LIDZBARK WARMIÑSKI            ","2025","05","13","06",6.8,,5.5,,"W","N",81,,,"8",,"8",2,,7,
"254200080","LIDZBARK WARMIÑSKI            ","2025","05","13","12",14.2,,8.9,,"W","N",44,,,"8",,"8",6,,7,
"254200080","LIDZBARK WARMIÑSKI            ","2025","05","13","18",12.4,,10.1,,"W","N",73,,,"8",,"8",8,,7,
"254200080","LIDZBARK WARMIÑSKI            ","2025","05","14","06",13.0,,11.1,,"W","N",78,,,"8",,"8",2,,7,
"254200080","LIDZBARK WARMIÑSKI            ","2025","05","14","12",14.6,,11.7,,"W","N",69,,,"8",,"8",8,,7,
"254200080","LIDZBARK WARMIÑSKI            ","2025","05","14","18",5.2,,3.6,,"W","N",75,,"NW ",,5,,2,,7,
"254200080","LIDZBARK WARMIÑSKI            ","2025","05","15","06",4.0,,3.6,,"W","N",93,,"SSW",,1,,6,,5,
"254200080","LIDZBARK WARMIÑSKI            ","2025","05","15","12",8.3,,5.7,,"W","N",65,,,"8",,"8",8,,6,
"254200080","LIDZBARK WARMIÑSKI            ","2025","05","15","18",6.2,,4.4,,"W","N",73,,,"8",,"8",8,,6,
"254200080","LIDZBARK WARMIÑSKI            ","2025","05","16","06",3.4,,3.2,,"W","N",97,,"NNE",,6,,8,,7,
"254200080","LIDZBARK WARMIÑSKI            ","2025","05","16","12",9.1,,6.3,,"W","N",63,,"NNE",,2,,8,,5,
"254200080","LIDZBARK WARMIÑSKI            ","2025","05","16","18",6.0,,5.5,,"W","N",92,,"WNW",,2,,8,,6,
"254200080","LIDZBARK WARMIÑSKI            ","2025","05","17","06",5.8,,5.5,,"W","N",95,,"NNE",,3,,8,,5,
"254200080","LIDZBARK WARMIÑSKI            ","2025","05","17","12",7.2,,6.3,,"W","N",87,,"NNE",,5,,8,,5,
"254200080","LIDZBARK WARMIÑSKI            ","2025","05","17","18",7.4,,6.9,,"W","N",93,,,"8",,"8",8,,7,
"254200080","LIDZBARK WARMIÑSKI            ","2025","05","18","06",7.0,,5.7,,"W","N",81,,"C  ",,0,,8,,5,
"254200080","LIDZBARK WARMIÑSKI            ","2025","05","18","12",11.5,,8.1,,"W","N",60,,,"8",,"8",8,,7,
"254200080","LIDZBARK WARMIÑSKI            ","2025","05","18","18",11.1,,9.1,,"W","N",75,,,"8",,"8",1,,7,
"254200080","LIDZBARK WARMIÑSKI            ","2025","05","19","06",6.8,,6.7,,"W","N",99,,"C  ",,0,,6,,2,
"254200080","LIDZBARK WARMIÑSKI            ","2025","05","19","12",15.4,,11.5,,"W","N",60,,,"8",,"8",8,,7,
"254200080","LIDZBARK WARMIÑSKI            ","2025","05","19","18",11.7,,10.3,,"W","N",83,,,"8",,"8",8,,5,
"254200080","LIDZBARK WARMIÑSKI            ","2025","05","20","06",10.3,,9.3,,"W","N",87,,"W  ",,2,,2,,5,
"254200080","LIDZBARK WARMIÑSKI            ","2025","05","20","12",20.4,,13.2,,"W","N",39,,,"8",,"8",1,,7,
"254200080","LIDZBARK WARMIÑSKI            ","2025","05","20","18",17.5,,11.5,,"W","N",44,,,"8",,"8",0,,7,
"254200080","LIDZBARK WARMIÑSKI            ","2025","05","21","06",14.4,,10.9,,"W","N",63,,,"8",,"8",0,,6,
"254200080","LIDZBARK WARMIÑSKI            ","2025","05","21","12",23.0,,14.6,,"W","N",35,,"SW ",,4,,3,,7,
"254200080","LIDZBARK WARMIÑSKI            ","2025","05","21","18",14.2,,12.8,,"W","N",84,,"C  ",,0,,6,,6,
"254200080","LIDZBARK WARMIÑSKI            ","2025","05","22","06",11.3,,10.7,,"W","N",93,,,"8",,"8",8,,5,
"254200080","LIDZBARK WARMIÑSKI            ","2025","05","22","12",16.3,,11.7,,"W","N",54,,,"8",,"8",7,,7,
"254200080","LIDZBARK WARMIÑSKI            ","2025","05","22","18",14.4,,10.9,,"W","N",63,,,"8",,"8",8,,7,
"254200080","LIDZBARK WARMIÑSKI            ","2025","05","23","06",9.7,,7.1,,"W","N",67,,,"8",,"8",2,,7,
"254200080","LIDZBARK WARMIÑSKI            ","2025","05","23","12",14.6,,8.1,,"W","N",34,,,"8",,"8",4,,7,
"254200080","LIDZBARK WARMIÑSKI            ","2025","05","23","18",13.2,,7.6,,"W","N",39,,,"8",,"8",4,,7,
"254200080","LIDZBARK WARMIÑSKI            ","2025","05","24","06",9.9,,7.7,,"W","N",72,,,"8",,"8",0,,7,
"254200080","LIDZBARK WARMIÑSKI            ","2025","05","24","12",16.1,,10.5,,"W","N",45,,,"8",,"8",7,,7,
"254200080","LIDZBARK WARMIÑSKI            ","2025","05","24","18",12.6,,9.4,,"W","N",63,,"C  ",,0,,4,,7,
"254200080","LIDZBARK WARMIÑSKI            ","2025","05","25","06",13.2,,9.2,,"W","N",56,,,"8",,"8",0,,7,
"254200080","LIDZBARK WARMIÑSKI            ","2025","05","25","12",19.3,,11.5,,"W","N",33,,"S  ",,4,,3,,7,
"254200080","LIDZBARK WARMIÑSKI            ","2025","05","25","18",18.5,,12.1,,"W","N",42,,"S  ",,1,,0,,7,
"254200080","LIDZBARK WARMIÑSKI            ","2025","05","26","06",14.4,,11.5,,"W","N",69,,"WNW",,2,,3,,7,
"254200080","LIDZBARK WARMIÑSKI            ","2025","05","26","12",16.1,,13.6,,"W","N",74,,"NW ",,3,,8,,5,
"254200080","LIDZBARK WARMIÑSKI            ","2025","05","26","18",14.0,,11.9,,"W","N",77,,,"8",,"8",3,,7,
"254200080","LIDZBARK WARMIÑSKI            ","2025","05","27","06",11.7,,10.3,,"W","N",83,,,"8",,"8",0,,7,
"254200080","LIDZBARK WARMIÑSKI            ","2025","05","27","12",20.4,,14.0,,"W","N",45,,"W  ",,3,,2,,7,
"254200080","LIDZBARK WARMIÑSKI            ","2025","05","27","18",19.8,,14.6,,"W","N",54,,"C  ",,0,,3,,7,
"254200080","LIDZBARK WARMIÑSKI            ","2025","05","28","06",16.9,,14.0,,"W","N",71,,"S  ",,2,,0,,7,
"254200080","LIDZBARK WARMIÑSKI            ","2025","05","28","12",22.6,,15.8,,"W","N",46,,"S  ",,3,,6,,7,
"254200080","LIDZBARK WARMIÑSKI            ","2025","05","28","18",20.4,,17.1,,"W","N",70,,"W  ",,4,,8,,7,
"254200080","LIDZBARK WARMIÑSKI            ","2025","05","29","06",12.8,,12.6,,"W","N",98,,,"8",,"8",8,,5,
"254200080","LIDZBARK WARMIÑSKI            ","2025","05","29","12",15.0,,12.6,,"W","N",74,,,"8",,"8",6,,7,
"254200080","LIDZBARK WARMIÑSKI            ","2025","05","29","18",12.4,,10.3,,"W","N",75,,,"8",,"8",0,,7,
"254200080","LIDZBARK WARMIÑSKI            ","2025","05","30","06",12.2,,10.1,,"W","N",75,,,"8",,"8",1,,5,
"254200080","LIDZBARK WARMIÑSKI            ","2025","05","30","12",18.5,,12.8,,"W","N",48,,"WSW",,4,,8,,7,
"254200080","LIDZBARK WARMIÑSKI            ","2025","05","30","18",16.7,,15.0,,"W","N",83,,,"8",,"8",8,,7,
"254200080","LIDZBARK WARMIÑSKI            ","2025","05","31","06",16.1,,14.2,,"W","N",80,,,"8",,"8",8,,7,
"254200080","LIDZBARK WARMIÑSKI            ","2025","05","31","12",18.9,,14.8,,"W","N",62,,"NW ",,6,,6,,7,
"254200080","LIDZBARK WARMIÑSKI            ","2025","05","31","18",15.2,,12.6,,"W","N",72,,"NNW",,3,,4,,7,
"254220090","OLECKO                        ","2025","05","01","06",6.1,,,"8","W","N",,"8",,"8",,"8",1,,8,
"254220090","OLECKO                        ","2025","05","01","12",13.0,,,"8","W","N",,"8",,"8",,"8",1,,8,
"254220090","OLECKO                        ","2025","05","01","18",12.2,,,"8","W","N",,"8",,"8",,"8",6,,8,
"254220090","OLECKO                        ","2025","05","02","06",8.9,,,"8","W","N",,"8",,"8",,"8",8,,8,
"254220090","OLECKO                        ","2025","05","02","12",20.5,,,"8","W","N",,"8",,"8",,"8",1,,8,
"254220090","OLECKO                        ","2025","05","02","18",18.0,,,"8","W","N",,"8",,"8",,"8",8,,8,
"254220090","OLECKO                        ","2025","05","03","06",9.9,,,"8","W","N",,"8",,"8",,"8",1,,8,
"254220090","OLECKO                        ","2025","05","03","12",15.5,,,"8","W","N",,"8",,"8",,"8",5,,8,
"254220090","OLECKO                        ","2025","05","03","18",12.4,,,"8","W","N",,"8",,"8",,"8",6,,8,
"254220090","OLECKO                        ","2025","05","04","06",6.5,,,"8","W","N",,"8",,"8",,"8",8,,8,
"254220090","OLECKO                        ","2025","05","04","12",9.1,,,"8","W","N",,"8",,"8",,"8",8,,8,
"254220090","OLECKO                        ","2025","05","04","18",8.3,,,"8","W","N",,"8",,"8",,"8",1,,8,
"254220090","OLECKO                        ","2025","05","05","06",3.5,,,"8",,"N",,"8",,"8",,"8",8,,8,
"254220090","OLECKO                        ","2025","05","05","12",9.3,,,"8","W","N",,"8",,"8",,"8",3,,8,
"254220090","OLECKO                        ","2025","05","05","18",6.9,,,"8","W","N",,"8",,"8",,"8",2,,8,
"254220090","OLECKO                        ","2025","05","06","06",5.1,,,"8","W","N",,"8",,"8",,"8",0,,8,
"254220090","OLECKO                        ","2025","05","06","12",11.7,,,"8","W","N",,"8",,"8",,"8",2,,8,
"254220090","OLECKO                        ","2025","05","06","18",10.5,,,"8","W","N",,"8",,"8",,"8",8,,8,
"254220090","OLECKO                        ","2025","05","07","06",4.5,,,"8",,"N",,"8",,"8",,"8",1,,8,
"254220090","OLECKO                        ","2025","05","07","12",8.3,,,"8","W","N",,"8",,"8",,"8",4,,8,
"254220090","OLECKO                        ","2025","05","07","18",5.7,,,"8","W","N",,"8",,"8",,"8",3,,8,
"254220090","OLECKO                        ","2025","05","08","06",2.1,,,"8",,"N",,"8",,"8",,"8",8,,8,
"254220090","OLECKO                        ","2025","05","08","12",6.5,,,"8","W","N",,"8",,"8",,"8",7,,8,
"254220090","OLECKO                        ","2025","05","08","18",6.2,,,"8","W","N",,"8",,"8",,"8",8,,8,
"254220090","OLECKO                        ","2025","05","09","06",4.1,,,"8",,"N",,"8",,"8",,"8",2,,8,
"254220090","OLECKO                        ","2025","05","09","12",7.5,,,"8","W","N",,"8",,"8",,"8",7,,8,
"254220090","OLECKO                        ","2025","05","09","18",5.7,,,"8","W","N",,"8",,"8",,"8",8,,8,
"254220090","OLECKO                        ","2025","05","10","06",3.9,,,"8",,"N",,"8",,"8",,"8",8,,8,
"254220090","OLECKO                        ","2025","05","10","12",8.7,,,"8","W","N",,"8",,"8",,"8",8,,8,
"254220090","OLECKO                        ","2025","05","10","18",8.3,,,"8","W","N",,"8",,"8",,"8",8,,8,
"254220090","OLECKO                        ","2025","05","11","06",7.1,,,"8","W","N",,"8",,"8",,"8",1,,8,
"254220090","OLECKO                        ","2025","05","11","12",11.5,,,"8","W","N",,"8",,"8",,"8",8,,8,
"254220090","OLECKO                        ","2025","05","11","18",7.5,,,"8","W","N",,"8",,"8",,"8",7,,8,
"254220090","OLECKO                        ","2025","05","12","06",7.3,,,"8","W","N",,"8",,"8",,"8",1,,8,
"254220090","OLECKO                        ","2025","05","12","12",13.4,,,"8","W","N",,"8",,"8",,"8",6,,8,
"254220090","OLECKO                        ","2025","05","12","18",11.2,,,"8","W","N",,"8",,"8",,"8",3,,8,
"254220090","OLECKO                        ","2025","05","13","06",7.0,,,"8","W","N",,"8",,"8",,"8",1,,8,
"254220090","OLECKO                        ","2025","05","13","12",13.7,,,"8","W","N",,"8",,"8",,"8",8,,8,
"254220090","OLECKO                        ","2025","05","13","18",11.5,,,"8","W","N",,"8",,"8",,"8",8,,8,
"254220090","OLECKO                        ","2025","05","14","06",10.1,,,"8","W","N",,"8",,"8",,"8",8,,8,
"254220090","OLECKO                        ","2025","05","14","12",13.9,,,"8","W","N",,"8",,"8",,"8",8,,8,
"254220090","OLECKO                        ","2025","05","14","18",7.9,,,"8","W","N",,"8",,"8",,"8",8,,8,
"254220090","OLECKO                        ","2025","05","15","06",3.3,,,"8",,"N",,"8",,"8",,"8",8,,8,
"254220090","OLECKO                        ","2025","05","15","12",8.6,,,"8","W","N",,"8",,"8",,"8",6,,8,
"254220090","OLECKO                        ","2025","05","15","18",6.3,,,"8","W","N",,"8",,"8",,"8",7,,8,
"254220090","OLECKO                        ","2025","05","16","06",2.9,,,"8",,"N",,"8",,"8",,"8",8,,8,
"254220090","OLECKO                        ","2025","05","16","12",5.7,,,"8","W","N",,"8",,"8",,"8",8,,8,
"254220090","OLECKO                        ","2025","05","16","18",6.3,,,"8","W","N",,"8",,"8",,"8",8,,8,
"254220090","OLECKO                        ","2025","05","17","06",5.3,,,"8","W","N",,"8",,"8",,"8",8,,8,
"254220090","OLECKO                        ","2025","05","17","12",7.1,,,"8","W","N",,"8",,"8",,"8",8,,8,
"254220090","OLECKO                        ","2025","05","17","18",6.9,,,"8","W","N",,"8",,"8",,"8",7,,8,
"254220090","OLECKO                        ","2025","05","18","06",6.5,,,"8","W","N",,"8",,"8",,"8",5,,8,
"254220090","OLECKO                        ","2025","05","18","12",11.0,,,"8","W","N",,"8",,"8",,"8",8,,8,
"254220090","OLECKO                        ","2025","05","18","18",10.5,,,"8","W","N",,"8",,"8",,"8",6,,8,
"254220090","OLECKO                        ","2025","05","19","06",8.9,,,"8","W","N",,"8",,"8",,"8",7,,8,
"254220090","OLECKO                        ","2025","05","19","12",13.5,,,"8","W","N",,"8",,"8",,"8",8,,8,
"254220090","OLECKO                        ","2025","05","19","18",10.5,,,"8","W","N",,"8",,"8",,"8",8,,8,
"254220090","OLECKO                        ","2025","05","20","06",8.9,,,"8","W","N",,"8",,"8",,"8",5,,8,
"254220090","OLECKO                        ","2025","05","20","12",19.0,,,"8","W","N",,"8",,"8",,"8",1,,8,
"254220090","OLECKO                        ","2025","05","20","18",16.5,,,"8","W","N",,"8",,"8",,"8",1,,8,
"254220090","OLECKO                        ","2025","05","21","06",13.4,,,"8","W","N",,"8",,"8",,"8",1,,8,
"254220090","OLECKO                        ","2025","05","21","12",21.6,,,"8","W","N",,"8",,"8",,"8",4,,8,
"254220090","OLECKO                        ","2025","05","21","18",14.9,,,"8","W","N",,"8",,"8",,"8",8,,8,
"254220090","OLECKO                        ","2025","05","22","06",13.9,,,"8","W","N",,"8",,"8",,"8",3,,8,
"254220090","OLECKO                        ","2025","05","22","12",16.9,,,"8","W","N",,"8",,"8",,"8",8,,8,
"254220090","OLECKO                        ","2025","05","22","18",11.6,,,"8","W","N",,"8",,"8",,"8",8,,8,
"254220090","OLECKO                        ","2025","05","23","06",9.7,,,"8","W","N",,"8",,"8",,"8",8,,8,
"254220090","OLECKO                        ","2025","05","23","12",13.7,,,"8","W","N",,"8",,"8",,"8",8,,8,
"254220090","OLECKO                        ","2025","05","23","18",12.8,,,"8","W","N",,"8",,"8",,"8",8,,8,
"254220090","OLECKO                        ","2025","05","24","06",10.3,,,"8","W","N",,"8",,"8",,"8",8,,8,
"254220090","OLECKO                        ","2025","05","24","12",10.5,,,"8","W","N",,"8",,"8",,"8",8,,8,
"254220090","OLECKO                        ","2025","05","24","18",11.0,,,"8","W","N",,"8",,"8",,"8",8,,8,
"254220090","OLECKO                        ","2025","05","25","06",10.6,,,"8","W","N",,"8",,"8",,"8",1,,8,
"254220090","OLECKO                        ","2025","05","25","12",17.6,,,"8","W","N",,"8",,"8",,"8",4,,8,
"254220090","OLECKO                        ","2025","05","25","18",16.8,,,"8","W","N",,"8",,"8",,"8",2,,8,
"254220090","OLECKO                        ","2025","05","26","06",12.0,,,"8","W","N",,"8",,"8",,"8",4,,8,
"254220090","OLECKO                        ","2025","05","26","12",18.4,,,"8","W","N",,"8",,"8",,"8",6,,8,
"254220090","OLECKO                        ","2025","05","26","18",15.5,,,"8","W","N",,"8",,"8",,"8",8,,8,
"254220090","OLECKO                        ","2025","05","27","06",13.0,,,"8","W","N",,"8",,"8",,"8",3,,8,
"254220090","OLECKO                        ","2025","05","27","12",19.3,,,"8","W","N",,"8",,"8",,"8",2,,8,
"254220090","OLECKO                        ","2025","05","27","18",19.2,,,"8","W","N",,"8",,"8",,"8",7,,8,
"254220090","OLECKO                        ","2025","05","28","06",15.9,,,"8","W","N",,"8",,"8",,"8",2,,8,
"254220090","OLECKO                        ","2025","05","28","12",22.2,,,"8","W","N",,"8",,"8",,"8",8,,8,
"254220090","OLECKO                        ","2025","05","28","18",18.0,,,"8","W","N",,"8",,"8",,"8",7,,8,
"254220090","OLECKO                        ","2025","05","29","06",14.7,,,"8","W","N",,"8",,"8",,"8",7,,8,
"254220090","OLECKO                        ","2025","05","29","12",15.3,,,"8","W","N",,"8",,"8",,"8",8,,8,
"254220090","OLECKO                        ","2025","05","29","18",13.7,,,"8","W","N",,"8",,"8",,"8",6,,8,
"254220090","OLECKO                        ","2025","05","30","06",11.6,,,"8","W","N",,"8",,"8",,"8",0,,8,
"254220090","OLECKO                        ","2025","05","30","12",18.6,,,"8","W","N",,"8",,"8",,"8",0,,8,
"254220090","OLECKO                        ","2025","05","30","18",15.7,,,"8","W","N",,"8",,"8",,"8",8,,8,
"254220090","OLECKO                        ","2025","05","31","06",16.0,,,"8","W","N",,"8",,"8",,"8",8,,8,
"254220090","OLECKO                        ","2025","05","31","12",19.2,,,"8","W","N",,"8",,"8",,"8",7,,8,
"254220090","OLECKO                        ","2025","05","31","18",16.3,,,"8","W","N",,"8",,"8",,"8",2,,8,
