"249190560","JAB£ONKA                      ","2025","06","01","06",13.5,,,"8","W","W",,"8","ESE",,1,,2,,8,
"249190560","JAB£ONKA                      ","2025","06","01","12",25.0,,,"8","W","W",,"8","WSW",,1,,5,,8,
"249190560","JAB£ONKA                      ","2025","06","01","18",18.1,,,"8","W","W",,"8","E  ",,1,,6,,7,
"249190560","JAB£ONKA                      ","2025","06","02","06",19.3,,,"8","W","W",,"8","W  ",,1,,2,,8,
"249190560","JAB£ONKA                      ","2025","06","02","12",25.8,,,"8","W","W",,"8","W  ",,1,,6,,8,
"249190560","JAB£ONKA                      ","2025","06","02","18",18.8,,,"8","W","W",,"8","NNW",,1,,8,,5,
"249190560","JAB£ONKA                      ","2025","06","03","06",15.2,,,"8","W","W",,"8","C  ",,0,,8,,7,
"249190560","JAB£ONKA                      ","2025","06","03","12",16.1,,,"8","W","W",,"8","SSE",,2,,8,,7,
"249190560","JAB£ONKA                      ","2025","06","03","18",17.7,,,"8","W","W",,"8","C  ",,0,,8,,7,
"249190560","JAB£ONKA                      ","2025","06","04","06",11.3,,,"8","W","W",,"8","WSW",,1,,8,,3,
"249190560","JAB£ONKA                      ","2025","06","04","12",25.4,,,"8","W","W",,"8","WSW",,2,,2,,8,
"249190560","JAB£ONKA                      ","2025","06","04","18",22.0,,,"8","W","W",,"8","SSW",,1,,2,,8,
"249190560","JAB£ONKA                      ","2025","06","05","06",19.8,,,"8","W","W",,"8","WSW",,1,,4,,8,
"249190560","JAB£ONKA                      ","2025","06","05","12",25.9,,,"8","W","W",,"8","W  ",,2,,5,,8,
"249190560","JAB£ONKA                      ","2025","06","05","18",22.5,,,"8","W","W",,"8","C  ",,0,,6,,7,
"249190560","JAB£ONKA                      ","2025","06","06","06",15.4,,,"8","W","W",,"8","SSW",,1,,2,,8,
"249190560","JAB£ONKA                      ","2025","06","06","12",26.3,,,"8","W","W",,"8","WNW",,2,,5,,8,
"249190560","JAB£ONKA                      ","2025","06","06","18",22.7,,,"8","W","W",,"8","W  ",,1,,1,,8,
"249190560","JAB£ONKA                      ","2025","06","07","06",17.5,,,"8","W","W",,"8","N  ",,1,,2,,8,
"249190560","JAB£ONKA                      ","2025","06","07","12",26.6,,,"8","W","W",,"8","S  ",,4,,5,,8,
"249190560","JAB£ONKA                      ","2025","06","07","18",18.5,,,"8","W","W",,"8","NNE",,3,,8,,8,
"249190560","JAB£ONKA                      ","2025","06","08","06",16.6,,,"8","W","W",,"8","WSW",,1,,4,,8,
"249190560","JAB£ONKA                      ","2025","06","08","12",15.5,,,"8","W","W",,"8","W  ",,1,,8,,5,
"249190560","JAB£ONKA                      ","2025","06","08","18",13.5,,,"8","W","W",,"8","WSW",,1,,7,,7,
"249190560","JAB£ONKA                      ","2025","06","09","06",11.0,,,"8","W","W",,"8","W  ",,2,,5,,8,
"249190560","JAB£ONKA                      ","2025","06","09","12",13.9,,,"8","W","W",,"8","SSW",,3,,3,,8,
"249190560","JAB£ONKA                      ","2025","06","09","18",13.0,,,"8","W","W",,"8","NW ",,1,,1,,8,
"249190560","JAB£ONKA                      ","2025","06","10","06",6.6,,,"8",,"W",,"8","NE ",,1,,4,,8,
"249190560","JAB£ONKA                      ","2025","06","10","12",20.1,,,"8","W","W",,"8","SSW",,3,,5,,8,
"249190560","JAB£ONKA                      ","2025","06","10","18",16.9,,,"8","W","W",,"8","SSW",,2,,8,,7,
"249190560","JAB£ONKA                      ","2025","06","11","06",13.9,,,"8","W","W",,"8","NW ",,2,,8,,7,
"249190560","JAB£ONKA                      ","2025","06","11","12",16.7,,,"8","W","W",,"8","NW ",,4,,5,,7,
"249190560","JAB£ONKA                      ","2025","06","11","18",13.1,,,"8","W","W",,"8","N  ",,1,,7,,7,
"249190560","JAB£ONKA                      ","2025","06","12","06",10.1,,,"8","W","W",,"8","WNW",,1,,2,,8,
"249190560","JAB£ONKA                      ","2025","06","12","12",18.7,,,"8","W","W",,"8","NW ",,2,,1,,8,
"249190560","JAB£ONKA                      ","2025","06","12","18",15.5,,,"8","W","W",,"8","NNE",,1,,0,,8,
"249190560","JAB£ONKA                      ","2025","06","13","06",10.6,,,"8","W","W",,"8","C  ",,0,,0,,8,
"249190560","JAB£ONKA                      ","2025","06","13","12",17.8,,,"8","W","W",,"8","NE ",,3,,1,,8,
"249190560","JAB£ONKA                      ","2025","06","13","18",15.3,,,"8","W","W",,"8","NNE",,2,,1,,8,
"249190560","JAB£ONKA                      ","2025","06","14","06",7.6,,,"8",,"W",,"8","NE ",,1,,8,,5,
"249190560","JAB£ONKA                      ","2025","06","14","12",20.4,,,"8","W","W",,"8","NNE",,2,,1,,8,
"249190560","JAB£ONKA                      ","2025","06","14","18",18.6,,,"8","W","W",,"8","NNE",,1,,1,,8,
"249190560","JAB£ONKA                      ","2025","06","15","06",11.7,,,"8","W","W",,"8","SE ",,1,,0,,8,
"249190560","JAB£ONKA                      ","2025","06","15","12",24.7,,,"8","W","W",,"8","NNW",,1,,1,,8,
"249190560","JAB£ONKA                      ","2025","06","15","18",22.3,,,"8","W","W",,"8","NE ",,1,,0,,8,
"249190560","JAB£ONKA                      ","2025","06","16","06",15.6,,,"8","W","W",,"8","ENE",,1,,1,,8,
"249190560","JAB£ONKA                      ","2025","06","16","12",22.7,,,"8","W","W",,"8","NNW",,2,,7,,7,
"249190560","JAB£ONKA                      ","2025","06","16","18",16.1,,,"8","W","W",,"8","NW ",,1,,8,,5,
"249190560","JAB£ONKA                      ","2025","06","17","06",14.1,,,"8","W","W",,"8","NE ",,2,,4,,8,
"249190560","JAB£ONKA                      ","2025","06","17","12",19.0,,,"8","W","W",,"8","NNE",,1,,5,,8,
"249190560","JAB£ONKA                      ","2025","06","17","18",18.2,,,"8","W","W",,"8","NW ",,1,,3,,8,
"249190560","JAB£ONKA                      ","2025","06","18","06",12.5,,,"8","W","W",,"8","WNW",,1,,1,,8,
"249190560","JAB£ONKA                      ","2025","06","18","12",25.7,,,"8","W","W",,"8","SW ",,2,,2,,8,
"249190560","JAB£ONKA                      ","2025","06","18","18",21.5,,,"8","W","W",,"8","WNW",,2,,1,,8,
"249190560","JAB£ONKA                      ","2025","06","19","06",17.6,,,"8","W","W",,"8","SW ",,1,,2,,8,
"249190560","JAB£ONKA                      ","2025","06","19","12",21.7,,,"8","W","W",,"8","WNW",,3,,6,,8,
"249190560","JAB£ONKA                      ","2025","06","19","18",17.8,,,"8","W","W",,"8","NW ",,1,,1,,8,
"249190560","JAB£ONKA                      ","2025","06","20","06",13.0,,,"8","W","W",,"8","NW ",,1,,2,,8,
"249190560","JAB£ONKA                      ","2025","06","20","12",17.0,,,"8","W","W",,"8","WNW",,2,,5,,8,
"249190560","JAB£ONKA                      ","2025","06","20","18",15.3,,,"8","W","W",,"8","WNW",,1,,2,,8,
"249190560","JAB£ONKA                      ","2025","06","21","06",10.3,,,"8","W","W",,"8","SW ",,1,,0,,8,
"249190560","JAB£ONKA                      ","2025","06","21","12",19.1,,,"8","W","W",,"8","ENE",,1,,1,,8,
"249190560","JAB£ONKA                      ","2025","06","21","18",17.5,,,"8","W","W",,"8","NE ",,1,,0,,8,
"249190560","JAB£ONKA                      ","2025","06","22","06",11.7,,,"8","W","W",,"8","SW ",,1,,1,,8,
"249190560","JAB£ONKA                      ","2025","06","22","12",25.7,,,"8","W","W",,"8","WNW",,2,,1,,8,
"249190560","JAB£ONKA                      ","2025","06","22","18",23.1,,,"8","W","W",,"8","C  ",,0,,2,,8,
"249190560","JAB£ONKA                      ","2025","06","23","06",15.9,,,"8","W","W",,"8","E  ",,1,,1,,8,
"249190560","JAB£ONKA                      ","2025","06","23","12",28.4,,,"8","W","W",,"8","WSW",,2,,2,,8,
"249190560","JAB£ONKA                      ","2025","06","23","18",23.7,,,"8","W","W",,"8","C  ",,0,,6,,7,
"249190560","JAB£ONKA                      ","2025","06","24","06",15.3,,,"8","W","W",,"8","WSW",,1,,2,,8,
"249190560","JAB£ONKA                      ","2025","06","24","12",21.7,,,"8","W","W",,"8","W  ",,3,,4,,8,
"249190560","JAB£ONKA                      ","2025","06","24","18",20.5,,,"8","W","W",,"8","W  ",,1,,6,,8,
"249190560","JAB£ONKA                      ","2025","06","25","06",21.2,,,"8","W","W",,"8","W  ",,2,,2,,8,
"249190560","JAB£ONKA                      ","2025","06","25","12",24.0,,,"8","W","W",,"8","WSW",,1,,7,,7,
"249190560","JAB£ONKA                      ","2025","06","25","18",23.5,,,"8","W","W",,"8","W  ",,1,,6,,7,
"249190560","JAB£ONKA                      ","2025","06","26","06",19.7,,,"8","W","W",,"8","S  ",,1,,1,,8,
"249190560","JAB£ONKA                      ","2025","06","26","12",28.1,,,"8","W","W",,"8","WNW",,2,,1,,8,
"249190560","JAB£ONKA                      ","2025","06","26","18",25.3,,,"8","W","W",,"8","C  ",,0,,2,,8,
"249190560","JAB£ONKA                      ","2025","06","27","06",19.1,,,"8","W","W",,"8","WNW",,1,,8,,7,
"249190560","JAB£ONKA                      ","2025","06","27","12",23.2,,,"8","W","W",,"8","WNW",,2,,8,,7,
"249190560","JAB£ONKA                      ","2025","06","27","18",20.1,,,"8","W","W",,"8","WNW",,1,,8,,7,
"249190560","JAB£ONKA                      ","2025","06","28","06",13.7,,,"8","W","W",,"8","WNW",,1,,6,,7,
"249190560","JAB£ONKA                      ","2025","06","28","12",19.7,,,"8","W","W",,"8","NW ",,1,,2,,8,
"249190560","JAB£ONKA                      ","2025","06","28","18",20.6,,,"8","W","W",,"8","WNW",,2,,2,,8,
"249190560","JAB£ONKA                      ","2025","06","29","06",16.8,,,"8","W","W",,"8","W  ",,1,,7,,7,
"249190560","JAB£ONKA                      ","2025","06","29","12",23.2,,,"8","W","W",,"8","WNW",,3,,3,,8,
"249190560","JAB£ONKA                      ","2025","06","29","18",23.1,,,"8","W","W",,"8","W  ",,1,,1,,8,
"249190560","JAB£ONKA                      ","2025","06","30","06",18.3,,,"8","W","W",,"8","NW ",,1,,5,,8,
"249190560","JAB£ONKA                      ","2025","06","30","12",22.3,,,"8","W","W",,"8","N  ",,2,,1,,8,
"249190560","JAB£ONKA                      ","2025","06","30","18",20.1,,,"8","W","W",,"8","NW ",,1,,0,,8,
"249190670","POLANA CHOCHO£OWSKA           ","2025","06","01","06",15.8,,,"8","W","W",,"8","C  ",,0,,6,,5,
"249190670","POLANA CHOCHO£OWSKA           ","2025","06","01","12",20.3,,,"8","W","W",,"8","NE ",,1,,4,,5,
"249190670","POLANA CHOCHO£OWSKA           ","2025","06","01","18",16.0,,,"8","W","W",,"8","ENE",,1,,4,,5,
"249190670","POLANA CHOCHO£OWSKA           ","2025","06","02","06",18.5,,,"8","W","W",,"8","NE ",,1,,3,,5,
"249190670","POLANA CHOCHO£OWSKA           ","2025","06","02","12",17.9,,,"8","W","W",,"8","C  ",,0,,5,,5,
"249190670","POLANA CHOCHO£OWSKA           ","2025","06","02","18",15.6,,,"8","W","W",,"8","ENE",,1,,8,,4,
"249190670","POLANA CHOCHO£OWSKA           ","2025","06","03","06",12.4,,,"8","W","W",,"8","C  ",,0,,8,,3,
"249190670","POLANA CHOCHO£OWSKA           ","2025","06","03","12",12.1,,,"8","W","W",,"8","NNE",,1,,8,,4,
"249190670","POLANA CHOCHO£OWSKA           ","2025","06","03","18",11.4,,,"8","W","W",,"8","C  ",,0,,6,,4,
"249190670","POLANA CHOCHO£OWSKA           ","2025","06","04","06",16.6,,,"8","W","W",,"8","C  ",,0,,3,,5,
"249190670","POLANA CHOCHO£OWSKA           ","2025","06","04","12",22.6,,,"8","W","W",,"8","NNE",,1,,2,,5,
"249190670","POLANA CHOCHO£OWSKA           ","2025","06","04","18",18.3,,,"8","W","W",,"8","NE ",,1,,4,,5,
"249190670","POLANA CHOCHO£OWSKA           ","2025","06","05","06",20.7,,,"8","W","W",,"8","NE ",,1,,1,,5,
"249190670","POLANA CHOCHO£OWSKA           ","2025","06","05","12",23.2,,,"8","W","W",,"8","NE ",,1,,4,,5,
"249190670","POLANA CHOCHO£OWSKA           ","2025","06","05","18",19.5,,,"8","W","W",,"8","NE ",,2,,5,,5,
"249190670","POLANA CHOCHO£OWSKA           ","2025","06","06","06",19.3,,,"8","W","W",,"8","NNE",,1,,1,,5,
"249190670","POLANA CHOCHO£OWSKA           ","2025","06","06","12",21.3,,,"8","W","W",,"8","NNE",,1,,5,,5,
"249190670","POLANA CHOCHO£OWSKA           ","2025","06","06","18",15.4,,,"8","W","W",,"8","NE ",,2,,2,,5,
"249190670","POLANA CHOCHO£OWSKA           ","2025","06","07","06",18.3,,,"8","W","W",,"8","C  ",,0,,3,,5,
"249190670","POLANA CHOCHO£OWSKA           ","2025","06","07","12",20.9,,,"8","W","W",,"8","NE ",,3,,6,,5,
"249190670","POLANA CHOCHO£OWSKA           ","2025","06","07","18",17.2,,,"8","W","W",,"8","ENE",,3,,8,,5,
"249190670","POLANA CHOCHO£OWSKA           ","2025","06","08","06",12.6,,,"8","W","W",,"8","NNE",,1,,7,,5,
"249190670","POLANA CHOCHO£OWSKA           ","2025","06","08","12",11.8,,,"8","W","W",,"8","NE ",,1,,8,,3,
"249190670","POLANA CHOCHO£OWSKA           ","2025","06","08","18",9.4,,,"8","W","W",,"8","NE ",,1,,5,,5,
"249190670","POLANA CHOCHO£OWSKA           ","2025","06","09","06",7.3,,,"8",,"W",,"8","NE ",,1,,5,,5,
"249190670","POLANA CHOCHO£OWSKA           ","2025","06","09","12",9.3,,,"8","W","W",,"8","NNE",,1,,7,,5,
"249190670","POLANA CHOCHO£OWSKA           ","2025","06","09","18",8.3,,,"8","W","W",,"8","C  ",,0,,7,,5,
"249190670","POLANA CHOCHO£OWSKA           ","2025","06","10","06",9.2,,,"8","W","W",,"8","C  ",,0,,6,,5,
"249190670","POLANA CHOCHO£OWSKA           ","2025","06","10","12",17.4,,,"8","W","W",,"8","NE ",,2,,2,,5,
"249190670","POLANA CHOCHO£OWSKA           ","2025","06","10","18",13.7,,,"8","W","W",,"8","NNE",,1,,8,,5,
"249190670","POLANA CHOCHO£OWSKA           ","2025","06","11","06",11.2,,,"8","W","W",,"8","NNE",,1,,8,,5,
"249190670","POLANA CHOCHO£OWSKA           ","2025","06","11","12",11.6,,,"8","W","W",,"8","NE ",,2,,7,,5,
"249190670","POLANA CHOCHO£OWSKA           ","2025","06","11","18",9.0,,,"8","W","W",,"8","NNE",,1,,7,,5,
"249190670","POLANA CHOCHO£OWSKA           ","2025","06","12","06",9.6,,,"8","W","W",,"8","NNE",,1,,0,,5,
"249190670","POLANA CHOCHO£OWSKA           ","2025","06","12","12",15.2,,,"8","W","W",,"8","NNE",,3,,0,,5,
"249190670","POLANA CHOCHO£OWSKA           ","2025","06","12","18",10.6,,,"8","W","W",,"8","C  ",,0,,0,,5,
"249190670","POLANA CHOCHO£OWSKA           ","2025","06","13","06",10.4,,,"8","W","W",,"8","NNE",,2,,0,,5,
"249190670","POLANA CHOCHO£OWSKA           ","2025","06","13","12",14.4,,,"8","W","W",,"8","NNE",,2,,2,,5,
"249190670","POLANA CHOCHO£OWSKA           ","2025","06","13","18",11.0,,,"8","W","W",,"8","C  ",,0,,1,,5,
"249190670","POLANA CHOCHO£OWSKA           ","2025","06","14","06",12.6,,,"8","W","W",,"8","NNE",,1,,0,,5,
"249190670","POLANA CHOCHO£OWSKA           ","2025","06","14","12",17.3,,,"8","W","W",,"8","NNE",,1,,0,,5,
"249190670","POLANA CHOCHO£OWSKA           ","2025","06","14","18",12.8,,,"8","W","W",,"8","C  ",,0,,0,,5,
"249190670","POLANA CHOCHO£OWSKA           ","2025","06","15","06",15.8,,,"8","W","W",,"8","NNE",,1,,0,,5,
"249190670","POLANA CHOCHO£OWSKA           ","2025","06","15","12",21.4,,,"8","W","W",,"8","NNE",,1,,0,,5,
"249190670","POLANA CHOCHO£OWSKA           ","2025","06","15","18",14.9,,,"8","W","W",,"8","C  ",,0,,0,,5,
"249190670","POLANA CHOCHO£OWSKA           ","2025","06","16","06",19.1,,,"8","W","W",,"8","NNE",,1,,0,,5,
"249190670","POLANA CHOCHO£OWSKA           ","2025","06","16","12",18.4,,,"8","W","W",,"8","NE ",,1,,8,,5,
"249190670","POLANA CHOCHO£OWSKA           ","2025","06","16","18",11.8,,,"8","W","W",,"8","C  ",,0,,8,,3,
"249190670","POLANA CHOCHO£OWSKA           ","2025","06","17","06",9.2,,,"8","W","W",,"8","N  ",,1,,8,,3,
"249190670","POLANA CHOCHO£OWSKA           ","2025","06","17","12",15.0,,,"8","W","W",,"8","NNE",,3,,4,,5,
"249190670","POLANA CHOCHO£OWSKA           ","2025","06","17","18",12.6,,,"8","W","W",,"8","C  ",,0,,2,,5,
"249190670","POLANA CHOCHO£OWSKA           ","2025","06","18","06",13.4,,,"8","W","W",,"8","C  ",,0,,0,,5,
"249190670","POLANA CHOCHO£OWSKA           ","2025","06","18","12",21.1,,,"8","W","W",,"8","NE ",,2,,0,,5,
"249190670","POLANA CHOCHO£OWSKA           ","2025","06","18","18",16.2,,,"8","W","W",,"8","C  ",,0,,2,,5,
"249190670","POLANA CHOCHO£OWSKA           ","2025","06","19","06",16.9,,,"8","W","W",,"8","C  ",,0,,5,,5,
"249190670","POLANA CHOCHO£OWSKA           ","2025","06","19","12",18.8,,,"8","W","W",,"8","NNE",,1,,6,,5,
"249190670","POLANA CHOCHO£OWSKA           ","2025","06","19","18",12.6,,,"8","W","W",,"8","NNE",,1,,8,,3,
"249190670","POLANA CHOCHO£OWSKA           ","2025","06","20","06",9.6,,,"8","W","W",,"8","NNE",,1,,3,,5,
"249190670","POLANA CHOCHO£OWSKA           ","2025","06","20","12",12.8,,,"8","W","W",,"8","NNE",,2,,4,,5,
"249190670","POLANA CHOCHO£OWSKA           ","2025","06","20","18",10.0,,,"8","W","W",,"8","NNE",,2,,5,,5,
"249190670","POLANA CHOCHO£OWSKA           ","2025","06","21","06",10.6,,,"8","W","W",,"8","NNE",,2,,5,,5,
"249190670","POLANA CHOCHO£OWSKA           ","2025","06","21","12",14.3,,,"8","W","W",,"8","NNE",,1,,3,,5,
"249190670","POLANA CHOCHO£OWSKA           ","2025","06","21","18",10.6,,,"8","W","W",,"8","C  ",,0,,0,,5,
"249190670","POLANA CHOCHO£OWSKA           ","2025","06","22","06",14.7,,,"8","W","W",,"8","C  ",,0,,0,,5,
"249190670","POLANA CHOCHO£OWSKA           ","2025","06","22","12",21.0,,,"8","W","W",,"8","NNE",,2,,1,,5,
"249190670","POLANA CHOCHO£OWSKA           ","2025","06","22","18",16.1,,,"8","W","W",,"8","C  ",,0,,2,,5,
"249190670","POLANA CHOCHO£OWSKA           ","2025","06","23","06",22.1,,,"8","W","W",,"8","NNE",,1,,0,,5,
"249190670","POLANA CHOCHO£OWSKA           ","2025","06","23","12",25.1,,,"8","W","W",,"8","NNE",,2,,1,,5,
"249190670","POLANA CHOCHO£OWSKA           ","2025","06","23","18",21.2,,,"8","W","W",,"8","NE ",,2,,7,,5,
"249190670","POLANA CHOCHO£OWSKA           ","2025","06","24","06",10.2,,,"8","W","W",,"8","C  ",,0,,1,,5,
"249190670","POLANA CHOCHO£OWSKA           ","2025","06","24","12",17.2,,,"8","W","W",,"8","NNE",,1,,4,,5,
"249190670","POLANA CHOCHO£OWSKA           ","2025","06","24","18",16.4,,,"8","W","W",,"8","NNE",,1,,5,,5,
"249190670","POLANA CHOCHO£OWSKA           ","2025","06","25","06",17.4,,,"8","W","W",,"8","NNE",,2,,2,,5,
"249190670","POLANA CHOCHO£OWSKA           ","2025","06","25","12",20.7,,,"8","W","W",,"8","NNE",,2,,6,,5,
"249190670","POLANA CHOCHO£OWSKA           ","2025","06","25","18",19.5,,,"8","W","W",,"8","NNE",,1,,5,,5,
"249190670","POLANA CHOCHO£OWSKA           ","2025","06","26","06",17.0,,,"8","W","W",,"8","C  ",,0,,2,,5,
"249190670","POLANA CHOCHO£OWSKA           ","2025","06","26","12",24.4,,,"8","W","W",,"8","NNE",,1,,2,,5,
"249190670","POLANA CHOCHO£OWSKA           ","2025","06","26","18",18.1,,,"8","W","W",,"8","C  ",,0,,4,,5,
"249190670","POLANA CHOCHO£OWSKA           ","2025","06","27","06",15.4,,,"8","W","W",,"8","NNE",,1,,8,,5,
"249190670","POLANA CHOCHO£OWSKA           ","2025","06","27","12",19.5,,,"8","W","W",,"8","NNE",,2,,7,,5,
"249190670","POLANA CHOCHO£OWSKA           ","2025","06","27","18",16.0,,,"8","W","W",,"8","C  ",,0,,8,,4,
"249190670","POLANA CHOCHO£OWSKA           ","2025","06","28","06",9.0,,,"8","W","W",,"8","NE ",,1,,8,,3,
"249190670","POLANA CHOCHO£OWSKA           ","2025","06","28","12",15.4,,,"8","W","W",,"8","NE ",,1,,2,,5,
"249190670","POLANA CHOCHO£OWSKA           ","2025","06","28","18",14.6,,,"8","W","W",,"8","C  ",,0,,3,,5,
"249190670","POLANA CHOCHO£OWSKA           ","2025","06","29","06",15.4,,,"8","W","W",,"8","C  ",,0,,8,,4,
"249190670","POLANA CHOCHO£OWSKA           ","2025","06","29","12",18.5,,,"8","W","W",,"8","NNE",,1,,7,,5,
"249190670","POLANA CHOCHO£OWSKA           ","2025","06","29","18",17.2,,,"8","W","W",,"8","C  ",,0,,3,,5,
"249190670","POLANA CHOCHO£OWSKA           ","2025","06","30","06",13.6,,,"8","W","W",,"8","NNE",,2,,6,,4,
"249190670","POLANA CHOCHO£OWSKA           ","2025","06","30","12",18.3,,,"8","W","W",,"8","NNE",,2,,0,,5,
"249190670","POLANA CHOCHO£OWSKA           ","2025","06","30","18",11.8,,,"8","W","W",,"8","C  ",,0,,1,,5,
"249190890","RADZIECHOWY                   ","2025","06","01","06",15.1,,14.0,,"W","N",88,,"NNW",,1,,3,,6,
"249190890","RADZIECHOWY                   ","2025","06","01","12",18.7,,17.6,,"W","N",89,,"NNE",,1,,7,,5,
"249190890","RADZIECHOWY                   ","2025","06","01","18",18.4,,17.4,,"W","N",90,,"NW ",,1,,7,,5,
"249190890","RADZIECHOWY                   ","2025","06","02","06",21.3,,17.3,,"W","N",65,,"S  ",,1,,4,,7,
"249190890","RADZIECHOWY                   ","2025","06","02","12",24.3,,20.5,,"W","N",69,,"NNE",,1,,5,,7,
"249190890","RADZIECHOWY                   ","2025","06","02","18",18.9,,17.8,,"W","N",89,,"NE ",,1,,8,,5,
"249190890","RADZIECHOWY                   ","2025","06","03","06",16.8,,15.8,,"W","N",90,,"E  ",,1,,8,,5,
"249190890","RADZIECHOWY                   ","2025","06","03","12",19.1,,16.9,,"W","N",79,,"S  ",,2,,6,,6,
"249190890","RADZIECHOWY                   ","2025","06","03","18",19.3,,16.0,,"W","N",69,,"SSW",,1,,2,,7,
"249190890","RADZIECHOWY                   ","2025","06","04","06",16.7,,15.0,,"W","N",83,,"SSE",,1,,5,,6,
"249190890","RADZIECHOWY                   ","2025","06","04","12",27.6,,19.4,,"W","N",43,,"SW ",,2,,1,,7,
"249190890","RADZIECHOWY                   ","2025","06","04","18",24.9,,19.3,,"W","N",57,,"S  ",,3,,6,,7,
"249190890","RADZIECHOWY                   ","2025","06","05","06",21.3,,16.8,,"W","N",61,,"SSW",,4,,2,,7,
"249190890","RADZIECHOWY                   ","2025","06","05","12",27.8,,19.2,,"W","N",41,,"SSW",,3,,2,,7,
"249190890","RADZIECHOWY                   ","2025","06","05","18",21.1,,17.6,,"W","N",69,,"NNW",,1,,7,,7,
"249190890","RADZIECHOWY                   ","2025","06","06","06",16.4,,14.5,,"W","N",80,,"ENE",,1,,1,,6,
"249190890","RADZIECHOWY                   ","2025","06","06","12",27.3,,21.0,,"W","N",55,,"SSW",,3,,3,,7,
"249190890","RADZIECHOWY                   ","2025","06","06","18",24.2,,19.3,,"W","N",61,,"SSW",,2,,1,,7,
"249190890","RADZIECHOWY                   ","2025","06","07","06",18.5,,16.3,,"W","N",79,,"N  ",,2,,7,,6,
"249190890","RADZIECHOWY                   ","2025","06","07","12",27.1,,22.0,,"W","N",62,,"NW ",,2,,6,,7,
"249190890","RADZIECHOWY                   ","2025","06","07","18",18.1,,16.0,,"W","N",80,,"N  ",,1,,8,,5,
"249190890","RADZIECHOWY                   ","2025","06","08","06",17.6,,15.6,,"W","N",80,,"SSW",,3,,8,,6,
"249190890","RADZIECHOWY                   ","2025","06","08","12",18.6,,17.5,,"W","N",89,,"S  ",,2,,8,,5,
"249190890","RADZIECHOWY                   ","2025","06","08","18",15.1,,13.6,,"W","N",84,,"SSW",,3,,8,,5,
"249190890","RADZIECHOWY                   ","2025","06","09","06",12.4,,9.3,,"W","N",64,,"SW ",,3,,6,,7,
"249190890","RADZIECHOWY                   ","2025","06","09","12",16.0,,11.0,,"W","N",50,,"W  ",,2,,6,,7,
"249190890","RADZIECHOWY                   ","2025","06","09","18",14.0,,11.0,,"W","N",67,,"W  ",,1,,1,,7,
"249190890","RADZIECHOWY                   ","2025","06","10","06",9.8,,7.4,,"W","N",69,,"ESE",,1,,3,,7,
"249190890","RADZIECHOWY                   ","2025","06","10","12",22.4,,15.2,,"W","N",43,,"SSW",,4,,2,,7,
"249190890","RADZIECHOWY                   ","2025","06","10","18",19.0,,14.6,,"W","N",60,,"S  ",,2,,8,,7,
"249190890","RADZIECHOWY                   ","2025","06","11","06",15.1,,13.6,,"W","N",84,,"N  ",,1,,7,,5,
"249190890","RADZIECHOWY                   ","2025","06","11","12",17.4,,12.8,,"W","N",56,,"NNW",,4,,6,,7,
"249190890","RADZIECHOWY                   ","2025","06","11","18",13.9,,11.0,,"W","N",68,,"NNW",,2,,2,,7,
"249190890","RADZIECHOWY                   ","2025","06","12","06",11.0,,8.5,,"W","N",69,,"C  ",,0,,1,,7,
"249190890","RADZIECHOWY                   ","2025","06","12","12",19.9,,15.0,,"W","N",57,,"NNE",,2,,0,,8,
"249190890","RADZIECHOWY                   ","2025","06","12","18",15.3,,11.8,,"W","N",64,,"NNW",,2,,1,,7,
"249190890","RADZIECHOWY                   ","2025","06","13","06",11.1,,8.6,,"W","N",70,,"N  ",,1,,0,,7,
"249190890","RADZIECHOWY                   ","2025","06","13","12",20.3,,14.8,,"W","N",52,,"NNE",,2,,1,,8,
"249190890","RADZIECHOWY                   ","2025","06","13","18",17.0,,13.3,,"W","N",64,,"NNE",,1,,1,,7,
"249190890","RADZIECHOWY                   ","2025","06","14","06",12.6,,9.9,,"W","N",69,,"ENE",,1,,0,,7,
"249190890","RADZIECHOWY                   ","2025","06","14","12",23.6,,16.0,,"W","N",42,,"NNE",,2,,0,,8,
"249190890","RADZIECHOWY                   ","2025","06","14","18",19.3,,16.0,,"W","N",69,,"NNW",,1,,0,,7,
"249190890","RADZIECHOWY                   ","2025","06","15","06",15.1,,12.2,,"W","N",69,,"E  ",,1,,0,,8,
"249190890","RADZIECHOWY                   ","2025","06","15","12",25.6,,17.7,,"W","N",43,,"N  ",,1,,0,,8,
"249190890","RADZIECHOWY                   ","2025","06","15","18",21.9,,17.3,,"W","N",61,,"WNW",,2,,0,,8,
"249190890","RADZIECHOWY                   ","2025","06","16","06",18.6,,16.4,,"W","N",79,,"ESE",,1,,5,,6,
"249190890","RADZIECHOWY                   ","2025","06","16","12",19.1,,17.8,,"W","N",88,,"N  ",,2,,8,,5,
"249190890","RADZIECHOWY                   ","2025","06","16","18",15.3,,14.4,,"W","N",90,,"NNW",,4,,8,,5,
"249190890","RADZIECHOWY                   ","2025","06","17","06",14.5,,12.7,,"W","N",80,,"N  ",,1,,5,,6,
"249190890","RADZIECHOWY                   ","2025","06","17","12",19.7,,15.2,,"W","N",60,,"N  ",,2,,4,,7,
"249190890","RADZIECHOWY                   ","2025","06","17","18",19.1,,15.4,,"W","N",66,,"WSW",,1,,2,,7,
"249190890","RADZIECHOWY                   ","2025","06","18","06",15.4,,12.5,,"W","N",70,,"NE ",,1,,1,,7,
"249190890","RADZIECHOWY                   ","2025","06","18","12",26.3,,20.0,,"W","N",54,,"NW ",,2,,1,,7,
"249190890","RADZIECHOWY                   ","2025","06","18","18",22.3,,18.6,,"W","N",69,,"SW ",,1,,1,,7,
"249190890","RADZIECHOWY                   ","2025","06","19","06",20.3,,16.0,,"W","N",62,,"S  ",,1,,0,,7,
"249190890","RADZIECHOWY                   ","2025","06","19","12",25.1,,20.5,,"W","N",64,,"NW ",,4,,0,,7,
"249190890","RADZIECHOWY                   ","2025","06","19","18",19.1,,15.1,,"W","N",63,,"NW ",,2,,0,,7,
"249190890","RADZIECHOWY                   ","2025","06","20","06",13.1,,10.3,,"W","N",68,,"NNE",,1,,1,,7,
"249190890","RADZIECHOWY                   ","2025","06","20","12",18.9,,12.4,,"W","N",42,,"N  ",,2,,4,,8,
"249190890","RADZIECHOWY                   ","2025","06","20","18",16.4,,12.0,,"W","N",56,,"NW ",,2,,1,,8,
"249190890","RADZIECHOWY                   ","2025","06","21","06",12.9,,10.1,,"W","N",68,,"NE ",,1,,0,,8,
"249190890","RADZIECHOWY                   ","2025","06","21","12",20.8,,13.9,,"W","N",42,,"NE ",,1,,1,,8,
"249190890","RADZIECHOWY                   ","2025","06","21","18",18.5,,13.4,,"W","N",53,,"WNW",,1,,0,,8,
"249190890","RADZIECHOWY                   ","2025","06","22","06",13.5,,10.5,,"W","N",67,,"NE ",,1,,0,,8,
"249190890","RADZIECHOWY                   ","2025","06","22","12",27.1,,17.8,,"W","N",36,,"N  ",,2,,1,,8,
"249190890","RADZIECHOWY                   ","2025","06","22","18",23.7,,18.0,,"W","N",55,,"W  ",,1,,1,,8,
"249190890","RADZIECHOWY                   ","2025","06","23","06",22.1,,16.4,,"W","N",53,,"SSW",,3,,1,,7,
"249190890","RADZIECHOWY                   ","2025","06","23","12",26.9,,20.0,,"W","N",50,,"SSW",,3,,6,,7,
"249190890","RADZIECHOWY                   ","2025","06","23","18",26.8,,20.0,,"W","N",51,,"SSW",,1,,7,,7,
"249190890","RADZIECHOWY                   ","2025","06","24","06",16.8,,13.7,,"W","N",69,,"SSW",,2,,6,,7,
"249190890","RADZIECHOWY                   ","2025","06","24","12",23.1,,16.6,,"W","N",49,,"WSW",,3,,2,,7,
"249190890","RADZIECHOWY                   ","2025","06","24","18",22.3,,16.0,,"W","N",49,,"S  ",,2,,2,,7,
"249190890","RADZIECHOWY                   ","2025","06","25","06",22.3,,17.1,,"W","N",57,,"SW ",,2,,3,,7,
"249190890","RADZIECHOWY                   ","2025","06","25","12",26.3,,18.8,,"W","N",46,,"W  ",,5,,6,,7,
"249190890","RADZIECHOWY                   ","2025","06","25","18",25.3,,19.6,,"W","N",57,,"SW ",,1,,7,,7,
"249190890","RADZIECHOWY                   ","2025","06","26","06",21.4,,17.8,,"W","N",69,,"ENE",,1,,1,,7,
"249190890","RADZIECHOWY                   ","2025","06","26","12",29.8,,21.2,,"W","N",44,,"WNW",,2,,1,,7,
"249190890","RADZIECHOWY                   ","2025","06","26","18",25.1,,20.6,,"W","N",65,,"WSW",,1,,4,,7,
"249190890","RADZIECHOWY                   ","2025","06","27","06",19.9,,17.7,,"W","N",80,,"C  ",,0,,7,,6,
"249190890","RADZIECHOWY                   ","2025","06","27","12",22.5,,17.4,,"W","N",58,,"NW ",,2,,7,,7,
"249190890","RADZIECHOWY                   ","2025","06","27","18",20.7,,18.0,,"W","N",76,,"NW ",,2,,8,,6,
"249190890","RADZIECHOWY                   ","2025","06","28","06",15.4,,13.0,,"W","N",75,,"C  ",,0,,8,,6,
"249190890","RADZIECHOWY                   ","2025","06","28","12",21.2,,16.7,,"W","N",61,,"NW ",,3,,2,,7,
"249190890","RADZIECHOWY                   ","2025","06","28","18",21.1,,17.0,,"W","N",64,,"C  ",,0,,0,,7,
"249190890","RADZIECHOWY                   ","2025","06","29","06",20.3,,17.6,,"W","N",75,,"ESE",,1,,8,,6,
"249190890","RADZIECHOWY                   ","2025","06","29","12",24.3,,19.8,,"W","N",64,,"NNW",,4,,7,,7,
"249190890","RADZIECHOWY                   ","2025","06","29","18",24.1,,20.0,,"W","N",67,,"W  ",,1,,2,,7,
"249190890","RADZIECHOWY                   ","2025","06","30","06",19.5,,16.0,,"W","N",68,,"NNW",,3,,2,,8,
"249190890","RADZIECHOWY                   ","2025","06","30","12",23.1,,16.6,,"W","N",49,,"N  ",,2,,0,,8,
"249190890","RADZIECHOWY                   ","2025","06","30","18",20.2,,14.0,,"W","N",47,,"NW ",,1,,0,,8,
"249200020","£AZY                          ","2025","06","01","06",19.3,,,"8","W","W",,"8","C  ",,0,,3,,6,
"249200020","£AZY                          ","2025","06","01","12",26.2,,,"8","W","W",,"8","WNW",,2,,3,,6,
"249200020","£AZY                          ","2025","06","01","18",20.8,,,"8","W","W",,"8","SSW",,2,,7,,6,
"249200020","£AZY                          ","2025","06","02","06",21.2,,,"8","W","W",,"8","WSW",,3,,4,,6,
"249200020","£AZY                          ","2025","06","02","12",25.3,,,"8","W","W",,"8","NW ",,3,,6,,6,
"249200020","£AZY                          ","2025","06","02","18",18.3,,,"8","W","W",,"8","SE ",,1,,8,,6,
"249200020","£AZY                          ","2025","06","03","06",16.4,,,"8","W","W",,"8","W  ",,1,,8,,6,
"249200020","£AZY                          ","2025","06","03","12",18.6,,,"8","W","W",,"8","WSW",,1,,8,,6,
"249200020","£AZY                          ","2025","06","03","18",19.7,,,"8","W","W",,"8","C  ",,0,,2,,6,
"249200020","£AZY                          ","2025","06","04","06",17.9,,,"8","W","W",,"8","SSE",,3,,5,,6,
"249200020","£AZY                          ","2025","06","04","12",26.5,,,"8","W","W",,"8","SE ",,2,,2,,6,
"249200020","£AZY                          ","2025","06","04","18",24.6,,,"8","W","W",,"8","SE ",,3,,6,,6,
"249200020","£AZY                          ","2025","06","05","06",23.2,,,"8","W","W",,"8","SW ",,2,,2,,6,
"249200020","£AZY                          ","2025","06","05","12",26.9,,,"8","W","W",,"8","W  ",,3,,2,,6,
"249200020","£AZY                          ","2025","06","05","18",23.5,,,"8","W","W",,"8","SSE",,1,,7,,6,
"249200020","£AZY                          ","2025","06","06","06",17.4,,,"8","W","W",,"8","C  ",,0,,4,,6,
"249200020","£AZY                          ","2025","06","06","12",26.0,,,"8","W","W",,"8","NW ",,1,,6,,6,
"249200020","£AZY                          ","2025","06","06","18",25.0,,,"8","W","W",,"8","C  ",,0,,2,,6,
"249200020","£AZY                          ","2025","06","07","06",20.1,,,"8","W","W",,"8","SE ",,1,,4,,6,
"249200020","£AZY                          ","2025","06","07","12",26.4,,,"8","W","W",,"8","ENE",,1,,7,,6,
"249200020","£AZY                          ","2025","06","07","18",19.5,,,"8","W","W",,"8","NW ",,1,,7,,6,
"249200020","£AZY                          ","2025","06","08","06",18.7,,,"8","W","W",,"8","C  ",,0,,6,,6,
"249200020","£AZY                          ","2025","06","08","12",18.6,,,"8","W","W",,"8","W  ",,3,,8,,6,
"249200020","£AZY                          ","2025","06","08","18",15.7,,,"8","W","W",,"8","S  ",,1,,4,,6,
"249200020","£AZY                          ","2025","06","09","06",13.0,,,"8","W","W",,"8","WSW",,4,,7,,6,
"249200020","£AZY                          ","2025","06","09","12",14.4,,,"8","W","W",,"8","WSW",,3,,7,,6,
"249200020","£AZY                          ","2025","06","09","18",14.6,,,"8","W","W",,"8","SW ",,1,,3,,6,
"249200020","£AZY                          ","2025","06","10","06",13.0,,,"8","W","W",,"8","SSE",,1,,7,,6,
"249200020","£AZY                          ","2025","06","10","12",20.8,,,"8","W","W",,"8","E  ",,1,,6,,6,
"249200020","£AZY                          ","2025","06","10","18",19.7,,,"8","W","W",,"8","SSE",,1,,8,,6,
"249200020","£AZY                          ","2025","06","11","06",14.8,,,"8","W","W",,"8","WSW",,4,,7,,6,
"249200020","£AZY                          ","2025","06","11","12",15.2,,,"8","W","W",,"8","WNW",,5,,8,,6,
"249200020","£AZY                          ","2025","06","11","18",15.6,,,"8","W","W",,"8","W  ",,3,,6,,6,
"249200020","£AZY                          ","2025","06","12","06",14.1,,,"8","W","W",,"8","W  ",,3,,2,,6,
"249200020","£AZY                          ","2025","06","12","12",19.5,,,"8","W","W",,"8","NW ",,4,,2,,6,
"249200020","£AZY                          ","2025","06","12","18",18.1,,,"8","W","W",,"8","NW ",,1,,2,,6,
"249200020","£AZY                          ","2025","06","13","06",12.1,,,"8","W","W",,"8","NW ",,2,,0,,6,
"249200020","£AZY                          ","2025","06","13","12",17.4,,,"8","W","W",,"8","NNW",,4,,6,,6,
"249200020","£AZY                          ","2025","06","13","18",15.0,,,"8","W","W",,"8","C  ",,0,,6,,6,
"249200020","£AZY                          ","2025","06","14","06",14.5,,,"8","W","W",,"8","C  ",,0,,0,,6,
"249200020","£AZY                          ","2025","06","14","12",21.6,,,"8","W","W",,"8","N  ",,2,,4,,6,
"249200020","£AZY                          ","2025","06","14","18",21.2,,,"8","W","W",,"8","C  ",,0,,2,,6,
"249200020","£AZY                          ","2025","06","15","06",16.1,,,"8","W","W",,"8","C  ",,0,,0,,6,
"249200020","£AZY                          ","2025","06","15","12",23.8,,,"8","W","W",,"8","NNE",,1,,1,,6,
"249200020","£AZY                          ","2025","06","15","18",24.2,,,"8","W","W",,"8","C  ",,0,,1,,6,
"249200020","£AZY                          ","2025","06","16","06",18.9,,,"8","W","W",,"8","W  ",,1,,2,,6,
"249200020","£AZY                          ","2025","06","16","12",25.5,,,"8","W","W",,"8","WNW",,3,,6,,6,
"249200020","£AZY                          ","2025","06","16","18",17.6,,,"8","W","W",,"8","W  ",,4,,8,,6,
"249200020","£AZY                          ","2025","06","17","06",16.4,,,"8","W","W",,"8","WNW",,3,,6,,6,
"249200020","£AZY                          ","2025","06","17","12",21.8,,,"8","W","W",,"8","WNW",,4,,5,,6,
"249200020","£AZY                          ","2025","06","17","18",20.8,,,"8","W","W",,"8","NW ",,2,,6,,6,
"249200020","£AZY                          ","2025","06","18","06",18.2,,,"8","W","W",,"8","SSW",,1,,0,,6,
"249200020","£AZY                          ","2025","06","18","12",25.3,,,"8","W","W",,"8","W  ",,4,,6,,6,
"249200020","£AZY                          ","2025","06","18","18",23.6,,,"8","W","W",,"8","SW ",,1,,4,,6,
"249200020","£AZY                          ","2025","06","19","06",20.4,,,"8","W","W",,"8","W  ",,1,,2,,6,
"249200020","£AZY                          ","2025","06","19","12",19.5,,,"8","W","W",,"8","NNW",,4,,7,,6,
"249200020","£AZY                          ","2025","06","19","18",19.9,,,"8","W","W",,"8","NW ",,5,,2,,6,
"249200020","£AZY                          ","2025","06","20","06",14.6,,,"8","W","W",,"8","WNW",,4,,2,,6,
"249200020","£AZY                          ","2025","06","20","12",18.9,,,"8","W","W",,"8","WNW",,5,,5,,6,
"249200020","£AZY                          ","2025","06","20","18",17.9,,,"8","W","W",,"8","NW ",,1,,4,,6,
"249200020","£AZY                          ","2025","06","21","06",14.3,,,"8","W","W",,"8","WNW",,1,,1,,6,
"249200020","£AZY                          ","2025","06","21","12",20.2,,,"8","W","W",,"8","NW ",,3,,3,,6,
"249200020","£AZY                          ","2025","06","21","18",20.2,,,"8","W","W",,"8","C  ",,0,,1,,6,
"249200020","£AZY                          ","2025","06","22","06",19.3,,,"8","W","W",,"8","SW ",,3,,1,,6,
"249200020","£AZY                          ","2025","06","22","12",26.4,,,"8","W","W",,"8","W  ",,5,,5,,6,
"249200020","£AZY                          ","2025","06","22","18",24.6,,,"8","W","W",,"8","SW ",,2,,6,,6,
"249200020","£AZY                          ","2025","06","23","06",20.8,,,"8","W","W",,"8","C  ",,0,,3,,6,
"249200020","£AZY                          ","2025","06","23","12",29.4,,,"8","W","W",,"8","WSW",,3,,7,,6,
"249200020","£AZY                          ","2025","06","23","18",26.9,,,"8","W","W",,"8","C  ",,0,,7,,6,
"249200020","£AZY                          ","2025","06","24","06",16.9,,,"8","W","W",,"8","WSW",,4,,2,,6,
"249200020","£AZY                          ","2025","06","24","12",22.5,,,"8","W","W",,"8","WSW",,6,,5,,6,
"249200020","£AZY                          ","2025","06","24","18",22.8,,,"8","W","W",,"8","C  ",,0,,6,,6,
"249200020","£AZY                          ","2025","06","25","06",22.1,,,"8","W","W",,"8","WSW",,5,,1,,6,
"249200020","£AZY                          ","2025","06","25","12",26.7,,,"8","W","W",,"8","W  ",,5,,6,,6,
"249200020","£AZY                          ","2025","06","25","18",25.4,,,"8","W","W",,"8","W  ",,3,,4,,6,
"249200020","£AZY                          ","2025","06","26","06",19.8,,,"8","W","W",,"8","NE ",,1,,2,,6,
"249200020","£AZY                          ","2025","06","26","12",26.3,,,"8","W","W",,"8","ENE",,2,,2,,6,
"249200020","£AZY                          ","2025","06","26","18",24.3,,,"8","W","W",,"8","E  ",,1,,6,,6,
"249200020","£AZY                          ","2025","06","27","06",20.2,,,"8","W","W",,"8","WSW",,4,,8,,6,
"249200020","£AZY                          ","2025","06","27","12",23.9,,,"8","W","W",,"8","WSW",,4,,7,,6,
"249200020","£AZY                          ","2025","06","27","18",21.2,,,"8","W","W",,"8","WNW",,4,,7,,5,
"249200020","£AZY                          ","2025","06","28","06",17.6,,,"8","W","W",,"8","WNW",,4,,5,,6,
"249200020","£AZY                          ","2025","06","28","12",21.8,,,"8","W","W",,"8","NW ",,5,,6,,6,
"249200020","£AZY                          ","2025","06","28","18",22.0,,,"8","W","W",,"8","W  ",,2,,6,,6,
"249200020","£AZY                          ","2025","06","29","06",22.7,,,"8","W","W",,"8","WSW",,4,,7,,6,
"249200020","£AZY                          ","2025","06","29","12",27.6,,,"8","W","W",,"8","NW ",,5,,6,,6,
"249200020","£AZY                          ","2025","06","29","18",25.5,,,"8","W","W",,"8","W  ",,3,,5,,6,
"249200020","£AZY                          ","2025","06","30","06",18.0,,,"8","W","W",,"8","NW ",,4,,1,,6,
"249200020","£AZY                          ","2025","06","30","12",24.4,,,"8","W","W",,"8","WNW",,5,,1,,6,
"249200020","£AZY                          ","2025","06","30","18",22.1,,,"8","W","W",,"8","NNW",,2,,1,,6,
"249200130","JASTRZÊBIA                    ","2025","06","01","06",18.6,,,"8","W","N",,"8","SE ",,1,,4,,6,
"249200130","JASTRZÊBIA                    ","2025","06","01","12",26.4,,,"8","W","N",,"8","NNE",,2,,4,,6,
"249200130","JASTRZÊBIA                    ","2025","06","01","18",19.2,,,"8","W","N",,"8","C  ",,0,,6,,6,
"249200130","JASTRZÊBIA                    ","2025","06","02","06",21.4,,,"8","W","N",,"8","C  ",,0,,1,,6,
"249200130","JASTRZÊBIA                    ","2025","06","02","12",24.8,,,"8","W","N",,"8","NNW",,2,,6,,6,
"249200130","JASTRZÊBIA                    ","2025","06","02","18",18.6,,,"8","W","N",,"8","C  ",,0,,7,,5,
"249200130","JASTRZÊBIA                    ","2025","06","03","06",16.6,,,"8","W","N",,"8","C  ",,0,,7,,6,
"249200130","JASTRZÊBIA                    ","2025","06","03","12",18.5,,,"8","W","N",,"8","NNW",,1,,7,,6,
"249200130","JASTRZÊBIA                    ","2025","06","03","18",19.1,,,"8","W","N",,"8","C  ",,0,,2,,5,
"249200130","JASTRZÊBIA                    ","2025","06","04","06",16.8,,,"8","W","N",,"8","ESE",,1,,1,,6,
"249200130","JASTRZÊBIA                    ","2025","06","04","12",27.4,,,"8","W","N",,"8","SE ",,2,,2,,6,
"249200130","JASTRZÊBIA                    ","2025","06","04","18",24.2,,,"8","W","N",,"8","SE ",,1,,1,,6,
"249200130","JASTRZÊBIA                    ","2025","06","05","06",22.6,,,"8","W","N",,"8","SE ",,1,,1,,6,
"249200130","JASTRZÊBIA                    ","2025","06","05","12",27.6,,,"8","W","N",,"8","N  ",,2,,4,,6,
"249200130","JASTRZÊBIA                    ","2025","06","05","18",22.6,,,"8","W","N",,"8","C  ",,0,,4,,6,
"249200130","JASTRZÊBIA                    ","2025","06","06","06",19.8,,,"8","W","N",,"8","SE ",,1,,1,,6,
"249200130","JASTRZÊBIA                    ","2025","06","06","12",25.8,,,"8","W","N",,"8","NW ",,1,,2,,6,
"249200130","JASTRZÊBIA                    ","2025","06","06","18",23.5,,,"8","W","N",,"8","SSE",,1,,4,,6,
"249200130","JASTRZÊBIA                    ","2025","06","07","06",21.4,,,"8","W","N",,"8","SE ",,1,,1,,6,
"249200130","JASTRZÊBIA                    ","2025","06","07","12",27.8,,,"8","W","N",,"8","SSE",,4,,7,,6,
"249200130","JASTRZÊBIA                    ","2025","06","07","18",20.2,,,"8","W","N",,"8","NNW",,1,,4,,6,
"249200130","JASTRZÊBIA                    ","2025","06","08","06",18.5,,,"8","W","N",,"8","SE ",,1,,6,,6,
"249200130","JASTRZÊBIA                    ","2025","06","08","12",20.2,,,"8","W","N",,"8","NW ",,2,,7,,6,
"249200130","JASTRZÊBIA                    ","2025","06","08","18",14.8,,,"8","W","N",,"8","C  ",,0,,6,,6,
"249200130","JASTRZÊBIA                    ","2025","06","09","06",10.8,,,"8","W","N",,"8","WNW",,1,,7,,5,
"249200130","JASTRZÊBIA                    ","2025","06","09","12",13.2,,,"8","W","N",,"8","WNW",,2,,6,,6,
"249200130","JASTRZÊBIA                    ","2025","06","09","18",13.4,,,"8","W","N",,"8","C  ",,0,,1,,6,
"249200130","JASTRZÊBIA                    ","2025","06","10","06",12.1,,,"8","W","N",,"8","SE ",,1,,1,,6,
"249200130","JASTRZÊBIA                    ","2025","06","10","12",20.6,,,"8","W","N",,"8","SSE",,2,,2,,6,
"249200130","JASTRZÊBIA                    ","2025","06","10","18",19.2,,,"8","W","N",,"8","S  ",,1,,7,,6,
"249200130","JASTRZÊBIA                    ","2025","06","11","06",14.4,,,"8","W","N",,"8","W  ",,1,,7,,6,
"249200130","JASTRZÊBIA                    ","2025","06","11","12",15.8,,,"8","W","N",,"8","NW ",,4,,7,,6,
"249200130","JASTRZÊBIA                    ","2025","06","11","18",15.1,,,"8","W","N",,"8","WNW",,1,,6,,6,
"249200130","JASTRZÊBIA                    ","2025","06","12","06",14.5,,,"8","W","N",,"8","WNW",,2,,2,,6,
"249200130","JASTRZÊBIA                    ","2025","06","12","12",19.4,,,"8","W","N",,"8","NW ",,3,,2,,6,
"249200130","JASTRZÊBIA                    ","2025","06","12","18",16.8,,,"8","W","N",,"8","C  ",,0,,1,,6,
"249200130","JASTRZÊBIA                    ","2025","06","13","06",12.5,,,"8","W","N",,"8","NNW",,2,,1,,6,
"249200130","JASTRZÊBIA                    ","2025","06","13","12",17.6,,,"8","W","N",,"8","N  ",,3,,4,,6,
"249200130","JASTRZÊBIA                    ","2025","06","13","18",15.2,,,"8","W","N",,"8","C  ",,0,,2,,6,
"249200130","JASTRZÊBIA                    ","2025","06","14","06",14.5,,,"8","W","N",,"8","C  ",,0,,1,,6,
"249200130","JASTRZÊBIA                    ","2025","06","14","12",21.9,,,"8","W","N",,"8","NNW",,2,,2,,6,
"249200130","JASTRZÊBIA                    ","2025","06","14","18",19.5,,,"8","W","N",,"8","C  ",,0,,1,,6,
"249200130","JASTRZÊBIA                    ","2025","06","15","06",15.1,,,"8","W","N",,"8","C  ",,0,,1,,6,
"249200130","JASTRZÊBIA                    ","2025","06","15","12",24.2,,,"8","W","N",,"8","N  ",,1,,0,,6,
"249200130","JASTRZÊBIA                    ","2025","06","15","18",21.9,,,"8","W","N",,"8","C  ",,0,,1,,6,
"249200130","JASTRZÊBIA                    ","2025","06","16","06",18.8,,,"8","W","N",,"8","C  ",,0,,1,,6,
"249200130","JASTRZÊBIA                    ","2025","06","16","12",25.5,,,"8","W","N",,"8","NW ",,2,,2,,6,
"249200130","JASTRZÊBIA                    ","2025","06","16","18",17.5,,,"8","W","N",,"8","NW ",,3,,7,,6,
"249200130","JASTRZÊBIA                    ","2025","06","17","06",15.8,,,"8","W","N",,"8","NW ",,1,,6,,6,
"249200130","JASTRZÊBIA                    ","2025","06","17","12",22.4,,,"8","W","N",,"8","WNW",,3,,2,,6,
"249200130","JASTRZÊBIA                    ","2025","06","17","18",19.5,,,"8","W","N",,"8","C  ",,0,,2,,6,
"249200130","JASTRZÊBIA                    ","2025","06","18","06",18.2,,,"8","W","N",,"8","C  ",,0,,1,,6,
"249200130","JASTRZÊBIA                    ","2025","06","18","12",25.8,,,"8","W","N",,"8","SW ",,1,,2,,6,
"249200130","JASTRZÊBIA                    ","2025","06","18","18",22.2,,,"8","W","N",,"8","C  ",,0,,2,,6,
"249200130","JASTRZÊBIA                    ","2025","06","19","06",20.4,,,"8","W","N",,"8","WNW",,1,,1,,6,
"249200130","JASTRZÊBIA                    ","2025","06","19","12",18.4,,,"8","W","N",,"8","NNW",,4,,7,,6,
"249200130","JASTRZÊBIA                    ","2025","06","19","18",19.1,,,"8","W","N",,"8","NW ",,1,,1,,6,
"249200130","JASTRZÊBIA                    ","2025","06","20","06",14.2,,,"8","W","N",,"8","NW ",,3,,2,,6,
"249200130","JASTRZÊBIA                    ","2025","06","20","12",18.2,,,"8","W","N",,"8","NW ",,3,,4,,6,
"249200130","JASTRZÊBIA                    ","2025","06","20","18",16.4,,,"8","W","N",,"8","C  ",,0,,2,,6,
"249200130","JASTRZÊBIA                    ","2025","06","21","06",14.2,,,"8","W","N",,"8","NNW",,1,,1,,6,
"249200130","JASTRZÊBIA                    ","2025","06","21","12",20.4,,,"8","W","N",,"8","NNE",,2,,2,,6,
"249200130","JASTRZÊBIA                    ","2025","06","21","18",18.9,,,"8","W","N",,"8","C  ",,0,,1,,6,
"249200130","JASTRZÊBIA                    ","2025","06","22","06",18.2,,,"8","W","N",,"8","C  ",,0,,1,,6,
"249200130","JASTRZÊBIA                    ","2025","06","22","12",26.2,,,"8","W","N",,"8","WNW",,3,,2,,6,
"249200130","JASTRZÊBIA                    ","2025","06","22","18",22.6,,,"8","W","N",,"8","C  ",,0,,2,,6,
"249200130","JASTRZÊBIA                    ","2025","06","23","06",20.0,,,"8","W","N",,"8","SE ",,1,,1,,6,
"249200130","JASTRZÊBIA                    ","2025","06","23","12",30.8,,,"8","W","N",,"8","N  ",,2,,6,,6,
"249200130","JASTRZÊBIA                    ","2025","06","23","18",26.4,,,"8","W","N",,"8","SSE",,1,,4,,6,
"249200130","JASTRZÊBIA                    ","2025","06","24","06",16.8,,,"8","W","N",,"8","WNW",,2,,2,,6,
"249200130","JASTRZÊBIA                    ","2025","06","24","12",23.2,,,"8","W","N",,"8","W  ",,2,,4,,6,
"249200130","JASTRZÊBIA                    ","2025","06","24","18",21.2,,,"8","W","N",,"8","C  ",,0,,4,,6,
"249200130","JASTRZÊBIA                    ","2025","06","25","06",22.4,,,"8","W","N",,"8","W  ",,3,,1,,6,
"249200130","JASTRZÊBIA                    ","2025","06","25","12",27.8,,,"8","W","N",,"8","WNW",,3,,2,,6,
"249200130","JASTRZÊBIA                    ","2025","06","25","18",24.6,,,"8","W","N",,"8","WNW",,1,,2,,6,
"249200130","JASTRZÊBIA                    ","2025","06","26","06",19.8,,,"8","W","N",,"8","NE ",,1,,4,,6,
"249200130","JASTRZÊBIA                    ","2025","06","26","12",26.8,,,"8","W","N",,"8","NNW",,2,,1,,6,
"249200130","JASTRZÊBIA                    ","2025","06","26","18",24.2,,,"8","W","N",,"8","C  ",,0,,2,,6,
"249200130","JASTRZÊBIA                    ","2025","06","27","06",20.4,,,"8","W","N",,"8","NW ",,1,,7,,6,
"249200130","JASTRZÊBIA                    ","2025","06","27","12",24.4,,,"8","W","N",,"8","NW ",,2,,7,,6,
"249200130","JASTRZÊBIA                    ","2025","06","27","18",20.6,,,"8","W","N",,"8","W  ",,1,,6,,6,
"249200130","JASTRZÊBIA                    ","2025","06","28","06",16.8,,,"8","W","N",,"8","NW ",,2,,4,,6,
"249200130","JASTRZÊBIA                    ","2025","06","28","12",21.2,,,"8","W","N",,"8","WNW",,2,,6,,6,
"249200130","JASTRZÊBIA                    ","2025","06","28","18",20.6,,,"8","W","N",,"8","C  ",,0,,6,,6,
"249200130","JASTRZÊBIA                    ","2025","06","29","06",20.4,,,"8","W","N",,"8","C  ",,0,,7,,6,
"249200130","JASTRZÊBIA                    ","2025","06","29","12",24.6,,,"8","W","N",,"8","W  ",,2,,4,,6,
"249200130","JASTRZÊBIA                    ","2025","06","29","18",24.5,,,"8","W","N",,"8","C  ",,0,,2,,6,
"249200130","JASTRZÊBIA                    ","2025","06","30","06",17.4,,,"8","W","N",,"8","NW ",,2,,1,,6,
"249200130","JASTRZÊBIA                    ","2025","06","30","12",23.6,,,"8","W","N",,"8","NW ",,3,,1,,6,
"249200130","JASTRZÊBIA                    ","2025","06","30","18",21.4,,,"8","W","N",,"8","NNW",,1,,1,,6,
"249200180","LIMANOWA                      ","2025","06","01","06",16.4,,14.7,,"W","W",83,,"SSE",,1,,7,,8,
"249200180","LIMANOWA                      ","2025","06","01","12",21.7,,16.0,,"W","W",55,,"WSW",,3,,6,,8,
"249200180","LIMANOWA                      ","2025","06","01","18",19.4,,16.7,,"W","W",76,,"W  ",,1,,6,,8,
"249200180","LIMANOWA                      ","2025","06","02","06",20.9,,16.9,,"W","W",67,,"W  ",,4,,4,,8,
"249200180","LIMANOWA                      ","2025","06","02","12",23.5,,18.6,,"W","W",62,,"NW ",,2,,7,,8,
"249200180","LIMANOWA                      ","2025","06","02","18",17.4,,17.0,,"W","W",96,,"SSE",,2,,8,,6,
"249200180","LIMANOWA                      ","2025","06","03","06",14.9,,14.8,,"W","W",99,,"ENE",,1,,8,,6,
"249200180","LIMANOWA                      ","2025","06","03","12",16.9,,16.1,,"W","W",92,,"WNW",,3,,8,,6,
"249200180","LIMANOWA                      ","2025","06","03","18",19.2,,16.1,,"W","W",73,,"NNW",,1,,5,,8,
"249200180","LIMANOWA                      ","2025","06","04","06",17.2,,15.4,,"W","W",83,,"ESE",,3,,5,,8,
"249200180","LIMANOWA                      ","2025","06","04","12",25.2,,18.0,,"W","W",49,,"NW ",,1,,4,,8,
"249200180","LIMANOWA                      ","2025","06","04","18",23.3,,17.5,,"W","W",56,,"S  ",,1,,6,,8,
"249200180","LIMANOWA                      ","2025","06","05","06",21.6,,17.2,,"W","W",64,,"SW ",,2,,5,,8,
"249200180","LIMANOWA                      ","2025","06","05","12",27.9,,18.4,,"W","W",39,,"W  ",,3,,6,,8,
"249200180","LIMANOWA                      ","2025","06","05","18",22.9,,18.0,,"W","W",62,,"SSE",,2,,6,,8,
"249200180","LIMANOWA                      ","2025","06","06","06",19.8,,16.1,,"W","W",68,,"E  ",,2,,5,,8,
"249200180","LIMANOWA                      ","2025","06","06","12",25.5,,19.1,,"W","W",54,,"NNW",,4,,5,,8,
"249200180","LIMANOWA                      ","2025","06","06","18",22.7,,18.5,,"W","W",67,,"S  ",,2,,6,,8,
"249200180","LIMANOWA                      ","2025","06","07","06",20.3,,17.1,,"W","W",73,,"ESE",,2,,4,,8,
"249200180","LIMANOWA                      ","2025","06","07","12",26.1,,17.9,,"W","W",44,,"S  ",,4,,7,,8,
"249200180","LIMANOWA                      ","2025","06","07","18",19.7,,16.4,,"W","W",71,,"NW ",,3,,7,,8,
"249200180","LIMANOWA                      ","2025","06","08","06",16.6,,15.8,,"W","W",92,,"ESE",,2,,6,,8,
"249200180","LIMANOWA                      ","2025","06","08","12",18.0,,14.9,,"W","W",72,,"W  ",,2,,8,,8,
"249200180","LIMANOWA                      ","2025","06","08","18",14.6,,13.3,,"W","W",87,,"WNW",,2,,6,,8,
"249200180","LIMANOWA                      ","2025","06","09","06",11.6,,9.5,,"W","W",76,,"WNW",,3,,7,,8,
"249200180","LIMANOWA                      ","2025","06","09","12",10.7,,9.9,,"W","W",91,,"WSW",,1,,8,,8,
"249200180","LIMANOWA                      ","2025","06","09","18",12.8,,9.8,,"W","W",68,,"NW ",,3,,7,,8,
"249200180","LIMANOWA                      ","2025","06","10","06",11.4,,9.6,,"W","W",80,,"ESE",,2,,8,,8,
"249200180","LIMANOWA                      ","2025","06","10","12",20.0,,13.0,,"W","W",43,,"SE ",,4,,4,,8,
"249200180","LIMANOWA                      ","2025","06","10","18",18.4,,13.3,,"W","W",56,,"W  ",,5,,7,,8,
"249200180","LIMANOWA                      ","2025","06","11","06",12.7,,12.2,,"W","W",94,,"NW ",,3,,8,,6,
"249200180","LIMANOWA                      ","2025","06","11","12",15.6,,12.4,,"W","W",69,,"NW ",,4,,6,,8,
"249200180","LIMANOWA                      ","2025","06","11","18",13.4,,10.8,,"W","W",73,,"WNW",,3,,5,,8,
"249200180","LIMANOWA                      ","2025","06","12","06",12.7,,10.4,,"W","W",75,,"NW ",,2,,4,,8,
"249200180","LIMANOWA                      ","2025","06","12","12",18.3,,12.0,,"W","W",46,,"WNW",,4,,3,,8,
"249200180","LIMANOWA                      ","2025","06","12","18",15.9,,11.2,,"W","W",56,,"NNW",,2,,5,,8,
"249200180","LIMANOWA                      ","2025","06","13","06",11.3,,8.9,,"W","W",73,,"NNW",,3,,2,,8,
"249200180","LIMANOWA                      ","2025","06","13","12",17.2,,11.3,,"W","W",48,,"NW ",,5,,5,,8,
"249200180","LIMANOWA                      ","2025","06","13","18",13.0,,10.9,,"W","W",77,,"N  ",,3,,6,,8,
"249200180","LIMANOWA                      ","2025","06","14","06",13.6,,11.4,,"W","W",77,,"N  ",,1,,1,,8,
"249200180","LIMANOWA                      ","2025","06","14","12",20.6,,14.0,,"W","W",47,,"NW ",,3,,4,,8,
"249200180","LIMANOWA                      ","2025","06","14","18",18.7,,13.1,,"W","W",52,,"NNE",,2,,5,,8,
"249200180","LIMANOWA                      ","2025","06","15","06",16.8,,13.1,,"W","W",65,,"E  ",,1,,1,,8,
"249200180","LIMANOWA                      ","2025","06","15","12",23.8,,16.1,,"W","W",44,,"WSW",,2,,1,,8,
"249200180","LIMANOWA                      ","2025","06","15","18",21.0,,14.7,,"W","W",50,,"ESE",,2,,1,,8,
"249200180","LIMANOWA                      ","2025","06","16","06",20.2,,16.1,,"W","W",65,,"NW ",,4,,2,,8,
"249200180","LIMANOWA                      ","2025","06","16","12",24.1,,19.6,,"W","W",66,,"WNW",,4,,6,,8,
"249200180","LIMANOWA                      ","2025","06","16","18",15.1,,14.8,,"W","W",97,,"WNW",,5,,8,,4,
"249200180","LIMANOWA                      ","2025","06","17","06",13.4,,12.7,,"W","W",92,,"NW ",,3,,7,,8,
"249200180","LIMANOWA                      ","2025","06","17","12",19.4,,14.1,,"W","W",55,,"NW ",,4,,5,,8,
"249200180","LIMANOWA                      ","2025","06","17","18",18.7,,14.8,,"W","W",66,,"W  ",,3,,5,,8,
"249200180","LIMANOWA                      ","2025","06","18","06",17.4,,14.0,,"W","W",69,,"N  ",,1,,1,,8,
"249200180","LIMANOWA                      ","2025","06","18","12",25.0,,16.1,,"W","W",38,,"NNW",,3,,4,,8,
"249200180","LIMANOWA                      ","2025","06","18","18",22.2,,15.8,,"W","W",51,,"WNW",,4,,5,,8,
"249200180","LIMANOWA                      ","2025","06","19","06",18.8,,15.0,,"W","W",66,,"N  ",,1,,5,,8,
"249200180","LIMANOWA                      ","2025","06","19","12",21.4,,15.8,,"W","W",55,,"N  ",,7,,7,,8,
"249200180","LIMANOWA                      ","2025","06","19","18",18.3,,12.7,,"W","W",51,,"NNW",,3,,5,,8,
"249200180","LIMANOWA                      ","2025","06","20","06",13.2,,9.5,,"W","W",62,,"NW ",,3,,3,,8,
"249200180","LIMANOWA                      ","2025","06","20","12",17.5,,10.9,,"W","W",43,,"WNW",,6,,5,,8,
"249200180","LIMANOWA                      ","2025","06","20","18",15.9,,10.5,,"W","W",50,,"NW ",,3,,4,,8,
"249200180","LIMANOWA                      ","2025","06","21","06",13.3,,9.0,,"W","W",56,,"NNW",,3,,3,,8,
"249200180","LIMANOWA                      ","2025","06","21","12",19.0,,11.5,,"W","W",38,,"NNW",,3,,3,,8,
"249200180","LIMANOWA                      ","2025","06","21","18",18.9,,12.4,,"W","W",45,,"NW ",,1,,4,,8,
"249200180","LIMANOWA                      ","2025","06","22","06",18.5,,12.4,,"W","W",48,,"NW ",,1,,4,,8,
"249200180","LIMANOWA                      ","2025","06","22","12",25.4,,15.6,,"W","W",34,,"NW ",,4,,1,,8,
"249200180","LIMANOWA                      ","2025","06","22","18",22.7,,16.1,,"W","W",50,,"W  ",,2,,5,,8,
"249200180","LIMANOWA                      ","2025","06","23","06",21.7,,15.9,,"W","W",54,,"ESE",,2,,4,,8,
"249200180","LIMANOWA                      ","2025","06","23","12",29.5,,18.2,,"W","W",32,,"W  ",,5,,6,,8,
"249200180","LIMANOWA                      ","2025","06","23","18",26.6,,17.4,,"W","W",39,,"SW ",,2,,7,,8,
"249200180","LIMANOWA                      ","2025","06","24","06",15.1,,11.9,,"W","W",68,,"W  ",,3,,4,,8,
"249200180","LIMANOWA                      ","2025","06","24","12",21.7,,14.3,,"W","W",43,,"W  ",,5,,5,,8,
"249200180","LIMANOWA                      ","2025","06","24","18",21.1,,14.9,,"W","W",51,,"WSW",,3,,5,,8,
"249200180","LIMANOWA                      ","2025","06","25","06",20.2,,15.0,,"W","W",57,,"WNW",,4,,4,,8,
"249200180","LIMANOWA                      ","2025","06","25","12",25.7,,17.6,,"W","W",44,,"WNW",,6,,5,,8,
"249200180","LIMANOWA                      ","2025","06","25","18",24.4,,17.6,,"W","W",50,,"WNW",,5,,4,,8,
"249200180","LIMANOWA                      ","2025","06","26","06",19.3,,16.9,,"W","W",79,,"WNW",,1,,3,,8,
"249200180","LIMANOWA                      ","2025","06","26","12",26.2,,19.7,,"W","W",54,,"NNW",,4,,4,,8,
"249200180","LIMANOWA                      ","2025","06","26","18",24.3,,19.3,,"W","W",62,,"ESE",,3,,4,,8,
"249200180","LIMANOWA                      ","2025","06","27","06",19.5,,16.9,,"W","W",77,,"WNW",,4,,8,,8,
"249200180","LIMANOWA                      ","2025","06","27","12",23.7,,17.7,,"W","W",55,,"WNW",,4,,6,,8,
"249200180","LIMANOWA                      ","2025","06","27","18",20.1,,16.2,,"W","W",67,,"WNW",,3,,7,,8,
"249200180","LIMANOWA                      ","2025","06","28","06",14.8,,12.6,,"W","W",78,,"WNW",,3,,7,,8,
"249200180","LIMANOWA                      ","2025","06","28","12",19.5,,14.1,,"W","W",55,,"NW ",,4,,5,,8,
"249200180","LIMANOWA                      ","2025","06","28","18",20.5,,15.1,,"W","W",56,,"WNW",,2,,4,,8,
"249200180","LIMANOWA                      ","2025","06","29","06",22.0,,17.3,,"W","W",62,,"W  ",,6,,5,,8,
"249200180","LIMANOWA                      ","2025","06","29","12",23.0,,18.4,,"W","W",64,,"WNW",,5,,7,,8,
"249200180","LIMANOWA                      ","2025","06","29","18",23.9,,18.1,,"W","W",56,,"WNW",,3,,2,,8,
"249200180","LIMANOWA                      ","2025","06","30","06",16.2,,11.5,,"W","W",56,,"NNW",,3,,4,,8,
"249200180","LIMANOWA                      ","2025","06","30","12",21.7,,12.8,,"W","W",33,,"NW ",,6,,1,,8,
"249200180","LIMANOWA                      ","2025","06","30","18",21.5,,13.3,,"W","W",38,,"NW ",,3,,2,,8,
"249200260","£¥CKO                         ","2025","06","01","06",17.8,,,"8","W","W",,"8","W  ",,1,,3,,7,
"249200260","£¥CKO                         ","2025","06","01","12",21.4,,,"8","W","W",,"8","WNW",,4,,7,,7,
"249200260","£¥CKO                         ","2025","06","01","18",19.4,,,"8","W","W",,"8","C  ",,0,,3,,7,
"249200260","£¥CKO                         ","2025","06","02","06",21.2,,,"8","W","W",,"8","C  ",,0,,2,,7,
"249200260","£¥CKO                         ","2025","06","02","12",27.6,,,"8","W","W",,"8","N  ",,3,,6,,7,
"249200260","£¥CKO                         ","2025","06","02","18",18.4,,,"8","W","W",,"8","C  ",,0,,8,,7,
"249200260","£¥CKO                         ","2025","06","03","06",16.5,,,"8","W","W",,"8","C  ",,0,,7,,6,
"249200260","£¥CKO                         ","2025","06","03","12",18.0,,,"8","W","W",,"8","SW ",,1,,6,,7,
"249200260","£¥CKO                         ","2025","06","03","18",18.2,,,"8","W","W",,"8","C  ",,0,,3,,7,
"249200260","£¥CKO                         ","2025","06","04","06",16.4,,,"8","W","W",,"8","SW ",,1,,4,,7,
"249200260","£¥CKO                         ","2025","06","04","12",28.0,,,"8","W","W",,"8","SSW",,3,,4,,7,
"249200260","£¥CKO                         ","2025","06","04","18",24.2,,,"8","W","W",,"8","S  ",,2,,2,,7,
"249200260","£¥CKO                         ","2025","06","05","06",23.8,,,"8","W","W",,"8","S  ",,2,,2,,7,
"249200260","£¥CKO                         ","2025","06","05","12",28.2,,,"8","W","W",,"8","NW ",,1,,1,,7,
"249200260","£¥CKO                         ","2025","06","05","18",24.6,,,"8","W","W",,"8","C  ",,0,,1,,7,
"249200260","£¥CKO                         ","2025","06","06","06",19.0,,,"8","W","W",,"8","SW ",,1,,2,,7,
"249200260","£¥CKO                         ","2025","06","06","12",27.4,,,"8","W","W",,"8","NW ",,2,,7,,7,
"249200260","£¥CKO                         ","2025","06","06","18",22.0,,,"8","W","W",,"8","N  ",,2,,1,,7,
"249200260","£¥CKO                         ","2025","06","07","06",18.8,,,"8","W","W",,"8","C  ",,0,,0,,7,
"249200260","£¥CKO                         ","2025","06","07","12",27.4,,,"8","W","W",,"8","S  ",,4,,4,,7,
"249200260","£¥CKO                         ","2025","06","07","18",22.0,,,"8","W","W",,"8","NNW",,2,,2,,7,
"249200260","£¥CKO                         ","2025","06","08","06",17.8,,,"8","W","W",,"8","C  ",,0,,4,,6,
"249200260","£¥CKO                         ","2025","06","08","12",19.4,,,"8","W","W",,"8","WNW",,1,,7,,7,
"249200260","£¥CKO                         ","2025","06","08","18",14.5,,,"8","W","W",,"8","C  ",,0,,4,,6,
"249200260","£¥CKO                         ","2025","06","09","06",13.5,,,"8","W","W",,"8","WSW",,3,,7,,7,
"249200260","£¥CKO                         ","2025","06","09","12",14.3,,,"8","W","W",,"8","NNW",,3,,7,,7,
"249200260","£¥CKO                         ","2025","06","09","18",14.7,,,"8","W","W",,"8","C  ",,0,,1,,7,
"249200260","£¥CKO                         ","2025","06","10","06",11.1,,,"8","W","W",,"8","WSW",,1,,7,,6,
"249200260","£¥CKO                         ","2025","06","10","12",21.6,,,"8","W","W",,"8","SSW",,1,,1,,7,
"249200260","£¥CKO                         ","2025","06","10","18",19.2,,,"8","W","W",,"8","NW ",,1,,8,,7,
"249200260","£¥CKO                         ","2025","06","11","06",14.3,,,"8","W","W",,"8","C  ",,0,,8,,6,
"249200260","£¥CKO                         ","2025","06","11","12",18.0,,,"8","W","W",,"8","WNW",,5,,2,,7,
"249200260","£¥CKO                         ","2025","06","11","18",14.3,,,"8","W","W",,"8","W  ",,2,,1,,7,
"249200260","£¥CKO                         ","2025","06","12","06",14.7,,,"8","W","W",,"8","W  ",,1,,1,,7,
"249200260","£¥CKO                         ","2025","06","12","12",20.2,,,"8","W","W",,"8","WNW",,2,,0,,7,
"249200260","£¥CKO                         ","2025","06","12","18",17.4,,,"8","W","W",,"8","C  ",,0,,0,,7,
"249200260","£¥CKO                         ","2025","06","13","06",13.7,,,"8","W","W",,"8","C  ",,0,,0,,7,
"249200260","£¥CKO                         ","2025","06","13","12",18.6,,,"8","W","W",,"8","NNW",,3,,4,,7,
"249200260","£¥CKO                         ","2025","06","13","18",14.7,,,"8","W","W",,"8","NNE",,1,,1,,7,
"249200260","£¥CKO                         ","2025","06","14","06",12.3,,,"8","W","W",,"8","WSW",,1,,0,,6,
"249200260","£¥CKO                         ","2025","06","14","12",22.2,,,"8","W","W",,"8","NNW",,2,,0,,7,
"249200260","£¥CKO                         ","2025","06","14","18",20.0,,,"8","W","W",,"8","C  ",,0,,0,,7,
"249200260","£¥CKO                         ","2025","06","15","06",15.3,,,"8","W","W",,"8","WSW",,2,,1,,7,
"249200260","£¥CKO                         ","2025","06","15","12",26.4,,,"8","W","W",,"8","ESE",,1,,0,,7,
"249200260","£¥CKO                         ","2025","06","15","18",20.2,,,"8","W","W",,"8","C  ",,0,,0,,7,
"249200260","£¥CKO                         ","2025","06","16","06",18.8,,,"8","W","W",,"8","WSW",,2,,0,,7,
"249200260","£¥CKO                         ","2025","06","16","12",25.6,,,"8","W","W",,"8","WNW",,3,,6,,6,
"249200260","£¥CKO                         ","2025","06","16","18",17.3,,,"8","W","W",,"8","WNW",,1,,8,,6,
"249200260","£¥CKO                         ","2025","06","17","06",15.7,,,"8","W","W",,"8","WNW",,1,,6,,6,
"249200260","£¥CKO                         ","2025","06","17","12",21.6,,,"8","W","W",,"8","NNW",,1,,6,,6,
"249200260","£¥CKO                         ","2025","06","17","18",19.2,,,"8","W","W",,"8","W  ",,1,,1,,7,
"249200260","£¥CKO                         ","2025","06","18","06",17.0,,,"8","W","W",,"8","WNW",,1,,0,,7,
"249200260","£¥CKO                         ","2025","06","18","12",26.2,,,"8","W","W",,"8","NNE",,2,,1,,7,
"249200260","£¥CKO                         ","2025","06","18","18",23.8,,,"8","W","W",,"8","W  ",,1,,0,,7,
"249200260","£¥CKO                         ","2025","06","19","06",20.0,,,"8","W","W",,"8","C  ",,0,,0,,6,
"249200260","£¥CKO                         ","2025","06","19","12",23.4,,,"8","W","W",,"8","WNW",,5,,8,,7,
"249200260","£¥CKO                         ","2025","06","19","18",18.4,,,"8","W","W",,"8","WNW",,2,,4,,7,
"249200260","£¥CKO                         ","2025","06","20","06",15.3,,,"8","W","W",,"8","WSW",,3,,4,,6,
"249200260","£¥CKO                         ","2025","06","20","12",19.2,,,"8","W","W",,"8","WNW",,2,,3,,7,
"249200260","£¥CKO                         ","2025","06","20","18",17.4,,,"8","W","W",,"8","NW ",,1,,0,,7,
"249200260","£¥CKO                         ","2025","06","21","06",14.1,,,"8","W","W",,"8","WSW",,1,,1,,7,
"249200260","£¥CKO                         ","2025","06","21","12",20.4,,,"8","W","W",,"8","SW ",,2,,0,,7,
"249200260","£¥CKO                         ","2025","06","21","18",16.1,,,"8","W","W",,"8","C  ",,0,,0,,7,
"249200260","£¥CKO                         ","2025","06","22","06",16.8,,,"8","W","W",,"8","W  ",,2,,1,,7,
"249200260","£¥CKO                         ","2025","06","22","12",27.4,,,"8","W","W",,"8","W  ",,3,,0,,7,
"249200260","£¥CKO                         ","2025","06","22","18",22.0,,,"8","W","W",,"8","WNW",,1,,1,,7,
"249200260","£¥CKO                         ","2025","06","23","06",21.0,,,"8","W","W",,"8","WSW",,1,,0,,7,
"249200260","£¥CKO                         ","2025","06","23","12",30.3,,,"8","W","W",,"8","WSW",,4,,0,,7,
"249200260","£¥CKO                         ","2025","06","23","18",22.6,,,"8","W","W",,"8","NW ",,1,,4,,7,
"249200260","£¥CKO                         ","2025","06","24","06",16.8,,,"8","W","W",,"8","W  ",,1,,1,,7,
"249200260","£¥CKO                         ","2025","06","24","12",22.2,,,"8","W","W",,"8","WNW",,3,,4,,7,
"249200260","£¥CKO                         ","2025","06","24","18",22.8,,,"8","W","W",,"8","W  ",,2,,2,,7,
"249200260","£¥CKO                         ","2025","06","25","06",23.6,,,"8","W","W",,"8","WSW",,3,,1,,7,
"249200260","£¥CKO                         ","2025","06","25","12",26.6,,,"8","W","W",,"8","W  ",,3,,2,,7,
"249200260","£¥CKO                         ","2025","06","25","18",25.4,,,"8","W","W",,"8","WNW",,2,,2,,7,
"249200260","£¥CKO                         ","2025","06","26","06",22.2,,,"8","W","W",,"8","C  ",,0,,0,,7,
"249200260","£¥CKO                         ","2025","06","26","12",27.4,,,"8","W","W",,"8","ENE",,3,,2,,7,
"249200260","£¥CKO                         ","2025","06","26","18",25.4,,,"8","W","W",,"8","ENE",,1,,1,,7,
"249200260","£¥CKO                         ","2025","06","27","06",21.4,,,"8","W","W",,"8","WNW",,3,,8,,7,
"249200260","£¥CKO                         ","2025","06","27","12",25.2,,,"8","W","W",,"8","WNW",,4,,1,,7,
"249200260","£¥CKO                         ","2025","06","27","18",22.0,,,"8","W","W",,"8","C  ",,0,,4,,7,
"249200260","£¥CKO                         ","2025","06","28","06",17.2,,,"8","W","W",,"8","WNW",,3,,5,,7,
"249200260","£¥CKO                         ","2025","06","28","12",21.8,,,"8","W","W",,"8","WNW",,3,,4,,7,
"249200260","£¥CKO                         ","2025","06","28","18",20.8,,,"8","W","W",,"8","W  ",,1,,1,,7,
"249200260","£¥CKO                         ","2025","06","29","06",24.2,,,"8","W","W",,"8","WSW",,2,,3,,7,
"249200260","£¥CKO                         ","2025","06","29","12",24.6,,,"8","W","W",,"8","NW ",,5,,7,,7,
"249200260","£¥CKO                         ","2025","06","29","18",25.0,,,"8","W","W",,"8","W  ",,1,,6,,7,
"249200260","£¥CKO                         ","2025","06","30","06",19.0,,,"8","W","W",,"8","NNE",,2,,3,,7,
"249200260","£¥CKO                         ","2025","06","30","12",24.6,,,"8","W","W",,"8","WNW",,3,,0,,7,
"249200260","£¥CKO                         ","2025","06","30","18",21.8,,,"8","W","W",,"8","WNW",,2,,0,,7,
"249200370","KROŒCIENKO                    ","2025","06","01","06",15.0,,,"8","W","W",,"8","C  ",,0,,5,,6,
"249200370","KROŒCIENKO                    ","2025","06","01","12",23.9,,,"8","W","W",,"8","N  ",,3,,2,,6,
"249200370","KROŒCIENKO                    ","2025","06","01","18",17.9,,,"8","W","W",,"8","C  ",,0,,8,,6,
"249200370","KROŒCIENKO                    ","2025","06","02","06",20.4,,,"8","W","W",,"8","SSE",,1,,1,,6,
"249200370","KROŒCIENKO                    ","2025","06","02","12",26.9,,,"8","W","W",,"8","S  ",,3,,2,,6,
"249200370","KROŒCIENKO                    ","2025","06","02","18",18.0,,,"8","W","W",,"8","C  ",,0,,8,,6,
"249200370","KROŒCIENKO                    ","2025","06","03","06",15.8,,,"8","W","W",,"8","N  ",,1,,8,,6,
"249200370","KROŒCIENKO                    ","2025","06","03","12",16.9,,,"8","W","W",,"8","C  ",,0,,8,,6,
"249200370","KROŒCIENKO                    ","2025","06","03","18",17.9,,,"8","W","W",,"8","C  ",,0,,2,,6,
"249200370","KROŒCIENKO                    ","2025","06","04","06",13.6,,,"8","W","W",,"8","C  ",,0,,8,,4,
"249200370","KROŒCIENKO                    ","2025","06","04","12",26.9,,,"8","W","W",,"8","SSE",,2,,1,,6,
"249200370","KROŒCIENKO                    ","2025","06","04","18",23.0,,,"8","W","W",,"8","SSE",,2,,1,,6,
"249200370","KROŒCIENKO                    ","2025","06","05","06",21.4,,,"8","W","W",,"8","C  ",,0,,0,,6,
"249200370","KROŒCIENKO                    ","2025","06","05","12",27.5,,,"8","W","W",,"8","NNW",,1,,0,,6,
"249200370","KROŒCIENKO                    ","2025","06","05","18",23.0,,,"8","W","W",,"8","C  ",,0,,1,,6,
"249200370","KROŒCIENKO                    ","2025","06","06","06",17.9,,,"8","W","W",,"8","C  ",,0,,2,,6,
"249200370","KROŒCIENKO                    ","2025","06","06","12",28.2,,,"8","W","W",,"8","WSW",,2,,1,,6,
"249200370","KROŒCIENKO                    ","2025","06","06","18",22.5,,,"8","W","W",,"8","C  ",,0,,1,,6,
"249200370","KROŒCIENKO                    ","2025","06","07","06",18.4,,,"8","W","W",,"8",,"8",,"8",0,,6,
"249200370","KROŒCIENKO                    ","2025","06","07","12",26.4,,,"8","W","W",,"8",,"8",,"8",8,,6,
"249200370","KROŒCIENKO                    ","2025","06","07","18",21.0,,,"8","W","W",,"8",,"8",,"8",4,,6,
"249200370","KROŒCIENKO                    ","2025","06","08","06",17.7,,,"8","W","W",,"8",,"8",,"8",6,,6,
"249200370","KROŒCIENKO                    ","2025","06","08","12",18.3,,,"8","W","W",,"8",,"8",,"8",8,,6,
"249200370","KROŒCIENKO                    ","2025","06","08","18",14.2,,,"8","W","W",,"8",,"8",,"8",8,,6,
"249200370","KROŒCIENKO                    ","2025","06","09","06",12.0,,,"8","W","W",,"8",,"8",,"8",5,,6,
"249200370","KROŒCIENKO                    ","2025","06","09","12",15.5,,,"8","W","W",,"8",,"8",,"8",3,,6,
"249200370","KROŒCIENKO                    ","2025","06","09","18",13.8,,,"8","W","W",,"8",,"8",,"8",2,,6,
"249200370","KROŒCIENKO                    ","2025","06","10","06",10.0,,,"8","W","W",,"8",,"8",,"8",7,,6,
"249200370","KROŒCIENKO                    ","2025","06","10","12",21.1,,,"8","W","W",,"8",,"8",,"8",6,,6,
"249200370","KROŒCIENKO                    ","2025","06","10","18",18.0,,,"8","W","W",,"8",,"8",,"8",8,,6,
"249200370","KROŒCIENKO                    ","2025","06","11","06",13.3,,,"8","W","W",,"8",,"8",,"8",8,,6,
"249200370","KROŒCIENKO                    ","2025","06","11","12",17.3,,,"8","W","W",,"8",,"8",,"8",8,,6,
"249200370","KROŒCIENKO                    ","2025","06","11","18",13.0,,,"8","W","W",,"8",,"8",,"8",7,,6,
"249200370","KROŒCIENKO                    ","2025","06","12","06",13.6,,,"8","W","W",,"8",,"8",,"8",3,,6,
"249200370","KROŒCIENKO                    ","2025","06","12","12",19.9,,,"8","W","W",,"8",,"8",,"8",1,,6,
"249200370","KROŒCIENKO                    ","2025","06","12","18",16.0,,,"8","W","W",,"8",,"8",,"8",1,,6,
"249200370","KROŒCIENKO                    ","2025","06","13","06",11.2,,,"8","W","W",,"8",,"8",,"8",1,,6,
"249200370","KROŒCIENKO                    ","2025","06","13","12",20.2,,,"8","W","W",,"8",,"8",,"8",1,,6,
"249200370","KROŒCIENKO                    ","2025","06","13","18",14.8,,,"8","W","W",,"8",,"8",,"8",1,,6,
"249200370","KROŒCIENKO                    ","2025","06","14","06",11.4,,,"8","W","W",,"8",,"8",,"8",0,,6,
"249200370","KROŒCIENKO                    ","2025","06","14","12",22.1,,,"8","W","W",,"8",,"8",,"8",0,,6,
"249200370","KROŒCIENKO                    ","2025","06","14","18",19.1,,,"8","W","W",,"8",,"8",,"8",0,,6,
"249200370","KROŒCIENKO                    ","2025","06","15","06",13.6,,,"8","W","W",,"8",,"8",,"8",0,,6,
"249200370","KROŒCIENKO                    ","2025","06","15","12",26.9,,,"8","W","W",,"8",,"8",,"8",0,,6,
"249200370","KROŒCIENKO                    ","2025","06","15","18",21.9,,,"8","W","W",,"8",,"8",,"8",0,,6,
"249200370","KROŒCIENKO                    ","2025","06","16","06",16.6,,,"8","W","W",,"8",,"8",,"8",0,,6,
"249200370","KROŒCIENKO                    ","2025","06","16","12",24.5,,,"8","W","W",,"8",,"8",,"8",4,,6,
"249200370","KROŒCIENKO                    ","2025","06","16","18",17.5,,,"8","W","W",,"8",,"8",,"8",8,,6,
"249200370","KROŒCIENKO                    ","2025","06","17","06",15.2,,,"8","W","W",,"8",,"8",,"8",7,,6,
"249200370","KROŒCIENKO                    ","2025","06","17","12",20.9,,,"8","W","W",,"8",,"8",,"8",3,,6,
"249200370","KROŒCIENKO                    ","2025","06","17","18",18.7,,,"8","W","W",,"8",,"8",,"8",2,,6,
"249200370","KROŒCIENKO                    ","2025","06","18","06",15.6,,,"8","W","W",,"8",,"8",,"8",0,,6,
"249200370","KROŒCIENKO                    ","2025","06","18","12",26.9,,,"8","W","W",,"8",,"8",,"8",0,,6,
"249200370","KROŒCIENKO                    ","2025","06","18","18",22.1,,,"8","W","W",,"8",,"8",,"8",0,,6,
"249200370","KROŒCIENKO                    ","2025","06","19","06",19.0,,,"8","W","W",,"8",,"8",,"8",1,,6,
"249200370","KROŒCIENKO                    ","2025","06","19","12",23.9,,,"8","W","W",,"8",,"8",,"8",8,,6,
"249200370","KROŒCIENKO                    ","2025","06","19","18",19.7,,,"8","W","W",,"8",,"8",,"8",5,,6,
"249200370","KROŒCIENKO                    ","2025","06","20","06",13.7,,,"8","W","W",,"8",,"8",,"8",4,,6,
"249200370","KROŒCIENKO                    ","2025","06","20","12",17.9,,,"8","W","W",,"8",,"8",,"8",3,,6,
"249200370","KROŒCIENKO                    ","2025","06","20","18",16.8,,,"8","W","W",,"8",,"8",,"8",6,,6,
"249200370","KROŒCIENKO                    ","2025","06","21","06",12.8,,,"8","W","W",,"8",,"8",,"8",0,,6,
"249200370","KROŒCIENKO                    ","2025","06","21","12",20.7,,,"8","W","W",,"8",,"8",,"8",4,,6,
"249200370","KROŒCIENKO                    ","2025","06","21","18",18.9,,,"8","W","W",,"8",,"8",,"8",0,,6,
"249200370","KROŒCIENKO                    ","2025","06","22","06",14.2,,,"8","W","W",,"8",,"8",,"8",0,,6,
"249200370","KROŒCIENKO                    ","2025","06","22","12",27.7,,,"8","W","W",,"8",,"8",,"8",0,,6,
"249200370","KROŒCIENKO                    ","2025","06","22","18",22.0,,,"8","W","W",,"8",,"8",,"8",0,,6,
"249200370","KROŒCIENKO                    ","2025","06","23","06",17.1,,,"8","W","W",,"8",,"8",,"8",0,,6,
"249200370","KROŒCIENKO                    ","2025","06","23","12",30.6,,,"8","W","W",,"8",,"8",,"8",0,,6,
"249200370","KROŒCIENKO                    ","2025","06","23","18",23.0,,,"8","W","W",,"8",,"8",,"8",5,,6,
"249200370","KROŒCIENKO                    ","2025","06","24","06",16.2,,,"8","W","W",,"8",,"8",,"8",1,,6,
"249200370","KROŒCIENKO                    ","2025","06","24","12",22.7,,,"8","W","W",,"8",,"8",,"8",2,,6,
"249200370","KROŒCIENKO                    ","2025","06","24","18",22.0,,,"8","W","W",,"8",,"8",,"8",4,,6,
"249200370","KROŒCIENKO                    ","2025","06","25","06",17.0,,,"8","W","W",,"8",,"8",,"8",2,,6,
"249200370","KROŒCIENKO                    ","2025","06","25","12",25.9,,,"8","W","W",,"8",,"8",,"8",1,,6,
"249200370","KROŒCIENKO                    ","2025","06","25","18",24.9,,,"8","W","W",,"8",,"8",,"8",3,,6,
"249200370","KROŒCIENKO                    ","2025","06","26","06",21.4,,,"8","W","W",,"8",,"8",,"8",0,,6,
"249200370","KROŒCIENKO                    ","2025","06","26","12",27.7,,,"8","W","W",,"8",,"8",,"8",0,,6,
"249200370","KROŒCIENKO                    ","2025","06","26","18",24.9,,,"8","W","W",,"8",,"8",,"8",2,,6,
"249200370","KROŒCIENKO                    ","2025","06","27","06",21.0,,,"8","W","W",,"8",,"8",,"8",8,,6,
"249200370","KROŒCIENKO                    ","2025","06","27","12",25.1,,,"8","W","W",,"8",,"8",,"8",6,,6,
"249200370","KROŒCIENKO                    ","2025","06","27","18",22.0,,,"8","W","W",,"8",,"8",,"8",8,,6,
"249200370","KROŒCIENKO                    ","2025","06","28","06",15.7,,,"8","W","W",,"8",,"8",,"8",7,,6,
"249200370","KROŒCIENKO                    ","2025","06","28","12",21.9,,,"8","W","W",,"8",,"8",,"8",3,,6,
"249200370","KROŒCIENKO                    ","2025","06","28","18",20.4,,,"8","W","W",,"8",,"8",,"8",3,,6,
"249200370","KROŒCIENKO                    ","2025","06","29","06",21.4,,,"8","W","W",,"8",,"8",,"8",3,,6,
"249200370","KROŒCIENKO                    ","2025","06","29","12",25.3,,,"8","W","W",,"8",,"8",,"8",4,,6,
"249200370","KROŒCIENKO                    ","2025","06","29","18",24.9,,,"8","W","W",,"8",,"8",,"8",4,,6,
"249200370","KROŒCIENKO                    ","2025","06","30","06",18.8,,,"8","W","W",,"8",,"8",,"8",4,,6,
"249200370","KROŒCIENKO                    ","2025","06","30","12",24.5,,,"8","W","W",,"8",,"8",,"8",1,,6,
"249200370","KROŒCIENKO                    ","2025","06","30","18",21.1,,,"8","W","W",,"8",,"8",,"8",0,,6,
"249200420","NIEDZICA                      ","2025","06","01","06",13.2,,,"8","W","W",,"8","C  ",,0,,4,,8,
"249200420","NIEDZICA                      ","2025","06","01","12",23.5,,,"8","W","W",,"8","SSW",,1,,7,,8,
"249200420","NIEDZICA                      ","2025","06","01","18",18.5,,,"8","W","W",,"8","C  ",,0,,3,,8,
"249200420","NIEDZICA                      ","2025","06","02","06",17.5,,,"8","W","W",,"8","SE ",,1,,3,,8,
"249200420","NIEDZICA                      ","2025","06","02","12",26.8,,,"8","W","W",,"8","WSW",,1,,7,,8,
"249200420","NIEDZICA                      ","2025","06","02","18",19.1,,,"8","W","W",,"8","C  ",,0,,6,,8,
"249200420","NIEDZICA                      ","2025","06","03","06",15.5,,,"8","W","W",,"8","C  ",,0,,8,,7,
"249200420","NIEDZICA                      ","2025","06","03","12",17.5,,,"8","W","W",,"8","C  ",,0,,8,,7,
"249200420","NIEDZICA                      ","2025","06","03","18",16.5,,,"8","W","W",,"8","C  ",,0,,2,,8,
"249200420","NIEDZICA                      ","2025","06","04","06",11.9,,,"8","W","W",,"8","C  ",,0,,8,,5,
"249200420","NIEDZICA                      ","2025","06","04","12",26.1,,,"8","W","W",,"8","ESE",,2,,4,,8,
"249200420","NIEDZICA                      ","2025","06","04","18",22.9,,,"8","W","W",,"8","E  ",,1,,4,,8,
"249200420","NIEDZICA                      ","2025","06","05","06",18.7,,,"8","W","W",,"8","E  ",,2,,2,,8,
"249200420","NIEDZICA                      ","2025","06","05","12",28.1,,,"8","W","W",,"8","SE ",,1,,3,,8,
"249200420","NIEDZICA                      ","2025","06","05","18",22.4,,,"8","W","W",,"8","C  ",,0,,3,,8,
"249200420","NIEDZICA                      ","2025","06","06","06",17.0,,,"8","W","W",,"8","ESE",,1,,2,,8,
"249200420","NIEDZICA                      ","2025","06","06","12",25.1,,,"8","W","W",,"8","C  ",,0,,6,,8,
"249200420","NIEDZICA                      ","2025","06","06","18",20.0,,,"8","W","W",,"8","C  ",,0,,6,,8,
"249200420","NIEDZICA                      ","2025","06","07","06",15.7,,,"8","W","W",,"8","C  ",,0,,2,,8,
"249200420","NIEDZICA                      ","2025","06","07","12",26.0,,,"8","W","W",,"8","SE ",,3,,4,,8,
"249200420","NIEDZICA                      ","2025","06","07","18",21.0,,,"8","W","W",,"8","ENE",,2,,5,,8,
"249200420","NIEDZICA                      ","2025","06","08","06",16.1,,,"8","W","W",,"8","WNW",,1,,8,,8,
"249200420","NIEDZICA                      ","2025","06","08","12",16.2,,,"8","W","W",,"8","W  ",,1,,8,,7,
"249200420","NIEDZICA                      ","2025","06","08","18",13.6,,,"8","W","W",,"8","C  ",,0,,8,,7,
"249200420","NIEDZICA                      ","2025","06","09","06",13.1,,,"8","W","W",,"8","W  ",,3,,4,,8,
"249200420","NIEDZICA                      ","2025","06","09","12",15.3,,,"8","W","W",,"8","W  ",,2,,4,,8,
"249200420","NIEDZICA                      ","2025","06","09","18",12.2,,,"8","W","W",,"8","C  ",,0,,3,,8,
"249200420","NIEDZICA                      ","2025","06","10","06",6.3,,,"8",,"W",,"8","C  ",,0,,8,,5,
"249200420","NIEDZICA                      ","2025","06","10","12",19.6,,,"8","W","W",,"8","ESE",,2,,5,,7,
"249200420","NIEDZICA                      ","2025","06","10","18",17.3,,,"8","W","W",,"8","C  ",,0,,6,,8,
"249200420","NIEDZICA                      ","2025","06","11","06",13.7,,,"8","W","W",,"8","C  ",,0,,8,,7,
"249200420","NIEDZICA                      ","2025","06","11","12",18.1,,,"8","W","W",,"8","SW ",,2,,4,,8,
"249200420","NIEDZICA                      ","2025","06","11","18",13.3,,,"8","W","W",,"8","W  ",,1,,4,,8,
"249200420","NIEDZICA                      ","2025","06","12","06",11.7,,,"8","W","W",,"8","NNW",,1,,3,,8,
"249200420","NIEDZICA                      ","2025","06","12","12",19.4,,,"8","W","W",,"8","W  ",,2,,3,,8,
"249200420","NIEDZICA                      ","2025","06","12","18",14.7,,,"8","W","W",,"8","C  ",,0,,0,,8,
"249200420","NIEDZICA                      ","2025","06","13","06",10.7,,,"8","W","W",,"8","C  ",,0,,3,,8,
"249200420","NIEDZICA                      ","2025","06","13","12",19.5,,,"8","W","W",,"8","N  ",,1,,3,,8,
"249200420","NIEDZICA                      ","2025","06","13","18",14.7,,,"8","W","W",,"8","C  ",,0,,3,,8,
"249200420","NIEDZICA                      ","2025","06","14","06",8.2,,,"8","W","W",,"8","ENE",,1,,8,,6,
"249200420","NIEDZICA                      ","2025","06","14","12",20.6,,,"8","W","W",,"8","E  ",,3,,3,,8,
"249200420","NIEDZICA                      ","2025","06","14","18",17.1,,,"8","W","W",,"8","C  ",,0,,2,,8,
"249200420","NIEDZICA                      ","2025","06","15","06",11.7,,,"8","W","W",,"8","ESE",,1,,2,,8,
"249200420","NIEDZICA                      ","2025","06","15","12",24.4,,,"8","W","W",,"8","NE ",,2,,2,,8,
"249200420","NIEDZICA                      ","2025","06","15","18",22.5,,,"8","W","W",,"8","NE ",,2,,0,,8,
"249200420","NIEDZICA                      ","2025","06","16","06",15.3,,,"8","W","W",,"8","C  ",,0,,2,,8,
"249200420","NIEDZICA                      ","2025","06","16","12",24.2,,,"8","W","W",,"8","SW ",,1,,6,,8,
"249200420","NIEDZICA                      ","2025","06","16","18",16.7,,,"8","W","W",,"8","W  ",,2,,8,,7,
"249200420","NIEDZICA                      ","2025","06","17","06",14.8,,,"8","W","W",,"8","C  ",,0,,6,,8,
"249200420","NIEDZICA                      ","2025","06","17","12",20.2,,,"8","W","W",,"8","WSW",,3,,3,,8,
"249200420","NIEDZICA                      ","2025","06","17","18",16.7,,,"8","W","W",,"8","C  ",,0,,3,,8,
"249200420","NIEDZICA                      ","2025","06","18","06",13.7,,,"8","W","W",,"8","C  ",,0,,1,,8,
"249200420","NIEDZICA                      ","2025","06","18","12",25.0,,,"8","W","W",,"8","E  ",,2,,3,,8,
"249200420","NIEDZICA                      ","2025","06","18","18",20.8,,,"8","W","W",,"8","C  ",,0,,3,,8,
"249200420","NIEDZICA                      ","2025","06","19","06",16.4,,,"8","W","W",,"8","C  ",,0,,3,,8,
"249200420","NIEDZICA                      ","2025","06","19","12",24.0,,,"8","W","W",,"8","WSW",,1,,6,,8,
"249200420","NIEDZICA                      ","2025","06","19","18",18.6,,,"8","W","W",,"8","W  ",,1,,4,,8,
"249200420","NIEDZICA                      ","2025","06","20","06",12.1,,,"8","W","W",,"8","W  ",,2,,4,,8,
"249200420","NIEDZICA                      ","2025","06","20","12",18.2,,,"8","W","W",,"8","SSW",,1,,4,,8,
"249200420","NIEDZICA                      ","2025","06","20","18",14.3,,,"8","W","W",,"8","W  ",,1,,4,,8,
"249200420","NIEDZICA                      ","2025","06","21","06",11.5,,,"8","W","W",,"8","C  ",,0,,1,,8,
"249200420","NIEDZICA                      ","2025","06","21","12",19.8,,,"8","W","W",,"8","ENE",,1,,2,,8,
"249200420","NIEDZICA                      ","2025","06","21","18",17.1,,,"8","W","W",,"8","C  ",,0,,1,,8,
"249200420","NIEDZICA                      ","2025","06","22","06",11.7,,,"8","W","W",,"8","C  ",,0,,1,,8,
"249200420","NIEDZICA                      ","2025","06","22","12",25.8,,,"8","W","W",,"8","WSW",,3,,3,,8,
"249200420","NIEDZICA                      ","2025","06","22","18",21.6,,,"8","W","W",,"8","C  ",,0,,3,,8,
"249200420","NIEDZICA                      ","2025","06","23","06",15.3,,,"8","W","W",,"8","C  ",,0,,2,,8,
"249200420","NIEDZICA                      ","2025","06","23","12",29.8,,,"8","W","W",,"8","S  ",,2,,4,,8,
"249200420","NIEDZICA                      ","2025","06","23","18",24.2,,,"8","W","W",,"8","C  ",,0,,4,,8,
"249200420","NIEDZICA                      ","2025","06","24","06",14.4,,,"8","W","W",,"8","C  ",,0,,4,,8,
"249200420","NIEDZICA                      ","2025","06","24","12",23.5,,,"8","W","W",,"8","C  ",,0,,4,,8,
"249200420","NIEDZICA                      ","2025","06","24","18",21.7,,,"8","W","W",,"8","W  ",,1,,5,,8,
"249200420","NIEDZICA                      ","2025","06","25","06",19.8,,,"8","W","W",,"8","C  ",,0,,3,,8,
"249200420","NIEDZICA                      ","2025","06","25","12",26.9,,,"8","W","W",,"8","W  ",,4,,5,,8,
"249200420","NIEDZICA                      ","2025","06","25","18",23.9,,,"8","W","W",,"8","C  ",,0,,5,,8,
"249200420","NIEDZICA                      ","2025","06","26","06",20.5,,,"8","W","W",,"8","C  ",,0,,2,,8,
"249200420","NIEDZICA                      ","2025","06","26","12",27.0,,,"8","W","W",,"8","C  ",,0,,3,,8,
"249200420","NIEDZICA                      ","2025","06","26","18",25.1,,,"8","W","W",,"8","C  ",,0,,2,,8,
"249200420","NIEDZICA                      ","2025","06","27","06",19.6,,,"8","W","W",,"8","C  ",,0,,8,,7,
"249200420","NIEDZICA                      ","2025","06","27","12",25.2,,,"8","W","W",,"8","W  ",,2,,5,,8,
"249200420","NIEDZICA                      ","2025","06","27","18",21.1,,,"8","W","W",,"8","C  ",,0,,5,,8,
"249200420","NIEDZICA                      ","2025","06","28","06",14.9,,,"8","W","W",,"8","C  ",,0,,8,,7,
"249200420","NIEDZICA                      ","2025","06","28","12",20.8,,,"8","W","W",,"8","WSW",,1,,5,,7,
"249200420","NIEDZICA                      ","2025","06","28","18",19.6,,,"8","W","W",,"8","C  ",,0,,3,,8,
"249200420","NIEDZICA                      ","2025","06","29","06",19.9,,,"8","W","W",,"8","WNW",,1,,6,,8,
"249200420","NIEDZICA                      ","2025","06","29","12",24.6,,,"8","W","W",,"8","C  ",,0,,3,,8,
"249200420","NIEDZICA                      ","2025","06","29","18",22.0,,,"8","W","W",,"8","C  ",,0,,2,,8,
"249200420","NIEDZICA                      ","2025","06","30","06",19.2,,,"8","W","W",,"8","C  ",,0,,3,,8,
"249200420","NIEDZICA                      ","2025","06","30","12",24.2,,,"8","W","W",,"8","SW ",,1,,3,,8,
"249200420","NIEDZICA                      ","2025","06","30","18",19.4,,,"8","W","W",,"8","C  ",,0,,1,,8,
"249200480","BUKOWINA TATRZAÑSKA           ","2025","06","01","06",16.5,,,"8","W","W",,"8","WNW",,1,,6,,5,
"249200480","BUKOWINA TATRZAÑSKA           ","2025","06","01","12",23.3,,,"8","W","W",,"8","NW ",,6,,6,,5,
"249200480","BUKOWINA TATRZAÑSKA           ","2025","06","01","18",19.1,,,"8","W","W",,"8","C  ",,0,,3,,5,
"249200480","BUKOWINA TATRZAÑSKA           ","2025","06","02","06",18.6,,,"8","W","W",,"8","C  ",,0,,2,,7,
"249200480","BUKOWINA TATRZAÑSKA           ","2025","06","02","12",23.7,,,"8","W","W",,"8","NNW",,4,,4,,7,
"249200480","BUKOWINA TATRZAÑSKA           ","2025","06","02","18",17.1,,,"8","W","W",,"8","C  ",,0,,6,,7,
"249200480","BUKOWINA TATRZAÑSKA           ","2025","06","03","06",13.2,,,"8","W","W",,"8","NW ",,1,,8,,5,
"249200480","BUKOWINA TATRZAÑSKA           ","2025","06","03","12",13.6,,,"8","W","W",,"8","WSW",,2,,8,,5,
"249200480","BUKOWINA TATRZAÑSKA           ","2025","06","03","18",16.9,,,"8","W","W",,"8","W  ",,1,,3,,5,
"249200480","BUKOWINA TATRZAÑSKA           ","2025","06","04","06",15.1,,,"8","W","W",,"8","C  ",,0,,2,,7,
"249200480","BUKOWINA TATRZAÑSKA           ","2025","06","04","12",22.7,,,"8","W","W",,"8","NNE",,2,,3,,7,
"249200480","BUKOWINA TATRZAÑSKA           ","2025","06","04","18",21.9,,,"8","W","W",,"8","W  ",,3,,3,,7,
"249200480","BUKOWINA TATRZAÑSKA           ","2025","06","05","06",21.1,,,"8","W","W",,"8","WNW",,3,,3,,7,
"249200480","BUKOWINA TATRZAÑSKA           ","2025","06","05","12",24.1,,,"8","W","W",,"8","NW ",,3,,4,,7,
"249200480","BUKOWINA TATRZAÑSKA           ","2025","06","05","18",22.5,,,"8","W","W",,"8","C  ",,0,,3,,7,
"249200480","BUKOWINA TATRZAÑSKA           ","2025","06","06","06",18.4,,,"8","W","W",,"8","C  ",,0,,2,,7,
"249200480","BUKOWINA TATRZAÑSKA           ","2025","06","06","12",22.7,,,"8","W","W",,"8","NW ",,1,,6,,7,
"249200480","BUKOWINA TATRZAÑSKA           ","2025","06","06","18",20.3,,,"8","W","W",,"8","WSW",,1,,4,,7,
"249200480","BUKOWINA TATRZAÑSKA           ","2025","06","07","06",19.8,,,"8","W","W",,"8","C  ",,0,,2,,7,
"249200480","BUKOWINA TATRZAÑSKA           ","2025","06","07","12",23.1,,,"8","W","W",,"8","SW ",,4,,7,,7,
"249200480","BUKOWINA TATRZAÑSKA           ","2025","06","07","18",17.9,,,"8","W","W",,"8","WNW",,3,,8,,7,
"249200480","BUKOWINA TATRZAÑSKA           ","2025","06","08","06",15.5,,,"8","W","W",,"8","N  ",,1,,6,,7,
"249200480","BUKOWINA TATRZAÑSKA           ","2025","06","08","12",14.2,,,"8","W","W",,"8","WNW",,4,,8,,7,
"249200480","BUKOWINA TATRZAÑSKA           ","2025","06","08","18",12.3,,,"8","W","W",,"8","WNW",,4,,7,,7,
"249200480","BUKOWINA TATRZAÑSKA           ","2025","06","09","06",9.0,,,"8","W","W",,"8","WNW",,5,,7,,5,
"249200480","BUKOWINA TATRZAÑSKA           ","2025","06","09","12",11.8,,,"8","W","W",,"8","WNW",,4,,7,,5,
"249200480","BUKOWINA TATRZAÑSKA           ","2025","06","09","18",11.6,,,"8","W","W",,"8","NNW",,2,,6,,5,
"249200480","BUKOWINA TATRZAÑSKA           ","2025","06","10","06",10.3,,,"8","W","W",,"8","C  ",,0,,8,,7,
"249200480","BUKOWINA TATRZAÑSKA           ","2025","06","10","12",17.4,,,"8","W","W",,"8","NNE",,2,,3,,7,
"249200480","BUKOWINA TATRZAÑSKA           ","2025","06","10","18",16.4,,,"8","W","W",,"8","C  ",,0,,7,,7,
"249200480","BUKOWINA TATRZAÑSKA           ","2025","06","11","06",13.1,,,"8","W","W",,"8","WNW",,3,,6,,7,
"249200480","BUKOWINA TATRZAÑSKA           ","2025","06","11","12",13.4,,,"8","W","W",,"8","NNW",,5,,7,,7,
"249200480","BUKOWINA TATRZAÑSKA           ","2025","06","11","18",11.0,,,"8","W","W",,"8","NW ",,3,,3,,7,
"249200480","BUKOWINA TATRZAÑSKA           ","2025","06","12","06",9.8,,,"8","W","W",,"8","WSW",,1,,1,,7,
"249200480","BUKOWINA TATRZAÑSKA           ","2025","06","12","12",15.7,,,"8","W","W",,"8","NNW",,4,,0,,7,
"249200480","BUKOWINA TATRZAÑSKA           ","2025","06","12","18",14.5,,,"8","W","W",,"8","NW ",,2,,1,,7,
"249200480","BUKOWINA TATRZAÑSKA           ","2025","06","13","06",10.8,,,"8","W","W",,"8","NNW",,2,,2,,7,
"249200480","BUKOWINA TATRZAÑSKA           ","2025","06","13","12",15.7,,,"8","W","W",,"8","NNW",,2,,3,,7,
"249200480","BUKOWINA TATRZAÑSKA           ","2025","06","13","18",14.2,,,"8","W","W",,"8","NNE",,2,,3,,7,
"249200480","BUKOWINA TATRZAÑSKA           ","2025","06","14","06",11.4,,,"8","W","W",,"8","NE ",,1,,0,,7,
"249200480","BUKOWINA TATRZAÑSKA           ","2025","06","14","12",18.7,,,"8","W","W",,"8","NNE",,3,,2,,7,
"249200480","BUKOWINA TATRZAÑSKA           ","2025","06","14","18",17.7,,,"8","W","W",,"8","N  ",,1,,0,,7,
"249200480","BUKOWINA TATRZAÑSKA           ","2025","06","15","06",15.0,,,"8","W","W",,"8","NNE",,1,,0,,7,
"249200480","BUKOWINA TATRZAÑSKA           ","2025","06","15","12",21.9,,,"8","W","W",,"8","NNW",,3,,0,,7,
"249200480","BUKOWINA TATRZAÑSKA           ","2025","06","15","18",21.3,,,"8","W","W",,"8","C  ",,0,,1,,7,
"249200480","BUKOWINA TATRZAÑSKA           ","2025","06","16","06",19.1,,,"8","W","W",,"8","WNW",,4,,1,,7,
"249200480","BUKOWINA TATRZAÑSKA           ","2025","06","16","12",20.9,,,"8","W","W",,"8","N  ",,5,,7,,7,
"249200480","BUKOWINA TATRZAÑSKA           ","2025","06","16","18",13.1,,,"8","W","W",,"8","NNW",,4,,8,,7,
"249200480","BUKOWINA TATRZAÑSKA           ","2025","06","17","06",10.7,,,"8","W","W",,"8","WNW",,1,,8,,5,
"249200480","BUKOWINA TATRZAÑSKA           ","2025","06","17","12",15.7,,,"8","W","W",,"8","W  ",,3,,6,,5,
"249200480","BUKOWINA TATRZAÑSKA           ","2025","06","17","18",16.5,,,"8","W","W",,"8","NW ",,2,,3,,5,
"249200480","BUKOWINA TATRZAÑSKA           ","2025","06","18","06",15.0,,,"8","W","W",,"8","NW ",,1,,0,,7,
"249200480","BUKOWINA TATRZAÑSKA           ","2025","06","18","12",22.3,,,"8","W","W",,"8","WNW",,3,,3,,7,
"249200480","BUKOWINA TATRZAÑSKA           ","2025","06","18","18",20.5,,,"8","W","W",,"8","C  ",,0,,3,,7,
"249200480","BUKOWINA TATRZAÑSKA           ","2025","06","19","06",17.1,,,"8","W","W",,"8","NNW",,4,,3,,7,
"249200480","BUKOWINA TATRZAÑSKA           ","2025","06","19","12",19.2,,,"8","W","W",,"8","NNW",,5,,8,,7,
"249200480","BUKOWINA TATRZAÑSKA           ","2025","06","19","18",14.8,,,"8","W","W",,"8","NW ",,4,,7,,7,
"249200480","BUKOWINA TATRZAÑSKA           ","2025","06","20","06",9.8,,,"8","W","W",,"8","WNW",,4,,6,,5,
"249200480","BUKOWINA TATRZAÑSKA           ","2025","06","20","12",14.6,,,"8","W","W",,"8","NW ",,4,,6,,5,
"249200480","BUKOWINA TATRZAÑSKA           ","2025","06","20","18",13.4,,,"8","W","W",,"8","NW ",,3,,3,,5,
"249200480","BUKOWINA TATRZAÑSKA           ","2025","06","21","06",11.6,,,"8","W","W",,"8","NNW",,1,,2,,7,
"249200480","BUKOWINA TATRZAÑSKA           ","2025","06","21","12",16.6,,,"8","W","W",,"8","NW ",,3,,1,,7,
"249200480","BUKOWINA TATRZAÑSKA           ","2025","06","21","18",17.3,,,"8","W","W",,"8","C  ",,0,,1,,7,
"249200480","BUKOWINA TATRZAÑSKA           ","2025","06","22","06",15.6,,,"8","W","W",,"8","W  ",,2,,0,,7,
"249200480","BUKOWINA TATRZAÑSKA           ","2025","06","22","12",22.6,,,"8","W","W",,"8","WNW",,3,,2,,7,
"249200480","BUKOWINA TATRZAÑSKA           ","2025","06","22","18",21.5,,,"8","W","W",,"8","C  ",,0,,3,,7,
"249200480","BUKOWINA TATRZAÑSKA           ","2025","06","23","06",19.6,,,"8","W","W",,"8","C  ",,0,,1,,7,
"249200480","BUKOWINA TATRZAÑSKA           ","2025","06","23","12",25.6,,,"8","W","W",,"8","NW ",,7,,7,,7,
"249200480","BUKOWINA TATRZAÑSKA           ","2025","06","23","18",24.3,,,"8","W","W",,"8","WSW",,2,,6,,7,
"249200480","BUKOWINA TATRZAÑSKA           ","2025","06","24","06",12.2,,,"8","W","W",,"8","WSW",,4,,6,,7,
"249200480","BUKOWINA TATRZAÑSKA           ","2025","06","24","12",17.9,,,"8","W","W",,"8","WNW",,5,,4,,7,
"249200480","BUKOWINA TATRZAÑSKA           ","2025","06","24","18",17.9,,,"8","W","W",,"8","NW ",,2,,7,,7,
"249200480","BUKOWINA TATRZAÑSKA           ","2025","06","25","06",18.3,,,"8","W","W",,"8","NW ",,4,,3,,7,
"249200480","BUKOWINA TATRZAÑSKA           ","2025","06","25","12",21.9,,,"8","W","W",,"8","WSW",,5,,6,,7,
"249200480","BUKOWINA TATRZAÑSKA           ","2025","06","25","18",21.6,,,"8","W","W",,"8","WNW",,5,,7,,7,
"249200480","BUKOWINA TATRZAÑSKA           ","2025","06","26","06",19.3,,,"8","W","W",,"8","WNW",,1,,3,,7,
"249200480","BUKOWINA TATRZAÑSKA           ","2025","06","26","12",25.2,,,"8","W","W",,"8","NW ",,5,,2,,7,
"249200480","BUKOWINA TATRZAÑSKA           ","2025","06","26","18",24.9,,,"8","W","W",,"8","C  ",,0,,2,,7,
"249200480","BUKOWINA TATRZAÑSKA           ","2025","06","27","06",16.5,,,"8","W","W",,"8","WNW",,3,,8,,5,
"249200480","BUKOWINA TATRZAÑSKA           ","2025","06","27","12",20.9,,,"8","W","W",,"8","NW ",,5,,7,,5,
"249200480","BUKOWINA TATRZAÑSKA           ","2025","06","27","18",18.1,,,"8","W","W",,"8","WNW",,3,,7,,5,
"249200480","BUKOWINA TATRZAÑSKA           ","2025","06","28","06",10.8,,,"8","W","W",,"8","NW ",,3,,8,,5,
"249200480","BUKOWINA TATRZAÑSKA           ","2025","06","28","12",16.5,,,"8","W","W",,"8","WNW",,4,,3,,5,
"249200480","BUKOWINA TATRZAÑSKA           ","2025","06","28","18",17.9,,,"8","W","W",,"8","NW ",,3,,4,,5,
"249200480","BUKOWINA TATRZAÑSKA           ","2025","06","29","06",17.7,,,"8","W","W",,"8","WNW",,4,,8,,5,
"249200480","BUKOWINA TATRZAÑSKA           ","2025","06","29","12",19.9,,,"8","W","W",,"8","NW ",,5,,7,,5,
"249200480","BUKOWINA TATRZAÑSKA           ","2025","06","29","18",21.3,,,"8","W","W",,"8","WNW",,4,,6,,5,
"249200480","BUKOWINA TATRZAÑSKA           ","2025","06","30","06",15.3,,,"8","W","W",,"8","NW ",,4,,5,,7,
"249200480","BUKOWINA TATRZAÑSKA           ","2025","06","30","12",19.5,,,"8","W","W",,"8","NW ",,4,,0,,7,
"249200480","BUKOWINA TATRZAÑSKA           ","2025","06","30","18",18.5,,,"8","W","W",,"8","NW ",,3,,0,,7,
"249200550","DOLINA PIÊCIU STAWÓW          ","2025","06","01","06",11.9,,,"8","W","W",,"8","SW ",,4,,1,,7,
"249200550","DOLINA PIÊCIU STAWÓW          ","2025","06","01","12",16.1,,,"8","W","W",,"8","SW ",,3,,6,,8,
"249200550","DOLINA PIÊCIU STAWÓW          ","2025","06","01","18",11.9,,,"8","W","W",,"8","SW ",,7,,2,,7,
"249200550","DOLINA PIÊCIU STAWÓW          ","2025","06","02","06",12.9,,,"8","W","W",,"8","SSW",,8,,2,,7,
"249200550","DOLINA PIÊCIU STAWÓW          ","2025","06","02","12",14.3,,,"8","W","W",,"8","SW ",,2,,7,,8,
"249200550","DOLINA PIÊCIU STAWÓW          ","2025","06","02","18",12.3,,,"8","W","W",,"8","SW ",,6,,6,,8,
"249200550","DOLINA PIÊCIU STAWÓW          ","2025","06","03","06",11.7,,,"8","W","W",,"8","C  ",,0,,8,,3,
"249200550","DOLINA PIÊCIU STAWÓW          ","2025","06","03","12",9.9,,,"8","W","W",,"8","NNW",,5,,8,,5,
"249200550","DOLINA PIÊCIU STAWÓW          ","2025","06","03","18",11.7,,,"8","W","W",,"8","SSW",,3,,3,,8,
"249200550","DOLINA PIÊCIU STAWÓW          ","2025","06","04","06",12.3,,,"8","W","W",,"8","SW ",,6,,3,,8,
"249200550","DOLINA PIÊCIU STAWÓW          ","2025","06","04","12",17.7,,,"8","W","W",,"8","SSW",,5,,3,,8,
"249200550","DOLINA PIÊCIU STAWÓW          ","2025","06","04","18",14.3,,,"8","W","W",,"8","WSW",,7,,5,,8,
"249200550","DOLINA PIÊCIU STAWÓW          ","2025","06","05","06",15.2,,,"8","W","W",,"8","S  ",,4,,3,,8,
"249200550","DOLINA PIÊCIU STAWÓW          ","2025","06","05","12",19.2,,,"8","W","W",,"8","WSW",,5,,3,,8,
"249200550","DOLINA PIÊCIU STAWÓW          ","2025","06","05","18",14.5,,,"8","W","W",,"8","SSW",,4,,4,,8,
"249200550","DOLINA PIÊCIU STAWÓW          ","2025","06","06","06",14.8,,,"8","W","W",,"8","WSW",,6,,2,,8,
"249200550","DOLINA PIÊCIU STAWÓW          ","2025","06","06","12",17.1,,,"8","W","W",,"8","W  ",,4,,6,,8,
"249200550","DOLINA PIÊCIU STAWÓW          ","2025","06","06","18",14.1,,,"8","W","W",,"8","SW ",,5,,5,,8,
"249200550","DOLINA PIÊCIU STAWÓW          ","2025","06","07","06",15.5,,,"8","W","W",,"8","SW ",,3,,3,,8,
"249200550","DOLINA PIÊCIU STAWÓW          ","2025","06","07","12",15.3,,,"8","W","W",,"8","SW ",,9,,7,,8,
"249200550","DOLINA PIÊCIU STAWÓW          ","2025","06","07","18",14.7,,,"8","W","W",,"8","SSW",,2,,7,,8,
"249200550","DOLINA PIÊCIU STAWÓW          ","2025","06","08","06",12.7,,,"8","W","W",,"8","SSW",,6,,5,,8,
"249200550","DOLINA PIÊCIU STAWÓW          ","2025","06","08","12",10.7,,,"8","W","W",,"8","NNE",,2,,8,,6,
"249200550","DOLINA PIÊCIU STAWÓW          ","2025","06","08","18",7.8,,,"8",,"W",,"8","S  ",,8,,6,,6,
"249200550","DOLINA PIÊCIU STAWÓW          ","2025","06","09","06",3.2,,,"8",,"W",,"8","S  ",,6,,6,,8,
"249200550","DOLINA PIÊCIU STAWÓW          ","2025","06","09","12",6.1,,,"8",,"W",,"8","S  ",,3,,6,,8,
"249200550","DOLINA PIÊCIU STAWÓW          ","2025","06","09","18",4.8,,,"8",,"W",,"8","SW ",,2,,6,,8,
"249200550","DOLINA PIÊCIU STAWÓW          ","2025","06","10","06",6.3,,,"8",,"W",,"8","SSW",,4,,7,,8,
"249200550","DOLINA PIÊCIU STAWÓW          ","2025","06","10","12",11.7,,,"8","W","W",,"8","SSW",,5,,5,,8,
"249200550","DOLINA PIÊCIU STAWÓW          ","2025","06","10","18",9.1,,,"8","W","W",,"8","SSW",,10,,8,,8,
"249200550","DOLINA PIÊCIU STAWÓW          ","2025","06","11","06",6.2,,,"8",,"W",,"8","S  ",,9,,8,,8,
"249200550","DOLINA PIÊCIU STAWÓW          ","2025","06","11","12",5.6,,,"8",,"W",,"8","S  ",,4,,8,,7,
"249200550","DOLINA PIÊCIU STAWÓW          ","2025","06","11","18",5.2,,,"8",,"W",,"8","ESE",,3,,8,,7,
"249200550","DOLINA PIÊCIU STAWÓW          ","2025","06","12","06",7.3,,,"8",,"W",,"8","N  ",,2,,2,,8,
"249200550","DOLINA PIÊCIU STAWÓW          ","2025","06","12","12",12.5,,,"8","W","W",,"8","NNE",,4,,2,,8,
"249200550","DOLINA PIÊCIU STAWÓW          ","2025","06","12","18",6.8,,,"8",,"W",,"8","NNW",,1,,2,,8,
"249200550","DOLINA PIÊCIU STAWÓW          ","2025","06","13","06",7.2,,,"8",,"W",,"8","NNE",,4,,2,,8,
"249200550","DOLINA PIÊCIU STAWÓW          ","2025","06","13","12",12.7,,,"8","W","W",,"8","NNE",,4,,3,,8,
"249200550","DOLINA PIÊCIU STAWÓW          ","2025","06","13","18",7.2,,,"8",,"W",,"8","N  ",,2,,3,,8,
"249200550","DOLINA PIÊCIU STAWÓW          ","2025","06","14","06",12.0,,,"8","W","W",,"8","NNE",,3,,0,,8,
"249200550","DOLINA PIÊCIU STAWÓW          ","2025","06","14","12",15.3,,,"8","W","W",,"8","NNE",,2,,2,,8,
"249200550","DOLINA PIÊCIU STAWÓW          ","2025","06","14","18",9.7,,,"8","W","W",,"8","N  ",,3,,0,,8,
"249200550","DOLINA PIÊCIU STAWÓW          ","2025","06","15","06",14.0,,,"8","W","W",,"8","NNE",,1,,0,,8,
"249200550","DOLINA PIÊCIU STAWÓW          ","2025","06","15","12",18.9,,,"8","W","W",,"8","NNE",,4,,3,,8,
"249200550","DOLINA PIÊCIU STAWÓW          ","2025","06","15","18",14.1,,,"8","W","W",,"8","SW ",,2,,0,,8,
"249200550","DOLINA PIÊCIU STAWÓW          ","2025","06","16","06",15.5,,,"8","W","W",,"8","NE ",,3,,3,,8,
"249200550","DOLINA PIÊCIU STAWÓW          ","2025","06","16","12",16.8,,,"8","W","W",,"8","E  ",,3,,7,,8,
"249200550","DOLINA PIÊCIU STAWÓW          ","2025","06","16","18",10.7,,,"8","W","W",,"8","NNE",,5,,8,,7,
"249200550","DOLINA PIÊCIU STAWÓW          ","2025","06","17","06",6.7,,,"8",,"W",,"8","NNE",,2,,8,,3,
"249200550","DOLINA PIÊCIU STAWÓW          ","2025","06","17","12",13.3,,,"8","W","W",,"8","N  ",,3,,6,,7,
"249200550","DOLINA PIÊCIU STAWÓW          ","2025","06","17","18",8.7,,,"8","W","W",,"8","NNE",,3,,2,,6,
"249200550","DOLINA PIÊCIU STAWÓW          ","2025","06","18","06",11.5,,,"8","W","W",,"8","S  ",,1,,0,,6,
"249200550","DOLINA PIÊCIU STAWÓW          ","2025","06","18","12",18.7,,,"8","W","W",,"8","NNW",,3,,6,,7,
"249200550","DOLINA PIÊCIU STAWÓW          ","2025","06","18","18",14.1,,,"8","W","W",,"8","C  ",,0,,3,,7,
"249200550","DOLINA PIÊCIU STAWÓW          ","2025","06","19","06",13.3,,,"8","W","W",,"8","SSW",,6,,6,,7,
"249200550","DOLINA PIÊCIU STAWÓW          ","2025","06","19","12",13.5,,,"8","W","W",,"8","S  ",,5,,8,,7,
"249200550","DOLINA PIÊCIU STAWÓW          ","2025","06","19","18",9.1,,,"8","W","W",,"8","SSW",,5,,8,,6,
"249200550","DOLINA PIÊCIU STAWÓW          ","2025","06","20","06",5.6,,,"8",,"W",,"8","SE ",,3,,3,,7,
"249200550","DOLINA PIÊCIU STAWÓW          ","2025","06","20","12",8.5,,,"8","W","W",,"8","E  ",,3,,7,,9,
"249200550","DOLINA PIÊCIU STAWÓW          ","2025","06","20","18",5.4,,,"8",,"W",,"8","SE ",,8,,6,,8,
"249200550","DOLINA PIÊCIU STAWÓW          ","2025","06","21","06",6.3,,,"8",,"W",,"8","ENE",,2,,6,,8,
"249200550","DOLINA PIÊCIU STAWÓW          ","2025","06","21","12",13.1,,,"8","W","W",,"8","NNE",,3,,2,,9,
"249200550","DOLINA PIÊCIU STAWÓW          ","2025","06","21","18",8.3,,,"8","W","W",,"8","NNW",,1,,0,,9,
"249200550","DOLINA PIÊCIU STAWÓW          ","2025","06","22","06",14.3,,,"8","W","W",,"8","NNE",,1,,0,,8,
"249200550","DOLINA PIÊCIU STAWÓW          ","2025","06","22","12",18.1,,,"8","W","W",,"8","NE ",,3,,1,,8,
"249200550","DOLINA PIÊCIU STAWÓW          ","2025","06","22","18",13.7,,,"8","W","W",,"8","WSW",,1,,2,,8,
"249200550","DOLINA PIÊCIU STAWÓW          ","2025","06","23","06",16.8,,,"8","W","W",,"8","SSW",,6,,0,,8,
"249200550","DOLINA PIÊCIU STAWÓW          ","2025","06","23","12",19.3,,,"8","W","W",,"8","WSW",,6,,1,,8,
"249200550","DOLINA PIÊCIU STAWÓW          ","2025","06","23","18",16.8,,,"8","W","W",,"8","SW ",,6,,2,,8,
"249200550","DOLINA PIÊCIU STAWÓW          ","2025","06","24","06",8.2,,,"8","W","W",,"8","S  ",,9,,6,,8,
"249200550","DOLINA PIÊCIU STAWÓW          ","2025","06","24","12",14.0,,,"8","W","W",,"8","SW ",,4,,1,,8,
"249200550","DOLINA PIÊCIU STAWÓW          ","2025","06","24","18",12.1,,,"8","W","W",,"8","SSW",,7,,2,,8,
"249200550","DOLINA PIÊCIU STAWÓW          ","2025","06","25","06",12.2,,,"8","W","W",,"8","S  ",,9,,6,,8,
"249200550","DOLINA PIÊCIU STAWÓW          ","2025","06","25","12",15.1,,,"8","W","W",,"8","SSW",,8,,5,,8,
"249200550","DOLINA PIÊCIU STAWÓW          ","2025","06","25","18",15.1,,,"8","W","W",,"8","SSW",,9,,6,,8,
"249200550","DOLINA PIÊCIU STAWÓW          ","2025","06","26","06",13.9,,,"8","W","W",,"8","SSW",,5,,6,,8,
"249200550","DOLINA PIÊCIU STAWÓW          ","2025","06","26","12",21.5,,,"8","W","W",,"8","SW ",,3,,2,,8,
"249200550","DOLINA PIÊCIU STAWÓW          ","2025","06","26","18",18.1,,,"8","W","W",,"8","SW ",,5,,3,,8,
"249200550","DOLINA PIÊCIU STAWÓW          ","2025","06","27","06",13.1,,,"8","W","W",,"8","SSW",,5,,7,,7,
"249200550","DOLINA PIÊCIU STAWÓW          ","2025","06","27","12",16.6,,,"8","W","W",,"8","S  ",,5,,7,,8,
"249200550","DOLINA PIÊCIU STAWÓW          ","2025","06","27","18",12.7,,,"8","W","W",,"8","SSW",,7,,7,,8,
"249200550","DOLINA PIÊCIU STAWÓW          ","2025","06","28","06",6.3,,,"8",,"W",,"8","ESE",,3,,8,,3,
"249200550","DOLINA PIÊCIU STAWÓW          ","2025","06","28","12",13.8,,,"8","W","W",,"8","NNE",,3,,3,,8,
"249200550","DOLINA PIÊCIU STAWÓW          ","2025","06","28","18",10.5,,,"8","W","W",,"8","ENE",,2,,5,,8,
"249200550","DOLINA PIÊCIU STAWÓW          ","2025","06","29","06",11.7,,,"8","W","W",,"8","SSE",,3,,8,,8,
"249200550","DOLINA PIÊCIU STAWÓW          ","2025","06","29","12",13.2,,,"8","W","W",,"8","SSW",,4,,8,,8,
"249200550","DOLINA PIÊCIU STAWÓW          ","2025","06","29","18",13.7,,,"8","W","W",,"8","S  ",,5,,6,,8,
"249200550","DOLINA PIÊCIU STAWÓW          ","2025","06","30","06",10.1,,,"8","W","W",,"8","S  ",,5,,6,,8,
"249200550","DOLINA PIÊCIU STAWÓW          ","2025","06","30","12",15.2,,,"8","W","W",,"8","WSW",,3,,2,,8,
"249200550","DOLINA PIÊCIU STAWÓW          ","2025","06","30","18",10.7,,,"8","W","W",,"8","NNE",,1,,2,,8,
"249200920","PIWNICZNA                     ","2025","06","01","06",18.1,,,"8","W","W",,"8","SE ",,1,,4,,6,
"249200920","PIWNICZNA                     ","2025","06","01","12",26.4,,,"8","W","W",,"8","NNW",,1,,6,,6,
"249200920","PIWNICZNA                     ","2025","06","01","18",18.7,,,"8","W","W",,"8","ENE",,2,,7,,6,
"249200920","PIWNICZNA                     ","2025","06","02","06",20.3,,,"8","W","W",,"8","E  ",,3,,0,,6,
"249200920","PIWNICZNA                     ","2025","06","02","12",23.7,,,"8","W","W",,"8","SE ",,4,,8,,5,
"249200920","PIWNICZNA                     ","2025","06","02","18",18.1,,,"8","W","W",,"8","C  ",,0,,6,,6,
"249200920","PIWNICZNA                     ","2025","06","03","06",16.1,,,"8","W","W",,"8","NW ",,1,,8,,6,
"249200920","PIWNICZNA                     ","2025","06","03","12",17.3,,,"8","W","W",,"8","C  ",,0,,8,,6,
"249200920","PIWNICZNA                     ","2025","06","03","18",16.3,,,"8","W","W",,"8","C  ",,0,,3,,6,
"249200920","PIWNICZNA                     ","2025","06","04","06",15.2,,,"8","W","W",,"8","SE ",,3,,1,,6,
"249200920","PIWNICZNA                     ","2025","06","04","12",26.2,,,"8","W","W",,"8","ESE",,3,,0,,6,
"249200920","PIWNICZNA                     ","2025","06","04","18",23.1,,,"8","W","W",,"8","SSE",,2,,0,,6,
"249200920","PIWNICZNA                     ","2025","06","05","06",22.1,,,"8","W","W",,"8","SE ",,3,,0,,6,
"249200920","PIWNICZNA                     ","2025","06","05","12",27.8,,,"8","W","W",,"8","SE ",,2,,0,,6,
"249200920","PIWNICZNA                     ","2025","06","05","18",23.5,,,"8","W","W",,"8","C  ",,0,,0,,6,
"249200920","PIWNICZNA                     ","2025","06","06","06",19.5,,,"8","W","W",,"8","ESE",,2,,0,,6,
"249200920","PIWNICZNA                     ","2025","06","06","12",27.2,,,"8","W","W",,"8","SSE",,2,,8,,6,
"249200920","PIWNICZNA                     ","2025","06","06","18",20.9,,,"8","W","W",,"8","C  ",,0,,1,,6,
"249200920","PIWNICZNA                     ","2025","06","07","06",18.1,,,"8","W","W",,"8","SSE",,1,,0,,6,
"249200920","PIWNICZNA                     ","2025","06","07","12",26.6,,,"8","W","W",,"8","S  ",,2,,3,,6,
"249200920","PIWNICZNA                     ","2025","06","07","18",21.5,,,"8","W","W",,"8","NW ",,3,,6,,6,
"249200920","PIWNICZNA                     ","2025","06","08","06",18.7,,,"8","W","W",,"8","C  ",,0,,3,,6,
"249200920","PIWNICZNA                     ","2025","06","08","12",19.7,,,"8","W","W",,"8","W  ",,1,,8,,6,
"249200920","PIWNICZNA                     ","2025","06","08","18",13.8,,,"8","W","W",,"8","SSE",,1,,8,,5,
"249200920","PIWNICZNA                     ","2025","06","09","06",14.2,,,"8","W","W",,"8","W  ",,2,,1,,6,
"249200920","PIWNICZNA                     ","2025","06","09","12",17.7,,,"8","W","W",,"8","SSW",,2,,2,,6,
"249200920","PIWNICZNA                     ","2025","06","09","18",13.4,,,"8","W","W",,"8","C  ",,0,,4,,6,
"249200920","PIWNICZNA                     ","2025","06","10","06",10.7,,,"8","W","W",,"8","E  ",,1,,6,,6,
"249200920","PIWNICZNA                     ","2025","06","10","12",20.7,,,"8","W","W",,"8","E  ",,2,,4,,6,
"249200920","PIWNICZNA                     ","2025","06","10","18",18.3,,,"8","W","W",,"8","SSE",,1,,8,,6,
"249200920","PIWNICZNA                     ","2025","06","11","06",13.2,,,"8","W","W",,"8","C  ",,0,,8,,6,
"249200920","PIWNICZNA                     ","2025","06","11","12",18.1,,,"8","W","W",,"8","N  ",,4,,8,,6,
"249200920","PIWNICZNA                     ","2025","06","11","18",14.8,,,"8","W","W",,"8","NNW",,2,,4,,6,
"249200920","PIWNICZNA                     ","2025","06","12","06",13.4,,,"8","W","W",,"8","C  ",,0,,5,,6,
"249200920","PIWNICZNA                     ","2025","06","12","12",19.7,,,"8","W","W",,"8","NNW",,5,,1,,6,
"249200920","PIWNICZNA                     ","2025","06","12","18",17.3,,,"8","W","W",,"8","C  ",,0,,0,,6,
"249200920","PIWNICZNA                     ","2025","06","13","06",13.6,,,"8","W","W",,"8","NNW",,2,,0,,6,
"249200920","PIWNICZNA                     ","2025","06","13","12",18.7,,,"8","W","W",,"8","NNW",,5,,2,,6,
"249200920","PIWNICZNA                     ","2025","06","13","18",15.4,,,"8","W","W",,"8","NW ",,1,,4,,6,
"249200920","PIWNICZNA                     ","2025","06","14","06",11.1,,,"8","W","W",,"8","C  ",,0,,8,,2,
"249200920","PIWNICZNA                     ","2025","06","14","12",20.5,,,"8","W","W",,"8","N  ",,3,,0,,6,
"249200920","PIWNICZNA                     ","2025","06","14","18",18.5,,,"8","W","W",,"8","C  ",,0,,0,,6,
"249200920","PIWNICZNA                     ","2025","06","15","06",15.2,,,"8","W","W",,"8","ESE",,1,,0,,6,
"249200920","PIWNICZNA                     ","2025","06","15","12",25.6,,,"8","W","W",,"8","NNW",,2,,0,,6,
"249200920","PIWNICZNA                     ","2025","06","15","18",19.5,,,"8","W","W",,"8","C  ",,0,,1,,6,
"249200920","PIWNICZNA                     ","2025","06","16","06",17.7,,,"8","W","W",,"8","C  ",,0,,0,,6,
"249200920","PIWNICZNA                     ","2025","06","16","12",25.6,,,"8","W","W",,"8","NNW",,3,,4,,6,
"249200920","PIWNICZNA                     ","2025","06","16","18",17.3,,,"8","W","W",,"8","N  ",,4,,8,,6,
"249200920","PIWNICZNA                     ","2025","06","17","06",14.6,,,"8","W","W",,"8","N  ",,2,,7,,6,
"249200920","PIWNICZNA                     ","2025","06","17","12",21.3,,,"8","W","W",,"8","NNW",,2,,2,,6,
"249200920","PIWNICZNA                     ","2025","06","17","18",19.3,,,"8","W","W",,"8","C  ",,0,,1,,6,
"249200920","PIWNICZNA                     ","2025","06","18","06",16.3,,,"8","W","W",,"8","C  ",,0,,0,,6,
"249200920","PIWNICZNA                     ","2025","06","18","12",26.8,,,"8","W","W",,"8","N  ",,1,,0,,6,
"249200920","PIWNICZNA                     ","2025","06","18","18",21.1,,,"8","W","W",,"8","C  ",,0,,0,,6,
"249200920","PIWNICZNA                     ","2025","06","19","06",20.1,,,"8","W","W",,"8","C  ",,0,,0,,6,
"249200920","PIWNICZNA                     ","2025","06","19","12",23.5,,,"8","W","W",,"8","NNW",,4,,6,,6,
"249200920","PIWNICZNA                     ","2025","06","19","18",17.3,,,"8","W","W",,"8","C  ",,0,,3,,6,
"249200920","PIWNICZNA                     ","2025","06","20","06",14.8,,,"8","W","W",,"8","NNW",,3,,2,,6,
"249200920","PIWNICZNA                     ","2025","06","20","12",17.3,,,"8","W","W",,"8","NNW",,7,,5,,6,
"249200920","PIWNICZNA                     ","2025","06","20","18",16.9,,,"8","W","W",,"8","C  ",,0,,4,,6,
"249200920","PIWNICZNA                     ","2025","06","21","06",13.4,,,"8","W","W",,"8","C  ",,0,,0,,6,
"249200920","PIWNICZNA                     ","2025","06","21","12",21.1,,,"8","W","W",,"8","NNW",,2,,0,,6,
"249200920","PIWNICZNA                     ","2025","06","21","18",16.5,,,"8","W","W",,"8","C  ",,0,,0,,6,
"249200920","PIWNICZNA                     ","2025","06","22","06",14.8,,,"8","W","W",,"8","E  ",,1,,0,,6,
"249200920","PIWNICZNA                     ","2025","06","22","12",26.8,,,"8","W","W",,"8","NNW",,6,,0,,6,
"249200920","PIWNICZNA                     ","2025","06","22","18",21.5,,,"8","W","W",,"8","C  ",,0,,1,,6,
"249200920","PIWNICZNA                     ","2025","06","23","06",18.7,,,"8","W","W",,"8","NE ",,1,,0,,6,
"249200920","PIWNICZNA                     ","2025","06","23","12",30.7,,,"8","W","W",,"8","S  ",,3,,2,,6,
"249200920","PIWNICZNA                     ","2025","06","23","18",23.5,,,"8","W","W",,"8","SSW",,1,,6,,6,
"249200920","PIWNICZNA                     ","2025","06","24","06",15.4,,,"8","W","W",,"8","NE ",,1,,1,,6,
"249200920","PIWNICZNA                     ","2025","06","24","12",23.7,,,"8","W","W",,"8","WSW",,3,,0,,6,
"249200920","PIWNICZNA                     ","2025","06","24","18",20.8,,,"8","W","W",,"8","C  ",,0,,0,,6,
"249200920","PIWNICZNA                     ","2025","06","25","06",19.1,,,"8","W","W",,"8","C  ",,0,,2,,6,
"249200920","PIWNICZNA                     ","2025","06","25","12",27.4,,,"8","W","W",,"8","NW ",,2,,0,,6,
"249200920","PIWNICZNA                     ","2025","06","25","18",25.6,,,"8","W","W",,"8","WNW",,1,,6,,6,
"249200920","PIWNICZNA                     ","2025","06","26","06",19.7,,,"8","W","W",,"8","C  ",,0,,0,,6,
"249200920","PIWNICZNA                     ","2025","06","26","12",27.6,,,"8","W","W",,"8","NNW",,3,,0,,6,
"249200920","PIWNICZNA                     ","2025","06","26","18",23.1,,,"8","W","W",,"8","C  ",,0,,4,,6,
"249200920","PIWNICZNA                     ","2025","06","27","06",19.5,,,"8","W","W",,"8","C  ",,0,,7,,6,
"249200920","PIWNICZNA                     ","2025","06","27","12",24.6,,,"8","W","W",,"8","NNW",,5,,2,,6,
"249200920","PIWNICZNA                     ","2025","06","27","18",21.5,,,"8","W","W",,"8","N  ",,3,,8,,6,
"249200920","PIWNICZNA                     ","2025","06","28","06",14.8,,,"8","W","W",,"8","C  ",,0,,8,,6,
"249200920","PIWNICZNA                     ","2025","06","28","12",21.5,,,"8","W","W",,"8","NNW",,4,,2,,6,
"249200920","PIWNICZNA                     ","2025","06","28","18",20.7,,,"8","W","W",,"8","C  ",,0,,0,,6,
"249200920","PIWNICZNA                     ","2025","06","29","06",20.1,,,"8","W","W",,"8","C  ",,0,,6,,6,
"249200920","PIWNICZNA                     ","2025","06","29","12",24.8,,,"8","W","W",,"8","N  ",,3,,1,,6,
"249200920","PIWNICZNA                     ","2025","06","29","18",23.1,,,"8","W","W",,"8","C  ",,0,,0,,6,
"249200920","PIWNICZNA                     ","2025","06","30","06",18.1,,,"8","W","W",,"8","NNW",,4,,2,,6,
"249200920","PIWNICZNA                     ","2025","06","30","12",23.5,,,"8","W","W",,"8","NNW",,7,,0,,6,
"249200920","PIWNICZNA                     ","2025","06","30","18",20.3,,,"8","W","W",,"8","NNE",,1,,1,,6,
"249200930","PORONIN                       ","2025","06","01","06",16.9,,12.8,,"W","W",62,,"NE ",,1,,4,,7,
"249200930","PORONIN                       ","2025","06","01","12",24.3,,16.4,,"W","W",43,,"WNW",,5,,3,,7,
"249200930","PORONIN                       ","2025","06","01","18",16.8,,15.5,,"W","W",87,,"NE ",,1,,4,,7,
"249200930","PORONIN                       ","2025","06","02","06",18.4,,15.8,,"W","W",76,,"C  ",,0,,2,,7,
"249200930","PORONIN                       ","2025","06","02","12",25.0,,17.8,,"W","W",49,,"W  ",,3,,4,,7,
"249200930","PORONIN                       ","2025","06","02","18",17.7,,16.4,,"W","W",88,,"C  ",,0,,7,,7,
"249200930","PORONIN                       ","2025","06","03","06",14.4,,13.9,,"W","W",95,,"SW ",,1,,8,,3,
"249200930","PORONIN                       ","2025","06","03","12",15.2,,14.4,,"W","W",92,,"SW ",,1,,8,,6,
"249200930","PORONIN                       ","2025","06","03","18",14.9,,13.8,,"W","W",89,,"NE ",,1,,4,,7,
"249200930","PORONIN                       ","2025","06","04","06",15.4,,11.8,,"W","W",65,,"C  ",,0,,1,,7,
"249200930","PORONIN                       ","2025","06","04","12",23.7,,17.7,,"W","W",55,,"SE ",,1,,4,,7,
"249200930","PORONIN                       ","2025","06","04","18",22.0,,16.2,,"W","W",54,,"WSW",,2,,3,,7,
"249200930","PORONIN                       ","2025","06","05","06",22.5,,16.6,,"W","W",54,,"W  ",,2,,1,,7,
"249200930","PORONIN                       ","2025","06","05","12",25.2,,17.8,,"W","W",48,,"NNW",,3,,4,,7,
"249200930","PORONIN                       ","2025","06","05","18",22.0,,15.8,,"W","W",52,,"W  ",,1,,5,,7,
"249200930","PORONIN                       ","2025","06","06","06",17.1,,14.4,,"W","W",75,,"C  ",,0,,1,,7,
"249200930","PORONIN                       ","2025","06","06","12",24.1,,17.1,,"W","W",49,,"W  ",,2,,6,,7,
"249200930","PORONIN                       ","2025","06","06","18",17.1,,15.8,,"W","W",87,,"NE ",,1,,4,,7,
"249200930","PORONIN                       ","2025","06","07","06",18.5,,14.2,,"W","W",62,,"C  ",,0,,1,,8,
"249200930","PORONIN                       ","2025","06","07","12",24.1,,16.4,,"W","W",44,,"SW ",,5,,5,,7,
"249200930","PORONIN                       ","2025","06","07","18",18.5,,16.0,,"W","W",77,,"WSW",,2,,6,,7,
"249200930","PORONIN                       ","2025","06","08","06",16.1,,13.6,,"W","W",76,,"WNW",,2,,5,,7,
"249200930","PORONIN                       ","2025","06","08","12",15.1,,12.2,,"W","W",71,,"W  ",,2,,8,,3,
"249200930","PORONIN                       ","2025","06","08","18",12.9,,11.6,,"W","W",86,,"ESE",,1,,6,,6,
"249200930","PORONIN                       ","2025","06","09","06",10.0,,7.2,,"W","W",67,,"W  ",,4,,6,,7,
"249200930","PORONIN                       ","2025","06","09","12",13.0,,8.4,,"W","W",53,,"W  ",,2,,6,,7,
"249200930","PORONIN                       ","2025","06","09","18",11.2,,9.2,,"W","W",77,,"C  ",,0,,3,,7,
"249200930","PORONIN                       ","2025","06","10","06",7.9,,5.8,,"W","W",73,,"C  ",,0,,7,,7,
"249200930","PORONIN                       ","2025","06","10","12",18.4,,12.4,,"W","W",49,,"WSW",,2,,3,,7,
"249200930","PORONIN                       ","2025","06","10","18",17.2,,11.6,,"W","W",50,,"SW ",,1,,6,,6,
"249200930","PORONIN                       ","2025","06","11","06",14.0,,12.0,,"W","W",79,,"W  ",,3,,7,,7,
"249200930","PORONIN                       ","2025","06","11","12",14.4,,11.8,,"W","W",73,,"WNW",,2,,5,,7,
"249200930","PORONIN                       ","2025","06","11","18",11.2,,10.1,,"W","W",87,,"WSW",,2,,2,,7,
"249200930","PORONIN                       ","2025","06","12","06",11.6,,8.3,,"W","W",64,,"SSE",,2,,1,,8,
"249200930","PORONIN                       ","2025","06","12","12",17.3,,11.4,,"W","W",48,,"SW ",,3,,2,,7,
"249200930","PORONIN                       ","2025","06","12","18",13.4,,10.2,,"W","W",67,,"N  ",,1,,1,,7,
"249200930","PORONIN                       ","2025","06","13","06",12.0,,8.6,,"W","W",63,,"C  ",,0,,2,,7,
"249200930","PORONIN                       ","2025","06","13","12",16.7,,10.0,,"W","W",40,,"NE ",,3,,3,,8,
"249200930","PORONIN                       ","2025","06","13","18",13.8,,11.5,,"W","W",76,,"NNW",,1,,4,,7,
"249200930","PORONIN                       ","2025","06","14","06",12.3,,9.1,,"W","W",65,,"W  ",,1,,0,,8,
"249200930","PORONIN                       ","2025","06","14","12",19.6,,13.0,,"W","W",46,,"WSW",,3,,1,,7,
"249200930","PORONIN                       ","2025","06","14","18",16.0,,12.8,,"W","W",69,,"NNE",,1,,1,,7,
"249200930","PORONIN                       ","2025","06","15","06",14.6,,11.0,,"W","W",64,,"C  ",,0,,1,,7,
"249200930","PORONIN                       ","2025","06","15","12",23.3,,15.3,,"W","W",41,,"N  ",,2,,0,,8,
"249200930","PORONIN                       ","2025","06","15","18",18.9,,14.0,,"W","W",58,,"NE ",,2,,1,,7,
"249200930","PORONIN                       ","2025","06","16","06",20.3,,15.4,,"W","W",59,,"W  ",,1,,1,,7,
"249200930","PORONIN                       ","2025","06","16","12",21.6,,18.0,,"W","W",70,,"NNW",,3,,8,,7,
"249200930","PORONIN                       ","2025","06","16","18",14.0,,13.4,,"W","W",94,,"WNW",,1,,8,,2,
"249200930","PORONIN                       ","2025","06","17","06",11.7,,11.2,,"W","W",94,,"SW ",,1,,8,,3,
"249200930","PORONIN                       ","2025","06","17","12",17.5,,13.1,,"W","W",60,,"WSW",,2,,5,,7,
"249200930","PORONIN                       ","2025","06","17","18",15.4,,13.3,,"W","W",79,,"NW ",,1,,4,,7,
"249200930","PORONIN                       ","2025","06","18","06",16.5,,12.0,,"W","W",58,,"C  ",,0,,1,,7,
"249200930","PORONIN                       ","2025","06","18","12",23.1,,16.4,,"W","W",50,,"WSW",,4,,3,,7,
"249200930","PORONIN                       ","2025","06","18","18",19.0,,16.0,,"W","W",73,,"C  ",,0,,3,,7,
"249200930","PORONIN                       ","2025","06","19","06",18.7,,15.2,,"W","W",69,,"WNW",,3,,3,,7,
"249200930","PORONIN                       ","2025","06","19","12",20.4,,14.5,,"W","W",52,,"WNW",,2,,7,,7,
"249200930","PORONIN                       ","2025","06","19","18",16.1,,13.0,,"W","W",70,,"W  ",,2,,6,,6,
"249200930","PORONIN                       ","2025","06","20","06",11.5,,8.3,,"W","W",65,,"W  ",,2,,3,,7,
"249200930","PORONIN                       ","2025","06","20","12",15.4,,10.1,,"W","W",50,,"N  ",,3,,3,,7,
"249200930","PORONIN                       ","2025","06","20","18",12.7,,9.1,,"W","W",62,,"C  ",,0,,4,,7,
"249200930","PORONIN                       ","2025","06","21","06",12.9,,9.0,,"W","W",59,,"N  ",,2,,2,,7,
"249200930","PORONIN                       ","2025","06","21","12",17.8,,11.5,,"W","W",45,,"W  ",,2,,1,,8,
"249200930","PORONIN                       ","2025","06","21","18",15.0,,11.4,,"W","W",65,,"N  ",,1,,0,,7,
"249200930","PORONIN                       ","2025","06","22","06",14.6,,10.2,,"W","W",57,,"C  ",,0,,0,,8,
"249200930","PORONIN                       ","2025","06","22","12",23.0,,15.0,,"W","W",41,,"WNW",,3,,2,,8,
"249200930","PORONIN                       ","2025","06","22","18",19.2,,15.1,,"W","W",64,,"C  ",,0,,3,,7,
"249200930","PORONIN                       ","2025","06","23","06",17.9,,13.1,,"W","W",57,,"NW ",,1,,1,,8,
"249200930","PORONIN                       ","2025","06","23","12",27.3,,14.8,,"W","W",23,,"W  ",,4,,4,,7,
"249200930","PORONIN                       ","2025","06","23","18",24.7,,15.8,,"W","W",38,,"S  ",,2,,6,,7,
"249200930","PORONIN                       ","2025","06","24","06",13.2,,10.2,,"W","W",68,,"WSW",,1,,6,,7,
"249200930","PORONIN                       ","2025","06","24","12",19.8,,13.1,,"W","W",45,,"W  ",,5,,4,,7,
"249200930","PORONIN                       ","2025","06","24","18",19.1,,13.2,,"W","W",50,,"WSW",,2,,5,,7,
"249200930","PORONIN                       ","2025","06","25","06",19.8,,14.5,,"W","W",56,,"WSW",,3,,2,,7,
"249200930","PORONIN                       ","2025","06","25","12",24.1,,17.4,,"W","W",51,,"WSW",,4,,4,,7,
"249200930","PORONIN                       ","2025","06","25","18",22.6,,16.6,,"W","W",54,,"WSW",,2,,6,,7,
"249200930","PORONIN                       ","2025","06","26","06",19.1,,15.8,,"W","W",71,,"SW ",,1,,2,,8,
"249200930","PORONIN                       ","2025","06","26","12",26.1,,17.8,,"W","W",43,,"W  ",,4,,2,,8,
"249200930","PORONIN                       ","2025","06","26","18",21.6,,17.8,,"W","W",69,,"C  ",,0,,4,,7,
"249200930","PORONIN                       ","2025","06","27","06",17.6,,16.0,,"W","W",85,,"WSW",,1,,8,,7,
"249200930","PORONIN                       ","2025","06","27","12",22.6,,16.6,,"W","W",54,,"WNW",,4,,6,,7,
"249200930","PORONIN                       ","2025","06","27","18",19.3,,15.9,,"W","W",70,,"WNW",,1,,7,,7,
"249200930","PORONIN                       ","2025","06","28","06",11.7,,10.8,,"W","W",90,,"WNW",,1,,8,,3,
"249200930","PORONIN                       ","2025","06","28","12",18.4,,13.5,,"W","W",57,,"W  ",,3,,2,,7,
"249200930","PORONIN                       ","2025","06","28","18",18.2,,14.1,,"W","W",63,,"WNW",,2,,4,,7,
"249200930","PORONIN                       ","2025","06","29","06",17.6,,15.8,,"W","W",83,,"NE ",,1,,8,,7,
"249200930","PORONIN                       ","2025","06","29","12",21.5,,17.2,,"W","W",65,,"W  ",,4,,7,,7,
"249200930","PORONIN                       ","2025","06","29","18",22.2,,16.6,,"W","W",56,,"W  ",,1,,2,,7,
"249200930","PORONIN                       ","2025","06","30","06",17.3,,13.0,,"W","W",61,,"W  ",,2,,4,,7,
"249200930","PORONIN                       ","2025","06","30","12",21.4,,12.8,,"W","W",35,,"WSW",,3,,1,,8,
"249200930","PORONIN                       ","2025","06","30","18",17.1,,11.4,,"W","W",49,,"C  ",,0,,0,,8,
"249220150","SOLINA-JAWOR                  ","2025","06","01","06",14.7,,,"8","W","N",,"8","C  ",,0,,4,,7,
"249220150","SOLINA-JAWOR                  ","2025","06","01","12",25.8,,,"8","W","N",,"8","SW ",,2,,3,,8,
"249220150","SOLINA-JAWOR                  ","2025","06","01","18",18.7,,,"8","W","N",,"8","C  ",,0,,5,,7,
"249220150","SOLINA-JAWOR                  ","2025","06","02","06",19.3,,,"8","W","N",,"8","S  ",,3,,8,,7,
"249220150","SOLINA-JAWOR                  ","2025","06","02","12",25.5,,,"8","W","N",,"8","SW ",,4,,4,,8,
"249220150","SOLINA-JAWOR                  ","2025","06","02","18",20.9,,,"8","W","N",,"8","C  ",,0,,8,,7,
"249220150","SOLINA-JAWOR                  ","2025","06","03","06",15.8,,,"8","W","N",,"8","C  ",,0,,8,,4,
"249220150","SOLINA-JAWOR                  ","2025","06","03","12",16.4,,,"8","W","N",,"8","C  ",,0,,8,,4,
"249220150","SOLINA-JAWOR                  ","2025","06","03","18",16.5,,,"8","W","N",,"8","C  ",,0,,5,,7,
"249220150","SOLINA-JAWOR                  ","2025","06","04","06",12.7,,,"8","W","N",,"8","C  ",,0,,8,,1,
"249220150","SOLINA-JAWOR                  ","2025","06","04","12",24.7,,,"8","W","N",,"8","SW ",,3,,3,,8,
"249220150","SOLINA-JAWOR                  ","2025","06","04","18",22.5,,,"8","W","N",,"8","S  ",,1,,2,,7,
"249220150","SOLINA-JAWOR                  ","2025","06","05","06",23.0,,,"8","W","N",,"8","SSW",,5,,3,,7,
"249220150","SOLINA-JAWOR                  ","2025","06","05","12",28.3,,,"8","W","N",,"8","SW ",,3,,6,,8,
"249220150","SOLINA-JAWOR                  ","2025","06","05","18",25.4,,,"8","W","N",,"8","S  ",,1,,2,,7,
"249220150","SOLINA-JAWOR                  ","2025","06","06","06",19.3,,,"8","W","N",,"8","C  ",,0,,2,,7,
"249220150","SOLINA-JAWOR                  ","2025","06","06","12",26.9,,,"8","W","N",,"8","SSW",,4,,3,,8,
"249220150","SOLINA-JAWOR                  ","2025","06","06","18",23.9,,,"8","W","N",,"8","SSW",,1,,2,,7,
"249220150","SOLINA-JAWOR                  ","2025","06","07","06",18.8,,,"8","W","N",,"8","C  ",,0,,4,,7,
"249220150","SOLINA-JAWOR                  ","2025","06","07","12",27.3,,,"8","W","N",,"8","SW ",,3,,6,,8,
"249220150","SOLINA-JAWOR                  ","2025","06","07","18",24.1,,,"8","W","N",,"8","SSE",,1,,5,,7,
"249220150","SOLINA-JAWOR                  ","2025","06","08","06",18.1,,,"8","W","N",,"8","NE ",,1,,4,,7,
"249220150","SOLINA-JAWOR                  ","2025","06","08","12",21.0,,,"8","W","N",,"8","C  ",,0,,8,,5,
"249220150","SOLINA-JAWOR                  ","2025","06","08","18",15.0,,,"8","W","N",,"8","SSW",,1,,8,,4,
"249220150","SOLINA-JAWOR                  ","2025","06","09","06",12.2,,,"8","W","N",,"8","WNW",,2,,8,,7,
"249220150","SOLINA-JAWOR                  ","2025","06","09","12",16.0,,,"8","W","N",,"8","N  ",,2,,5,,8,
"249220150","SOLINA-JAWOR                  ","2025","06","09","18",13.2,,,"8","W","N",,"8","C  ",,0,,3,,7,
"249220150","SOLINA-JAWOR                  ","2025","06","10","06",10.6,,,"8","W","N",,"8","C  ",,0,,4,,5,
"249220150","SOLINA-JAWOR                  ","2025","06","10","12",19.5,,,"8","W","N",,"8","WNW",,1,,5,,8,
"249220150","SOLINA-JAWOR                  ","2025","06","10","18",17.0,,,"8","W","N",,"8","SSE",,1,,6,,7,
"249220150","SOLINA-JAWOR                  ","2025","06","11","06",18.0,,,"8","W","N",,"8","SW ",,4,,8,,7,
"249220150","SOLINA-JAWOR                  ","2025","06","11","12",16.4,,,"8","W","N",,"8","WNW",,3,,5,,8,
"249220150","SOLINA-JAWOR                  ","2025","06","11","18",14.6,,,"8","W","N",,"8","N  ",,2,,8,,7,
"249220150","SOLINA-JAWOR                  ","2025","06","12","06",12.6,,,"8","W","N",,"8","C  ",,0,,5,,7,
"249220150","SOLINA-JAWOR                  ","2025","06","12","12",18.4,,,"8","W","N",,"8","W  ",,2,,3,,8,
"249220150","SOLINA-JAWOR                  ","2025","06","12","18",15.9,,,"8","W","N",,"8","C  ",,0,,2,,7,
"249220150","SOLINA-JAWOR                  ","2025","06","13","06",10.5,,,"8","W","N",,"8","WNW",,1,,3,,7,
"249220150","SOLINA-JAWOR                  ","2025","06","13","12",16.0,,,"8","W","N",,"8","NNW",,2,,5,,8,
"249220150","SOLINA-JAWOR                  ","2025","06","13","18",13.1,,,"8","W","N",,"8","NNE",,1,,8,,7,
"249220150","SOLINA-JAWOR                  ","2025","06","14","06",11.6,,,"8","W","N",,"8","C  ",,0,,8,,5,
"249220150","SOLINA-JAWOR                  ","2025","06","14","12",19.5,,,"8","W","N",,"8","N  ",,3,,4,,8,
"249220150","SOLINA-JAWOR                  ","2025","06","14","18",17.0,,,"8","W","N",,"8","ENE",,2,,0,,7,
"249220150","SOLINA-JAWOR                  ","2025","06","15","06",12.7,,,"8","W","N",,"8","C  ",,0,,0,,7,
"249220150","SOLINA-JAWOR                  ","2025","06","15","12",22.6,,,"8","W","N",,"8","ENE",,1,,0,,8,
"249220150","SOLINA-JAWOR                  ","2025","06","15","18",20.0,,,"8","W","N",,"8","E  ",,2,,0,,7,
"249220150","SOLINA-JAWOR                  ","2025","06","16","06",15.5,,,"8","W","N",,"8","C  ",,0,,0,,7,
"249220150","SOLINA-JAWOR                  ","2025","06","16","12",26.5,,,"8","W","N",,"8","NNW",,1,,0,,8,
"249220150","SOLINA-JAWOR                  ","2025","06","16","18",21.9,,,"8","W","N",,"8","NW ",,2,,2,,7,
"249220150","SOLINA-JAWOR                  ","2025","06","17","06",14.1,,,"8","W","N",,"8","C  ",,0,,8,,4,
"249220150","SOLINA-JAWOR                  ","2025","06","17","12",19.5,,,"8","W","N",,"8","NNW",,1,,4,,8,
"249220150","SOLINA-JAWOR                  ","2025","06","17","18",18.2,,,"8","W","N",,"8","C  ",,0,,3,,7,
"249220150","SOLINA-JAWOR                  ","2025","06","18","06",15.8,,,"8","W","N",,"8","W  ",,1,,0,,7,
"249220150","SOLINA-JAWOR                  ","2025","06","18","12",24.7,,,"8","W","N",,"8","NW ",,1,,2,,8,
"249220150","SOLINA-JAWOR                  ","2025","06","18","18",21.4,,,"8","W","N",,"8","C  ",,0,,3,,7,
"249220150","SOLINA-JAWOR                  ","2025","06","19","06",17.9,,,"8","W","N",,"8","C  ",,0,,2,,5,
"249220150","SOLINA-JAWOR                  ","2025","06","19","12",23.9,,,"8","W","N",,"8","NNW",,1,,6,,8,
"249220150","SOLINA-JAWOR                  ","2025","06","19","18",16.8,,,"8","W","N",,"8","C  ",,0,,3,,7,
"249220150","SOLINA-JAWOR                  ","2025","06","20","06",12.5,,,"8","W","N",,"8","WSW",,1,,0,,7,
"249220150","SOLINA-JAWOR                  ","2025","06","20","12",17.2,,,"8","W","N",,"8","WNW",,2,,4,,8,
"249220150","SOLINA-JAWOR                  ","2025","06","20","18",15.4,,,"8","W","N",,"8","C  ",,0,,2,,7,
"249220150","SOLINA-JAWOR                  ","2025","06","21","06",12.1,,,"8","W","N",,"8","NW ",,1,,0,,7,
"249220150","SOLINA-JAWOR                  ","2025","06","21","12",18.5,,,"8","W","N",,"8","W  ",,1,,3,,8,
"249220150","SOLINA-JAWOR                  ","2025","06","21","18",17.2,,,"8","W","N",,"8","C  ",,0,,2,,7,
"249220150","SOLINA-JAWOR                  ","2025","06","22","06",15.3,,,"8","W","N",,"8","C  ",,0,,0,,7,
"249220150","SOLINA-JAWOR                  ","2025","06","22","12",24.6,,,"8","W","N",,"8","WSW",,2,,3,,8,
"249220150","SOLINA-JAWOR                  ","2025","06","22","18",22.9,,,"8","W","N",,"8","SW ",,2,,6,,7,
"249220150","SOLINA-JAWOR                  ","2025","06","23","06",17.2,,,"8","W","N",,"8","C  ",,0,,2,,7,
"249220150","SOLINA-JAWOR                  ","2025","06","23","12",27.6,,,"8","W","N",,"8","SW ",,4,,5,,8,
"249220150","SOLINA-JAWOR                  ","2025","06","23","18",25.2,,,"8","W","N",,"8","SSW",,2,,7,,7,
"249220150","SOLINA-JAWOR                  ","2025","06","24","06",15.0,,,"8","W","N",,"8","WSW",,1,,8,,5,
"249220150","SOLINA-JAWOR                  ","2025","06","24","12",21.3,,,"8","W","N",,"8","NW ",,1,,5,,8,
"249220150","SOLINA-JAWOR                  ","2025","06","24","18",18.4,,,"8","W","N",,"8","C  ",,0,,6,,7,
"249220150","SOLINA-JAWOR                  ","2025","06","25","06",21.2,,,"8","W","N",,"8","SW ",,2,,3,,7,
"249220150","SOLINA-JAWOR                  ","2025","06","25","12",25.8,,,"8","W","N",,"8","WSW",,4,,5,,8,
"249220150","SOLINA-JAWOR                  ","2025","06","25","18",24.0,,,"8","W","N",,"8","SW ",,1,,6,,7,
"249220150","SOLINA-JAWOR                  ","2025","06","26","06",18.8,,,"8","W","N",,"8","NNW",,1,,0,,7,
"249220150","SOLINA-JAWOR                  ","2025","06","26","12",24.6,,,"8","W","N",,"8","WNW",,1,,3,,8,
"249220150","SOLINA-JAWOR                  ","2025","06","26","18",22.2,,,"8","W","N",,"8","SSE",,1,,0,,7,
"249220150","SOLINA-JAWOR                  ","2025","06","27","06",18.7,,,"8","W","N",,"8","C  ",,0,,8,,7,
"249220150","SOLINA-JAWOR                  ","2025","06","27","12",23.9,,,"8","W","N",,"8","WNW",,2,,6,,8,
"249220150","SOLINA-JAWOR                  ","2025","06","27","18",21.0,,,"8","W","N",,"8","C  ",,0,,5,,7,
"249220150","SOLINA-JAWOR                  ","2025","06","28","06",15.5,,,"8","W","N",,"8","NNE",,4,,4,,7,
"249220150","SOLINA-JAWOR                  ","2025","06","28","12",19.7,,,"8","W","N",,"8","NNW",,2,,6,,8,
"249220150","SOLINA-JAWOR                  ","2025","06","28","18",19.0,,,"8","W","N",,"8","C  ",,0,,3,,7,
"249220150","SOLINA-JAWOR                  ","2025","06","29","06",18.1,,,"8","W","N",,"8","C  ",,0,,7,,7,
"249220150","SOLINA-JAWOR                  ","2025","06","29","12",24.2,,,"8","W","N",,"8","W  ",,2,,6,,8,
"249220150","SOLINA-JAWOR                  ","2025","06","29","18",22.8,,,"8","W","N",,"8","SW ",,1,,3,,7,
"249220150","SOLINA-JAWOR                  ","2025","06","30","06",17.5,,,"8","W","N",,"8","NW ",,2,,2,,7,
"249220150","SOLINA-JAWOR                  ","2025","06","30","12",21.6,,,"8","W","N",,"8","W  ",,3,,2,,8,
"249220150","SOLINA-JAWOR                  ","2025","06","30","18",19.8,,,"8","W","N",,"8","NNW",,2,,3,,7,
"249220180","KOMAÑCZA                      ","2025","06","01","06",16.3,,16.1,,"W","W",98,,"S  ",,1,,6,,6,
"249220180","KOMAÑCZA                      ","2025","06","01","12",23.7,,17.3,,"W","W",52,,"S  ",,3,,7,,6,
"249220180","KOMAÑCZA                      ","2025","06","01","18",18.0,,15.4,,"W","W",76,,"SW ",,2,,6,,6,
"249220180","KOMAÑCZA                      ","2025","06","02","06",18.2,,15.4,,"W","W",74,,"SE ",,3,,6,,6,
"249220180","KOMAÑCZA                      ","2025","06","02","12",24.7,,17.6,,"W","W",49,,"S  ",,3,,3,,6,
"249220180","KOMAÑCZA                      ","2025","06","02","18",18.8,,16.7,,"W","W",81,,"NW ",,1,,7,,6,
"249220180","KOMAÑCZA                      ","2025","06","03","06",15.2,,15.2,,"W","W",100,,"C  ",,0,,8,,6,
"249220180","KOMAÑCZA                      ","2025","06","03","12",17.2,,16.4,,"W","W",92,,"NW ",,4,,8,,6,
"249220180","KOMAÑCZA                      ","2025","06","03","18",17.2,,17.0,,"W","W",98,,"C  ",,0,,2,,6,
"249220180","KOMAÑCZA                      ","2025","06","04","06",13.8,,13.8,,"W","W",100,,"E  ",,1,,2,,6,
"249220180","KOMAÑCZA                      ","2025","06","04","12",23.7,,17.1,,"W","W",51,,"WSW",,3,,0,,6,
"249220180","KOMAÑCZA                      ","2025","06","04","18",21.8,,17.9,,"W","W",68,,"C  ",,0,,0,,6,
"249220180","KOMAÑCZA                      ","2025","06","05","06",22.1,,16.7,,"W","W",57,,"SW ",,2,,3,,6,
"249220180","KOMAÑCZA                      ","2025","06","05","12",26.9,,18.5,,"W","W",44,,"S  ",,3,,1,,6,
"249220180","KOMAÑCZA                      ","2025","06","05","18",24.7,,18.1,,"W","W",52,,"SE ",,1,,1,,6,
"249220180","KOMAÑCZA                      ","2025","06","06","06",19.7,,17.4,,"W","W",80,,"E  ",,2,,0,,6,
"249220180","KOMAÑCZA                      ","2025","06","06","12",26.7,,19.1,,"W","W",48,,"SSE",,4,,3,,6,
"249220180","KOMAÑCZA                      ","2025","06","06","18",23.3,,17.0,,"W","W",52,,"W  ",,1,,2,,6,
"249220180","KOMAÑCZA                      ","2025","06","07","06",17.6,,16.0,,"W","W",85,,"N  ",,1,,4,,6,
"249220180","KOMAÑCZA                      ","2025","06","07","12",26.7,,19.0,,"W","W",47,,"SSE",,3,,3,,6,
"249220180","KOMAÑCZA                      ","2025","06","07","18",22.7,,18.7,,"W","W",68,,"WNW",,1,,8,,6,
"249220180","KOMAÑCZA                      ","2025","06","08","06",17.2,,15.7,,"W","W",86,,"WNW",,1,,2,,6,
"249220180","KOMAÑCZA                      ","2025","06","08","12",24.7,,18.5,,"W","W",55,,"WSW",,3,,4,,6,
"249220180","KOMAÑCZA                      ","2025","06","08","18",14.2,,14.0,,"W","W",98,,"C  ",,0,,8,,5,
"249220180","KOMAÑCZA                      ","2025","06","09","06",11.9,,11.0,,"W","W",90,,"NW ",,4,,8,,4,
"249220180","KOMAÑCZA                      ","2025","06","09","12",16.8,,11.8,,"W","W",54,,"NW ",,4,,7,,6,
"249220180","KOMAÑCZA                      ","2025","06","09","18",12.5,,10.8,,"W","W",81,,"C  ",,0,,1,,6,
"249220180","KOMAÑCZA                      ","2025","06","10","06",9.4,,9.2,,"W","W",98,,"NNE",,1,,1,,6,
"249220180","KOMAÑCZA                      ","2025","06","10","12",19.0,,11.8,,"W","W",40,,"SW ",,3,,1,,6,
"249220180","KOMAÑCZA                      ","2025","06","10","18",16.0,,11.1,,"W","W",54,,"S  ",,1,,6,,6,
"249220180","KOMAÑCZA                      ","2025","06","11","06",16.0,,11.8,,"W","W",60,,"W  ",,2,,8,,6,
"249220180","KOMAÑCZA                      ","2025","06","11","12",17.8,,14.0,,"W","W",66,,"NW ",,5,,6,,6,
"249220180","KOMAÑCZA                      ","2025","06","11","18",13.8,,12.0,,"W","W",81,,"NNW",,3,,2,,6,
"249220180","KOMAÑCZA                      ","2025","06","12","06",12.7,,10.2,,"W","W",73,,"WNW",,3,,6,,6,
"249220180","KOMAÑCZA                      ","2025","06","12","12",18.8,,12.0,,"W","W",43,,"NW ",,5,,1,,6,
"249220180","KOMAÑCZA                      ","2025","06","12","18",15.0,,10.0,,"W","W",52,,"NNW",,1,,0,,6,
"249220180","KOMAÑCZA                      ","2025","06","13","06",9.9,,7.4,,"W","W",70,,"N  ",,3,,0,,6,
"249220180","KOMAÑCZA                      ","2025","06","13","12",16.2,,11.1,,"W","W",53,,"N  ",,4,,7,,6,
"249220180","KOMAÑCZA                      ","2025","06","13","18",12.9,,10.1,,"W","W",70,,"N  ",,2,,8,,6,
"249220180","KOMAÑCZA                      ","2025","06","14","06",11.6,,11.3,,"W","W",97,,"E  ",,1,,1,,6,
"249220180","KOMAÑCZA                      ","2025","06","14","12",21.1,,14.4,,"W","W",47,,"NW ",,4,,2,,6,
"249220180","KOMAÑCZA                      ","2025","06","14","18",17.4,,12.5,,"W","W",56,,"C  ",,0,,0,,6,
"249220180","KOMAÑCZA                      ","2025","06","15","06",11.8,,11.5,,"W","W",97,,"C  ",,0,,0,,6,
"249220180","KOMAÑCZA                      ","2025","06","15","12",23.3,,14.9,,"W","W",39,,"E  ",,1,,1,,6,
"249220180","KOMAÑCZA                      ","2025","06","15","18",19.0,,13.9,,"W","W",56,,"NW ",,1,,0,,6,
"249220180","KOMAÑCZA                      ","2025","06","16","06",15.6,,14.2,,"W","W",86,,"ENE",,1,,8,,6,
"249220180","KOMAÑCZA                      ","2025","06","16","12",26.7,,18.0,,"W","W",42,,"W  ",,1,,2,,6,
"249220180","KOMAÑCZA                      ","2025","06","16","18",21.0,,19.0,,"W","W",83,,"NW ",,4,,7,,5,
"249220180","KOMAÑCZA                      ","2025","06","17","06",14.4,,12.9,,"W","W",84,,"NNW",,2,,8,,5,
"249220180","KOMAÑCZA                      ","2025","06","17","12",20.6,,15.0,,"W","W",54,,"NW ",,4,,4,,6,
"249220180","KOMAÑCZA                      ","2025","06","17","18",17.8,,13.6,,"W","W",62,,"N  ",,1,,2,,6,
"249220180","KOMAÑCZA                      ","2025","06","18","06",14.6,,14.5,,"W","W",99,,"C  ",,0,,0,,6,
"249220180","KOMAÑCZA                      ","2025","06","18","12",24.5,,16.4,,"W","W",42,,"WSW",,3,,1,,6,
"249220180","KOMAÑCZA                      ","2025","06","18","18",22.0,,17.8,,"W","W",66,,"NW ",,1,,1,,6,
"249220180","KOMAÑCZA                      ","2025","06","19","06",18.0,,14.9,,"W","W",72,,"C  ",,0,,0,,6,
"249220180","KOMAÑCZA                      ","2025","06","19","12",23.7,,17.1,,"W","W",51,,"W  ",,2,,7,,6,
"249220180","KOMAÑCZA                      ","2025","06","19","18",17.8,,14.0,,"W","W",66,,"N  ",,2,,1,,6,
"249220180","KOMAÑCZA                      ","2025","06","20","06",13.3,,9.7,,"W","W",63,,"NW ",,3,,3,,6,
"249220180","KOMAÑCZA                      ","2025","06","20","12",18.2,,11.3,,"W","W",41,,"NW ",,5,,3,,6,
"249220180","KOMAÑCZA                      ","2025","06","20","18",14.8,,9.3,,"W","W",47,,"NNW",,2,,0,,6,
"249220180","KOMAÑCZA                      ","2025","06","21","06",11.9,,8.5,,"W","W",63,,"N  ",,2,,0,,6,
"249220180","KOMAÑCZA                      ","2025","06","21","12",19.6,,12.8,,"W","W",44,,"N  ",,3,,1,,6,
"249220180","KOMAÑCZA                      ","2025","06","21","18",16.4,,11.8,,"W","W",57,,"NW ",,1,,0,,6,
"249220180","KOMAÑCZA                      ","2025","06","22","06",15.0,,11.7,,"W","W",67,,"ESE",,2,,0,,6,
"249220180","KOMAÑCZA                      ","2025","06","22","12",24.5,,16.0,,"W","W",40,,"SW ",,3,,3,,6,
"249220180","KOMAÑCZA                      ","2025","06","22","18",21.1,,15.5,,"W","W",55,,"NNW",,1,,4,,6,
"249220180","KOMAÑCZA                      ","2025","06","23","06",16.8,,14.5,,"W","W",78,,"NNE",,1,,1,,6,
"249220180","KOMAÑCZA                      ","2025","06","23","12",26.9,,17.9,,"W","W",40,,"SW ",,3,,3,,6,
"249220180","KOMAÑCZA                      ","2025","06","23","18",23.7,,15.7,,"W","W",42,,"ESE",,1,,1,,6,
"249220180","KOMAÑCZA                      ","2025","06","24","06",15.2,,14.0,,"W","W",88,,"NW ",,3,,5,,5,
"249220180","KOMAÑCZA                      ","2025","06","24","12",23.1,,14.6,,"W","W",38,,"SW ",,3,,4,,6,
"249220180","KOMAÑCZA                      ","2025","06","24","18",18.8,,15.3,,"W","W",69,,"C  ",,0,,7,,6,
"249220180","KOMAÑCZA                      ","2025","06","25","06",20.2,,14.6,,"W","W",54,,"SSW",,3,,0,,6,
"249220180","KOMAÑCZA                      ","2025","06","25","12",26.9,,16.9,,"W","W",35,,"WNW",,5,,3,,6,
"249220180","KOMAÑCZA                      ","2025","06","25","18",24.3,,16.7,,"W","W",45,,"W  ",,2,,7,,6,
"249220180","KOMAÑCZA                      ","2025","06","26","06",18.7,,16.0,,"W","W",76,,"ENE",,1,,0,,6,
"249220180","KOMAÑCZA                      ","2025","06","26","12",24.7,,17.4,,"W","W",48,,"NNW",,3,,3,,6,
"249220180","KOMAÑCZA                      ","2025","06","26","18",22.7,,17.7,,"W","W",61,,"ENE",,1,,3,,6,
"249220180","KOMAÑCZA                      ","2025","06","27","06",17.8,,17.8,,"W","W",100,,"E  ",,1,,6,,6,
"249220180","KOMAÑCZA                      ","2025","06","27","12",23.7,,18.1,,"W","W",58,,"WNW",,5,,4,,6,
"249220180","KOMAÑCZA                      ","2025","06","27","18",21.0,,16.5,,"W","W",63,,"NW ",,3,,6,,6,
"249220180","KOMAÑCZA                      ","2025","06","28","06",15.2,,12.2,,"W","W",70,,"NW ",,3,,6,,6,
"249220180","KOMAÑCZA                      ","2025","06","28","12",20.6,,14.3,,"W","W",49,,"NW ",,4,,4,,6,
"249220180","KOMAÑCZA                      ","2025","06","28","18",19.6,,14.9,,"W","W",60,,"NW ",,1,,2,,6,
"249220180","KOMAÑCZA                      ","2025","06","29","06",16.2,,14.6,,"W","W",84,,"N  ",,1,,8,,6,
"249220180","KOMAÑCZA                      ","2025","06","29","12",23.7,,18.6,,"W","W",61,,"W  ",,3,,6,,6,
"249220180","KOMAÑCZA                      ","2025","06","29","18",22.5,,17.6,,"W","W",61,,"C  ",,0,,4,,6,
"249220180","KOMAÑCZA                      ","2025","06","30","06",16.2,,11.4,,"W","W",55,,"NW ",,4,,1,,6,
"249220180","KOMAÑCZA                      ","2025","06","30","12",22.5,,13.4,,"W","W",33,,"WNW",,5,,2,,6,
"249220180","KOMAÑCZA                      ","2025","06","30","18",19.8,,13.0,,"W","W",45,,"NNW",,2,,3,,6,
"250180580","DRONIOWICE                    ","2025","06","01","06",18.4,,16.7,,"W","N",83,,"WSW",,2,,4,,6,
"250180580","DRONIOWICE                    ","2025","06","01","12",27.0,,19.1,,"W","N",44,,"WNW",,4,,5,,7,
"250180580","DRONIOWICE                    ","2025","06","01","18",23.0,,17.8,,"W","N",58,,"SW ",,4,,8,,7,
"250180580","DRONIOWICE                    ","2025","06","02","06",18.6,,16.1,,"W","N",76,,"WNW",,5,,6,,6,
"250180580","DRONIOWICE                    ","2025","06","02","12",20.0,,16.5,,"W","N",68,,"W  ",,3,,6,,7,
"250180580","DRONIOWICE                    ","2025","06","02","18",20.5,,17.0,,"W","N",69,,"C  ",,0,,8,,7,
"250180580","DRONIOWICE                    ","2025","06","03","06",17.2,,16.9,,"W","N",97,,"WSW",,2,,8,,4,
"250180580","DRONIOWICE                    ","2025","06","03","12",21.9,,18.0,,"W","N",67,,"W  ",,2,,6,,7,
"250180580","DRONIOWICE                    ","2025","06","03","18",22.1,,17.7,,"W","N",63,,"SW ",,1,,6,,7,
"250180580","DRONIOWICE                    ","2025","06","04","06",20.7,,17.5,,"W","N",71,,"S  ",,3,,4,,6,
"250180580","DRONIOWICE                    ","2025","06","04","12",27.1,,19.7,,"W","N",48,,"SW ",,5,,5,,7,
"250180580","DRONIOWICE                    ","2025","06","04","18",23.9,,19.0,,"W","N",61,,"SSW",,1,,6,,7,
"250180580","DRONIOWICE                    ","2025","06","05","06",19.9,,17.9,,"W","N",81,,"WNW",,6,,6,,5,
"250180580","DRONIOWICE                    ","2025","06","05","12",26.1,,19.0,,"W","N",48,,"W  ",,6,,4,,7,
"250180580","DRONIOWICE                    ","2025","06","05","18",20.6,,17.0,,"W","N",68,,"SSW",,1,,8,,7,
"250180580","DRONIOWICE                    ","2025","06","06","06",18.1,,17.0,,"W","N",89,,"SSW",,2,,6,,5,
"250180580","DRONIOWICE                    ","2025","06","06","12",24.0,,17.5,,"W","N",50,,"SW ",,4,,6,,7,
"250180580","DRONIOWICE                    ","2025","06","06","18",18.5,,17.5,,"W","N",90,,"W  ",,6,,8,,4,
"250180580","DRONIOWICE                    ","2025","06","07","06",19.5,,17.5,,"W","N",81,,"SW ",,1,,8,,5,
"250180580","DRONIOWICE                    ","2025","06","07","12",19.1,,17.5,,"W","N",85,,"NW ",,1,,8,,5,
"250180580","DRONIOWICE                    ","2025","06","07","18",17.5,,16.6,,"W","N",91,,"SW ",,2,,8,,4,
"250180580","DRONIOWICE                    ","2025","06","08","06",16.6,,15.8,,"W","N",92,,"SSW",,1,,8,,4,
"250180580","DRONIOWICE                    ","2025","06","08","12",17.6,,15.6,,"W","N",80,,"SW ",,5,,8,,5,
"250180580","DRONIOWICE                    ","2025","06","08","18",14.4,,12.7,,"W","N",81,,"WSW",,4,,8,,5,
"250180580","DRONIOWICE                    ","2025","06","09","06",11.1,,9.7,,"W","N",83,,"WNW",,6,,8,,5,
"250180580","DRONIOWICE                    ","2025","06","09","12",16.0,,13.0,,"W","N",69,,"WNW",,6,,6,,7,
"250180580","DRONIOWICE                    ","2025","06","09","18",11.4,,10.2,,"W","N",85,,"C  ",,0,,7,,5,
"250180580","DRONIOWICE                    ","2025","06","10","06",13.1,,11.4,,"W","N",80,,"S  ",,2,,2,,6,
"250180580","DRONIOWICE                    ","2025","06","10","12",20.7,,14.0,,"W","N",44,,"SW ",,3,,6,,7,
"250180580","DRONIOWICE                    ","2025","06","10","18",19.2,,14.1,,"W","N",54,,"S  ",,2,,8,,7,
"250180580","DRONIOWICE                    ","2025","06","11","06",13.7,,12.5,,"W","N",86,,"WNW",,6,,8,,5,
"250180580","DRONIOWICE                    ","2025","06","11","12",13.7,,11.8,,"W","N",79,,"WNW",,6,,8,,6,
"250180580","DRONIOWICE                    ","2025","06","11","18",13.5,,11.4,,"W","N",76,,"NW ",,2,,4,,6,
"250180580","DRONIOWICE                    ","2025","06","12","06",12.9,,10.2,,"W","N",69,,"NW ",,1,,2,,7,
"250180580","DRONIOWICE                    ","2025","06","12","12",19.6,,14.0,,"W","N",51,,"NW ",,3,,3,,8,
"250180580","DRONIOWICE                    ","2025","06","12","18",17.2,,12.0,,"W","N",50,,"N  ",,2,,3,,7,
"250180580","DRONIOWICE                    ","2025","06","13","06",12.5,,9.6,,"W","N",67,,"NE ",,3,,1,,8,
"250180580","DRONIOWICE                    ","2025","06","13","12",19.7,,13.9,,"W","N",49,,"NNE",,3,,4,,8,
"250180580","DRONIOWICE                    ","2025","06","13","18",14.2,,11.0,,"W","N",65,,"E  ",,2,,4,,7,
"250180580","DRONIOWICE                    ","2025","06","14","06",16.6,,13.5,,"W","N",69,,"ENE",,1,,2,,7,
"250180580","DRONIOWICE                    ","2025","06","14","12",23.7,,15.7,,"W","N",39,,"N  ",,2,,2,,8,
"250180580","DRONIOWICE                    ","2025","06","14","18",20.8,,14.6,,"W","N",48,,"E  ",,1,,3,,7,
"250180580","DRONIOWICE                    ","2025","06","15","06",19.9,,14.9,,"W","N",56,,"SE ",,2,,1,,8,
"250180580","DRONIOWICE                    ","2025","06","15","12",27.9,,17.3,,"W","N",30,,"E  ",,1,,3,,8,
"250180580","DRONIOWICE                    ","2025","06","15","18",21.3,,16.3,,"W","N",57,,"SE ",,1,,3,,8,
"250180580","DRONIOWICE                    ","2025","06","16","06",19.7,,17.9,,"W","N",83,,"NNW",,6,,7,,5,
"250180580","DRONIOWICE                    ","2025","06","16","12",16.5,,15.6,,"W","N",91,,"NW ",,5,,8,,4,
"250180580","DRONIOWICE                    ","2025","06","16","18",15.3,,14.2,,"W","N",88,,"NNW",,4,,8,,5,
"250180580","DRONIOWICE                    ","2025","06","17","06",16.4,,13.3,,"W","N",69,,"WSW",,1,,2,,7,
"250180580","DRONIOWICE                    ","2025","06","17","12",22.5,,15.5,,"W","N",44,,"NW ",,5,,4,,8,
"250180580","DRONIOWICE                    ","2025","06","17","18",19.6,,15.2,,"W","N",60,,"NW ",,2,,3,,7,
"250180580","DRONIOWICE                    ","2025","06","18","06",19.6,,15.7,,"W","N",65,,"SW ",,3,,2,,8,
"250180580","DRONIOWICE                    ","2025","06","18","12",27.4,,17.7,,"W","N",34,,"WNW",,5,,4,,8,
"250180580","DRONIOWICE                    ","2025","06","18","18",21.4,,17.1,,"W","N",63,,"NW ",,2,,5,,7,
"250180580","DRONIOWICE                    ","2025","06","19","06",17.3,,15.2,,"W","N",79,,"SW ",,1,,7,,6,
"250180580","DRONIOWICE                    ","2025","06","19","12",21.0,,14.1,,"W","N",43,,"NNW",,7,,6,,7,
"250180580","DRONIOWICE                    ","2025","06","19","18",18.9,,11.9,,"W","N",38,,"NNW",,5,,3,,7,
"250180580","DRONIOWICE                    ","2025","06","20","06",15.1,,11.2,,"W","N",59,,"NW ",,4,,4,,7,
"250180580","DRONIOWICE                    ","2025","06","20","12",18.7,,11.5,,"W","N",36,,"N  ",,4,,6,,7,
"250180580","DRONIOWICE                    ","2025","06","20","18",18.3,,11.5,,"W","N",39,,"NNW",,3,,2,,8,
"250180580","DRONIOWICE                    ","2025","06","21","06",16.9,,11.6,,"W","N",49,,"SE ",,1,,2,,8,
"250180580","DRONIOWICE                    ","2025","06","21","12",23.3,,13.7,,"W","N",28,,"WSW",,3,,1,,8,
"250180580","DRONIOWICE                    ","2025","06","21","18",18.1,,13.5,,"W","N",57,,"W  ",,2,,1,,8,
"250180580","DRONIOWICE                    ","2025","06","22","06",20.1,,14.6,,"W","N",52,,"WSW",,3,,1,,8,
"250180580","DRONIOWICE                    ","2025","06","22","12",28.2,,16.7,,"W","N",26,,"NW ",,4,,2,,8,
"250180580","DRONIOWICE                    ","2025","06","22","18",24.8,,17.8,,"W","N",47,,"C  ",,0,,4,,7,
"250180580","DRONIOWICE                    ","2025","06","23","06",23.4,,16.3,,"W","N",45,,"SSW",,4,,4,,7,
"250180580","DRONIOWICE                    ","2025","06","23","12",27.9,,18.7,,"W","N",38,,"W  ",,6,,4,,7,
"250180580","DRONIOWICE                    ","2025","06","23","18",24.3,,20.7,,"W","N",71,,"WSW",,2,,8,,6,
"250180580","DRONIOWICE                    ","2025","06","24","06",16.4,,13.3,,"W","N",69,,"WSW",,4,,2,,7,
"250180580","DRONIOWICE                    ","2025","06","24","12",22.1,,14.7,,"W","N",41,,"W  ",,7,,4,,7,
"250180580","DRONIOWICE                    ","2025","06","24","18",20.6,,15.9,,"W","N",59,,"C  ",,0,,5,,7,
"250180580","DRONIOWICE                    ","2025","06","25","06",19.7,,15.9,,"W","N",66,,"WNW",,7,,4,,7,
"250180580","DRONIOWICE                    ","2025","06","25","12",25.0,,17.5,,"W","N",44,,"W  ",,8,,6,,7,
"250180580","DRONIOWICE                    ","2025","06","25","18",22.7,,17.9,,"W","N",60,,"WNW",,2,,5,,7,
"250180580","DRONIOWICE                    ","2025","06","26","06",21.0,,17.5,,"W","N",69,,"SE ",,2,,1,,7,
"250180580","DRONIOWICE                    ","2025","06","26","12",28.5,,19.9,,"W","N",42,,"WNW",,3,,4,,7,
"250180580","DRONIOWICE                    ","2025","06","26","18",25.0,,20.7,,"W","N",66,,"C  ",,0,,6,,7,
"250180580","DRONIOWICE                    ","2025","06","27","06",19.9,,17.7,,"W","N",80,,"WNW",,5,,8,,5,
"250180580","DRONIOWICE                    ","2025","06","27","12",21.9,,16.9,,"W","N",58,,"NW ",,3,,7,,7,
"250180580","DRONIOWICE                    ","2025","06","27","18",16.7,,16.0,,"W","N",93,,"NW ",,2,,8,,4,
"250180580","DRONIOWICE                    ","2025","06","28","06",16.4,,14.4,,"W","N",79,,"NW ",,2,,4,,6,
"250180580","DRONIOWICE                    ","2025","06","28","12",23.5,,15.8,,"W","N",41,,"WNW",,5,,2,,7,
"250180580","DRONIOWICE                    ","2025","06","28","18",21.9,,17.4,,"W","N",62,,"NW ",,2,,3,,7,
"250180580","DRONIOWICE                    ","2025","06","29","06",22.2,,18.9,,"W","N",72,,"NW ",,4,,5,,6,
"250180580","DRONIOWICE                    ","2025","06","29","12",27.5,,19.7,,"W","N",46,,"NW ",,5,,4,,7,
"250180580","DRONIOWICE                    ","2025","06","29","18",24.0,,18.5,,"W","N",57,,"WNW",,4,,4,,7,
"250180580","DRONIOWICE                    ","2025","06","30","06",16.9,,12.9,,"W","N",61,,"N  ",,4,,4,,7,
"250180580","DRONIOWICE                    ","2025","06","30","12",23.3,,14.3,,"W","N",32,,"NNW",,5,,1,,8,
"250180580","DRONIOWICE                    ","2025","06","30","18",21.1,,14.5,,"W","N",45,,"N  ",,2,,1,,8,
"250190390","KRAKÓW-OBSERWATORIUM          ","2025","06","01","06",19.3,,16.5,,"W","W",75,,"SSE",,1,,3,,9,
"250190390","KRAKÓW-OBSERWATORIUM          ","2025","06","01","12",28.7,,18.8,,"W","W",38,,"W  ",,3,,4,,9,
"250190390","KRAKÓW-OBSERWATORIUM          ","2025","06","01","18",22.6,,18.3,,"W","W",66,,"SSW",,2,,6,,9,
"250190390","KRAKÓW-OBSERWATORIUM          ","2025","06","02","06",19.3,,17.9,,"W","W",87,,"WNW",,2,,6,,9,
"250190390","KRAKÓW-OBSERWATORIUM          ","2025","06","02","12",26.5,,20.7,,"W","W",59,,"N  ",,2,,6,,9,
"250190390","KRAKÓW-OBSERWATORIUM          ","2025","06","02","18",21.2,,19.5,,"W","W",85,,"SE ",,2,,8,,8,
"250190390","KRAKÓW-OBSERWATORIUM          ","2025","06","03","06",17.0,,16.2,,"W","W",92,,"C  ",,0,,7,,8,
"250190390","KRAKÓW-OBSERWATORIUM          ","2025","06","03","12",19.2,,18.0,,"W","W",89,,"WNW",,2,,8,,8,
"250190390","KRAKÓW-OBSERWATORIUM          ","2025","06","03","18",20.0,,18.1,,"W","W",83,,"C  ",,0,,2,,8,
"250190390","KRAKÓW-OBSERWATORIUM          ","2025","06","04","06",17.5,,16.4,,"W","W",89,,"E  ",,1,,1,,9,
"250190390","KRAKÓW-OBSERWATORIUM          ","2025","06","04","12",28.1,,19.3,,"W","W",43,,"S  ",,2,,1,,8,
"250190390","KRAKÓW-OBSERWATORIUM          ","2025","06","04","18",25.9,,20.8,,"W","W",63,,"ESE",,1,,2,,8,
"250190390","KRAKÓW-OBSERWATORIUM          ","2025","06","05","06",22.9,,17.7,,"W","W",60,,"W  ",,5,,3,,9,
"250190390","KRAKÓW-OBSERWATORIUM          ","2025","06","05","12",28.9,,19.9,,"W","W",43,,"W  ",,3,,2,,9,
"250190390","KRAKÓW-OBSERWATORIUM          ","2025","06","05","18",25.4,,19.7,,"W","W",59,,"W  ",,1,,4,,9,
"250190390","KRAKÓW-OBSERWATORIUM          ","2025","06","06","06",17.6,,16.0,,"W","W",85,,"SSW",,1,,2,,9,
"250190390","KRAKÓW-OBSERWATORIUM          ","2025","06","06","12",28.4,,18.4,,"W","W",37,,"W  ",,4,,1,,8,
"250190390","KRAKÓW-OBSERWATORIUM          ","2025","06","06","18",25.9,,19.4,,"W","W",54,,"WNW",,1,,1,,8,
"250190390","KRAKÓW-OBSERWATORIUM          ","2025","06","07","06",20.4,,17.7,,"W","W",77,,"NNW",,1,,7,,9,
"250190390","KRAKÓW-OBSERWATORIUM          ","2025","06","07","12",29.5,,21.5,,"W","W",49,,"ESE",,3,,6,,9,
"250190390","KRAKÓW-OBSERWATORIUM          ","2025","06","07","18",21.3,,17.4,,"W","W",68,,"N  ",,1,,7,,9,
"250190390","KRAKÓW-OBSERWATORIUM          ","2025","06","08","06",18.2,,15.9,,"W","W",79,,"SSE",,1,,4,,9,
"250190390","KRAKÓW-OBSERWATORIUM          ","2025","06","08","12",17.9,,16.0,,"W","W",82,,"NW ",,2,,8,,8,
"250190390","KRAKÓW-OBSERWATORIUM          ","2025","06","08","18",16.4,,14.7,,"W","W",83,,"WNW",,1,,3,,8,
"250190390","KRAKÓW-OBSERWATORIUM          ","2025","06","09","06",13.3,,10.5,,"W","W",71,,"W  ",,3,,7,,9,
"250190390","KRAKÓW-OBSERWATORIUM          ","2025","06","09","12",14.4,,12.3,,"W","W",78,,"NW ",,2,,7,,9,
"250190390","KRAKÓW-OBSERWATORIUM          ","2025","06","09","18",15.5,,11.6,,"W","W",62,,"W  ",,1,,2,,9,
"250190390","KRAKÓW-OBSERWATORIUM          ","2025","06","10","06",13.0,,10.5,,"W","W",73,,"SE ",,1,,5,,9,
"250190390","KRAKÓW-OBSERWATORIUM          ","2025","06","10","12",22.0,,14.1,,"W","W",40,,"S  ",,3,,6,,8,
"250190390","KRAKÓW-OBSERWATORIUM          ","2025","06","10","18",21.4,,15.1,,"W","W",50,,"W  ",,2,,8,,8,
"250190390","KRAKÓW-OBSERWATORIUM          ","2025","06","11","06",15.3,,13.7,,"W","W",84,,"WNW",,3,,7,,7,
"250190390","KRAKÓW-OBSERWATORIUM          ","2025","06","11","12",17.7,,13.3,,"W","W",60,,"NW ",,3,,7,,8,
"250190390","KRAKÓW-OBSERWATORIUM          ","2025","06","11","18",16.5,,12.5,,"W","W",63,,"WNW",,2,,1,,8,
"250190390","KRAKÓW-OBSERWATORIUM          ","2025","06","12","06",13.5,,11.3,,"W","W",77,,"W  ",,1,,0,,8,
"250190390","KRAKÓW-OBSERWATORIUM          ","2025","06","12","12",21.8,,13.0,,"W","W",34,,"WNW",,2,,1,,8,
"250190390","KRAKÓW-OBSERWATORIUM          ","2025","06","12","18",18.9,,12.9,,"W","W",49,,"NNW",,2,,1,,8,
"250190390","KRAKÓW-OBSERWATORIUM          ","2025","06","13","06",13.0,,9.3,,"W","W",61,,"NNE",,1,,1,,9,
"250190390","KRAKÓW-OBSERWATORIUM          ","2025","06","13","12",20.3,,14.1,,"W","W",50,,"NNE",,3,,6,,9,
"250190390","KRAKÓW-OBSERWATORIUM          ","2025","06","13","18",15.5,,11.9,,"W","W",65,,"NNE",,1,,2,,9,
"250190390","KRAKÓW-OBSERWATORIUM          ","2025","06","14","06",14.3,,10.9,,"W","W",66,,"C  ",,0,,0,,9,
"250190390","KRAKÓW-OBSERWATORIUM          ","2025","06","14","12",23.7,,15.5,,"W","W",41,,"SE ",,2,,3,,9,
"250190390","KRAKÓW-OBSERWATORIUM          ","2025","06","14","18",21.8,,14.1,,"W","W",41,,"ENE",,2,,2,,9,
"250190390","KRAKÓW-OBSERWATORIUM          ","2025","06","15","06",15.7,,12.9,,"W","W",73,,"E  ",,1,,0,,9,
"250190390","KRAKÓW-OBSERWATORIUM          ","2025","06","15","12",26.1,,16.3,,"W","W",35,,"SW ",,1,,0,,9,
"250190390","KRAKÓW-OBSERWATORIUM          ","2025","06","15","18",23.4,,15.7,,"W","W",43,,"E  ",,2,,1,,9,
"250190390","KRAKÓW-OBSERWATORIUM          ","2025","06","16","06",18.4,,15.7,,"W","W",75,,"WSW",,3,,1,,8,
"250190390","KRAKÓW-OBSERWATORIUM          ","2025","06","16","12",25.2,,20.1,,"W","W",62,,"W  ",,3,,6,,8,
"250190390","KRAKÓW-OBSERWATORIUM          ","2025","06","16","18",18.2,,15.9,,"W","W",79,,"NNW",,2,,8,,8,
"250190390","KRAKÓW-OBSERWATORIUM          ","2025","06","17","06",16.4,,14.3,,"W","W",80,,"W  ",,2,,2,,8,
"250190390","KRAKÓW-OBSERWATORIUM          ","2025","06","17","12",23.5,,16.4,,"W","W",47,,"NNW",,2,,4,,8,
"250190390","KRAKÓW-OBSERWATORIUM          ","2025","06","17","18",22.2,,15.9,,"W","W",51,,"NNW",,1,,2,,8,
"250190390","KRAKÓW-OBSERWATORIUM          ","2025","06","18","06",17.0,,14.5,,"W","W",76,,"WNW",,1,,1,,8,
"250190390","KRAKÓW-OBSERWATORIUM          ","2025","06","18","12",26.5,,17.6,,"W","W",40,,"W  ",,3,,4,,8,
"250190390","KRAKÓW-OBSERWATORIUM          ","2025","06","18","18",25.1,,17.9,,"W","W",49,,"W  ",,2,,5,,8,
"250190390","KRAKÓW-OBSERWATORIUM          ","2025","06","19","06",20.6,,16.3,,"W","W",64,,"SSW",,1,,3,,8,
"250190390","KRAKÓW-OBSERWATORIUM          ","2025","06","19","12",23.8,,17.6,,"W","W",54,,"NW ",,4,,5,,8,
"250190390","KRAKÓW-OBSERWATORIUM          ","2025","06","19","18",21.1,,13.3,,"W","W",40,,"NW ",,3,,1,,8,
"250190390","KRAKÓW-OBSERWATORIUM          ","2025","06","20","06",14.5,,10.3,,"W","W",58,,"NW ",,2,,1,,8,
"250190390","KRAKÓW-OBSERWATORIUM          ","2025","06","20","12",20.8,,12.4,,"W","W",35,,"W  ",,3,,5,,8,
"250190390","KRAKÓW-OBSERWATORIUM          ","2025","06","20","18",19.0,,12.3,,"W","W",44,,"NNW",,1,,3,,8,
"250190390","KRAKÓW-OBSERWATORIUM          ","2025","06","21","06",14.8,,10.9,,"W","W",62,,"SW ",,1,,1,,8,
"250190390","KRAKÓW-OBSERWATORIUM          ","2025","06","21","12",23.6,,13.8,,"W","W",31,,"NE ",,1,,1,,9,
"250190390","KRAKÓW-OBSERWATORIUM          ","2025","06","21","18",21.5,,13.4,,"W","W",38,,"WSW",,1,,0,,9,
"250190390","KRAKÓW-OBSERWATORIUM          ","2025","06","22","06",17.0,,12.3,,"W","W",57,,"SW ",,1,,1,,9,
"250190390","KRAKÓW-OBSERWATORIUM          ","2025","06","22","12",28.8,,17.7,,"W","W",32,,"WNW",,3,,3,,9,
"250190390","KRAKÓW-OBSERWATORIUM          ","2025","06","22","18",25.8,,17.1,,"W","W",41,,"W  ",,1,,3,,9,
"250190390","KRAKÓW-OBSERWATORIUM          ","2025","06","23","06",20.1,,15.8,,"W","W",64,,"C  ",,0,,1,,9,
"250190390","KRAKÓW-OBSERWATORIUM          ","2025","06","23","12",30.9,,18.4,,"W","W",28,,"W  ",,3,,6,,8,
"250190390","KRAKÓW-OBSERWATORIUM          ","2025","06","23","18",28.3,,17.9,,"W","W",35,,"W  ",,1,,6,,8,
"250190390","KRAKÓW-OBSERWATORIUM          ","2025","06","24","06",17.3,,11.9,,"W","W",52,,"WNW",,2,,1,,9,
"250190390","KRAKÓW-OBSERWATORIUM          ","2025","06","24","12",24.1,,15.7,,"W","W",40,,"WNW",,4,,4,,9,
"250190390","KRAKÓW-OBSERWATORIUM          ","2025","06","24","18",23.5,,15.7,,"W","W",43,,"N  ",,2,,7,,9,
"250190390","KRAKÓW-OBSERWATORIUM          ","2025","06","25","06",22.1,,16.2,,"W","W",54,,"W  ",,4,,0,,8,
"250190390","KRAKÓW-OBSERWATORIUM          ","2025","06","25","12",26.6,,18.5,,"W","W",45,,"W  ",,4,,4,,9,
"250190390","KRAKÓW-OBSERWATORIUM          ","2025","06","25","18",26.7,,18.2,,"W","W",43,,"WNW",,2,,7,,9,
"250190390","KRAKÓW-OBSERWATORIUM          ","2025","06","26","06",19.9,,16.5,,"W","W",71,,"ENE",,2,,1,,9,
"250190390","KRAKÓW-OBSERWATORIUM          ","2025","06","26","12",28.3,,19.4,,"W","W",42,,"W  ",,1,,3,,9,
"250190390","KRAKÓW-OBSERWATORIUM          ","2025","06","26","18",26.2,,20.1,,"W","W",57,,"ESE",,3,,2,,9,
"250190390","KRAKÓW-OBSERWATORIUM          ","2025","06","27","06",21.1,,18.8,,"W","W",80,,"W  ",,3,,5,,9,
"250190390","KRAKÓW-OBSERWATORIUM          ","2025","06","27","12",24.8,,18.7,,"W","W",55,,"WNW",,3,,7,,9,
"250190390","KRAKÓW-OBSERWATORIUM          ","2025","06","27","18",21.9,,17.1,,"W","W",62,,"NW ",,2,,8,,9,
"250190390","KRAKÓW-OBSERWATORIUM          ","2025","06","28","06",17.1,,13.8,,"W","W",69,,"NW ",,2,,4,,9,
"250190390","KRAKÓW-OBSERWATORIUM          ","2025","06","28","12",23.8,,15.9,,"W","W",43,,"WNW",,3,,5,,9,
"250190390","KRAKÓW-OBSERWATORIUM          ","2025","06","28","18",24.2,,16.6,,"W","W",45,,"WNW",,2,,6,,9,
"250190390","KRAKÓW-OBSERWATORIUM          ","2025","06","29","06",21.2,,17.7,,"W","W",71,,"W  ",,1,,7,,9,
"250190390","KRAKÓW-OBSERWATORIUM          ","2025","06","29","12",28.1,,20.5,,"W","W",50,,"W  ",,4,,3,,9,
"250190390","KRAKÓW-OBSERWATORIUM          ","2025","06","29","18",27.1,,18.9,,"W","W",45,,"NW ",,2,,7,,9,
"250190390","KRAKÓW-OBSERWATORIUM          ","2025","06","30","06",18.2,,12.6,,"W","W",51,,"NW ",,2,,2,,9,
"250190390","KRAKÓW-OBSERWATORIUM          ","2025","06","30","12",25.4,,14.8,,"W","W",29,,"NW ",,3,,2,,9,
"250190390","KRAKÓW-OBSERWATORIUM          ","2025","06","30","18",23.5,,14.6,,"W","W",36,,"NNW",,2,,2,,9,
"250210050","ŒWIÊTY KRZY¯                  ","2025","06","01","06",18.8,,15.2,,"W","W",68,,"SSW",,1,,,"8",,"8"
"250210050","ŒWIÊTY KRZY¯                  ","2025","06","01","12",23.0,,17.1,,"W","W",55,,"WSW",,2,,,"8",,"8"
"250210050","ŒWIÊTY KRZY¯                  ","2025","06","01","18",17.9,,16.2,,"W","W",84,,"S  ",,4,,,"8",,"8"
"250210050","ŒWIÊTY KRZY¯                  ","2025","06","02","06",16.5,,15.8,,"W","W",93,,"WSW",,6,,,"8",,"8"
"250210050","ŒWIÊTY KRZY¯                  ","2025","06","02","12",22.4,,17.0,,"W","W",58,,"SW ",,4,,,"8",,"8"
"250210050","ŒWIÊTY KRZY¯                  ","2025","06","02","18",20.9,,16.3,,"W","W",62,,"NW ",,2,,,"8",,"8"
"250210050","ŒWIÊTY KRZY¯                  ","2025","06","03","06",14.2,,14.0,,"W","W",98,,"SSW",,2,,,"8",,"8"
"250210050","ŒWIÊTY KRZY¯                  ","2025","06","03","12",15.8,,15.6,,"W","W",98,,"SW ",,3,,,"8",,"8"
"250210050","ŒWIÊTY KRZY¯                  ","2025","06","03","18",16.8,,15.2,,"W","W",85,,"SW ",,4,,,"8",,"8"
"250210050","ŒWIÊTY KRZY¯                  ","2025","06","04","06",16.1,,15.4,,"W","W",93,,"S  ",,4,,,"8",,"8"
"250210050","ŒWIÊTY KRZY¯                  ","2025","06","04","12",21.6,,18.0,,"W","W",70,,"SSW",,3,,,"8",,"8"
"250210050","ŒWIÊTY KRZY¯                  ","2025","06","04","18",20.8,,17.3,,"W","W",71,,"S  ",,4,,,"8",,"8"
"250210050","ŒWIÊTY KRZY¯                  ","2025","06","05","06",19.7,,16.4,,"W","W",71,,"SW ",,8,,,"8",,"8"
"250210050","ŒWIÊTY KRZY¯                  ","2025","06","05","12",23.3,,18.0,,"W","W",59,,"WSW",,5,,,"8",,"8"
"250210050","ŒWIÊTY KRZY¯                  ","2025","06","05","18",21.9,,16.5,,"W","W",57,,"W  ",,3,,,"8",,"8"
"250210050","ŒWIÊTY KRZY¯                  ","2025","06","06","06",15.6,,15.6,,"W","W",100,,"SSW",,4,,,"8",,"8"
"250210050","ŒWIÊTY KRZY¯                  ","2025","06","06","12",22.9,,17.0,,"W","W",55,,"SW ",,5,,,"8",,"8"
"250210050","ŒWIÊTY KRZY¯                  ","2025","06","06","18",21.3,,16.2,,"W","W",59,,"WSW",,4,,,"8",,"8"
"250210050","ŒWIÊTY KRZY¯                  ","2025","06","07","06",17.4,,14.7,,"W","W",75,,"WSW",,3,,,"8",,"8"
"250210050","ŒWIÊTY KRZY¯                  ","2025","06","07","12",22.4,,18.3,,"W","W",67,,"SSW",,3,,,"8",,"8"
"250210050","ŒWIÊTY KRZY¯                  ","2025","06","07","18",15.1,,14.8,,"W","W",97,,"NNE",,4,,,"8",,"8"
"250210050","ŒWIÊTY KRZY¯                  ","2025","06","08","06",14.3,,14.3,,"W","W",100,,"W  ",,3,,,"8",,"8"
"250210050","ŒWIÊTY KRZY¯                  ","2025","06","08","12",15.6,,14.9,,"W","W",93,,"SW ",,3,,,"8",,"8"
"250210050","ŒWIÊTY KRZY¯                  ","2025","06","08","18",13.1,,13.1,,"W","W",100,,"SSW",,5,,,"8",,"8"
"250210050","ŒWIÊTY KRZY¯                  ","2025","06","09","06",9.0,,8.7,,"W","W",96,,"W  ",,4,,,"8",,"8"
"250210050","ŒWIÊTY KRZY¯                  ","2025","06","09","12",13.5,,10.3,,"W","W",67,,"W  ",,5,,,"8",,"8"
"250210050","ŒWIÊTY KRZY¯                  ","2025","06","09","18",11.1,,9.1,,"W","W",77,,"W  ",,4,,,"8",,"8"
"250210050","ŒWIÊTY KRZY¯                  ","2025","06","10","06",11.4,,9.4,,"W","W",77,,"SSW",,2,,,"8",,"8"
"250210050","ŒWIÊTY KRZY¯                  ","2025","06","10","12",15.9,,11.9,,"W","W",62,,"SSW",,4,,,"8",,"8"
"250210050","ŒWIÊTY KRZY¯                  ","2025","06","10","18",15.2,,11.9,,"W","W",68,,"S  ",,4,,,"8",,"8"
"250210050","ŒWIÊTY KRZY¯                  ","2025","06","11","06",11.6,,11.6,,"W","W",100,,"WNW",,5,,,"8",,"8"
"250210050","ŒWIÊTY KRZY¯                  ","2025","06","11","12",14.8,,12.9,,"W","W",81,,"WNW",,7,,,"8",,"8"
"250210050","ŒWIÊTY KRZY¯                  ","2025","06","11","18",12.6,,11.0,,"W","W",82,,"NW ",,4,,,"8",,"8"
"250210050","ŒWIÊTY KRZY¯                  ","2025","06","12","06",12.0,,9.7,,"W","W",75,,"NNE",,4,,,"8",,"8"
"250210050","ŒWIÊTY KRZY¯                  ","2025","06","12","12",17.4,,12.1,,"W","W",53,,"N  ",,4,,,"8",,"8"
"250210050","ŒWIÊTY KRZY¯                  ","2025","06","12","18",14.0,,10.4,,"W","W",63,,"NNE",,4,,,"8",,"8"
"250210050","ŒWIÊTY KRZY¯                  ","2025","06","13","06",7.0,,6.8,,"W","W",97,,"NNE",,5,,,"8",,"8"
"250210050","ŒWIÊTY KRZY¯                  ","2025","06","13","12",11.6,,10.3,,"W","W",85,,"NNW",,3,,,"8",,"8"
"250210050","ŒWIÊTY KRZY¯                  ","2025","06","13","18",13.4,,12.0,,"W","W",85,,"N  ",,3,,,"8",,"8"
"250210050","ŒWIÊTY KRZY¯                  ","2025","06","14","06",14.5,,12.4,,"W","W",78,,"NE ",,2,,,"8",,"8"
"250210050","ŒWIÊTY KRZY¯                  ","2025","06","14","12",20.1,,14.0,,"W","W",50,,"NE ",,4,,,"8",,"8"
"250210050","ŒWIÊTY KRZY¯                  ","2025","06","14","18",15.7,,11.7,,"W","W",62,,"ENE",,2,,,"8",,"8"
"250210050","ŒWIÊTY KRZY¯                  ","2025","06","15","06",17.6,,12.2,,"W","W",52,,"SW ",,1,,,"8",,"8"
"250210050","ŒWIÊTY KRZY¯                  ","2025","06","15","12",22.1,,16.0,,"W","W",52,,"E  ",,2,,,"8",,"8"
"250210050","ŒWIÊTY KRZY¯                  ","2025","06","15","18",20.0,,14.2,,"W","W",52,,"SSE",,2,,,"8",,"8"
"250210050","ŒWIÊTY KRZY¯                  ","2025","06","16","06",19.0,,14.0,,"W","W",57,,"SSW",,2,,,"8",,"8"
"250210050","ŒWIÊTY KRZY¯                  ","2025","06","16","12",24.8,,17.2,,"W","W",46,,"WSW",,2,,,"8",,"8"
"250210050","ŒWIÊTY KRZY¯                  ","2025","06","16","18",15.5,,14.8,,"W","W",93,,"N  ",,7,,,"8",,"8"
"250210050","ŒWIÊTY KRZY¯                  ","2025","06","17","06",14.9,,12.7,,"W","W",78,,"NNW",,5,,,"8",,"8"
"250210050","ŒWIÊTY KRZY¯                  ","2025","06","17","12",19.5,,14.7,,"W","W",59,,"NNW",,3,,,"8",,"8"
"250210050","ŒWIÊTY KRZY¯                  ","2025","06","17","18",17.1,,13.4,,"W","W",66,,"NNW",,4,,,"8",,"8"
"250210050","ŒWIÊTY KRZY¯                  ","2025","06","18","06",17.4,,14.0,,"W","W",69,,"W  ",,3,,,"8",,"8"
"250210050","ŒWIÊTY KRZY¯                  ","2025","06","18","12",22.9,,16.3,,"W","W",50,,"W  ",,5,,,"8",,"8"
"250210050","ŒWIÊTY KRZY¯                  ","2025","06","18","18",21.7,,15.9,,"W","W",54,,"WNW",,5,,,"8",,"8"
"250210050","ŒWIÊTY KRZY¯                  ","2025","06","19","06",15.5,,12.2,,"W","W",68,,"WNW",,4,,,"8",,"8"
"250210050","ŒWIÊTY KRZY¯                  ","2025","06","19","12",15.3,,14.2,,"W","W",89,,"W  ",,6,,,"8",,"8"
"250210050","ŒWIÊTY KRZY¯                  ","2025","06","19","18",15.9,,10.5,,"W","W",50,,"NNW",,6,,,"8",,"8"
"250210050","ŒWIÊTY KRZY¯                  ","2025","06","20","06",12.2,,9.3,,"W","W",68,,"N  ",,4,,,"8",,"8"
"250210050","ŒWIÊTY KRZY¯                  ","2025","06","20","12",17.6,,11.2,,"W","W",44,,"N  ",,6,,,"8",,"8"
"250210050","ŒWIÊTY KRZY¯                  ","2025","06","20","18",15.1,,10.8,,"W","W",58,,"N  ",,5,,,"8",,"8"
"250210050","ŒWIÊTY KRZY¯                  ","2025","06","21","06",13.2,,9.9,,"W","W",65,,"NE ",,3,,,"8",,"8"
"250210050","ŒWIÊTY KRZY¯                  ","2025","06","21","12",18.9,,12.2,,"W","W",44,,"NNE",,2,,,"8",,"8"
"250210050","ŒWIÊTY KRZY¯                  ","2025","06","21","18",17.7,,11.6,,"W","W",47,,"W  ",,4,,,"8",,"8"
"250210050","ŒWIÊTY KRZY¯                  ","2025","06","22","06",17.3,,12.5,,"W","W",57,,"W  ",,5,,,"8",,"8"
"250210050","ŒWIÊTY KRZY¯                  ","2025","06","22","12",23.8,,15.6,,"W","W",41,,"NNW",,5,,,"8",,"8"
"250210050","ŒWIÊTY KRZY¯                  ","2025","06","22","18",20.1,,15.5,,"W","W",61,,"NNE",,3,,,"8",,"8"
"250210050","ŒWIÊTY KRZY¯                  ","2025","06","23","06",17.8,,11.7,,"W","W",47,,"SSW",,6,,,"8",,"8"
"250210050","ŒWIÊTY KRZY¯                  ","2025","06","23","12",25.5,,17.0,,"W","W",41,,"SSW",,5,,,"8",,"8"
"250210050","ŒWIÊTY KRZY¯                  ","2025","06","23","18",23.8,,16.7,,"W","W",48,,"WSW",,6,,,"8",,"8"
"250210050","ŒWIÊTY KRZY¯                  ","2025","06","24","06",12.8,,11.2,,"W","W",83,,"W  ",,4,,,"8",,"8"
"250210050","ŒWIÊTY KRZY¯                  ","2025","06","24","12",18.0,,12.7,,"W","W",53,,"W  ",,5,,,"8",,"8"
"250210050","ŒWIÊTY KRZY¯                  ","2025","06","24","18",16.0,,12.0,,"W","W",62,,"NNW",,2,,,"8",,"8"
"250210050","ŒWIÊTY KRZY¯                  ","2025","06","25","06",17.4,,14.4,,"W","W",72,,"W  ",,6,,,"8",,"8"
"250210050","ŒWIÊTY KRZY¯                  ","2025","06","25","12",21.5,,16.3,,"W","W",58,,"WNW",,4,,,"8",,"8"
"250210050","ŒWIÊTY KRZY¯                  ","2025","06","25","18",18.4,,15.9,,"W","W",77,,"WNW",,8,,,"8",,"8"
"250210050","ŒWIÊTY KRZY¯                  ","2025","06","26","06",15.4,,12.7,,"W","W",73,,"N  ",,3,,,"8",,"8"
"250210050","ŒWIÊTY KRZY¯                  ","2025","06","26","12",22.2,,16.0,,"W","W",52,,"NW ",,3,,,"8",,"8"
"250210050","ŒWIÊTY KRZY¯                  ","2025","06","26","18",21.0,,16.1,,"W","W",60,,"SSW",,2,,,"8",,"8"
"250210050","ŒWIÊTY KRZY¯                  ","2025","06","27","06",16.8,,16.7,,"W","W",99,,"WNW",,6,,,"8",,"8"
"250210050","ŒWIÊTY KRZY¯                  ","2025","06","27","12",21.4,,17.5,,"W","W",68,,"WNW",,4,,,"8",,"8"
"250210050","ŒWIÊTY KRZY¯                  ","2025","06","27","18",17.8,,15.6,,"W","W",80,,"NW ",,6,,,"8",,"8"
"250210050","ŒWIÊTY KRZY¯                  ","2025","06","28","06",14.3,,12.5,,"W","W",81,,"NNW",,5,,,"8",,"8"
"250210050","ŒWIÊTY KRZY¯                  ","2025","06","28","12",19.4,,14.1,,"W","W",55,,"NNW",,4,,,"8",,"8"
"250210050","ŒWIÊTY KRZY¯                  ","2025","06","28","18",19.3,,14.8,,"W","W",61,,"NNW",,4,,,"8",,"8"
"250210050","ŒWIÊTY KRZY¯                  ","2025","06","29","06",19.4,,16.7,,"W","W",76,,"NW ",,5,,,"8",,"8"
"250210050","ŒWIÊTY KRZY¯                  ","2025","06","29","12",22.3,,18.0,,"W","W",66,,"NW ",,5,,,"8",,"8"
"250210050","ŒWIÊTY KRZY¯                  ","2025","06","29","18",21.7,,17.1,,"W","W",63,,"NW ",,4,,,"8",,"8"
"250210050","ŒWIÊTY KRZY¯                  ","2025","06","30","06",13.9,,11.4,,"W","W",74,,"NNW",,4,,,"8",,"8"
"250210050","ŒWIÊTY KRZY¯                  ","2025","06","30","12",20.2,,13.4,,"W","W",45,,"N  ",,6,,,"8",,"8"
"250210050","ŒWIÊTY KRZY¯                  ","2025","06","30","18",17.3,,12.9,,"W","W",60,,"NNE",,5,,,"8",,"8"
"250210130","STASZÓW                       ","2025","06","01","06",17.7,,,"8","W","W",,"8","S  ",,1,,7,,6,
"250210130","STASZÓW                       ","2025","06","01","12",26.7,,,"8","W","W",,"8","S  ",,3,,3,,6,
"250210130","STASZÓW                       ","2025","06","01","18",23.3,,,"8","W","W",,"8","S  ",,1,,6,,6,
"250210130","STASZÓW                       ","2025","06","02","06",18.9,,,"8","W","W",,"8","SW ",,1,,4,,6,
"250210130","STASZÓW                       ","2025","06","02","12",25.6,,,"8","W","W",,"8","W  ",,4,,4,,6,
"250210130","STASZÓW                       ","2025","06","02","18",23.6,,,"8","W","W",,"8","C  ",,0,,8,,6,
"250210130","STASZÓW                       ","2025","06","03","06",15.4,,,"8","W","W",,"8","SW ",,1,,8,,6,
"250210130","STASZÓW                       ","2025","06","03","12",19.0,,,"8","W","W",,"8","WSW",,1,,8,,6,
"250210130","STASZÓW                       ","2025","06","03","18",19.7,,,"8","W","W",,"8","SSW",,2,,1,,6,
"250210130","STASZÓW                       ","2025","06","04","06",16.9,,,"8","W","W",,"8","C  ",,0,,4,,6,
"250210130","STASZÓW                       ","2025","06","04","12",25.4,,,"8","W","W",,"8","S  ",,4,,2,,6,
"250210130","STASZÓW                       ","2025","06","04","18",26.7,,,"8","W","W",,"8","SE ",,3,,3,,6,
"250210130","STASZÓW                       ","2025","06","05","06",21.6,,,"8","W","W",,"8","SW ",,3,,3,,6,
"250210130","STASZÓW                       ","2025","06","05","12",27.3,,,"8","W","W",,"8","W  ",,5,,1,,6,
"250210130","STASZÓW                       ","2025","06","05","18",24.7,,,"8","W","W",,"8","C  ",,0,,3,,6,
"250210130","STASZÓW                       ","2025","06","06","06",16.5,,,"8","W","W",,"8","C  ",,0,,5,,6,
"250210130","STASZÓW                       ","2025","06","06","12",26.1,,,"8","W","W",,"8","WSW",,4,,2,,6,
"250210130","STASZÓW                       ","2025","06","06","18",23.9,,,"8","W","W",,"8","C  ",,0,,1,,6,
"250210130","STASZÓW                       ","2025","06","07","06",19.0,,,"8","W","W",,"8","C  ",,0,,8,,6,
"250210130","STASZÓW                       ","2025","06","07","12",27.5,,,"8","W","W",,"8","SSW",,3,,8,,6,
"250210130","STASZÓW                       ","2025","06","07","18",19.0,,,"8","W","W",,"8","NNW",,1,,5,,6,
"250210130","STASZÓW                       ","2025","06","08","06",17.8,,,"8","W","W",,"8","W  ",,2,,6,,6,
"250210130","STASZÓW                       ","2025","06","08","12",19.4,,,"8","W","W",,"8","W  ",,1,,8,,6,
"250210130","STASZÓW                       ","2025","06","08","18",15.9,,,"8","W","W",,"8","S  ",,1,,8,,6,
"250210130","STASZÓW                       ","2025","06","09","06",12.8,,,"8","W","W",,"8","WSW",,6,,8,,6,
"250210130","STASZÓW                       ","2025","06","09","12",16.7,,,"8","W","W",,"8","WNW",,6,,8,,6,
"250210130","STASZÓW                       ","2025","06","09","18",14.4,,,"8","W","W",,"8","W  ",,2,,6,,6,
"250210130","STASZÓW                       ","2025","06","10","06",12.0,,,"8","W","W",,"8","S  ",,2,,4,,6,
"250210130","STASZÓW                       ","2025","06","10","12",19.2,,,"8","W","W",,"8","S  ",,4,,4,,6,
"250210130","STASZÓW                       ","2025","06","10","18",18.7,,,"8","W","W",,"8","SE ",,1,,8,,6,
"250210130","STASZÓW                       ","2025","06","11","06",14.0,,,"8","W","W",,"8","WSW",,3,,8,,6,
"250210130","STASZÓW                       ","2025","06","11","12",15.7,,,"8","W","W",,"8","WNW",,3,,6,,6,
"250210130","STASZÓW                       ","2025","06","11","18",15.1,,,"8","W","W",,"8","WNW",,3,,1,,6,
"250210130","STASZÓW                       ","2025","06","12","06",14.2,,,"8","W","W",,"8","WNW",,2,,4,,6,
"250210130","STASZÓW                       ","2025","06","12","12",20.2,,,"8","W","W",,"8","WNW",,3,,4,,6,
"250210130","STASZÓW                       ","2025","06","12","18",18.2,,,"8","W","W",,"8","NNW",,1,,2,,6,
"250210130","STASZÓW                       ","2025","06","13","06",12.2,,,"8","W","W",,"8","N  ",,3,,1,,6,
"250210130","STASZÓW                       ","2025","06","13","12",13.7,,,"8","W","W",,"8","WNW",,3,,8,,6,
"250210130","STASZÓW                       ","2025","06","13","18",16.0,,,"8","W","W",,"8","C  ",,0,,2,,6,
"250210130","STASZÓW                       ","2025","06","14","06",15.7,,,"8","W","W",,"8","C  ",,0,,0,,6,
"250210130","STASZÓW                       ","2025","06","14","12",21.9,,,"8","W","W",,"8","NE ",,4,,3,,6,
"250210130","STASZÓW                       ","2025","06","14","18",19.4,,,"8","W","W",,"8","NE ",,1,,1,,6,
"250210130","STASZÓW                       ","2025","06","15","06",17.7,,,"8","W","W",,"8","W  ",,1,,1,,6,
"250210130","STASZÓW                       ","2025","06","15","12",24.0,,,"8","W","W",,"8","WNW",,1,,1,,6,
"250210130","STASZÓW                       ","2025","06","15","18",22.9,,,"8","W","W",,"8","C  ",,0,,0,,6,
"250210130","STASZÓW                       ","2025","06","16","06",18.8,,,"8","W","W",,"8","C  ",,0,,1,,6,
"250210130","STASZÓW                       ","2025","06","16","12",27.7,,,"8","W","W",,"8","WSW",,3,,1,,6,
"250210130","STASZÓW                       ","2025","06","16","18",18.7,,,"8","W","W",,"8","WNW",,4,,8,,6,
"250210130","STASZÓW                       ","2025","06","17","06",17.0,,,"8","W","W",,"8","WNW",,4,,4,,6,
"250210130","STASZÓW                       ","2025","06","17","12",23.4,,,"8","W","W",,"8","WNW",,4,,4,,6,
"250210130","STASZÓW                       ","2025","06","17","18",21.0,,,"8","W","W",,"8","NW ",,1,,2,,6,
"250210130","STASZÓW                       ","2025","06","18","06",17.7,,,"8","W","W",,"8","W  ",,1,,1,,6,
"250210130","STASZÓW                       ","2025","06","18","12",26.4,,,"8","W","W",,"8","W  ",,5,,4,,6,
"250210130","STASZÓW                       ","2025","06","18","18",24.7,,,"8","W","W",,"8","WSW",,1,,4,,6,
"250210130","STASZÓW                       ","2025","06","19","06",17.6,,,"8","W","W",,"8","SW ",,1,,8,,6,
"250210130","STASZÓW                       ","2025","06","19","12",16.8,,,"8","W","W",,"8","W  ",,3,,8,,6,
"250210130","STASZÓW                       ","2025","06","19","18",19.4,,,"8","W","W",,"8","WNW",,4,,1,,6,
"250210130","STASZÓW                       ","2025","06","20","06",13.6,,,"8","W","W",,"8","WNW",,4,,0,,6,
"250210130","STASZÓW                       ","2025","06","20","12",19.5,,,"8","W","W",,"8","WNW",,4,,7,,6,
"250210130","STASZÓW                       ","2025","06","20","18",18.1,,,"8","W","W",,"8","WNW",,3,,1,,6,
"250210130","STASZÓW                       ","2025","06","21","06",14.6,,,"8","W","W",,"8","N  ",,2,,1,,6,
"250210130","STASZÓW                       ","2025","06","21","12",21.5,,,"8","W","W",,"8","WNW",,3,,3,,6,
"250210130","STASZÓW                       ","2025","06","21","18",21.3,,,"8","W","W",,"8","WSW",,1,,0,,6,
"250210130","STASZÓW                       ","2025","06","22","06",16.7,,,"8","W","W",,"8","WSW",,2,,1,,6,
"250210130","STASZÓW                       ","2025","06","22","12",27.5,,,"8","W","W",,"8","NW ",,5,,4,,6,
"250210130","STASZÓW                       ","2025","06","22","18",25.4,,,"8","W","W",,"8","C  ",,0,,1,,6,
"250210130","STASZÓW                       ","2025","06","23","06",18.3,,,"8","W","W",,"8","SE ",,1,,4,,6,
"250210130","STASZÓW                       ","2025","06","23","12",29.5,,,"8","W","W",,"8","SW ",,4,,4,,6,
"250210130","STASZÓW                       ","2025","06","23","18",26.9,,,"8","W","W",,"8","WSW",,2,,7,,6,
"250210130","STASZÓW                       ","2025","06","24","06",15.5,,,"8","W","W",,"8","W  ",,4,,1,,6,
"250210130","STASZÓW                       ","2025","06","24","12",22.3,,,"8","W","W",,"8","W  ",,7,,4,,6,
"250210130","STASZÓW                       ","2025","06","24","18",19.4,,,"8","W","W",,"8","C  ",,0,,8,,6,
"250210130","STASZÓW                       ","2025","06","25","06",20.6,,,"8","W","W",,"8","WSW",,4,,4,,6,
"250210130","STASZÓW                       ","2025","06","25","12",25.6,,,"8","W","W",,"8","W  ",,4,,4,,6,
"250210130","STASZÓW                       ","2025","06","25","18",21.3,,,"8","W","W",,"8","W  ",,2,,6,,6,
"250210130","STASZÓW                       ","2025","06","26","06",17.8,,,"8","W","W",,"8","C  ",,0,,5,,6,
"250210130","STASZÓW                       ","2025","06","26","12",24.7,,,"8","W","W",,"8","WNW",,3,,4,,6,
"250210130","STASZÓW                       ","2025","06","26","18",23.7,,,"8","W","W",,"8","ESE",,1,,1,,6,
"250210130","STASZÓW                       ","2025","06","27","06",19.4,,,"8","W","W",,"8","W  ",,3,,8,,6,
"250210130","STASZÓW                       ","2025","06","27","12",23.6,,,"8","W","W",,"8","WNW",,4,,7,,6,
"250210130","STASZÓW                       ","2025","06","27","18",21.3,,,"8","W","W",,"8","WNW",,4,,8,,6,
"250210130","STASZÓW                       ","2025","06","28","06",16.0,,,"8","W","W",,"8","WNW",,4,,5,,6,
"250210130","STASZÓW                       ","2025","06","28","12",21.7,,,"8","W","W",,"8","WNW",,5,,5,,6,
"250210130","STASZÓW                       ","2025","06","28","18",22.2,,,"8","W","W",,"8","WNW",,1,,6,,6,
"250210130","STASZÓW                       ","2025","06","29","06",20.2,,,"8","W","W",,"8","C  ",,0,,8,,6,
"250210130","STASZÓW                       ","2025","06","29","12",25.7,,,"8","W","W",,"8","WNW",,6,,7,,6,
"250210130","STASZÓW                       ","2025","06","29","18",24.8,,,"8","W","W",,"8","WNW",,3,,8,,6,
"250210130","STASZÓW                       ","2025","06","30","06",16.7,,,"8","W","W",,"8","WNW",,4,,1,,6,
"250210130","STASZÓW                       ","2025","06","30","12",23.4,,,"8","W","W",,"8","NW ",,5,,1,,6,
"250210130","STASZÓW                       ","2025","06","30","18",21.8,,,"8","W","W",,"8","NW ",,1,,1,,6,
"250220120","JAROCIN                       ","2025","06","01","06",17.1,,,"8","W","W",,"8","C  ",,0,,4,,4,
"250220120","JAROCIN                       ","2025","06","01","12",26.0,,,"8","W","W",,"8","SSE",,2,,4,,6,
"250220120","JAROCIN                       ","2025","06","01","18",21.0,,,"8","W","W",,"8","SW ",,1,,8,,6,
"250220120","JAROCIN                       ","2025","06","02","06",18.6,,,"8","W","W",,"8","SW ",,1,,8,,6,
"250220120","JAROCIN                       ","2025","06","02","12",26.0,,,"8","W","W",,"8","W  ",,4,,3,,6,
"250220120","JAROCIN                       ","2025","06","02","18",22.6,,,"8","W","W",,"8","SSW",,1,,3,,6,
"250220120","JAROCIN                       ","2025","06","03","06",15.7,,,"8","W","W",,"8","NE ",,2,,8,,4,
"250220120","JAROCIN                       ","2025","06","03","12",19.0,,,"8","W","W",,"8","W  ",,1,,8,,6,
"250220120","JAROCIN                       ","2025","06","03","18",18.6,,,"8","W","W",,"8","S  ",,1,,3,,6,
"250220120","JAROCIN                       ","2025","06","04","06",15.9,,,"8","W","W",,"8","SSE",,1,,1,,4,
"250220120","JAROCIN                       ","2025","06","04","12",25.4,,,"8","W","W",,"8","SSE",,3,,2,,6,
"250220120","JAROCIN                       ","2025","06","04","18",23.6,,,"8","W","W",,"8","SE ",,1,,1,,6,
"250220120","JAROCIN                       ","2025","06","05","06",22.0,,,"8","W","W",,"8","SSW",,3,,3,,6,
"250220120","JAROCIN                       ","2025","06","05","12",28.0,,,"8","W","W",,"8","W  ",,4,,3,,6,
"250220120","JAROCIN                       ","2025","06","05","18",24.8,,,"8","W","W",,"8","C  ",,0,,3,,6,
"250220120","JAROCIN                       ","2025","06","06","06",17.8,,,"8","W","W",,"8","WNW",,1,,3,,6,
"250220120","JAROCIN                       ","2025","06","06","12",27.2,,,"8","W","W",,"8","WSW",,3,,3,,6,
"250220120","JAROCIN                       ","2025","06","06","18",23.6,,,"8","W","W",,"8","C  ",,0,,3,,6,
"250220120","JAROCIN                       ","2025","06","07","06",21.6,,,"8","W","W",,"8","W  ",,1,,4,,6,
"250220120","JAROCIN                       ","2025","06","07","12",27.4,,,"8","W","W",,"8","SSE",,3,,8,,6,
"250220120","JAROCIN                       ","2025","06","07","18",20.2,,,"8","W","W",,"8","NW ",,5,,8,,6,
"250220120","JAROCIN                       ","2025","06","08","06",18.4,,,"8","W","W",,"8","WSW",,2,,4,,6,
"250220120","JAROCIN                       ","2025","06","08","12",23.4,,,"8","W","W",,"8","SSW",,1,,4,,6,
"250220120","JAROCIN                       ","2025","06","08","18",14.9,,,"8","W","W",,"8","WSW",,1,,8,,4,
"250220120","JAROCIN                       ","2025","06","09","06",13.3,,,"8","W","W",,"8","W  ",,7,,6,,6,
"250220120","JAROCIN                       ","2025","06","09","12",16.7,,,"8","W","W",,"8","WSW",,4,,6,,6,
"250220120","JAROCIN                       ","2025","06","09","18",13.1,,,"8","W","W",,"8","C  ",,0,,2,,6,
"250220120","JAROCIN                       ","2025","06","10","06",11.9,,,"8","W","W",,"8","SSW",,1,,3,,6,
"250220120","JAROCIN                       ","2025","06","10","12",19.4,,,"8","W","W",,"8","SSW",,3,,3,,6,
"250220120","JAROCIN                       ","2025","06","10","18",18.0,,,"8","W","W",,"8","SE ",,1,,8,,6,
"250220120","JAROCIN                       ","2025","06","11","06",14.1,,,"8","W","W",,"8","WSW",,2,,8,,4,
"250220120","JAROCIN                       ","2025","06","11","12",18.6,,,"8","W","W",,"8","WSW",,5,,4,,6,
"250220120","JAROCIN                       ","2025","06","11","18",15.5,,,"8","W","W",,"8","WNW",,5,,2,,6,
"250220120","JAROCIN                       ","2025","06","12","06",13.7,,,"8","W","W",,"8","NW ",,3,,1,,6,
"250220120","JAROCIN                       ","2025","06","12","12",19.6,,,"8","W","W",,"8","W  ",,5,,3,,6,
"250220120","JAROCIN                       ","2025","06","12","18",17.3,,,"8","W","W",,"8","NW ",,2,,3,,6,
"250220120","JAROCIN                       ","2025","06","13","06",9.7,,,"8","W","W",,"8","NW ",,2,,8,,6,
"250220120","JAROCIN                       ","2025","06","13","12",14.3,,,"8","W","W",,"8","WNW",,3,,8,,6,
"250220120","JAROCIN                       ","2025","06","13","18",15.3,,,"8","W","W",,"8","W  ",,2,,1,,6,
"250220120","JAROCIN                       ","2025","06","14","06",14.7,,,"8","W","W",,"8","NW ",,1,,3,,6,
"250220120","JAROCIN                       ","2025","06","14","12",20.4,,,"8","W","W",,"8","NNW",,5,,3,,6,
"250220120","JAROCIN                       ","2025","06","14","18",19.4,,,"8","W","W",,"8","ENE",,1,,1,,6,
"250220120","JAROCIN                       ","2025","06","15","06",16.7,,,"8","W","W",,"8","WNW",,1,,1,,6,
"250220120","JAROCIN                       ","2025","06","15","12",24.4,,,"8","W","W",,"8","NW ",,2,,1,,6,
"250220120","JAROCIN                       ","2025","06","15","18",22.8,,,"8","W","W",,"8","C  ",,0,,1,,6,
"250220120","JAROCIN                       ","2025","06","16","06",19.4,,,"8","W","W",,"8","C  ",,0,,1,,6,
"250220120","JAROCIN                       ","2025","06","16","12",27.8,,,"8","W","W",,"8","SW ",,3,,2,,6,
"250220120","JAROCIN                       ","2025","06","16","18",21.0,,,"8","W","W",,"8","WNW",,5,,8,,6,
"250220120","JAROCIN                       ","2025","06","17","06",16.9,,,"8","W","W",,"8","WNW",,4,,2,,6,
"250220120","JAROCIN                       ","2025","06","17","12",22.0,,,"8","W","W",,"8","WNW",,5,,6,,6,
"250220120","JAROCIN                       ","2025","06","17","18",21.2,,,"8","W","W",,"8","NW ",,2,,1,,6,
"250220120","JAROCIN                       ","2025","06","18","06",18.8,,,"8","W","W",,"8","W  ",,1,,1,,6,
"250220120","JAROCIN                       ","2025","06","18","12",25.4,,,"8","W","W",,"8","W  ",,4,,1,,6,
"250220120","JAROCIN                       ","2025","06","18","18",24.8,,,"8","W","W",,"8","WSW",,3,,1,,6,
"250220120","JAROCIN                       ","2025","06","19","06",19.2,,,"8","W","W",,"8","W  ",,4,,8,,6,
"250220120","JAROCIN                       ","2025","06","19","12",16.5,,,"8","W","W",,"8","W  ",,4,,8,,6,
"250220120","JAROCIN                       ","2025","06","19","18",18.6,,,"8","W","W",,"8","WNW",,3,,1,,6,
"250220120","JAROCIN                       ","2025","06","20","06",13.9,,,"8","W","W",,"8","SSE",,3,,1,,6,
"250220120","JAROCIN                       ","2025","06","20","12",19.0,,,"8","W","W",,"8","SSW",,5,,2,,6,
"250220120","JAROCIN                       ","2025","06","20","18",18.2,,,"8","W","W",,"8","SSW",,2,,3,,6,
"250220120","JAROCIN                       ","2025","06","21","06",14.3,,,"8","W","W",,"8","SSW",,3,,1,,6,
"250220120","JAROCIN                       ","2025","06","21","12",21.0,,,"8","W","W",,"8","S  ",,4,,3,,6,
"250220120","JAROCIN                       ","2025","06","21","18",20.4,,,"8","W","W",,"8","SSE",,2,,1,,6,
"250220120","JAROCIN                       ","2025","06","22","06",19.0,,,"8","W","W",,"8","SW ",,3,,3,,6,
"250220120","JAROCIN                       ","2025","06","22","12",26.6,,,"8","W","W",,"8","S  ",,5,,3,,6,
"250220120","JAROCIN                       ","2025","06","22","18",24.2,,,"8","W","W",,"8","W  ",,2,,1,,6,
"250220120","JAROCIN                       ","2025","06","23","06",17.3,,,"8","W","W",,"8","SSE",,3,,1,,6,
"250220120","JAROCIN                       ","2025","06","23","12",29.0,,,"8","W","W",,"8","SSW",,4,,4,,6,
"250220120","JAROCIN                       ","2025","06","23","18",26.0,,,"8","W","W",,"8","SE ",,1,,8,,6,
"250220120","JAROCIN                       ","2025","06","24","06",15.9,,,"8","W","W",,"8","W  ",,5,,1,,6,
"250220120","JAROCIN                       ","2025","06","24","12",21.0,,,"8","W","W",,"8","WSW",,5,,8,,6,
"250220120","JAROCIN                       ","2025","06","24","18",19.8,,,"8","W","W",,"8","WNW",,1,,8,,6,
"250220120","JAROCIN                       ","2025","06","25","06",19.6,,,"8","W","W",,"8","S  ",,3,,3,,6,
"250220120","JAROCIN                       ","2025","06","25","12",24.8,,,"8","W","W",,"8","S  ",,5,,3,,6,
"250220120","JAROCIN                       ","2025","06","25","18",21.0,,,"8","W","W",,"8","S  ",,2,,8,,6,
"250220120","JAROCIN                       ","2025","06","26","06",17.3,,,"8","W","W",,"8","WNW",,3,,1,,6,
"250220120","JAROCIN                       ","2025","06","26","12",24.0,,,"8","W","W",,"8","SSW",,3,,1,,6,
"250220120","JAROCIN                       ","2025","06","26","18",23.6,,,"8","W","W",,"8","C  ",,0,,1,,6,
"250220120","JAROCIN                       ","2025","06","27","06",20.0,,,"8","W","W",,"8","SE ",,3,,8,,6,
"250220120","JAROCIN                       ","2025","06","27","12",23.0,,,"8","W","W",,"8","WSW",,4,,4,,6,
"250220120","JAROCIN                       ","2025","06","27","18",21.6,,,"8","W","W",,"8","SW ",,3,,8,,6,
"250220120","JAROCIN                       ","2025","06","28","06",17.3,,,"8","W","W",,"8","E  ",,4,,4,,6,
"250220120","JAROCIN                       ","2025","06","28","12",21.6,,,"8","W","W",,"8","SE ",,5,,4,,6,
"250220120","JAROCIN                       ","2025","06","28","18",22.1,,,"8","W","W",,"8","S  ",,2,,4,,6,
"250220120","JAROCIN                       ","2025","06","29","06",20.8,,,"8","W","W",,"8","SSW",,2,,8,,6,
"250220120","JAROCIN                       ","2025","06","29","12",26.0,,,"8","W","W",,"8","SE ",,6,,6,,6,
"250220120","JAROCIN                       ","2025","06","29","18",23.6,,,"8","W","W",,"8","SSE",,5,,8,,6,
"250220120","JAROCIN                       ","2025","06","30","06",16.5,,,"8","W","W",,"8","SSE",,4,,1,,6,
"250220120","JAROCIN                       ","2025","06","30","12",22.4,,,"8","W","W",,"8","ESE",,5,,1,,6,
"250220120","JAROCIN                       ","2025","06","30","18",21.2,,,"8","W","W",,"8","SSE",,4,,1,,6,
"250240010","STRZY¯ÓW                      ","2025","06","01","06",17.3,,,"8","W","W",,"8",,"8",,"8",1,,8,
"250240010","STRZY¯ÓW                      ","2025","06","01","12",24.5,,,"8","W","W",,"8",,"8",,"8",1,,8,
"250240010","STRZY¯ÓW                      ","2025","06","01","18",21.9,,,"8","W","W",,"8",,"8",,"8",2,,8,
"250240010","STRZY¯ÓW                      ","2025","06","02","06",17.7,,,"8","W","W",,"8",,"8",,"8",1,,8,
"250240010","STRZY¯ÓW                      ","2025","06","02","12",25.3,,,"8","W","W",,"8",,"8",,"8",1,,8,
"250240010","STRZY¯ÓW                      ","2025","06","02","18",20.9,,,"8","W","W",,"8",,"8",,"8",1,,8,
"250240010","STRZY¯ÓW                      ","2025","06","03","06",16.9,,,"8","W","W",,"8",,"8",,"8",8,,6,
"250240010","STRZY¯ÓW                      ","2025","06","03","12",21.3,,,"8","W","W",,"8",,"8",,"8",4,,7,
"250240010","STRZY¯ÓW                      ","2025","06","03","18",17.1,,,"8","W","W",,"8",,"8",,"8",2,,8,
"250240010","STRZY¯ÓW                      ","2025","06","04","06",15.3,,,"8","W","W",,"8",,"8",,"8",8,,1,
"250240010","STRZY¯ÓW                      ","2025","06","04","12",23.3,,,"8","W","W",,"8",,"8",,"8",2,,8,
"250240010","STRZY¯ÓW                      ","2025","06","04","18",20.9,,,"8","W","W",,"8",,"8",,"8",1,,8,
"250240010","STRZY¯ÓW                      ","2025","06","05","06",21.9,,,"8","W","W",,"8",,"8",,"8",1,,8,
"250240010","STRZY¯ÓW                      ","2025","06","05","12",27.3,,,"8","W","W",,"8",,"8",,"8",1,,8,
"250240010","STRZY¯ÓW                      ","2025","06","05","18",23.1,,,"8","W","W",,"8",,"8",,"8",1,,8,
"250240010","STRZY¯ÓW                      ","2025","06","06","06",20.9,,,"8","W","W",,"8",,"8",,"8",1,,8,
"250240010","STRZY¯ÓW                      ","2025","06","06","12",28.1,,,"8","W","W",,"8",,"8",,"8",2,,8,
"250240010","STRZY¯ÓW                      ","2025","06","06","18",20.1,,,"8","W","W",,"8",,"8",,"8",4,,8,
"250240010","STRZY¯ÓW                      ","2025","06","07","06",20.1,,,"8","W","W",,"8",,"8",,"8",2,,8,
"250240010","STRZY¯ÓW                      ","2025","06","07","12",27.3,,,"8","W","W",,"8",,"8",,"8",2,,8,
"250240010","STRZY¯ÓW                      ","2025","06","07","18",24.3,,,"8","W","W",,"8",,"8",,"8",4,,8,
"250240010","STRZY¯ÓW                      ","2025","06","08","06",17.3,,,"8","W","W",,"8",,"8",,"8",6,,8,
"250240010","STRZY¯ÓW                      ","2025","06","08","12",21.9,,,"8","W","W",,"8",,"8",,"8",4,,8,
"250240010","STRZY¯ÓW                      ","2025","06","08","18",16.3,,,"8","W","W",,"8",,"8",,"8",6,,8,
"250240010","STRZY¯ÓW                      ","2025","06","09","06",14.7,,,"8","W","W",,"8",,"8",,"8",4,,8,
"250240010","STRZY¯ÓW                      ","2025","06","09","12",17.3,,,"8","W","W",,"8",,"8",,"8",4,,8,
"250240010","STRZY¯ÓW                      ","2025","06","09","18",15.5,,,"8","W","W",,"8",,"8",,"8",6,,8,
"250240010","STRZY¯ÓW                      ","2025","06","10","06",13.1,,,"8","W","W",,"8",,"8",,"8",2,,8,
"250240010","STRZY¯ÓW                      ","2025","06","10","12",18.1,,,"8","W","W",,"8",,"8",,"8",1,,8,
"250240010","STRZY¯ÓW                      ","2025","06","10","18",17.1,,,"8","W","W",,"8",,"8",,"8",4,,8,
"250240010","STRZY¯ÓW                      ","2025","06","11","06",14.9,,,"8","W","W",,"8",,"8",,"8",7,,7,
"250240010","STRZY¯ÓW                      ","2025","06","11","12",17.9,,,"8","W","W",,"8",,"8",,"8",6,,8,
"250240010","STRZY¯ÓW                      ","2025","06","11","18",16.1,,,"8","W","W",,"8",,"8",,"8",4,,8,
"250240010","STRZY¯ÓW                      ","2025","06","12","06",13.1,,,"8","W","W",,"8",,"8",,"8",1,,8,
"250240010","STRZY¯ÓW                      ","2025","06","12","12",18.3,,,"8","W","W",,"8",,"8",,"8",4,,8,
"250240010","STRZY¯ÓW                      ","2025","06","12","18",15.9,,,"8","W","W",,"8",,"8",,"8",6,,8,
"250240010","STRZY¯ÓW                      ","2025","06","13","06",11.9,,,"8","W","W",,"8",,"8",,"8",6,,7,
"250240010","STRZY¯ÓW                      ","2025","06","13","12",17.9,,,"8","W","W",,"8",,"8",,"8",2,,8,
"250240010","STRZY¯ÓW                      ","2025","06","13","18",14.9,,,"8","W","W",,"8",,"8",,"8",2,,8,
"250240010","STRZY¯ÓW                      ","2025","06","14","06",15.1,,,"8","W","W",,"8",,"8",,"8",1,,8,
"250240010","STRZY¯ÓW                      ","2025","06","14","12",20.9,,,"8","W","W",,"8",,"8",,"8",1,,8,
"250240010","STRZY¯ÓW                      ","2025","06","14","18",18.7,,,"8","W","W",,"8",,"8",,"8",1,,8,
"250240010","STRZY¯ÓW                      ","2025","06","15","06",16.1,,,"8","W","W",,"8",,"8",,"8",1,,8,
"250240010","STRZY¯ÓW                      ","2025","06","15","12",22.9,,,"8","W","W",,"8",,"8",,"8",1,,8,
"250240010","STRZY¯ÓW                      ","2025","06","15","18",18.3,,,"8","W","W",,"8",,"8",,"8",1,,8,
"250240010","STRZY¯ÓW                      ","2025","06","16","06",18.9,,,"8","W","W",,"8",,"8",,"8",1,,8,
"250240010","STRZY¯ÓW                      ","2025","06","16","12",25.3,,,"8","W","W",,"8",,"8",,"8",1,,8,
"250240010","STRZY¯ÓW                      ","2025","06","16","18",20.1,,,"8","W","W",,"8",,"8",,"8",1,,8,
"250240010","STRZY¯ÓW                      ","2025","06","17","06",15.7,,,"8","W","W",,"8",,"8",,"8",1,,8,
"250240010","STRZY¯ÓW                      ","2025","06","17","12",22.3,,,"8","W","W",,"8",,"8",,"8",1,,8,
"250240010","STRZY¯ÓW                      ","2025","06","17","18",18.5,,,"8","W","W",,"8",,"8",,"8",1,,8,
"250240010","STRZY¯ÓW                      ","2025","06","18","06",15.7,,,"8","W","W",,"8",,"8",,"8",1,,8,
"250240010","STRZY¯ÓW                      ","2025","06","18","12",24.7,,,"8","W","W",,"8",,"8",,"8",6,,8,
"250240010","STRZY¯ÓW                      ","2025","06","18","18",22.1,,,"8","W","W",,"8",,"8",,"8",1,,8,
"250240010","STRZY¯ÓW                      ","2025","06","19","06",18.1,,,"8","W","W",,"8",,"8",,"8",1,,8,
"250240010","STRZY¯ÓW                      ","2025","06","19","12",21.3,,,"8","W","W",,"8",,"8",,"8",6,,8,
"250240010","STRZY¯ÓW                      ","2025","06","19","18",16.3,,,"8","W","W",,"8",,"8",,"8",1,,8,
"250240010","STRZY¯ÓW                      ","2025","06","20","06",14.1,,,"8","W","W",,"8",,"8",,"8",1,,8,
"250240010","STRZY¯ÓW                      ","2025","06","20","12",20.9,,,"8","W","W",,"8",,"8",,"8",6,,8,
"250240010","STRZY¯ÓW                      ","2025","06","20","18",17.9,,,"8","W","W",,"8",,"8",,"8",4,,8,
"250240010","STRZY¯ÓW                      ","2025","06","21","06",13.7,,,"8","W","W",,"8",,"8",,"8",1,,8,
"250240010","STRZY¯ÓW                      ","2025","06","21","12",20.7,,,"8","W","W",,"8",,"8",,"8",1,,8,
"250240010","STRZY¯ÓW                      ","2025","06","21","18",20.1,,,"8","W","W",,"8",,"8",,"8",1,,8,
"250240010","STRZY¯ÓW                      ","2025","06","22","06",16.5,,,"8","W","W",,"8",,"8",,"8",2,,8,
"250240010","STRZY¯ÓW                      ","2025","06","22","12",24.3,,,"8","W","W",,"8",,"8",,"8",1,,8,
"250240010","STRZY¯ÓW                      ","2025","06","22","18",22.1,,,"8","W","W",,"8",,"8",,"8",1,,8,
"250240010","STRZY¯ÓW                      ","2025","06","23","06",16.7,,,"8","W","W",,"8",,"8",,"8",1,,8,
"250240010","STRZY¯ÓW                      ","2025","06","23","12",24.7,,,"8","W","W",,"8",,"8",,"8",1,,8,
"250240010","STRZY¯ÓW                      ","2025","06","23","18",22.3,,,"8","W","W",,"8",,"8",,"8",2,,8,
"250240010","STRZY¯ÓW                      ","2025","06","24","06",16.1,,,"8","W","W",,"8",,"8",,"8",1,,8,
"250240010","STRZY¯ÓW                      ","2025","06","24","12",20.9,,,"8","W","W",,"8",,"8",,"8",1,,8,
"250240010","STRZY¯ÓW                      ","2025","06","24","18",18.9,,,"8","W","W",,"8",,"8",,"8",4,,8,
"250240010","STRZY¯ÓW                      ","2025","06","25","06",17.9,,,"8","W","W",,"8",,"8",,"8",4,,8,
"250240010","STRZY¯ÓW                      ","2025","06","25","12",23.7,,,"8","W","W",,"8",,"8",,"8",1,,8,
"250240010","STRZY¯ÓW                      ","2025","06","25","18",19.3,,,"8","W","W",,"8",,"8",,"8",6,,8,
"250240010","STRZY¯ÓW                      ","2025","06","26","06",15.7,,,"8","W","W",,"8",,"8",,"8",2,,8,
"250240010","STRZY¯ÓW                      ","2025","06","26","12",22.9,,,"8","W","W",,"8",,"8",,"8",1,,8,
"250240010","STRZY¯ÓW                      ","2025","06","26","18",19.1,,,"8","W","W",,"8",,"8",,"8",4,,8,
"250240010","STRZY¯ÓW                      ","2025","06","27","06",16.1,,,"8","W","W",,"8",,"8",,"8",6,,7,
"250240010","STRZY¯ÓW                      ","2025","06","27","12",23.3,,,"8","W","W",,"8",,"8",,"8",4,,8,
"250240010","STRZY¯ÓW                      ","2025","06","27","18",19.1,,,"8","W","W",,"8",,"8",,"8",2,,8,
"250240010","STRZY¯ÓW                      ","2025","06","28","06",15.9,,,"8","W","W",,"8",,"8",,"8",1,,8,
"250240010","STRZY¯ÓW                      ","2025","06","28","12",21.9,,,"8","W","W",,"8",,"8",,"8",1,,8,
"250240010","STRZY¯ÓW                      ","2025","06","28","18",18.9,,,"8","W","W",,"8",,"8",,"8",1,,8,
"250240010","STRZY¯ÓW                      ","2025","06","29","06",17.5,,,"8","W","W",,"8",,"8",,"8",8,,8,
"250240010","STRZY¯ÓW                      ","2025","06","29","12",24.3,,,"8","W","W",,"8",,"8",,"8",1,,8,
"250240010","STRZY¯ÓW                      ","2025","06","29","18",22.7,,,"8","W","W",,"8",,"8",,"8",6,,8,
"250240010","STRZY¯ÓW                      ","2025","06","30","06",16.3,,,"8","W","W",,"8",,"8",,"8",1,,8,
"250240010","STRZY¯ÓW                      ","2025","06","30","12",22.3,,,"8","W","W",,"8",,"8",,"8",1,,8,
"250240010","STRZY¯ÓW                      ","2025","06","30","18",22.1,,,"8","W","W",,"8",,"8",,"8",1,,8,
"251160320","RADZYÑ                        ","2025","06","01","06",18.6,,16.2,,"W","W",78,,"SE ",,2,,6,,8,
"251160320","RADZYÑ                        ","2025","06","01","12",24.8,,19.0,,"W","W",57,,"S  ",,3,,7,,8,
"251160320","RADZYÑ                        ","2025","06","01","18",21.5,,19.1,,"W","W",80,,"ESE",,2,,7,,8,
"251160320","RADZYÑ                        ","2025","06","02","06",17.2,,15.4,,"W","W",83,,"WNW",,1,,8,,8,
"251160320","RADZYÑ                        ","2025","06","02","12",20.6,,16.0,,"W","W",62,,"NNE",,1,,8,,8,
"251160320","RADZYÑ                        ","2025","06","02","18",20.8,,17.6,,"W","W",73,,"S  ",,1,,8,,8,
"251160320","RADZYÑ                        ","2025","06","03","06",18.2,,15.8,,"W","W",78,,"SW ",,1,,6,,7,
"251160320","RADZYÑ                        ","2025","06","03","12",22.5,,15.6,,"W","W",48,,"NW ",,3,,4,,8,
"251160320","RADZYÑ                        ","2025","06","03","18",22.8,,15.7,,"W","W",47,,"S  ",,1,,0,,8,
"251160320","RADZYÑ                        ","2025","06","04","06",19.6,,16.5,,"W","W",73,,"SSE",,2,,8,,7,
"251160320","RADZYÑ                        ","2025","06","04","12",27.5,,19.6,,"W","W",47,,"SSW",,3,,6,,8,
"251160320","RADZYÑ                        ","2025","06","04","18",18.9,,18.5,,"W","W",96,,"SE ",,1,,7,,8,
"251160320","RADZYÑ                        ","2025","06","05","06",19.2,,18.3,,"W","W",92,,"SSW",,2,,2,,8,
"251160320","RADZYÑ                        ","2025","06","05","12",24.6,,19.0,,"W","W",58,,"S  ",,4,,6,,8,
"251160320","RADZYÑ                        ","2025","06","05","18",20.7,,17.5,,"W","W",73,,"SSW",,2,,4,,8,
"251160320","RADZYÑ                        ","2025","06","06","06",17.6,,15.3,,"W","W",78,,"S  ",,3,,7,,7,
"251160320","RADZYÑ                        ","2025","06","06","12",23.9,,18.6,,"W","W",60,,"SSW",,3,,7,,8,
"251160320","RADZYÑ                        ","2025","06","06","18",20.6,,18.2,,"W","W",79,,"S  ",,1,,3,,8,
"251160320","RADZYÑ                        ","2025","06","07","06",19.2,,16.4,,"W","W",75,,"S  ",,2,,3,,8,
"251160320","RADZYÑ                        ","2025","06","07","12",20.2,,17.6,,"W","W",77,,"S  ",,3,,8,,8,
"251160320","RADZYÑ                        ","2025","06","07","18",18.4,,15.4,,"W","W",73,,"WNW",,3,,8,,8,
"251160320","RADZYÑ                        ","2025","06","08","06",15.9,,14.7,,"W","W",88,,"S  ",,2,,8,,8,
"251160320","RADZYÑ                        ","2025","06","08","12",13.7,,13.2,,"W","W",95,,"SSW",,2,,8,,8,
"251160320","RADZYÑ                        ","2025","06","08","18",14.4,,12.7,,"W","W",82,,"SW ",,3,,7,,8,
"251160320","RADZYÑ                        ","2025","06","09","06",12.7,,10.7,,"W","W",78,,"WSW",,3,,8,,8,
"251160320","RADZYÑ                        ","2025","06","09","12",15.9,,11.5,,"W","W",58,,"W  ",,4,,8,,8,
"251160320","RADZYÑ                        ","2025","06","09","18",15.9,,12.3,,"W","W",65,,"SW ",,2,,4,,8,
"251160320","RADZYÑ                        ","2025","06","10","06",14.5,,11.7,,"W","W",72,,"SSE",,2,,6,,8,
"251160320","RADZYÑ                        ","2025","06","10","12",20.4,,14.4,,"W","W",51,,"S  ",,3,,8,,8,
"251160320","RADZYÑ                        ","2025","06","10","18",15.5,,14.8,,"W","W",93,,"SSE",,1,,8,,7,
"251160320","RADZYÑ                        ","2025","06","11","06",12.9,,11.5,,"W","W",85,,"W  ",,3,,8,,8,
"251160320","RADZYÑ                        ","2025","06","11","12",16.1,,12.3,,"W","W",64,,"WNW",,4,,7,,8,
"251160320","RADZYÑ                        ","2025","06","11","18",18.2,,13.5,,"W","W",59,,"WNW",,2,,6,,8,
"251160320","RADZYÑ                        ","2025","06","12","06",13.6,,11.1,,"W","W",74,,"N  ",,1,,1,,8,
"251160320","RADZYÑ                        ","2025","06","12","12",20.1,,12.2,,"W","W",37,,"N  ",,2,,2,,8,
"251160320","RADZYÑ                        ","2025","06","12","18",20.8,,14.3,,"W","W",48,,"NNE",,2,,1,,8,
"251160320","RADZYÑ                        ","2025","06","13","06",13.6,,10.5,,"W","W",68,,"ESE",,3,,0,,8,
"251160320","RADZYÑ                        ","2025","06","13","12",20.2,,14.8,,"W","W",55,,"NE ",,4,,3,,8,
"251160320","RADZYÑ                        ","2025","06","13","18",20.8,,15.6,,"W","W",58,,"E  ",,3,,2,,8,
"251160320","RADZYÑ                        ","2025","06","14","06",16.7,,14.9,,"W","W",83,,"NE ",,2,,1,,7,
"251160320","RADZYÑ                        ","2025","06","14","12",23.7,,17.3,,"W","W",52,,"ESE",,4,,1,,8,
"251160320","RADZYÑ                        ","2025","06","14","18",23.3,,17.1,,"W","W",53,,"E  ",,3,,1,,8,
"251160320","RADZYÑ                        ","2025","06","15","06",19.4,,14.4,,"W","W",58,,"SE ",,3,,1,,8,
"251160320","RADZYÑ                        ","2025","06","15","12",28.4,,19.5,,"W","W",43,,"ESE",,3,,1,,8,
"251160320","RADZYÑ                        ","2025","06","15","18",28.0,,19.9,,"W","W",47,,"ESE",,2,,3,,8,
"251160320","RADZYÑ                        ","2025","06","16","06",16.4,,15.4,,"W","W",90,,"WNW",,3,,8,,7,
"251160320","RADZYÑ                        ","2025","06","16","12",17.3,,15.4,,"W","W",82,,"WNW",,3,,8,,8,
"251160320","RADZYÑ                        ","2025","06","16","18",19.2,,15.5,,"W","W",68,,"WNW",,1,,7,,8,
"251160320","RADZYÑ                        ","2025","06","17","06",17.3,,14.6,,"W","W",75,,"NW ",,2,,2,,8,
"251160320","RADZYÑ                        ","2025","06","17","12",23.5,,16.6,,"W","W",49,,"NNW",,4,,6,,8,
"251160320","RADZYÑ                        ","2025","06","17","18",24.2,,17.5,,"W","W",51,,"NNW",,1,,6,,8,
"251160320","RADZYÑ                        ","2025","06","18","06",21.1,,17.1,,"W","W",67,,"SSW",,2,,6,,8,
"251160320","RADZYÑ                        ","2025","06","18","12",26.7,,18.3,,"W","W",43,,"NNW",,3,,7,,8,
"251160320","RADZYÑ                        ","2025","06","18","18",24.5,,17.6,,"W","W",50,,"NNW",,3,,6,,8,
"251160320","RADZYÑ                        ","2025","06","19","06",18.8,,16.1,,"W","W",76,,"NNW",,4,,6,,7,
"251160320","RADZYÑ                        ","2025","06","19","12",22.0,,14.6,,"W","W",44,,"NW ",,4,,5,,7,
"251160320","RADZYÑ                        ","2025","06","19","18",20.2,,13.2,,"W","W",44,,"NW ",,4,,2,,7,
"251160320","RADZYÑ                        ","2025","06","20","06",15.0,,11.8,,"W","W",68,,"NNW",,2,,1,,8,
"251160320","RADZYÑ                        ","2025","06","20","12",20.6,,14.1,,"W","W",48,,"NNW",,3,,6,,8,
"251160320","RADZYÑ                        ","2025","06","20","18",21.0,,13.6,,"W","W",42,,"NW ",,1,,1,,8,
"251160320","RADZYÑ                        ","2025","06","21","06",17.3,,12.8,,"W","W",59,,"SSE",,2,,3,,8,
"251160320","RADZYÑ                        ","2025","06","21","12",25.5,,15.4,,"W","W",32,,"WNW",,2,,4,,8,
"251160320","RADZYÑ                        ","2025","06","21","18",25.6,,16.6,,"W","W",39,,"WSW",,1,,0,,8,
"251160320","RADZYÑ                        ","2025","06","22","06",21.4,,15.7,,"W","W",55,,"SSE",,1,,4,,8,
"251160320","RADZYÑ                        ","2025","06","22","12",29.9,,18.6,,"W","W",32,,"NNE",,2,,7,,8,
"251160320","RADZYÑ                        ","2025","06","22","18",29.1,,20.1,,"W","W",43,,"S  ",,2,,7,,8,
"251160320","RADZYÑ                        ","2025","06","23","06",21.0,,17.9,,"W","W",74,,"W  ",,1,,8,,7,
"251160320","RADZYÑ                        ","2025","06","23","12",28.0,,19.6,,"W","W",45,,"SSW",,4,,7,,8,
"251160320","RADZYÑ                        ","2025","06","23","18",20.3,,16.2,,"W","W",65,,"WNW",,7,,7,,8,
"251160320","RADZYÑ                        ","2025","06","24","06",17.1,,12.3,,"W","W",56,,"WSW",,4,,1,,8,
"251160320","RADZYÑ                        ","2025","06","24","12",21.1,,13.3,,"W","W",40,,"SW ",,3,,8,,8,
"251160320","RADZYÑ                        ","2025","06","24","18",21.9,,14.3,,"W","W",42,,"WSW",,1,,8,,8,
"251160320","RADZYÑ                        ","2025","06","25","06",19.5,,16.7,,"W","W",75,,"SW ",,2,,8,,8,
"251160320","RADZYÑ                        ","2025","06","25","12",24.4,,19.5,,"W","W",63,,"NW ",,3,,6,,8,
"251160320","RADZYÑ                        ","2025","06","25","18",25.1,,18.5,,"W","W",52,,"NW ",,3,,4,,8,
"251160320","RADZYÑ                        ","2025","06","26","06",20.2,,15.8,,"W","W",63,,"ESE",,2,,1,,7,
"251160320","RADZYÑ                        ","2025","06","26","12",28.0,,20.4,,"W","W",49,,"ESE",,3,,7,,8,
"251160320","RADZYÑ                        ","2025","06","26","18",28.7,,21.7,,"W","W",54,,"SE ",,3,,7,,8,
"251160320","RADZYÑ                        ","2025","06","27","06",21.0,,18.2,,"W","W",76,,"W  ",,2,,7,,8,
"251160320","RADZYÑ                        ","2025","06","27","12",21.7,,18.6,,"W","W",74,,"WSW",,2,,8,,8,
"251160320","RADZYÑ                        ","2025","06","27","18",19.4,,15.8,,"W","W",69,,"WNW",,3,,8,,8,
"251160320","RADZYÑ                        ","2025","06","28","06",18.2,,15.0,,"W","W",71,,"WSW",,2,,3,,8,
"251160320","RADZYÑ                        ","2025","06","28","12",26.7,,19.1,,"W","W",48,,"W  ",,2,,4,,8,
"251160320","RADZYÑ                        ","2025","06","28","18",26.2,,20.8,,"W","W",61,,"C  ",,0,,7,,8,
"251160320","RADZYÑ                        ","2025","06","29","06",23.6,,19.6,,"W","W",69,,"WNW",,4,,3,,8,
"251160320","RADZYÑ                        ","2025","06","29","12",28.9,,20.5,,"W","W",46,,"WNW",,4,,6,,8,
"251160320","RADZYÑ                        ","2025","06","29","18",26.3,,19.8,,"W","W",54,,"NW ",,3,,6,,8,
"251160320","RADZYÑ                        ","2025","06","30","06",16.1,,13.2,,"W","W",72,,"NNW",,3,,2,,8,
"251160320","RADZYÑ                        ","2025","06","30","12",24.5,,14.9,,"W","W",34,,"NNW",,4,,2,,8,
"251160320","RADZYÑ                        ","2025","06","30","18",23.6,,15.2,,"W","W",39,,"N  ",,4,,1,,8,
"251190050","PUCZNIEW                      ","2025","06","01","06",17.7,,,"8",,,,"8",,"8",,"8",3,,7,
"251190050","PUCZNIEW                      ","2025","06","01","18",23.3,,,"8",,,,"8",,"8",,"8",7,,7,
"251190050","PUCZNIEW                      ","2025","06","02","06",17.9,,,"8",,,,"8",,"8",,"8",4,,7,
"251190050","PUCZNIEW                      ","2025","06","02","18",20.3,,,"8",,,,"8",,"8",,"8",6,,7,
"251190050","PUCZNIEW                      ","2025","06","03","06",16.3,,,"8",,,,"8",,"8",,"8",7,,6,
"251190050","PUCZNIEW                      ","2025","06","03","18",20.7,,,"8",,,,"8",,"8",,"8",1,,7,
"251190050","PUCZNIEW                      ","2025","06","04","06",17.6,,,"8",,,,"8",,"8",,"8",4,,7,
"251190050","PUCZNIEW                      ","2025","06","04","18",23.9,,,"8",,,,"8",,"8",,"8",4,,7,
"251190050","PUCZNIEW                      ","2025","06","05","06",18.8,,,"8",,,,"8",,"8",,"8",7,,7,
"251190050","PUCZNIEW                      ","2025","06","05","18",23.6,,,"8",,,,"8",,"8",,"8",7,,7,
"251190050","PUCZNIEW                      ","2025","06","06","06",19.3,,,"8",,,,"8",,"8",,"8",1,,7,
"251190050","PUCZNIEW                      ","2025","06","06","18",21.1,,,"8",,,,"8",,"8",,"8",8,,7,
"251190050","PUCZNIEW                      ","2025","06","07","06",19.2,,,"8",,,,"8",,"8",,"8",6,,7,
"251190050","PUCZNIEW                      ","2025","06","07","18",16.8,,,"8",,,,"8",,"8",,"8",8,,7,
"251190050","PUCZNIEW                      ","2025","06","08","06",15.3,,,"8",,,,"8",,"8",,"8",3,,7,
"251190050","PUCZNIEW                      ","2025","06","08","18",13.8,,,"8",,,,"8",,"8",,"8",8,,7,
"251190050","PUCZNIEW                      ","2025","06","09","06",11.7,,,"8",,,,"8",,"8",,"8",6,,7,
"251190050","PUCZNIEW                      ","2025","06","09","18",10.8,,,"8",,,,"8",,"8",,"8",7,,7,
"251190050","PUCZNIEW                      ","2025","06","10","06",12.5,,,"8",,,,"8",,"8",,"8",2,,7,
"251190050","PUCZNIEW                      ","2025","06","10","18",20.8,,,"8",,,,"8",,"8",,"8",6,,7,
"251190050","PUCZNIEW                      ","2025","06","11","06",13.9,,,"8",,,,"8",,"8",,"8",7,,7,
"251190050","PUCZNIEW                      ","2025","06","11","18",15.3,,,"8",,,,"8",,"8",,"8",3,,7,
"251190050","PUCZNIEW                      ","2025","06","12","06",15.7,,,"8",,,,"8",,"8",,"8",0,,7,
"251190050","PUCZNIEW                      ","2025","06","12","18",18.1,,,"8",,,,"8",,"8",,"8",4,,7,
"251190050","PUCZNIEW                      ","2025","06","13","06",11.7,,,"8",,,,"8",,"8",,"8",3,,7,
"251190050","PUCZNIEW                      ","2025","06","13","18",19.2,,,"8",,,,"8",,"8",,"8",0,,7,
"251190050","PUCZNIEW                      ","2025","06","14","06",14.8,,,"8",,,,"8",,"8",,"8",0,,7,
"251190050","PUCZNIEW                      ","2025","06","14","18",20.7,,,"8",,,,"8",,"8",,"8",0,,7,
"251190050","PUCZNIEW                      ","2025","06","15","06",17.4,,,"8",,,,"8",,"8",,"8",0,,7,
"251190050","PUCZNIEW                      ","2025","06","15","18",26.3,,,"8",,,,"8",,"8",,"8",0,,7,
"251190050","PUCZNIEW                      ","2025","06","16","06",20.1,,,"8",,,,"8",,"8",,"8",3,,7,
"251190050","PUCZNIEW                      ","2025","06","16","18",15.9,,,"8",,,,"8",,"8",,"8",8,,7,
"251190050","PUCZNIEW                      ","2025","06","17","06",15.5,,,"8",,,,"8",,"8",,"8",0,,7,
"251190050","PUCZNIEW                      ","2025","06","17","18",21.1,,,"8",,,,"8",,"8",,"8",4,,7,
"251190050","PUCZNIEW                      ","2025","06","18","06",19.4,,,"8",,,,"8",,"8",,"8",2,,7,
"251190050","PUCZNIEW                      ","2025","06","18","18",24.1,,,"8",,,,"8",,"8",,"8",6,,7,
"251190050","PUCZNIEW                      ","2025","06","19","06",17.3,,,"8",,,,"8",,"8",,"8",6,,7,
"251190050","PUCZNIEW                      ","2025","06","19","18",19.1,,,"8",,,,"8",,"8",,"8",1,,7,
"251190050","PUCZNIEW                      ","2025","06","20","06",14.7,,,"8",,,,"8",,"8",,"8",0,,7,
"251190050","PUCZNIEW                      ","2025","06","20","18",19.9,,,"8",,,,"8",,"8",,"8",2,,7,
"251190050","PUCZNIEW                      ","2025","06","21","06",15.5,,,"8",,,,"8",,"8",,"8",0,,7,
"251190050","PUCZNIEW                      ","2025","06","21","18",22.8,,,"8",,,,"8",,"8",,"8",0,,7,
"251190050","PUCZNIEW                      ","2025","06","22","06",19.3,,,"8",,,,"8",,"8",,"8",0,,7,
"251190050","PUCZNIEW                      ","2025","06","22","18",23.7,,,"8",,,,"8",,"8",,"8",5,,7,
"251190050","PUCZNIEW                      ","2025","06","23","06",21.6,,,"8",,,,"8",,"8",,"8",6,,7,
"251190050","PUCZNIEW                      ","2025","06","23","18",18.7,,,"8",,,,"8",,"8",,"8",8,,6,
"251190050","PUCZNIEW                      ","2025","06","24","06",15.7,,,"8",,,,"8",,"8",,"8",7,,7,
"251190050","PUCZNIEW                      ","2025","06","24","18",18.9,,,"8",,,,"8",,"8",,"8",7,,7,
"251190050","PUCZNIEW                      ","2025","06","25","06",19.6,,,"8",,,,"8",,"8",,"8",4,,7,
"251190050","PUCZNIEW                      ","2025","06","25","18",21.6,,,"8",,,,"8",,"8",,"8",7,,7,
"251190050","PUCZNIEW                      ","2025","06","26","06",17.3,,,"8",,,,"8",,"8",,"8",2,,7,
"251190050","PUCZNIEW                      ","2025","06","26","18",27.4,,,"8",,,,"8",,"8",,"8",4,,7,
"251190050","PUCZNIEW                      ","2025","06","27","06",19.8,,,"8",,,,"8",,"8",,"8",7,,7,
"251190050","PUCZNIEW                      ","2025","06","27","18",17.3,,,"8",,,,"8",,"8",,"8",8,,7,
"251190050","PUCZNIEW                      ","2025","06","28","06",15.6,,,"8",,,,"8",,"8",,"8",2,,7,
"251190050","PUCZNIEW                      ","2025","06","28","18",24.5,,,"8",,,,"8",,"8",,"8",7,,7,
"251190050","PUCZNIEW                      ","2025","06","29","06",22.5,,,"8",,,,"8",,"8",,"8",6,,7,
"251190050","PUCZNIEW                      ","2025","06","29","18",19.9,,,"8",,,,"8",,"8",,"8",7,,7,
"251190050","PUCZNIEW                      ","2025","06","30","06",15.7,,,"8",,,,"8",,"8",,"8",2,,7,
"251190050","PUCZNIEW                      ","2025","06","30","18",21.2,,,"8",,,,"8",,"8",,"8",0,,7,
"251200030","SKIERNIEWICE                  ","2025","06","01","06",18.6,,15.3,,"W","W",70,,"SE ",,1,,2,,7,
"251200030","SKIERNIEWICE                  ","2025","06","01","12",25.5,,17.9,,"W","W",47,,"ESE",,2,,6,,7,
"251200030","SKIERNIEWICE                  ","2025","06","01","18",22.5,,18.9,,"W","W",71,,"ESE",,2,,8,,7,
"251200030","SKIERNIEWICE                  ","2025","06","02","06",19.3,,17.4,,"W","W",83,,"W  ",,2,,8,,6,
"251200030","SKIERNIEWICE                  ","2025","06","02","12",23.5,,17.8,,"W","W",57,,"WSW",,4,,8,,7,
"251200030","SKIERNIEWICE                  ","2025","06","02","18",20.7,,16.7,,"W","W",67,,"NW ",,1,,8,,7,
"251200030","SKIERNIEWICE                  ","2025","06","03","06",17.1,,16.3,,"W","W",92,,"E  ",,1,,8,,6,
"251200030","SKIERNIEWICE                  ","2025","06","03","12",21.5,,17.0,,"W","W",63,,"SSW",,2,,6,,7,
"251200030","SKIERNIEWICE                  ","2025","06","03","18",16.6,,15.5,,"W","W",89,,"ESE",,1,,0,,7,
"251200030","SKIERNIEWICE                  ","2025","06","04","06",17.8,,16.0,,"W","W",83,,"S  ",,4,,8,,6,
"251200030","SKIERNIEWICE                  ","2025","06","04","12",26.5,,19.4,,"W","W",51,,"S  ",,4,,4,,7,
"251200030","SKIERNIEWICE                  ","2025","06","04","18",24.0,,18.3,,"W","W",57,,"SSE",,2,,7,,7,
"251200030","SKIERNIEWICE                  ","2025","06","05","06",21.5,,18.5,,"W","W",75,,"WSW",,2,,6,,6,
"251200030","SKIERNIEWICE                  ","2025","06","05","12",24.7,,19.4,,"W","W",61,,"WSW",,4,,6,,7,
"251200030","SKIERNIEWICE                  ","2025","06","05","18",23.4,,18.4,,"W","W",61,,"W  ",,1,,6,,7,
"251200030","SKIERNIEWICE                  ","2025","06","06","06",20.3,,16.7,,"W","W",69,,"W  ",,2,,7,,7,
"251200030","SKIERNIEWICE                  ","2025","06","06","12",23.7,,16.2,,"W","W",45,,"WSW",,4,,8,,7,
"251200030","SKIERNIEWICE                  ","2025","06","06","18",20.0,,16.2,,"W","W",68,,"NW ",,4,,7,,7,
"251200030","SKIERNIEWICE                  ","2025","06","07","06",20.6,,17.6,,"W","W",74,,"SSW",,4,,7,,7,
"251200030","SKIERNIEWICE                  ","2025","06","07","12",18.5,,16.6,,"W","W",83,,"WSW",,1,,8,,7,
"251200030","SKIERNIEWICE                  ","2025","06","07","18",17.1,,16.4,,"W","W",93,,"S  ",,4,,7,,7,
"251200030","SKIERNIEWICE                  ","2025","06","08","06",16.9,,14.8,,"W","W",80,,"WSW",,2,,8,,7,
"251200030","SKIERNIEWICE                  ","2025","06","08","12",19.4,,16.0,,"W","W",70,,"SSW",,4,,8,,7,
"251200030","SKIERNIEWICE                  ","2025","06","08","18",17.2,,12.9,,"W","W",61,,"WNW",,2,,8,,7,
"251200030","SKIERNIEWICE                  ","2025","06","09","06",12.1,,10.1,,"W","W",78,,"W  ",,7,,8,,7,
"251200030","SKIERNIEWICE                  ","2025","06","09","12",16.2,,11.2,,"W","W",54,,"W  ",,7,,7,,7,
"251200030","SKIERNIEWICE                  ","2025","06","09","18",10.9,,10.4,,"W","W",94,,"WSW",,2,,8,,7,
"251200030","SKIERNIEWICE                  ","2025","06","10","06",13.1,,11.1,,"W","W",79,,"SW ",,2,,6,,7,
"251200030","SKIERNIEWICE                  ","2025","06","10","12",20.3,,13.4,,"W","W",45,,"SSW",,4,,5,,7,
"251200030","SKIERNIEWICE                  ","2025","06","10","18",18.8,,13.4,,"W","W",54,,"SSE",,2,,8,,7,
"251200030","SKIERNIEWICE                  ","2025","06","11","06",14.2,,13.2,,"W","W",89,,"WNW",,4,,8,,6,
"251200030","SKIERNIEWICE                  ","2025","06","11","12",18.0,,14.6,,"W","W",69,,"W  ",,7,,7,,7,
"251200030","SKIERNIEWICE                  ","2025","06","11","18",15.7,,12.0,,"W","W",64,,"WSW",,4,,5,,7,
"251200030","SKIERNIEWICE                  ","2025","06","12","06",13.6,,11.0,,"W","W",73,,"NNW",,2,,0,,7,
"251200030","SKIERNIEWICE                  ","2025","06","12","12",18.8,,12.2,,"W","W",45,,"NNW",,7,,4,,7,
"251200030","SKIERNIEWICE                  ","2025","06","12","18",16.4,,11.1,,"W","W",51,,"NNE",,2,,3,,7,
"251200030","SKIERNIEWICE                  ","2025","06","13","06",10.9,,9.9,,"W","W",88,,"NNW",,2,,8,,7,
"251200030","SKIERNIEWICE                  ","2025","06","13","12",16.4,,13.6,,"W","W",73,,"WNW",,4,,7,,7,
"251200030","SKIERNIEWICE                  ","2025","06","13","18",18.0,,14.6,,"W","W",69,,"WSW",,1,,3,,7,
"251200030","SKIERNIEWICE                  ","2025","06","14","06",15.6,,12.6,,"W","W",71,,"NE ",,1,,0,,7,
"251200030","SKIERNIEWICE                  ","2025","06","14","12",22.1,,14.6,,"W","W",43,,"NNE",,2,,1,,7,
"251200030","SKIERNIEWICE                  ","2025","06","14","18",21.1,,13.8,,"W","W",43,,"NNE",,1,,2,,7,
"251200030","SKIERNIEWICE                  ","2025","06","15","06",19.5,,13.7,,"W","W",52,,"SE ",,1,,0,,7,
"251200030","SKIERNIEWICE                  ","2025","06","15","12",26.4,,16.0,,"W","W",32,,"NNW",,1,,0,,7,
"251200030","SKIERNIEWICE                  ","2025","06","15","18",21.9,,15.9,,"W","W",53,,"ENE",,2,,1,,7,
"251200030","SKIERNIEWICE                  ","2025","06","16","06",21.7,,15.9,,"W","W",54,,"SW ",,2,,1,,7,
"251200030","SKIERNIEWICE                  ","2025","06","16","12",22.7,,18.2,,"W","W",64,,"W  ",,4,,6,,7,
"251200030","SKIERNIEWICE                  ","2025","06","16","18",16.2,,15.3,,"W","W",91,,"NNW",,1,,8,,7,
"251200030","SKIERNIEWICE                  ","2025","06","17","06",16.7,,14.4,,"W","W",78,,"WNW",,1,,7,,7,
"251200030","SKIERNIEWICE                  ","2025","06","17","12",21.9,,15.4,,"W","W",49,,"NW ",,7,,6,,7,
"251200030","SKIERNIEWICE                  ","2025","06","17","18",20.4,,15.4,,"W","W",59,,"W  ",,1,,1,,7,
"251200030","SKIERNIEWICE                  ","2025","06","18","06",20.8,,16.5,,"W","W",64,,"W  ",,2,,2,,7,
"251200030","SKIERNIEWICE                  ","2025","06","18","12",26.3,,17.8,,"W","W",42,,"W  ",,7,,6,,7,
"251200030","SKIERNIEWICE                  ","2025","06","18","18",24.2,,16.6,,"W","W",45,,"W  ",,1,,6,,7,
"251200030","SKIERNIEWICE                  ","2025","06","19","06",18.1,,14.8,,"W","W",70,,"W  ",,1,,8,,7,
"251200030","SKIERNIEWICE                  ","2025","06","19","12",20.5,,13.1,,"W","W",41,,"W  ",,4,,6,,7,
"251200030","SKIERNIEWICE                  ","2025","06","19","18",18.2,,11.2,,"W","W",41,,"WNW",,4,,3,,7,
"251200030","SKIERNIEWICE                  ","2025","06","20","06",14.7,,11.2,,"W","W",65,,"WNW",,4,,0,,7,
"251200030","SKIERNIEWICE                  ","2025","06","20","12",20.5,,12.8,,"W","W",39,,"WNW",,7,,6,,7,
"251200030","SKIERNIEWICE                  ","2025","06","20","18",18.8,,12.0,,"W","W",43,,"WNW",,4,,2,,7,
"251200030","SKIERNIEWICE                  ","2025","06","21","06",16.2,,11.2,,"W","W",54,,"WNW",,2,,2,,7,
"251200030","SKIERNIEWICE                  ","2025","06","21","12",24.1,,13.6,,"W","W",28,,"WNW",,4,,1,,7,
"251200030","SKIERNIEWICE                  ","2025","06","21","18",22.2,,13.8,,"W","W",37,,"WNW",,2,,1,,7,
"251200030","SKIERNIEWICE                  ","2025","06","22","06",20.8,,15.3,,"W","W",55,,"WNW",,2,,6,,7,
"251200030","SKIERNIEWICE                  ","2025","06","22","12",27.1,,16.2,,"W","W",30,,"NNW",,7,,3,,7,
"251200030","SKIERNIEWICE                  ","2025","06","22","18",23.4,,13.8,,"W","W",32,,"NE ",,2,,2,,7,
"251200030","SKIERNIEWICE                  ","2025","06","23","06",18.8,,12.4,,"W","W",46,,"SSE",,4,,8,,7,
"251200030","SKIERNIEWICE                  ","2025","06","23","12",30.1,,18.8,,"W","W",32,,"SSW",,4,,3,,7,
"251200030","SKIERNIEWICE                  ","2025","06","23","18",27.2,,19.5,,"W","W",48,,"WNW",,1,,8,,7,
"251200030","SKIERNIEWICE                  ","2025","06","24","06",16.3,,11.9,,"W","W",59,,"W  ",,7,,3,,7,
"251200030","SKIERNIEWICE                  ","2025","06","24","12",19.0,,12.4,,"W","W",45,,"W  ",,9,,7,,7,
"251200030","SKIERNIEWICE                  ","2025","06","24","18",19.0,,12.6,,"W","W",46,,"WSW",,7,,7,,7,
"251200030","SKIERNIEWICE                  ","2025","06","25","06",20.0,,15.4,,"W","W",61,,"WNW",,4,,7,,7,
"251200030","SKIERNIEWICE                  ","2025","06","25","12",21.3,,16.0,,"W","W",57,,"WSW",,9,,8,,7,
"251200030","SKIERNIEWICE                  ","2025","06","25","18",18.0,,16.3,,"W","W",84,,"WSW",,2,,4,,7,
"251200030","SKIERNIEWICE                  ","2025","06","26","06",16.8,,13.4,,"W","W",68,,"NNW",,2,,1,,7,
"251200030","SKIERNIEWICE                  ","2025","06","26","12",23.9,,16.0,,"W","W",43,,"SSW",,2,,1,,7,
"251200030","SKIERNIEWICE                  ","2025","06","26","18",24.3,,17.8,,"W","W",52,,"SSE",,2,,1,,7,
"251200030","SKIERNIEWICE                  ","2025","06","27","06",20.2,,18.2,,"W","W",82,,"WNW",,2,,8,,7,
"251200030","SKIERNIEWICE                  ","2025","06","27","12",22.7,,18.2,,"W","W",64,,"WSW",,7,,7,,7,
"251200030","SKIERNIEWICE                  ","2025","06","27","18",16.0,,15.4,,"W","W",94,,"W  ",,4,,8,,7,
"251200030","SKIERNIEWICE                  ","2025","06","28","06",17.0,,14.4,,"W","W",75,,"WSW",,1,,6,,7,
"251200030","SKIERNIEWICE                  ","2025","06","28","12",22.2,,15.7,,"W","W",50,,"WNW",,7,,7,,7,
"251200030","SKIERNIEWICE                  ","2025","06","28","18",22.3,,17.2,,"W","W",60,,"NNW",,1,,8,,7,
"251200030","SKIERNIEWICE                  ","2025","06","29","06",21.8,,18.8,,"W","W",75,,"NNW",,2,,8,,7,
"251200030","SKIERNIEWICE                  ","2025","06","29","12",25.1,,18.7,,"W","W",54,,"W  ",,7,,8,,7,
"251200030","SKIERNIEWICE                  ","2025","06","29","18",20.4,,18.7,,"W","W",85,,"W  ",,2,,8,,7,
"251200030","SKIERNIEWICE                  ","2025","06","30","06",15.8,,12.7,,"W","W",70,,"WNW",,4,,6,,7,
"251200030","SKIERNIEWICE                  ","2025","06","30","12",20.9,,14.8,,"W","W",51,,"WNW",,7,,2,,7,
"251200030","SKIERNIEWICE                  ","2025","06","30","18",20.9,,14.5,,"W","W",49,,"NW ",,4,,1,,7,
"251210040","JARCZEW                       ","2025","06","01","06",18.6,,17.6,,"W","W",91,,"C  ",,0,,1,,7,
"251210040","JARCZEW                       ","2025","06","01","12",24.5,,18.7,,"W","W",57,,"ENE",,1,,3,,7,
"251210040","JARCZEW                       ","2025","06","01","18",22.7,,19.0,,"W","W",70,,"SSE",,2,,7,,7,
"251210040","JARCZEW                       ","2025","06","02","06",20.0,,18.2,,"W","W",84,,"W  ",,3,,7,,7,
"251210040","JARCZEW                       ","2025","06","02","12",24.3,,19.4,,"W","W",63,,"WNW",,4,,6,,7,
"251210040","JARCZEW                       ","2025","06","02","18",19.9,,18.1,,"W","W",84,,"NW ",,2,,6,,7,
"251210040","JARCZEW                       ","2025","06","03","06",16.1,,15.9,,"W","W",98,,"C  ",,0,,8,,7,
"251210040","JARCZEW                       ","2025","06","03","12",19.4,,18.1,,"W","W",88,,"C  ",,0,,8,,7,
"251210040","JARCZEW                       ","2025","06","03","18",15.7,,15.5,,"W","W",98,,"C  ",,0,,1,,7,
"251210040","JARCZEW                       ","2025","06","04","06",16.8,,15.5,,"W","W",87,,"ESE",,4,,3,,7,
"251210040","JARCZEW                       ","2025","06","04","12",24.3,,19.2,,"W","W",62,,"S  ",,4,,4,,7,
"251210040","JARCZEW                       ","2025","06","04","18",22.8,,18.9,,"W","W",69,,"SE ",,2,,4,,7,
"251210040","JARCZEW                       ","2025","06","05","06",22.0,,18.9,,"W","W",74,,"S  ",,4,,2,,7,
"251210040","JARCZEW                       ","2025","06","05","12",24.5,,20.1,,"W","W",67,,"WNW",,5,,4,,7,
"251210040","JARCZEW                       ","2025","06","05","18",23.1,,21.6,,"W","W",88,,"SSW",,1,,1,,7,
"251210040","JARCZEW                       ","2025","06","06","06",18.7,,17.1,,"W","W",85,,"SW ",,2,,3,,7,
"251210040","JARCZEW                       ","2025","06","06","12",24.9,,20.6,,"W","W",68,,"SW ",,2,,6,,7,
"251210040","JARCZEW                       ","2025","06","06","18",23.3,,19.5,,"W","W",70,,"W  ",,3,,4,,7,
"251210040","JARCZEW                       ","2025","06","07","06",19.6,,18.0,,"W","W",86,,"SW ",,1,,4,,7,
"251210040","JARCZEW                       ","2025","06","07","12",23.1,,19.3,,"W","W",70,,"SE ",,1,,7,,7,
"251210040","JARCZEW                       ","2025","06","07","18",16.6,,16.0,,"W","W",94,,"WNW",,2,,8,,6,
"251210040","JARCZEW                       ","2025","06","08","06",17.0,,15.8,,"W","W",88,,"WNW",,4,,4,,7,
"251210040","JARCZEW                       ","2025","06","08","12",19.7,,16.5,,"W","W",72,,"SSW",,1,,8,,7,
"251210040","JARCZEW                       ","2025","06","08","18",15.5,,14.8,,"W","W",93,,"S  ",,3,,8,,7,
"251210040","JARCZEW                       ","2025","06","09","06",12.2,,10.7,,"W","W",83,,"W  ",,5,,8,,7,
"251210040","JARCZEW                       ","2025","06","09","12",15.6,,12.6,,"W","W",71,,"W  ",,5,,8,,7,
"251210040","JARCZEW                       ","2025","06","09","18",11.4,,10.7,,"W","W",92,,"WNW",,5,,6,,7,
"251210040","JARCZEW                       ","2025","06","10","06",13.0,,11.5,,"W","W",84,,"SW ",,2,,3,,7,
"251210040","JARCZEW                       ","2025","06","10","12",18.3,,12.7,,"W","W",51,,"SSE",,3,,2,,7,
"251210040","JARCZEW                       ","2025","06","10","18",17.1,,13.6,,"W","W",68,,"SE ",,2,,8,,7,
"251210040","JARCZEW                       ","2025","06","11","06",13.9,,13.5,,"W","W",96,,"W  ",,3,,8,,7,
"251210040","JARCZEW                       ","2025","06","11","12",17.7,,15.1,,"W","W",76,,"NW ",,5,,5,,7,
"251210040","JARCZEW                       ","2025","06","11","18",15.1,,13.4,,"W","W",83,,"WNW",,4,,3,,7,
"251210040","JARCZEW                       ","2025","06","12","06",12.4,,11.0,,"W","W",84,,"WNW",,4,,3,,7,
"251210040","JARCZEW                       ","2025","06","12","12",17.7,,13.5,,"W","W",62,,"NW ",,6,,6,,7,
"251210040","JARCZEW                       ","2025","06","12","18",15.6,,11.8,,"W","W",63,,"NW ",,4,,3,,7,
"251210040","JARCZEW                       ","2025","06","13","06",11.1,,10.5,,"W","W",93,,"NW ",,3,,8,,7,
"251210040","JARCZEW                       ","2025","06","13","12",16.7,,14.2,,"W","W",76,,"NW ",,3,,8,,7,
"251210040","JARCZEW                       ","2025","06","13","18",17.5,,15.7,,"W","W",83,,"WNW",,2,,1,,7,
"251210040","JARCZEW                       ","2025","06","14","06",13.9,,13.1,,"W","W",91,,"NW ",,1,,6,,7,
"251210040","JARCZEW                       ","2025","06","14","12",21.3,,14.8,,"W","W",49,,"SW ",,2,,2,,7,
"251210040","JARCZEW                       ","2025","06","14","18",20.7,,19.1,,"W","W",86,,"C  ",,0,,2,,7,
"251210040","JARCZEW                       ","2025","06","15","06",17.9,,15.6,,"W","W",79,,"ESE",,1,,1,,7,
"251210040","JARCZEW                       ","2025","06","15","12",23.7,,18.2,,"W","W",58,,"NNW",,2,,1,,7,
"251210040","JARCZEW                       ","2025","06","15","18",22.9,,20.6,,"W","W",81,,"C  ",,0,,1,,7,
"251210040","JARCZEW                       ","2025","06","16","06",20.7,,16.8,,"W","W",67,,"SW ",,1,,1,,7,
"251210040","JARCZEW                       ","2025","06","16","12",27.4,,21.4,,"W","W",58,,"WNW",,3,,1,,7,
"251210040","JARCZEW                       ","2025","06","16","18",19.5,,17.1,,"W","W",79,,"NW ",,8,,8,,7,
"251210040","JARCZEW                       ","2025","06","17","06",16.0,,14.6,,"W","W",86,,"WNW",,5,,3,,7,
"251210040","JARCZEW                       ","2025","06","17","12",19.8,,15.5,,"W","W",63,,"WNW",,6,,6,,7,
"251210040","JARCZEW                       ","2025","06","17","18",19.4,,16.4,,"W","W",74,,"WNW",,3,,1,,7,
"251210040","JARCZEW                       ","2025","06","18","06",19.0,,16.8,,"W","W",80,,"W  ",,2,,2,,7,
"251210040","JARCZEW                       ","2025","06","18","12",24.7,,19.2,,"W","W",59,,"W  ",,5,,6,,7,
"251210040","JARCZEW                       ","2025","06","18","18",22.8,,17.7,,"W","W",60,,"WNW",,5,,2,,7,
"251210040","JARCZEW                       ","2025","06","19","06",16.6,,14.7,,"W","W",82,,"WNW",,3,,7,,7,
"251210040","JARCZEW                       ","2025","06","19","12",20.1,,14.8,,"W","W",56,,"WNW",,8,,7,,7,
"251210040","JARCZEW                       ","2025","06","19","18",17.5,,12.4,,"W","W",54,,"NW ",,6,,2,,7,
"251210040","JARCZEW                       ","2025","06","20","06",13.7,,11.7,,"W","W",79,,"WNW",,5,,2,,7,
"251210040","JARCZEW                       ","2025","06","20","12",19.7,,13.1,,"W","W",46,,"NW ",,7,,4,,7,
"251210040","JARCZEW                       ","2025","06","20","18",17.7,,12.5,,"W","W",54,,"NW ",,4,,1,,7,
"251210040","JARCZEW                       ","2025","06","21","06",13.4,,11.4,,"W","W",79,,"NW ",,3,,1,,7,
"251210040","JARCZEW                       ","2025","06","21","12",22.1,,15.1,,"W","W",46,,"NW ",,6,,1,,7,
"251210040","JARCZEW                       ","2025","06","21","18",20.4,,17.6,,"W","W",76,,"W  ",,2,,7,,7,
"251210040","JARCZEW                       ","2025","06","22","06",18.2,,15.2,,"W","W",73,,"WNW",,4,,6,,7,
"251210040","JARCZEW                       ","2025","06","22","12",24.9,,17.3,,"W","W",46,,"NW ",,5,,2,,7,
"251210040","JARCZEW                       ","2025","06","22","18",19.0,,15.5,,"W","W",69,,"NW ",,3,,3,,7,
"251210040","JARCZEW                       ","2025","06","23","06",16.8,,13.0,,"W","W",65,,"SE ",,4,,6,,7,
"251210040","JARCZEW                       ","2025","06","23","12",24.8,,18.2,,"W","W",52,,"SE ",,4,,8,,7,
"251210040","JARCZEW                       ","2025","06","23","18",25.7,,21.2,,"W","W",67,,"SSW",,1,,6,,7,
"251210040","JARCZEW                       ","2025","06","24","06",15.1,,12.6,,"W","W",75,,"WNW",,6,,3,,7,
"251210040","JARCZEW                       ","2025","06","24","12",19.8,,14.3,,"W","W",54,,"W  ",,7,,7,,7,
"251210040","JARCZEW                       ","2025","06","24","18",17.9,,16.5,,"W","W",87,,"W  ",,1,,6,,7,
"251210040","JARCZEW                       ","2025","06","25","06",18.0,,14.8,,"W","W",71,,"W  ",,6,,8,,7,
"251210040","JARCZEW                       ","2025","06","25","12",22.8,,18.0,,"W","W",62,,"W  ",,6,,6,,7,
"251210040","JARCZEW                       ","2025","06","25","18",16.8,,15.9,,"W","W",91,,"WNW",,5,,4,,7,
"251210040","JARCZEW                       ","2025","06","26","06",15.3,,13.6,,"W","W",83,,"NW ",,3,,2,,7,
"251210040","JARCZEW                       ","2025","06","26","12",22.6,,17.9,,"W","W",63,,"W  ",,2,,2,,7,
"251210040","JARCZEW                       ","2025","06","26","18",22.1,,18.7,,"W","W",72,,"SSE",,1,,1,,7,
"251210040","JARCZEW                       ","2025","06","27","06",19.1,,18.8,,"W","W",97,,"W  ",,4,,8,,7,
"251210040","JARCZEW                       ","2025","06","27","12",22.6,,18.8,,"W","W",70,,"WNW",,7,,3,,7,
"251210040","JARCZEW                       ","2025","06","27","18",17.1,,16.7,,"W","W",96,,"WNW",,5,,8,,7,
"251210040","JARCZEW                       ","2025","06","28","06",15.8,,14.3,,"W","W",85,,"WNW",,6,,4,,7,
"251210040","JARCZEW                       ","2025","06","28","12",20.3,,15.9,,"W","W",63,,"NW ",,5,,7,,7,
"251210040","JARCZEW                       ","2025","06","28","18",19.8,,17.7,,"W","W",81,,"WNW",,2,,6,,7,
"251210040","JARCZEW                       ","2025","06","29","06",21.3,,18.8,,"W","W",79,,"WNW",,7,,4,,7,
"251210040","JARCZEW                       ","2025","06","29","12",25.2,,19.8,,"W","W",60,,"WNW",,8,,6,,7,
"251210040","JARCZEW                       ","2025","06","29","18",21.1,,18.8,,"W","W",80,,"W  ",,5,,7,,7,
"251210040","JARCZEW                       ","2025","06","30","06",15.7,,12.7,,"W","W",71,,"WNW",,5,,6,,7,
"251210040","JARCZEW                       ","2025","06","30","12",21.9,,15.8,,"W","W",52,,"WNW",,8,,4,,7,
"251210040","JARCZEW                       ","2025","06","30","18",20.1,,15.0,,"W","W",58,,"NW ",,4,,2,,7,
"252150120","GORZYÑ                        ","2025","06","01","06",19.0,,15.2,,"W","W",67,,"E  ",,1,,5,,7,
"252150120","GORZYÑ                        ","2025","06","01","12",26.5,,23.6,,"W","W",78,,"C  ",,0,,3,,7,
"252150120","GORZYÑ                        ","2025","06","01","18",20.6,,19.3,,"W","W",89,,"C  ",,0,,4,,7,
"252150120","GORZYÑ                        ","2025","06","02","06",15.5,,14.0,,"W","W",85,,"C  ",,0,,2,,7,
"252150120","GORZYÑ                        ","2025","06","02","12",21.0,,19.6,,"W","W",88,,"W  ",,1,,3,,7,
"252150120","GORZYÑ                        ","2025","06","02","18",18.0,,16.6,,"W","W",87,,"C  ",,0,,6,,7,
"252150120","GORZYÑ                        ","2025","06","03","06",15.5,,15.0,,"W","W",95,,"NW ",,2,,6,,7,
"252150120","GORZYÑ                        ","2025","06","03","12",24.0,,22.6,,"W","W",89,,"W  ",,2,,5,,7,
"252150120","GORZYÑ                        ","2025","06","03","18",17.0,,14.8,,"W","W",79,,"C  ",,0,,2,,7,
"252150120","GORZYÑ                        ","2025","06","04","06",18.2,,15.6,,"W","W",76,,"S  ",,1,,5,,7,
"252150120","GORZYÑ                        ","2025","06","04","12",27.0,,25.9,,"W","W",92,,"S  ",,1,,3,,7,
"252150120","GORZYÑ                        ","2025","06","04","18",20.0,,18.3,,"W","W",85,,"C  ",,0,,7,,7,
"252150120","GORZYÑ                        ","2025","06","05","06",17.0,,16.5,,"W","W",95,,"NW ",,1,,2,,7,
"252150120","GORZYÑ                        ","2025","06","05","12",21.0,,19.4,,"W","W",86,,"NW ",,1,,3,,7,
"252150120","GORZYÑ                        ","2025","06","05","18",20.0,,18.9,,"W","W",90,,"NW ",,1,,2,,7,
"252150120","GORZYÑ                        ","2025","06","06","06",15.2,,14.8,,"W","W",96,,"NW ",,1,,3,,7,
"252150120","GORZYÑ                        ","2025","06","06","12",22.0,,20.0,,"W","W",83,,"NW ",,1,,2,,7,
"252150120","GORZYÑ                        ","2025","06","06","18",20.2,,16.3,,"W","W",67,,"C  ",,0,,8,,7,
"252150120","GORZYÑ                        ","2025","06","07","06",18.0,,15.2,,"W","W",74,,"NW ",,2,,1,,7,
"252150120","GORZYÑ                        ","2025","06","07","12",24.0,,22.6,,"W","W",89,,"NW ",,2,,5,,7,
"252150120","GORZYÑ                        ","2025","06","07","18",17.0,,16.9,,"W","W",99,,"NW ",,4,,7,,7,
"252150120","GORZYÑ                        ","2025","06","08","06",15.0,,13.2,,"W","W",82,,"NW ",,1,,1,,7,
"252150120","GORZYÑ                        ","2025","06","08","12",21.0,,18.9,,"W","W",82,,"NW ",,4,,4,,7,
"252150120","GORZYÑ                        ","2025","06","08","18",15.2,,11.8,,"W","W",67,,"NW ",,4,,7,,7,
"252150120","GORZYÑ                        ","2025","06","09","06",12.1,,9.9,,"W","W",76,,"NW ",,2,,3,,7,
"252150120","GORZYÑ                        ","2025","06","09","12",20.0,,17.8,,"W","W",81,,"NW ",,1,,3,,7,
"252150120","GORZYÑ                        ","2025","06","09","18",16.0,,11.7,,"W","W",59,,"NW ",,1,,5,,7,
"252150120","GORZYÑ                        ","2025","06","10","06",14.1,,11.0,,"W","W",68,,"NW ",,1,,1,,7,
"252150120","GORZYÑ                        ","2025","06","10","12",22.8,,20.4,,"W","W",80,,"C  ",,0,,2,,7,
"252150120","GORZYÑ                        ","2025","06","10","18",15.1,,13.1,,"W","W",80,,"C  ",,0,,3,,7,
"252150120","GORZYÑ                        ","2025","06","11","06",12.9,,12.0,,"W","W",90,,"NW ",,4,,5,,7,
"252150120","GORZYÑ                        ","2025","06","11","12",19.7,,17.9,,"W","W",84,,"NW ",,2,,5,,7,
"252150120","GORZYÑ                        ","2025","06","11","18",17.4,,12.0,,"W","W",52,,"NW ",,2,,4,,7,
"252150120","GORZYÑ                        ","2025","06","12","06",12.1,,10.8,,"W","W",85,,"C  ",,0,,1,,7,
"252150120","GORZYÑ                        ","2025","06","12","12",23.0,,20.0,,"W","W",76,,"C  ",,0,,3,,7,
"252150120","GORZYÑ                        ","2025","06","12","18",18.2,,12.7,,"W","W",52,,"C  ",,0,,2,,7,
"252150120","GORZYÑ                        ","2025","06","13","06",12.7,,10.2,,"W","W",73,,"C  ",,0,,2,,7,
"252150120","GORZYÑ                        ","2025","06","13","12",22.5,,20.0,,"W","W",79,,"W  ",,1,,3,,7,
"252150120","GORZYÑ                        ","2025","06","13","18",15.9,,13.8,,"W","W",79,,"C  ",,0,,3,,7,
"252150120","GORZYÑ                        ","2025","06","14","06",17.8,,14.2,,"W","W",67,,"E  ",,2,,2,,7,
"252150120","GORZYÑ                        ","2025","06","14","12",25.0,,21.0,,"W","W",70,,"W  ",,1,,2,,7,
"252150120","GORZYÑ                        ","2025","06","14","18",20.2,,14.4,,"W","W",52,,"C  ",,0,,2,,7,
"252150120","GORZYÑ                        ","2025","06","15","06",21.0,,15.7,,"W","W",57,,"C  ",,0,,1,,7,
"252150120","GORZYÑ                        ","2025","06","15","12",30.0,,25.7,,"W","W",71,,"W  ",,1,,3,,7,
"252150120","GORZYÑ                        ","2025","06","15","18",26.6,,18.3,,"W","W",44,,"C  ",,0,,2,,7,
"252150120","GORZYÑ                        ","2025","06","16","06",16.2,,15.6,,"W","W",94,,"NW ",,2,,6,,7,
"252150120","GORZYÑ                        ","2025","06","16","12",20.0,,18.9,,"W","W",90,,"NW ",,2,,2,,7,
"252150120","GORZYÑ                        ","2025","06","16","18",19.2,,14.6,,"W","W",60,,"NW ",,2,,2,,7,
"252150120","GORZYÑ                        ","2025","06","17","06",15.3,,13.8,,"W","W",85,,"NW ",,2,,7,,7,
"252150120","GORZYÑ                        ","2025","06","17","12",24.9,,23.9,,"W","W",92,,"NW ",,1,,5,,7,
"252150120","GORZYÑ                        ","2025","06","17","18",20.2,,17.5,,"W","W",77,,"C  ",,0,,5,,7,
"252150120","GORZYÑ                        ","2025","06","18","06",19.0,,15.6,,"W","W",70,,"C  ",,0,,3,,7,
"252150120","GORZYÑ                        ","2025","06","18","12",26.4,,24.7,,"W","W",87,,"W  ",,1,,3,,7,
"252150120","GORZYÑ                        ","2025","06","18","18",19.9,,16.2,,"W","W",68,,"C  ",,0,,3,,7,
"252150120","GORZYÑ                        ","2025","06","19","06",16.2,,13.1,,"W","W",70,,"NW ",,2,,2,,7,
"252150120","GORZYÑ                        ","2025","06","19","12",21.6,,18.9,,"W","W",77,,"NW ",,1,,2,,7,
"252150120","GORZYÑ                        ","2025","06","19","18",17.2,,12.5,,"W","W",57,,"C  ",,0,,2,,7,
"252150120","GORZYÑ                        ","2025","06","20","06",12.9,,11.1,,"W","W",81,,"NW ",,2,,2,,7,
"252150120","GORZYÑ                        ","2025","06","20","12",23.0,,20.5,,"W","W",80,,"NW ",,2,,2,,7,
"252150120","GORZYÑ                        ","2025","06","20","18",17.1,,12.7,,"W","W",60,,"C  ",,0,,2,,7,
"252150120","GORZYÑ                        ","2025","06","21","06",15.9,,11.7,,"W","W",60,,"SW ",,2,,2,,7,
"252150120","GORZYÑ                        ","2025","06","21","12",27.0,,24.6,,"W","W",82,,"NW ",,1,,2,,7,
"252150120","GORZYÑ                        ","2025","06","21","18",20.0,,16.9,,"W","W",73,,"C  ",,0,,2,,7,
"252150120","GORZYÑ                        ","2025","06","22","06",17.8,,14.2,,"W","W",67,,"NW ",,1,,2,,7,
"252150120","GORZYÑ                        ","2025","06","22","12",32.0,,19.5,,"W","W",29,,"NW ",,1,,2,,7,
"252150120","GORZYÑ                        ","2025","06","22","18",28.0,,18.7,,"W","W",40,,"C  ",,0,,4,,7,
"252150120","GORZYÑ                        ","2025","06","23","06",17.2,,15.8,,"W","W",87,,"C  ",,0,,7,,7,
"252150120","GORZYÑ                        ","2025","06","23","12",22.4,,21.9,,"W","W",96,,"C  ",,0,,7,,7,
"252150120","GORZYÑ                        ","2025","06","23","18",17.0,,14.0,,"W","W",72,,"N  ",,4,,5,,7,
"252150120","GORZYÑ                        ","2025","06","24","06",15.9,,12.3,,"W","W",65,,"NW ",,2,,2,,7,
"252150120","GORZYÑ                        ","2025","06","24","12",20.0,,18.8,,"W","W",89,,"NW ",,2,,3,,7,
"252150120","GORZYÑ                        ","2025","06","24","18",18.3,,14.2,,"W","W",64,,"NW ",,2,,4,,7,
"252150120","GORZYÑ                        ","2025","06","25","06",18.4,,16.1,,"W","W",79,,"NW ",,4,,3,,7,
"252150120","GORZYÑ                        ","2025","06","25","12",28.9,,27.9,,"W","W",93,,"C  ",,0,,3,,7,
"252150120","GORZYÑ                        ","2025","06","25","18",21.3,,17.0,,"W","W",65,,"NW ",,4,,3,,7,
"252150120","GORZYÑ                        ","2025","06","26","06",17.3,,13.9,,"W","W",69,,"NW ",,1,,5,,7,
"252150120","GORZYÑ                        ","2025","06","26","12",29.5,,27.3,,"W","W",84,,"NE ",,1,,3,,7,
"252150120","GORZYÑ                        ","2025","06","26","18",27.3,,20.0,,"W","W",50,,"NE ",,1,,2,,7,
"252150120","GORZYÑ                        ","2025","06","27","06",20.2,,17.7,,"W","W",78,,"NW ",,4,,6,,7,
"252150120","GORZYÑ                        ","2025","06","27","12",22.0,,19.6,,"W","W",80,,"NW ",,2,,3,,7,
"252150120","GORZYÑ                        ","2025","06","27","18",18.9,,15.0,,"W","W",66,,"NW ",,1,,2,,7,
"252150120","GORZYÑ                        ","2025","06","28","06",18.8,,15.4,,"W","W",70,,"W  ",,1,,3,,7,
"252150120","GORZYÑ                        ","2025","06","28","12",28.0,,26.3,,"W","W",87,,"W  ",,1,,2,,7,
"252150120","GORZYÑ                        ","2025","06","28","18",23.4,,20.4,,"W","W",76,,"C  ",,0,,3,,7,
"252150120","GORZYÑ                        ","2025","06","29","06",20.4,,15.8,,"W","W",62,,"C  ",,0,,3,,7,
"252150120","GORZYÑ                        ","2025","06","29","12",27.4,,25.6,,"W","W",86,,"W  ",,2,,3,,7,
"252150120","GORZYÑ                        ","2025","06","29","18",25.2,,17.7,,"W","W",47,,"W  ",,1,,3,,7,
"252150120","GORZYÑ                        ","2025","06","30","06",14.7,,12.9,,"W","W",82,,"NW ",,2,,2,,7,
"252150120","GORZYÑ                        ","2025","06","30","12",25.2,,20.9,,"W","W",68,,"C  ",,0,,2,,7,
"252150120","GORZYÑ                        ","2025","06","30","18",21.6,,16.2,,"W","W",57,,"C  ",,0,,1,,7,
"252150270","BABIMOST                      ","2025","06","01","06",18.5,,15.3,,"W","W",71,,"SE ",,4,,7,,8,
"252150270","BABIMOST                      ","2025","06","01","12",25.9,,18.5,,"W","W",48,,"SSW",,6,,7,,8,
"252150270","BABIMOST                      ","2025","06","01","18",21.7,,18.9,,"W","W",77,,"ESE",,2,,7,,8,
"252150270","BABIMOST                      ","2025","06","02","06",17.0,,15.4,,"W","W",85,,"W  ",,2,,8,,8,
"252150270","BABIMOST                      ","2025","06","02","12",20.7,,16.2,,"W","W",63,,"SSE",,2,,8,,8,
"252150270","BABIMOST                      ","2025","06","02","18",18.6,,15.8,,"W","W",75,,"NNW",,2,,8,,8,
"252150270","BABIMOST                      ","2025","06","03","06",16.9,,15.0,,"W","W",82,,"SSW",,2,,7,,7,
"252150270","BABIMOST                      ","2025","06","03","12",22.5,,14.5,,"W","W",40,,"W  ",,4,,3,,8,
"252150270","BABIMOST                      ","2025","06","03","18",23.6,,15.2,,"W","W",39,,"S  ",,2,,0,,8,
"252150270","BABIMOST                      ","2025","06","04","06",18.7,,15.4,,"W","W",71,,"S  ",,2,,7,,8,
"252150270","BABIMOST                      ","2025","06","04","12",27.4,,19.4,,"W","W",46,,"SSW",,5,,6,,8,
"252150270","BABIMOST                      ","2025","06","04","18",22.8,,18.0,,"W","W",62,,"S  ",,3,,5,,8,
"252150270","BABIMOST                      ","2025","06","05","06",19.4,,17.4,,"W","W",82,,"SW ",,4,,7,,8,
"252150270","BABIMOST                      ","2025","06","05","12",24.5,,17.5,,"W","W",49,,"WSW",,5,,7,,8,
"252150270","BABIMOST                      ","2025","06","05","18",20.6,,16.4,,"W","W",65,,"SW ",,3,,8,,8,
"252150270","BABIMOST                      ","2025","06","06","06",17.5,,15.0,,"W","W",77,,"S  ",,4,,7,,8,
"252150270","BABIMOST                      ","2025","06","06","12",24.7,,18.0,,"W","W",51,,"SW ",,8,,7,,8,
"252150270","BABIMOST                      ","2025","06","06","18",21.6,,16.1,,"W","W",56,,"WSW",,3,,7,,8,
"252150270","BABIMOST                      ","2025","06","07","06",19.0,,15.2,,"W","W",67,,"SSW",,5,,6,,8,
"252150270","BABIMOST                      ","2025","06","07","12",20.3,,17.1,,"W","W",73,,"S  ",,6,,8,,8,
"252150270","BABIMOST                      ","2025","06","07","18",15.3,,15.0,,"W","W",97,,"SSW",,2,,8,,7,
"252150270","BABIMOST                      ","2025","06","08","06",14.7,,13.6,,"W","W",89,,"S  ",,5,,8,,8,
"252150270","BABIMOST                      ","2025","06","08","12",14.5,,13.7,,"W","W",92,,"SSW",,6,,8,,8,
"252150270","BABIMOST                      ","2025","06","08","18",15.2,,12.3,,"W","W",71,,"WSW",,5,,8,,8,
"252150270","BABIMOST                      ","2025","06","09","06",10.8,,10.3,,"W","W",94,,"WSW",,5,,8,,6,
"252150270","BABIMOST                      ","2025","06","09","12",16.1,,11.5,,"W","W",57,,"WSW",,8,,8,,8,
"252150270","BABIMOST                      ","2025","06","09","18",16.7,,12.3,,"W","W",59,,"W  ",,1,,2,,8,
"252150270","BABIMOST                      ","2025","06","10","06",13.8,,11.2,,"W","W",73,,"SSW",,3,,7,,8,
"252150270","BABIMOST                      ","2025","06","10","12",19.9,,13.6,,"W","W",48,,"S  ",,5,,8,,8,
"252150270","BABIMOST                      ","2025","06","10","18",17.2,,13.7,,"W","W",68,,"WSW",,2,,8,,7,
"252150270","BABIMOST                      ","2025","06","11","06",13.1,,11.6,,"W","W",84,,"WNW",,6,,7,,8,
"252150270","BABIMOST                      ","2025","06","11","12",16.7,,13.0,,"W","W",65,,"W  ",,6,,7,,8,
"252150270","BABIMOST                      ","2025","06","11","18",17.7,,12.8,,"W","W",56,,"WNW",,3,,2,,8,
"252150270","BABIMOST                      ","2025","06","12","06",14.9,,12.0,,"W","W",71,,"NNE",,2,,1,,8,
"252150270","BABIMOST                      ","2025","06","12","12",20.6,,13.4,,"W","W",43,,"NNE",,2,,1,,8,
"252150270","BABIMOST                      ","2025","06","12","18",20.6,,13.5,,"W","W",44,,"NNW",,3,,1,,8,
"252150270","BABIMOST                      ","2025","06","13","06",13.9,,10.3,,"W","W",63,,"ENE",,3,,0,,8,
"252150270","BABIMOST                      ","2025","06","13","12",21.0,,13.7,,"W","W",43,,"ENE",,5,,1,,8,
"252150270","BABIMOST                      ","2025","06","13","18",20.8,,15.0,,"W","W",53,,"ESE",,4,,1,,8,
"252150270","BABIMOST                      ","2025","06","14","06",16.9,,14.2,,"W","W",74,,"ENE",,3,,1,,8,
"252150270","BABIMOST                      ","2025","06","14","12",24.2,,16.5,,"W","W",45,,"ESE",,4,,0,,8,
"252150270","BABIMOST                      ","2025","06","14","18",23.2,,15.1,,"W","W",41,,"E  ",,4,,0,,8,
"252150270","BABIMOST                      ","2025","06","15","06",19.2,,13.9,,"W","W",55,,"SE ",,3,,1,,8,
"252150270","BABIMOST                      ","2025","06","15","12",29.6,,19.3,,"W","W",37,,"SE ",,3,,1,,8,
"252150270","BABIMOST                      ","2025","06","15","18",28.1,,19.2,,"W","W",42,,"ESE",,4,,4,,8,
"252150270","BABIMOST                      ","2025","06","16","06",16.3,,15.7,,"W","W",94,,"W  ",,4,,8,,7,
"252150270","BABIMOST                      ","2025","06","16","12",19.2,,15.0,,"W","W",64,,"WNW",,6,,8,,8,
"252150270","BABIMOST                      ","2025","06","16","18",20.2,,15.4,,"W","W",60,,"WNW",,3,,6,,8,
"252150270","BABIMOST                      ","2025","06","17","06",16.9,,14.2,,"W","W",74,,"W  ",,3,,6,,8,
"252150270","BABIMOST                      ","2025","06","17","12",23.2,,16.6,,"W","W",50,,"WNW",,5,,7,,8,
"252150270","BABIMOST                      ","2025","06","17","18",23.9,,17.1,,"W","W",50,,"N  ",,2,,7,,8,
"252150270","BABIMOST                      ","2025","06","18","06",19.8,,15.7,,"W","W",65,,"WSW",,3,,7,,8,
"252150270","BABIMOST                      ","2025","06","18","12",27.4,,17.6,,"W","W",37,,"W  ",,5,,6,,8,
"252150270","BABIMOST                      ","2025","06","18","18",24.0,,17.4,,"W","W",51,,"NNW",,4,,6,,8,
"252150270","BABIMOST                      ","2025","06","19","06",17.6,,13.3,,"W","W",61,,"NW ",,5,,6,,8,
"252150270","BABIMOST                      ","2025","06","19","12",21.3,,13.7,,"W","W",41,,"WNW",,7,,5,,8,
"252150270","BABIMOST                      ","2025","06","19","18",19.6,,12.4,,"W","W",41,,"NW ",,5,,1,,8,
"252150270","BABIMOST                      ","2025","06","20","06",15.4,,12.1,,"W","W",68,,"NW ",,3,,1,,8,
"252150270","BABIMOST                      ","2025","06","20","12",21.8,,13.2,,"W","W",35,,"NW ",,4,,4,,8,
"252150270","BABIMOST                      ","2025","06","20","18",21.2,,13.4,,"W","W",40,,"NNW",,2,,1,,8,
"252150270","BABIMOST                      ","2025","06","21","06",17.3,,11.9,,"W","W",52,,"S  ",,3,,1,,8,
"252150270","BABIMOST                      ","2025","06","21","12",25.3,,14.9,,"W","W",30,,"WSW",,4,,2,,8,
"252150270","BABIMOST                      ","2025","06","21","18",26.6,,14.8,,"W","W",25,,"WNW",,2,,1,,8,
"252150270","BABIMOST                      ","2025","06","22","06",20.9,,13.9,,"W","W",45,,"SW ",,2,,2,,8,
"252150270","BABIMOST                      ","2025","06","22","12",30.3,,18.2,,"W","W",29,,"SW ",,1,,3,,8,
"252150270","BABIMOST                      ","2025","06","22","18",29.2,,17.9,,"W","W",31,,"S  ",,3,,6,,8,
"252150270","BABIMOST                      ","2025","06","23","06",19.7,,15.7,,"W","W",66,,"WSW",,2,,7,,7,
"252150270","BABIMOST                      ","2025","06","23","12",28.2,,19.1,,"W","W",41,,"WSW",,10,,7,,8,
"252150270","BABIMOST                      ","2025","06","23","18",18.4,,14.1,,"W","W",62,,"WNW",,7,,7,,8,
"252150270","BABIMOST                      ","2025","06","24","06",16.0,,11.6,,"W","W",58,,"WSW",,6,,3,,8,
"252150270","BABIMOST                      ","2025","06","24","12",21.2,,12.6,,"W","W",34,,"WSW",,10,,8,,8,
"252150270","BABIMOST                      ","2025","06","24","18",21.2,,16.1,,"W","W",59,,"WSW",,4,,7,,8,
"252150270","BABIMOST                      ","2025","06","25","06",17.8,,15.8,,"W","W",81,,"WSW",,9,,8,,6,
"252150270","BABIMOST                      ","2025","06","25","12",25.4,,17.2,,"W","W",43,,"W  ",,9,,5,,8,
"252150270","BABIMOST                      ","2025","06","25","18",23.9,,17.8,,"W","W",54,,"WNW",,4,,3,,8,
"252150270","BABIMOST                      ","2025","06","26","06",19.6,,14.9,,"W","W",60,,"SE ",,3,,2,,8,
"252150270","BABIMOST                      ","2025","06","26","12",26.7,,19.0,,"W","W",47,,"SW ",,1,,6,,8,
"252150270","BABIMOST                      ","2025","06","26","18",28.0,,21.9,,"W","W",58,,"NW ",,3,,6,,8,
"252150270","BABIMOST                      ","2025","06","27","06",20.5,,18.1,,"W","W",79,,"WSW",,5,,6,,8,
"252150270","BABIMOST                      ","2025","06","27","12",22.4,,16.9,,"W","W",57,,"W  ",,7,,8,,8,
"252150270","BABIMOST                      ","2025","06","27","18",18.6,,14.7,,"W","W",65,,"W  ",,6,,3,,8,
"252150270","BABIMOST                      ","2025","06","28","06",16.9,,14.3,,"W","W",75,,"WSW",,4,,2,,8,
"252150270","BABIMOST                      ","2025","06","28","12",24.8,,17.7,,"W","W",49,,"W  ",,1,,5,,8,
"252150270","BABIMOST                      ","2025","06","28","18",27.4,,20.2,,"W","W",51,,"WSW",,1,,7,,8,
"252150270","BABIMOST                      ","2025","06","29","06",23.0,,19.2,,"W","W",70,,"NW ",,5,,3,,8,
"252150270","BABIMOST                      ","2025","06","29","12",25.0,,20.0,,"W","W",63,,"W  ",,5,,8,,8,
"252150270","BABIMOST                      ","2025","06","29","18",25.5,,19.4,,"W","W",56,,"NW ",,4,,6,,8,
"252150270","BABIMOST                      ","2025","06","30","06",16.1,,13.2,,"W","W",72,,"NW ",,4,,1,,8,
"252150270","BABIMOST                      ","2025","06","30","12",24.7,,14.9,,"W","W",33,,"NW ",,6,,1,,8,
"252150270","BABIMOST                      ","2025","06","30","18",23.4,,16.2,,"W","W",47,,"NNE",,4,,0,,8,
"252160230","WIELICHOWO                    ","2025","06","01","06",17.9,,,"8",,,,"8",,"8",,"8",2,,8,
"252160230","WIELICHOWO                    ","2025","06","01","12",25.3,,,"8",,,,"8",,"8",,"8",2,,8,
"252160230","WIELICHOWO                    ","2025","06","01","18",19.6,,,"8",,,,"8",,"8",,"8",1,,8,
"252160230","WIELICHOWO                    ","2025","06","02","06",16.7,,,"8",,,,"8",,"8",,"8",3,,8,
"252160230","WIELICHOWO                    ","2025","06","02","12",20.3,,,"8",,,,"8",,"8",,"8",4,,7,
"252160230","WIELICHOWO                    ","2025","06","02","18",19.7,,,"8",,,,"8",,"8",,"8",6,,8,
"252160230","WIELICHOWO                    ","2025","06","03","06",16.3,,,"8",,,,"8",,"8",,"8",3,,7,
"252160230","WIELICHOWO                    ","2025","06","03","12",23.1,,,"8",,,,"8",,"8",,"8",3,,8,
"252160230","WIELICHOWO                    ","2025","06","03","18",22.6,,,"8",,,,"8",,"8",,"8",2,,8,
"252160230","WIELICHOWO                    ","2025","06","04","06",19.7,,,"8",,,,"8",,"8",,"8",3,,8,
"252160230","WIELICHOWO                    ","2025","06","04","12",27.4,,,"8",,,,"8",,"8",,"8",4,,8,
"252160230","WIELICHOWO                    ","2025","06","04","18",19.1,,,"8",,,,"8",,"8",,"8",5,,8,
"252160230","WIELICHOWO                    ","2025","06","05","06",19.1,,,"8",,,,"8",,"8",,"8",1,,8,
"252160230","WIELICHOWO                    ","2025","06","05","12",24.1,,,"8",,,,"8",,"8",,"8",2,,8,
"252160230","WIELICHOWO                    ","2025","06","05","18",19.7,,,"8",,,,"8",,"8",,"8",2,,8,
"252160230","WIELICHOWO                    ","2025","06","06","06",15.9,,,"8",,,,"8",,"8",,"8",7,,8,
"252160230","WIELICHOWO                    ","2025","06","06","12",22.9,,,"8",,,,"8",,"8",,"8",7,,8,
"252160230","WIELICHOWO                    ","2025","06","06","18",19.2,,,"8",,,,"8",,"8",,"8",4,,8,
"252160230","WIELICHOWO                    ","2025","06","07","06",18.6,,,"8",,,,"8",,"8",,"8",1,,8,
"252160230","WIELICHOWO                    ","2025","06","07","12",19.9,,,"8",,,,"8",,"8",,"8",8,,8,
"252160230","WIELICHOWO                    ","2025","06","07","18",15.7,,,"8",,,,"8",,"8",,"8",8,,8,
"252160230","WIELICHOWO                    ","2025","06","08","06",15.0,,,"8",,,,"8",,"8",,"8",1,,8,
"252160230","WIELICHOWO                    ","2025","06","08","12",14.1,,,"8",,,,"8",,"8",,"8",8,,8,
"252160230","WIELICHOWO                    ","2025","06","08","18",13.9,,,"8",,,,"8",,"8",,"8",6,,8,
"252160230","WIELICHOWO                    ","2025","06","09","06",12.5,,,"8",,,,"8",,"8",,"8",8,,8,
"252160230","WIELICHOWO                    ","2025","06","09","12",15.9,,,"8",,,,"8",,"8",,"8",7,,8,
"252160230","WIELICHOWO                    ","2025","06","09","18",14.9,,,"8",,,,"8",,"8",,"8",1,,8,
"252160230","WIELICHOWO                    ","2025","06","10","06",14.0,,,"8",,,,"8",,"8",,"8",0,,8,
"252160230","WIELICHOWO                    ","2025","06","10","12",20.3,,,"8",,,,"8",,"8",,"8",7,,8,
"252160230","WIELICHOWO                    ","2025","06","10","18",18.1,,,"8",,,,"8",,"8",,"8",7,,8,
"252160230","WIELICHOWO                    ","2025","06","11","06",13.7,,,"8",,,,"8",,"8",,"8",8,,8,
"252160230","WIELICHOWO                    ","2025","06","11","12",16.3,,,"8",,,,"8",,"8",,"8",8,,8,
"252160230","WIELICHOWO                    ","2025","06","11","18",18.1,,,"8",,,,"8",,"8",,"8",0,,8,
"252160230","WIELICHOWO                    ","2025","06","12","06",14.3,,,"8",,,,"8",,"8",,"8",0,,8,
"252160230","WIELICHOWO                    ","2025","06","12","12",20.1,,,"8",,,,"8",,"8",,"8",2,,8,
"252160230","WIELICHOWO                    ","2025","06","12","18",18.5,,,"8",,,,"8",,"8",,"8",0,,8,
"252160230","WIELICHOWO                    ","2025","06","13","06",13.8,,,"8",,,,"8",,"8",,"8",0,,8,
"252160230","WIELICHOWO                    ","2025","06","13","12",21.1,,,"8",,,,"8",,"8",,"8",0,,8,
"252160230","WIELICHOWO                    ","2025","06","13","18",19.7,,,"8",,,,"8",,"8",,"8",0,,8,
"252160230","WIELICHOWO                    ","2025","06","14","06",15.9,,,"8",,,,"8",,"8",,"8",0,,8,
"252160230","WIELICHOWO                    ","2025","06","14","12",24.3,,,"8",,,,"8",,"8",,"8",0,,8,
"252160230","WIELICHOWO                    ","2025","06","14","18",22.0,,,"8",,,,"8",,"8",,"8",0,,8,
"252160230","WIELICHOWO                    ","2025","06","15","06",21.3,,,"8",,,,"8",,"8",,"8",0,,8,
"252160230","WIELICHOWO                    ","2025","06","15","12",28.8,,,"8",,,,"8",,"8",,"8",0,,8,
"252160230","WIELICHOWO                    ","2025","06","15","18",24.9,,,"8",,,,"8",,"8",,"8",0,,8,
"252160230","WIELICHOWO                    ","2025","06","16","06",16.2,,,"8",,,,"8",,"8",,"8",8,,8,
"252160230","WIELICHOWO                    ","2025","06","16","12",18.1,,,"8",,,,"8",,"8",,"8",8,,8,
"252160230","WIELICHOWO                    ","2025","06","16","18",19.1,,,"8",,,,"8",,"8",,"8",6,,8,
"252160230","WIELICHOWO                    ","2025","06","17","06",17.6,,,"8",,,,"8",,"8",,"8",0,,8,
"252160230","WIELICHOWO                    ","2025","06","17","12",23.7,,,"8",,,,"8",,"8",,"8",0,,8,
"252160230","WIELICHOWO                    ","2025","06","17","18",23.7,,,"8",,,,"8",,"8",,"8",0,,8,
"252160230","WIELICHOWO                    ","2025","06","18","06",19.9,,,"8",,,,"8",,"8",,"8",2,,8,
"252160230","WIELICHOWO                    ","2025","06","18","12",27.2,,,"8",,,,"8",,"8",,"8",1,,8,
"252160230","WIELICHOWO                    ","2025","06","18","18",22.9,,,"8",,,,"8",,"8",,"8",1,,8,
"252160230","WIELICHOWO                    ","2025","06","19","06",18.7,,,"8",,,,"8",,"8",,"8",0,,8,
"252160230","WIELICHOWO                    ","2025","06","19","12",21.4,,,"8",,,,"8",,"8",,"8",1,,8,
"252160230","WIELICHOWO                    ","2025","06","19","18",19.3,,,"8",,,,"8",,"8",,"8",0,,8,
"252160230","WIELICHOWO                    ","2025","06","20","06",15.9,,,"8",,,,"8",,"8",,"8",0,,8,
"252160230","WIELICHOWO                    ","2025","06","20","12",21.5,,,"8",,,,"8",,"8",,"8",1,,8,
"252160230","WIELICHOWO                    ","2025","06","20","18",19.9,,,"8",,,,"8",,"8",,"8",0,,8,
"252160230","WIELICHOWO                    ","2025","06","21","06",17.2,,,"8",,,,"8",,"8",,"8",0,,8,
"252160230","WIELICHOWO                    ","2025","06","21","12",25.8,,,"8",,,,"8",,"8",,"8",0,,8,
"252160230","WIELICHOWO                    ","2025","06","21","18",24.3,,,"8",,,,"8",,"8",,"8",0,,8,
"252160230","WIELICHOWO                    ","2025","06","22","06",19.9,,,"8",,,,"8",,"8",,"8",0,,8,
"252160230","WIELICHOWO                    ","2025","06","22","12",30.1,,,"8",,,,"8",,"8",,"8",0,,8,
"252160230","WIELICHOWO                    ","2025","06","22","18",27.6,,,"8",,,,"8",,"8",,"8",1,,8,
"252160230","WIELICHOWO                    ","2025","06","23","06",21.1,,,"8",,,,"8",,"8",,"8",7,,8,
"252160230","WIELICHOWO                    ","2025","06","23","12",27.1,,,"8",,,,"8",,"8",,"8",7,,8,
"252160230","WIELICHOWO                    ","2025","06","23","18",17.9,,,"8",,,,"8",,"8",,"8",6,,8,
"252160230","WIELICHOWO                    ","2025","06","24","06",16.5,,,"8",,,,"8",,"8",,"8",0,,8,
"252160230","WIELICHOWO                    ","2025","06","24","12",21.9,,,"8",,,,"8",,"8",,"8",5,,8,
"252160230","WIELICHOWO                    ","2025","06","24","18",20.9,,,"8",,,,"8",,"8",,"8",7,,8,
"252160230","WIELICHOWO                    ","2025","06","25","06",18.5,,,"8",,,,"8",,"8",,"8",5,,8,
"252160230","WIELICHOWO                    ","2025","06","25","12",24.9,,,"8",,,,"8",,"8",,"8",2,,8,
"252160230","WIELICHOWO                    ","2025","06","25","18",23.9,,,"8",,,,"8",,"8",,"8",1,,8,
"252160230","WIELICHOWO                    ","2025","06","26","06",19.3,,,"8",,,,"8",,"8",,"8",0,,8,
"252160230","WIELICHOWO                    ","2025","06","26","12",26.8,,,"8",,,,"8",,"8",,"8",3,,8,
"252160230","WIELICHOWO                    ","2025","06","26","18",26.3,,,"8",,,,"8",,"8",,"8",5,,8,
"252160230","WIELICHOWO                    ","2025","06","27","06",20.2,,,"8",,,,"8",,"8",,"8",7,,8,
"252160230","WIELICHOWO                    ","2025","06","27","12",22.7,,,"8",,,,"8",,"8",,"8",7,,8,
"252160230","WIELICHOWO                    ","2025","06","27","18",18.8,,,"8",,,,"8",,"8",,"8",6,,8,
"252160230","WIELICHOWO                    ","2025","06","28","06",16.9,,,"8",,,,"8",,"8",,"8",0,,8,
"252160230","WIELICHOWO                    ","2025","06","28","12",25.1,,,"8",,,,"8",,"8",,"8",0,,8,
"252160230","WIELICHOWO                    ","2025","06","28","18",25.2,,,"8",,,,"8",,"8",,"8",3,,8,
"252160230","WIELICHOWO                    ","2025","06","29","06",23.2,,,"8",,,,"8",,"8",,"8",4,,8,
"252160230","WIELICHOWO                    ","2025","06","29","12",26.5,,,"8",,,,"8",,"8",,"8",7,,8,
"252160230","WIELICHOWO                    ","2025","06","29","18",25.7,,,"8",,,,"8",,"8",,"8",6,,8,
"252160230","WIELICHOWO                    ","2025","06","30","06",16.7,,,"8",,,,"8",,"8",,"8",0,,8,
"252160230","WIELICHOWO                    ","2025","06","30","12",24.1,,,"8",,,,"8",,"8",,"8",0,,8,
"252160230","WIELICHOWO                    ","2025","06","30","18",21.5,,,"8",,,,"8",,"8",,"8",0,,8,
"252180080","KO£UDA WIELKA                 ","2025","06","01","06",17.5,,,"8",,,,"8",,"8",,"8",2,,7,
"252180080","KO£UDA WIELKA                 ","2025","06","01","12",24.9,,,"8",,,,"8",,"8",,"8",8,,7,
"252180080","KO£UDA WIELKA                 ","2025","06","01","18",18.5,,,"8",,,,"8",,"8",,"8",8,,7,
"252180080","KO£UDA WIELKA                 ","2025","06","02","06",16.7,,,"8",,,,"8",,"8",,"8",8,,7,
"252180080","KO£UDA WIELKA                 ","2025","06","02","12",19.9,,,"8",,,,"8",,"8",,"8",8,,7,
"252180080","KO£UDA WIELKA                 ","2025","06","02","18",18.7,,,"8",,,,"8",,"8",,"8",8,,7,
"252180080","KO£UDA WIELKA                 ","2025","06","03","06",13.9,,,"8",,,,"8",,"8",,"8",4,,7,
"252180080","KO£UDA WIELKA                 ","2025","06","03","12",21.7,,,"8",,,,"8",,"8",,"8",4,,7,
"252180080","KO£UDA WIELKA                 ","2025","06","03","18",19.6,,,"8",,,,"8",,"8",,"8",5,,7,
"252180080","KO£UDA WIELKA                 ","2025","06","04","06",15.1,,,"8",,,,"8",,"8",,"8",6,,7,
"252180080","KO£UDA WIELKA                 ","2025","06","04","12",27.5,,,"8",,,,"8",,"8",,"8",5,,7,
"252180080","KO£UDA WIELKA                 ","2025","06","04","18",23.3,,,"8",,,,"8",,"8",,"8",8,,7,
"252180080","KO£UDA WIELKA                 ","2025","06","05","06",17.9,,,"8",,,,"8",,"8",,"8",8,,7,
"252180080","KO£UDA WIELKA                 ","2025","06","05","12",23.1,,,"8",,,,"8",,"8",,"8",8,,7,
"252180080","KO£UDA WIELKA                 ","2025","06","05","18",19.3,,,"8",,,,"8",,"8",,"8",8,,7,
"252180080","KO£UDA WIELKA                 ","2025","06","06","06",15.7,,,"8",,,,"8",,"8",,"8",8,,7,
"252180080","KO£UDA WIELKA                 ","2025","06","06","12",23.3,,,"8",,,,"8",,"8",,"8",8,,7,
"252180080","KO£UDA WIELKA                 ","2025","06","06","18",17.1,,,"8",,,,"8",,"8",,"8",8,,7,
"252180080","KO£UDA WIELKA                 ","2025","06","07","06",16.3,,,"8",,,,"8",,"8",,"8",4,,7,
"252180080","KO£UDA WIELKA                 ","2025","06","07","12",19.1,,,"8",,,,"8",,"8",,"8",8,,7,
"252180080","KO£UDA WIELKA                 ","2025","06","07","18",18.7,,,"8",,,,"8",,"8",,"8",8,,7,
"252180080","KO£UDA WIELKA                 ","2025","06","08","06",13.7,,,"8",,,,"8",,"8",,"8",4,,7,
"252180080","KO£UDA WIELKA                 ","2025","06","08","12",19.9,,,"8",,,,"8",,"8",,"8",8,,7,
"252180080","KO£UDA WIELKA                 ","2025","06","08","18",14.5,,,"8",,,,"8",,"8",,"8",8,,7,
"252180080","KO£UDA WIELKA                 ","2025","06","09","06",10.9,,,"8",,,,"8",,"8",,"8",8,,7,
"252180080","KO£UDA WIELKA                 ","2025","06","09","12",15.1,,,"8",,,,"8",,"8",,"8",6,,7,
"252180080","KO£UDA WIELKA                 ","2025","06","09","18",13.0,,,"8",,,,"8",,"8",,"8",8,,7,
"252180080","KO£UDA WIELKA                 ","2025","06","10","06",10.7,,,"8",,,,"8",,"8",,"8",8,,7,
"252180080","KO£UDA WIELKA                 ","2025","06","10","12",19.1,,,"8",,,,"8",,"8",,"8",8,,7,
"252180080","KO£UDA WIELKA                 ","2025","06","10","18",15.3,,,"8",,,,"8",,"8",,"8",8,,6,
"252180080","KO£UDA WIELKA                 ","2025","06","11","06",13.5,,,"8",,,,"8",,"8",,"8",5,,7,
"252180080","KO£UDA WIELKA                 ","2025","06","11","12",16.3,,,"8",,,,"8",,"8",,"8",8,,7,
"252180080","KO£UDA WIELKA                 ","2025","06","11","18",15.1,,,"8",,,,"8",,"8",,"8",0,,7,
"252180080","KO£UDA WIELKA                 ","2025","06","12","06",13.7,,,"8",,,,"8",,"8",,"8",8,,7,
"252180080","KO£UDA WIELKA                 ","2025","06","12","12",19.7,,,"8",,,,"8",,"8",,"8",8,,7,
"252180080","KO£UDA WIELKA                 ","2025","06","12","18",15.0,,,"8",,,,"8",,"8",,"8",0,,7,
"252180080","KO£UDA WIELKA                 ","2025","06","13","06",12.3,,,"8",,,,"8",,"8",,"8",2,,7,
"252180080","KO£UDA WIELKA                 ","2025","06","13","12",20.5,,,"8",,,,"8",,"8",,"8",3,,7,
"252180080","KO£UDA WIELKA                 ","2025","06","13","18",19.5,,,"8",,,,"8",,"8",,"8",3,,7,
"252180080","KO£UDA WIELKA                 ","2025","06","14","06",11.1,,,"8",,,,"8",,"8",,"8",0,,7,
"252180080","KO£UDA WIELKA                 ","2025","06","14","12",22.7,,,"8",,,,"8",,"8",,"8",0,,7,
"252180080","KO£UDA WIELKA                 ","2025","06","14","18",22.9,,,"8",,,,"8",,"8",,"8",0,,7,
"252180080","KO£UDA WIELKA                 ","2025","06","15","06",14.1,,,"8",,,,"8",,"8",,"8",0,,7,
"252180080","KO£UDA WIELKA                 ","2025","06","15","12",25.1,,,"8",,,,"8",,"8",,"8",0,,7,
"252180080","KO£UDA WIELKA                 ","2025","06","15","18",23.9,,,"8",,,,"8",,"8",,"8",0,,7,
"252180080","KO£UDA WIELKA                 ","2025","06","16","06",17.9,,,"8",,,,"8",,"8",,"8",8,,7,
"252180080","KO£UDA WIELKA                 ","2025","06","16","12",18.1,,,"8",,,,"8",,"8",,"8",8,,7,
"252180080","KO£UDA WIELKA                 ","2025","06","16","18",16.3,,,"8",,,,"8",,"8",,"8",8,,7,
"252180080","KO£UDA WIELKA                 ","2025","06","17","06",14.9,,,"8",,,,"8",,"8",,"8",4,,7,
"252180080","KO£UDA WIELKA                 ","2025","06","17","12",20.4,,,"8",,,,"8",,"8",,"8",2,,7,
"252180080","KO£UDA WIELKA                 ","2025","06","17","18",19.1,,,"8",,,,"8",,"8",,"8",0,,7,
"252180080","KO£UDA WIELKA                 ","2025","06","18","06",19.1,,,"8",,,,"8",,"8",,"8",8,,7,
"252180080","KO£UDA WIELKA                 ","2025","06","18","12",25.3,,,"8",,,,"8",,"8",,"8",4,,7,
"252180080","KO£UDA WIELKA                 ","2025","06","18","18",19.3,,,"8",,,,"8",,"8",,"8",8,,7,
"252180080","KO£UDA WIELKA                 ","2025","06","19","06",16.3,,,"8",,,,"8",,"8",,"8",8,,7,
"252180080","KO£UDA WIELKA                 ","2025","06","19","12",20.5,,,"8",,,,"8",,"8",,"8",3,,7,
"252180080","KO£UDA WIELKA                 ","2025","06","19","18",15.3,,,"8",,,,"8",,"8",,"8",0,,7,
"252180080","KO£UDA WIELKA                 ","2025","06","20","06",12.3,,,"8",,,,"8",,"8",,"8",5,,7,
"252180080","KO£UDA WIELKA                 ","2025","06","20","12",20.1,,,"8",,,,"8",,"8",,"8",8,,7,
"252180080","KO£UDA WIELKA                 ","2025","06","20","18",18.7,,,"8",,,,"8",,"8",,"8",3,,7,
"252180080","KO£UDA WIELKA                 ","2025","06","21","06",13.1,,,"8",,,,"8",,"8",,"8",0,,7,
"252180080","KO£UDA WIELKA                 ","2025","06","21","12",23.1,,,"8",,,,"8",,"8",,"8",0,,7,
"252180080","KO£UDA WIELKA                 ","2025","06","21","18",16.7,,,"8",,,,"8",,"8",,"8",0,,7,
"252180080","KO£UDA WIELKA                 ","2025","06","22","06",20.3,,,"8",,,,"8",,"8",,"8",0,,7,
"252180080","KO£UDA WIELKA                 ","2025","06","22","12",26.2,,,"8",,,,"8",,"8",,"8",0,,7,
"252180080","KO£UDA WIELKA                 ","2025","06","22","18",21.9,,,"8",,,,"8",,"8",,"8",0,,7,
"252180080","KO£UDA WIELKA                 ","2025","06","23","06",18.1,,,"8",,,,"8",,"8",,"8",8,,7,
"252180080","KO£UDA WIELKA                 ","2025","06","23","12",27.9,,,"8",,,,"8",,"8",,"8",8,,7,
"252180080","KO£UDA WIELKA                 ","2025","06","23","18",24.5,,,"8",,,,"8",,"8",,"8",8,,7,
"252180080","KO£UDA WIELKA                 ","2025","06","24","06",13.3,,,"8",,,,"8",,"8",,"8",8,,7,
"252180080","KO£UDA WIELKA                 ","2025","06","24","12",18.5,,,"8",,,,"8",,"8",,"8",8,,7,
"252180080","KO£UDA WIELKA                 ","2025","06","24","18",17.3,,,"8",,,,"8",,"8",,"8",8,,7,
"252180080","KO£UDA WIELKA                 ","2025","06","25","06",17.1,,,"8",,,,"8",,"8",,"8",5,,7,
"252180080","KO£UDA WIELKA                 ","2025","06","25","12",19.7,,,"8",,,,"8",,"8",,"8",8,,7,
"252180080","KO£UDA WIELKA                 ","2025","06","25","18",19.5,,,"8",,,,"8",,"8",,"8",4,,7,
"252180080","KO£UDA WIELKA                 ","2025","06","26","06",13.7,,,"8",,,,"8",,"8",,"8",2,,7,
"252180080","KO£UDA WIELKA                 ","2025","06","26","12",25.3,,,"8",,,,"8",,"8",,"8",0,,7,
"252180080","KO£UDA WIELKA                 ","2025","06","26","18",23.9,,,"8",,,,"8",,"8",,"8",3,,7,
"252180080","KO£UDA WIELKA                 ","2025","06","27","06",18.3,,,"8",,,,"8",,"8",,"8",8,,7,
"252180080","KO£UDA WIELKA                 ","2025","06","27","12",21.1,,,"8",,,,"8",,"8",,"8",8,,7,
"252180080","KO£UDA WIELKA                 ","2025","06","27","18",16.5,,,"8",,,,"8",,"8",,"8",8,,7,
"252180080","KO£UDA WIELKA                 ","2025","06","28","06",17.1,,,"8",,,,"8",,"8",,"8",7,,7,
"252180080","KO£UDA WIELKA                 ","2025","06","28","12",23.1,,,"8",,,,"8",,"8",,"8",3,,7,
"252180080","KO£UDA WIELKA                 ","2025","06","28","18",22.1,,,"8",,,,"8",,"8",,"8",8,,7,
"252180080","KO£UDA WIELKA                 ","2025","06","29","06",21.1,,,"8",,,,"8",,"8",,"8",7,,8,
"252180080","KO£UDA WIELKA                 ","2025","06","29","12",21.9,,,"8",,,,"8",,"8",,"8",8,,7,
"252180080","KO£UDA WIELKA                 ","2025","06","29","18",21.3,,,"8",,,,"8",,"8",,"8",4,,7,
"252180080","KO£UDA WIELKA                 ","2025","06","30","06",14.1,,,"8",,,,"8",,"8",,"8",5,,7,
"252180080","KO£UDA WIELKA                 ","2025","06","30","12",21.1,,,"8",,,,"8",,"8",,"8",0,,7,
"252180080","KO£UDA WIELKA                 ","2025","06","30","18",17.3,,,"8",,,,"8",,"8",,"8",0,,7,
"252200120","LEGIONOWO                     ","2025","06","01","06",16.3,,,"8","W","W",,"8","NE ",,1,,,"8",,"8"
"252200120","LEGIONOWO                     ","2025","06","01","12",25.7,,,"8","W","W",,"8","NW ",,2,,,"8",,"8"
"252200120","LEGIONOWO                     ","2025","06","01","18",23.2,,,"8","W","W",,"8","E  ",,1,,,"8",,"8"
"252200120","LEGIONOWO                     ","2025","06","02","06",19.9,,,"8","W","W",,"8","W  ",,3,,,"8",,"8"
"252200120","LEGIONOWO                     ","2025","06","02","12",24.0,,,"8","W","W",,"8","WNW",,3,,,"8",,"8"
"252200120","LEGIONOWO                     ","2025","06","02","18",20.5,,,"8","W","W",,"8","WNW",,2,,,"8",,"8"
"252200120","LEGIONOWO                     ","2025","06","03","06",16.2,,,"8","W","W",,"8","ENE",,1,,,"8",,"8"
"252200120","LEGIONOWO                     ","2025","06","03","12",21.9,,,"8","W","W",,"8","S  ",,2,,,"8",,"8"
"252200120","LEGIONOWO                     ","2025","06","03","18",17.6,,,"8","W","W",,"8","NNE",,1,,,"8",,"8"
"252200120","LEGIONOWO                     ","2025","06","04","06",17.3,,,"8","W","W",,"8","ESE",,1,,,"8",,"8"
"252200120","LEGIONOWO                     ","2025","06","04","12",25.8,,,"8","W","W",,"8","S  ",,3,,,"8",,"8"
"252200120","LEGIONOWO                     ","2025","06","04","18",25.3,,,"8","W","W",,"8","SE ",,2,,,"8",,"8"
"252200120","LEGIONOWO                     ","2025","06","05","06",20.2,,,"8","W","W",,"8","SSE",,1,,,"8",,"8"
"252200120","LEGIONOWO                     ","2025","06","05","12",22.8,,,"8","W","W",,"8","W  ",,3,,,"8",,"8"
"252200120","LEGIONOWO                     ","2025","06","05","18",23.8,,,"8","W","W",,"8","W  ",,1,,,"8",,"8"
"252200120","LEGIONOWO                     ","2025","06","06","06",20.1,,,"8","W","W",,"8","WSW",,3,,,"8",,"8"
"252200120","LEGIONOWO                     ","2025","06","06","12",24.1,,,"8","W","W",,"8","WSW",,4,,,"8",,"8"
"252200120","LEGIONOWO                     ","2025","06","06","18",22.1,,,"8","W","W",,"8","W  ",,5,,,"8",,"8"
"252200120","LEGIONOWO                     ","2025","06","07","06",19.8,,,"8","W","W",,"8","SSW",,1,,,"8",,"8"
"252200120","LEGIONOWO                     ","2025","06","07","12",20.0,,,"8","W","W",,"8","SW ",,2,,,"8",,"8"
"252200120","LEGIONOWO                     ","2025","06","07","18",16.6,,,"8","W","W",,"8","SE ",,2,,,"8",,"8"
"252200120","LEGIONOWO                     ","2025","06","08","06",16.5,,,"8","W","W",,"8","W  ",,4,,,"8",,"8"
"252200120","LEGIONOWO                     ","2025","06","08","12",20.4,,,"8","W","W",,"8","SW ",,2,,,"8",,"8"
"252200120","LEGIONOWO                     ","2025","06","08","18",18.7,,,"8","W","W",,"8","SW ",,3,,,"8",,"8"
"252200120","LEGIONOWO                     ","2025","06","09","06",13.1,,,"8","W","W",,"8","WSW",,5,,,"8",,"8"
"252200120","LEGIONOWO                     ","2025","06","09","12",17.2,,,"8","W","W",,"8","W  ",,5,,,"8",,"8"
"252200120","LEGIONOWO                     ","2025","06","09","18",11.9,,,"8","W","W",,"8","WSW",,3,,,"8",,"8"
"252200120","LEGIONOWO                     ","2025","06","10","06",13.0,,,"8","W","W",,"8","SW ",,3,,,"8",,"8"
"252200120","LEGIONOWO                     ","2025","06","10","12",20.3,,,"8","W","W",,"8","SW ",,4,,,"8",,"8"
"252200120","LEGIONOWO                     ","2025","06","10","18",18.6,,,"8","W","W",,"8","SE ",,1,,,"8",,"8"
"252200120","LEGIONOWO                     ","2025","06","11","06",14.8,,,"8","W","W",,"8","W  ",,3,,,"8",,"8"
"252200120","LEGIONOWO                     ","2025","06","11","12",18.4,,,"8","W","W",,"8","NW ",,4,,,"8",,"8"
"252200120","LEGIONOWO                     ","2025","06","11","18",16.3,,,"8","W","W",,"8","WNW",,3,,,"8",,"8"
"252200120","LEGIONOWO                     ","2025","06","12","06",13.7,,,"8","W","W",,"8","W  ",,3,,,"8",,"8"
"252200120","LEGIONOWO                     ","2025","06","12","12",18.7,,,"8","W","W",,"8","NW ",,4,,,"8",,"8"
"252200120","LEGIONOWO                     ","2025","06","12","18",16.3,,,"8","W","W",,"8","NNW",,3,,,"8",,"8"
"252200120","LEGIONOWO                     ","2025","06","13","06",13.1,,,"8","W","W",,"8","NW ",,2,,,"8",,"8"
"252200120","LEGIONOWO                     ","2025","06","13","12",19.2,,,"8","W","W",,"8","NNW",,2,,,"8",,"8"
"252200120","LEGIONOWO                     ","2025","06","13","18",20.3,,,"8","W","W",,"8","NW ",,2,,,"8",,"8"
"252200120","LEGIONOWO                     ","2025","06","14","06",15.2,,,"8","W","W",,"8","NNE",,2,,,"8",,"8"
"252200120","LEGIONOWO                     ","2025","06","14","12",22.7,,,"8","W","W",,"8","NE ",,2,,,"8",,"8"
"252200120","LEGIONOWO                     ","2025","06","14","18",22.2,,,"8","W","W",,"8","NNW",,1,,,"8",,"8"
"252200120","LEGIONOWO                     ","2025","06","15","06",18.7,,,"8","W","W",,"8","ENE",,1,,,"8",,"8"
"252200120","LEGIONOWO                     ","2025","06","15","12",26.1,,,"8","W","W",,"8","N  ",,1,,,"8",,"8"
"252200120","LEGIONOWO                     ","2025","06","15","18",24.1,,,"8","W","W",,"8","NE ",,1,,,"8",,"8"
"252200120","LEGIONOWO                     ","2025","06","16","06",21.6,,,"8","W","W",,"8","WSW",,2,,,"8",,"8"
"252200120","LEGIONOWO                     ","2025","06","16","12",26.4,,,"8","W","W",,"8","W  ",,6,,,"8",,"8"
"252200120","LEGIONOWO                     ","2025","06","16","18",16.9,,,"8","W","W",,"8","NW ",,4,,,"8",,"8"
"252200120","LEGIONOWO                     ","2025","06","17","06",16.9,,,"8","W","W",,"8","W  ",,4,,,"8",,"8"
"252200120","LEGIONOWO                     ","2025","06","17","12",21.8,,,"8","W","W",,"8","WNW",,4,,,"8",,"8"
"252200120","LEGIONOWO                     ","2025","06","17","18",22.0,,,"8","W","W",,"8","WNW",,2,,,"8",,"8"
"252200120","LEGIONOWO                     ","2025","06","18","06",19.9,,,"8","W","W",,"8","W  ",,3,,,"8",,"8"
"252200120","LEGIONOWO                     ","2025","06","18","12",26.0,,,"8","W","W",,"8","W  ",,5,,,"8",,"8"
"252200120","LEGIONOWO                     ","2025","06","18","18",24.0,,,"8","W","W",,"8","NW ",,4,,,"8",,"8"
"252200120","LEGIONOWO                     ","2025","06","19","06",15.9,,,"8","W","W",,"8","W  ",,4,,,"8",,"8"
"252200120","LEGIONOWO                     ","2025","06","19","12",20.4,,,"8","W","W",,"8","WNW",,6,,,"8",,"8"
"252200120","LEGIONOWO                     ","2025","06","19","18",16.9,,,"8","W","W",,"8","NNW",,4,,,"8",,"8"
"252200120","LEGIONOWO                     ","2025","06","20","06",14.6,,,"8","W","W",,"8","WNW",,3,,,"8",,"8"
"252200120","LEGIONOWO                     ","2025","06","20","12",20.2,,,"8","W","W",,"8","WNW",,5,,,"8",,"8"
"252200120","LEGIONOWO                     ","2025","06","20","18",18.9,,,"8","W","W",,"8","NNW",,4,,,"8",,"8"
"252200120","LEGIONOWO                     ","2025","06","21","06",14.9,,,"8","W","W",,"8","WSW",,2,,,"8",,"8"
"252200120","LEGIONOWO                     ","2025","06","21","12",24.2,,,"8","W","W",,"8","W  ",,4,,,"8",,"8"
"252200120","LEGIONOWO                     ","2025","06","21","18",23.6,,,"8","W","W",,"8","W  ",,3,,,"8",,"8"
"252200120","LEGIONOWO                     ","2025","06","22","06",18.9,,,"8","W","W",,"8","W  ",,2,,,"8",,"8"
"252200120","LEGIONOWO                     ","2025","06","22","12",26.1,,,"8","W","W",,"8","NW ",,4,,,"8",,"8"
"252200120","LEGIONOWO                     ","2025","06","22","18",22.6,,,"8","W","W",,"8","N  ",,2,,,"8",,"8"
"252200120","LEGIONOWO                     ","2025","06","23","06",19.1,,,"8","W","W",,"8","SE ",,2,,,"8",,"8"
"252200120","LEGIONOWO                     ","2025","06","23","12",29.2,,,"8","W","W",,"8","SSW",,2,,,"8",,"8"
"252200120","LEGIONOWO                     ","2025","06","23","18",27.2,,,"8","W","W",,"8","W  ",,3,,,"8",,"8"
"252200120","LEGIONOWO                     ","2025","06","24","06",16.5,,,"8","W","W",,"8","W  ",,5,,,"8",,"8"
"252200120","LEGIONOWO                     ","2025","06","24","12",19.4,,,"8","W","W",,"8","WSW",,6,,,"8",,"8"
"252200120","LEGIONOWO                     ","2025","06","24","18",19.2,,,"8","W","W",,"8","WSW",,2,,,"8",,"8"
"252200120","LEGIONOWO                     ","2025","06","25","06",19.1,,,"8","W","W",,"8","W  ",,5,,,"8",,"8"
"252200120","LEGIONOWO                     ","2025","06","25","12",22.3,,,"8","W","W",,"8","WSW",,6,,,"8",,"8"
"252200120","LEGIONOWO                     ","2025","06","25","18",18.8,,,"8","W","W",,"8","WNW",,4,,,"8",,"8"
"252200120","LEGIONOWO                     ","2025","06","26","06",17.2,,,"8","W","W",,"8","NW ",,2,,,"8",,"8"
"252200120","LEGIONOWO                     ","2025","06","26","12",24.6,,,"8","W","W",,"8","NNW",,1,,,"8",,"8"
"252200120","LEGIONOWO                     ","2025","06","26","18",24.5,,,"8","W","W",,"8","SSE",,1,,,"8",,"8"
"252200120","LEGIONOWO                     ","2025","06","27","06",19.6,,,"8","W","W",,"8","W  ",,3,,,"8",,"8"
"252200120","LEGIONOWO                     ","2025","06","27","12",23.0,,,"8","W","W",,"8","WNW",,5,,,"8",,"8"
"252200120","LEGIONOWO                     ","2025","06","27","18",16.3,,,"8","W","W",,"8","W  ",,3,,,"8",,"8"
"252200120","LEGIONOWO                     ","2025","06","28","06",16.3,,,"8","W","W",,"8","WNW",,4,,,"8",,"8"
"252200120","LEGIONOWO                     ","2025","06","28","12",22.6,,,"8","W","W",,"8","W  ",,5,,,"8",,"8"
"252200120","LEGIONOWO                     ","2025","06","28","18",22.0,,,"8","W","W",,"8","WNW",,2,,,"8",,"8"
"252200120","LEGIONOWO                     ","2025","06","29","06",21.5,,,"8","W","W",,"8","W  ",,5,,,"8",,"8"
"252200120","LEGIONOWO                     ","2025","06","29","12",24.6,,,"8","W","W",,"8","WNW",,5,,,"8",,"8"
"252200120","LEGIONOWO                     ","2025","06","29","18",22.9,,,"8","W","W",,"8","WNW",,5,,,"8",,"8"
"252200120","LEGIONOWO                     ","2025","06","30","06",16.0,,,"8","W","W",,"8","WNW",,3,,,"8",,"8"
"252200120","LEGIONOWO                     ","2025","06","30","12",22.3,,,"8","W","W",,"8","WNW",,6,,,"8",,"8"
"252200120","LEGIONOWO                     ","2025","06","30","18",19.9,,,"8","W","W",,"8","N  ",,4,,,"8",,"8"
"252200230","WARSZAWA-FILTRY               ","2025","06","01","06",21.1,,,"8","W","W",,"8","W  ",,1,,0,,8,
"252200230","WARSZAWA-FILTRY               ","2025","06","01","12",25.8,,,"8","W","W",,"8","WSW",,2,,1,,8,
"252200230","WARSZAWA-FILTRY               ","2025","06","01","18",24.4,,,"8","W","W",,"8","ESE",,3,,3,,7,
"252200230","WARSZAWA-FILTRY               ","2025","06","02","06",19.9,,,"8","W","W",,"8","WSW",,4,,5,,7,
"252200230","WARSZAWA-FILTRY               ","2025","06","02","12",25.2,,,"8","W","W",,"8","WSW",,6,,5,,8,
"252200230","WARSZAWA-FILTRY               ","2025","06","02","18",20.9,,,"8","W","W",,"8","W  ",,3,,7,,8,
"252200230","WARSZAWA-FILTRY               ","2025","06","03","06",16.1,,,"8","W","W",,"8","E  ",,2,,8,,7,
"252200230","WARSZAWA-FILTRY               ","2025","06","03","12",21.4,,,"8","W","W",,"8","SSW",,1,,8,,7,
"252200230","WARSZAWA-FILTRY               ","2025","06","03","18",17.9,,,"8","W","W",,"8","NW ",,2,,2,,8,
"252200230","WARSZAWA-FILTRY               ","2025","06","04","06",18.5,,,"8","W","W",,"8","E  ",,3,,5,,7,
"252200230","WARSZAWA-FILTRY               ","2025","06","04","12",25.9,,,"8","W","W",,"8","SE ",,3,,6,,8,
"252200230","WARSZAWA-FILTRY               ","2025","06","04","18",25.2,,,"8","W","W",,"8","ESE",,3,,5,,8,
"252200230","WARSZAWA-FILTRY               ","2025","06","05","06",22.3,,,"8","W","W",,"8","ESE",,3,,7,,7,
"252200230","WARSZAWA-FILTRY               ","2025","06","05","12",24.7,,,"8","W","W",,"8","SW ",,6,,3,,8,
"252200230","WARSZAWA-FILTRY               ","2025","06","05","18",24.4,,,"8","W","W",,"8","WSW",,3,,6,,8,
"252200230","WARSZAWA-FILTRY               ","2025","06","06","06",21.4,,,"8","W","W",,"8","SW ",,3,,7,,8,
"252200230","WARSZAWA-FILTRY               ","2025","06","06","12",24.7,,,"8","W","W",,"8","SSW",,4,,4,,7,
"252200230","WARSZAWA-FILTRY               ","2025","06","06","18",24.4,,,"8","W","W",,"8","S  ",,2,,7,,8,
"252200230","WARSZAWA-FILTRY               ","2025","06","07","06",21.3,,,"8","W","W",,"8","ESE",,1,,5,,8,
"252200230","WARSZAWA-FILTRY               ","2025","06","07","12",22.0,,,"8","W","W",,"8","S  ",,2,,8,,8,
"252200230","WARSZAWA-FILTRY               ","2025","06","07","18",16.6,,,"8","W","W",,"8","ESE",,2,,8,,7,
"252200230","WARSZAWA-FILTRY               ","2025","06","08","06",17.0,,,"8","W","W",,"8","SW ",,4,,7,,8,
"252200230","WARSZAWA-FILTRY               ","2025","06","08","12",20.0,,,"8","W","W",,"8","SSE",,3,,7,,8,
"252200230","WARSZAWA-FILTRY               ","2025","06","08","18",18.6,,,"8","W","W",,"8","SSW",,4,,8,,7,
"252200230","WARSZAWA-FILTRY               ","2025","06","09","06",12.5,,,"8","W","W",,"8","SW ",,8,,7,,7,
"252200230","WARSZAWA-FILTRY               ","2025","06","09","12",17.8,,,"8","W","W",,"8","WSW",,8,,6,,8,
"252200230","WARSZAWA-FILTRY               ","2025","06","09","18",11.6,,,"8","W","W",,"8","SSW",,2,,7,,8,
"252200230","WARSZAWA-FILTRY               ","2025","06","10","06",15.2,,,"8","W","W",,"8","SSW",,2,,7,,8,
"252200230","WARSZAWA-FILTRY               ","2025","06","10","12",20.7,,,"8","W","W",,"8","SSE",,3,,7,,8,
"252200230","WARSZAWA-FILTRY               ","2025","06","10","18",19.3,,,"8","W","W",,"8","SE ",,2,,8,,8,
"252200230","WARSZAWA-FILTRY               ","2025","06","11","06",14.6,,,"8","W","W",,"8","WSW",,4,,8,,7,
"252200230","WARSZAWA-FILTRY               ","2025","06","11","12",21.0,,,"8","W","W",,"8","WSW",,8,,8,,8,
"252200230","WARSZAWA-FILTRY               ","2025","06","11","18",16.1,,,"8","W","W",,"8","W  ",,5,,6,,8,
"252200230","WARSZAWA-FILTRY               ","2025","06","12","06",13.9,,,"8","W","W",,"8","W  ",,4,,7,,8,
"252200230","WARSZAWA-FILTRY               ","2025","06","12","12",18.9,,,"8","W","W",,"8","WNW",,4,,8,,8,
"252200230","WARSZAWA-FILTRY               ","2025","06","12","18",16.4,,,"8","W","W",,"8","NW ",,5,,4,,8,
"252200230","WARSZAWA-FILTRY               ","2025","06","13","06",13.6,,,"8","W","W",,"8","WNW",,2,,7,,7,
"252200230","WARSZAWA-FILTRY               ","2025","06","13","12",19.2,,,"8","W","W",,"8","NW ",,3,,8,,7,
"252200230","WARSZAWA-FILTRY               ","2025","06","13","18",19.7,,,"8","W","W",,"8","NW ",,1,,4,,8,
"252200230","WARSZAWA-FILTRY               ","2025","06","14","06",15.5,,,"8","W","W",,"8","N  ",,2,,1,,8,
"252200230","WARSZAWA-FILTRY               ","2025","06","14","12",22.7,,,"8","W","W",,"8","NNE",,3,,2,,8,
"252200230","WARSZAWA-FILTRY               ","2025","06","14","18",21.6,,,"8","W","W",,"8","NE ",,2,,3,,8,
"252200230","WARSZAWA-FILTRY               ","2025","06","15","06",19.9,,,"8","W","W",,"8","E  ",,2,,1,,8,
"252200230","WARSZAWA-FILTRY               ","2025","06","15","12",26.7,,,"8","W","W",,"8","NW ",,1,,1,,8,
"252200230","WARSZAWA-FILTRY               ","2025","06","15","18",24.9,,,"8","W","W",,"8","NE ",,2,,1,,8,
"252200230","WARSZAWA-FILTRY               ","2025","06","16","06",22.6,,,"8","W","W",,"8","SW ",,3,,2,,8,
"252200230","WARSZAWA-FILTRY               ","2025","06","16","12",28.3,,,"8","W","W",,"8","WSW",,8,,5,,8,
"252200230","WARSZAWA-FILTRY               ","2025","06","16","18",17.0,,,"8","W","W",,"8","W  ",,5,,8,,7,
"252200230","WARSZAWA-FILTRY               ","2025","06","17","06",17.1,,,"8","W","W",,"8","WSW",,6,,5,,8,
"252200230","WARSZAWA-FILTRY               ","2025","06","17","12",21.9,,,"8","W","W",,"8","WSW",,6,,7,,8,
"252200230","WARSZAWA-FILTRY               ","2025","06","17","18",21.8,,,"8","W","W",,"8","W  ",,3,,1,,8,
"252200230","WARSZAWA-FILTRY               ","2025","06","18","06",20.3,,,"8","W","W",,"8","SW ",,3,,4,,8,
"252200230","WARSZAWA-FILTRY               ","2025","06","18","12",26.4,,,"8","W","W",,"8","SW ",,9,,5,,8,
"252200230","WARSZAWA-FILTRY               ","2025","06","18","18",24.7,,,"8","W","W",,"8","WSW",,5,,7,,8,
"252200230","WARSZAWA-FILTRY               ","2025","06","19","06",16.4,,,"8","W","W",,"8","WSW",,6,,8,,7,
"252200230","WARSZAWA-FILTRY               ","2025","06","19","12",20.8,,,"8","W","W",,"8","W  ",,9,,7,,8,
"252200230","WARSZAWA-FILTRY               ","2025","06","19","18",18.3,,,"8","W","W",,"8","W  ",,6,,3,,8,
"252200230","WARSZAWA-FILTRY               ","2025","06","20","06",14.6,,,"8","W","W",,"8","WSW",,5,,0,,8,
"252200230","WARSZAWA-FILTRY               ","2025","06","20","12",20.3,,,"8","W","W",,"8","WNW",,5,,5,,8,
"252200230","WARSZAWA-FILTRY               ","2025","06","20","18",18.8,,,"8","W","W",,"8","NW ",,5,,1,,8,
"252200230","WARSZAWA-FILTRY               ","2025","06","21","06",15.5,,,"8","W","W",,"8","SW ",,2,,1,,8,
"252200230","WARSZAWA-FILTRY               ","2025","06","21","12",24.2,,,"8","W","W",,"8","SW ",,6,,2,,8,
"252200230","WARSZAWA-FILTRY               ","2025","06","21","18",23.2,,,"8","W","W",,"8","WSW",,5,,4,,8,
"252200230","WARSZAWA-FILTRY               ","2025","06","22","06",19.4,,,"8","W","W",,"8","WSW",,4,,7,,7,
"252200230","WARSZAWA-FILTRY               ","2025","06","22","12",27.2,,,"8","W","W",,"8","W  ",,6,,4,,8,
"252200230","WARSZAWA-FILTRY               ","2025","06","22","18",22.5,,,"8","W","W",,"8","NW ",,2,,2,,8,
"252200230","WARSZAWA-FILTRY               ","2025","06","23","06",18.4,,,"8","W","W",,"8","E  ",,3,,7,,7,
"252200230","WARSZAWA-FILTRY               ","2025","06","23","12",29.2,,,"8","W","W",,"8","SE ",,4,,7,,7,
"252200230","WARSZAWA-FILTRY               ","2025","06","23","18",22.2,,,"8","W","W",,"8","SW ",,3,,8,,8,
"252200230","WARSZAWA-FILTRY               ","2025","06","24","06",16.2,,,"8","W","W",,"8","WSW",,8,,3,,7,
"252200230","WARSZAWA-FILTRY               ","2025","06","24","12",19.9,,,"8","W","W",,"8","SW ",,8,,8,,8,
"252200230","WARSZAWA-FILTRY               ","2025","06","24","18",19.5,,,"8","W","W",,"8","SW ",,3,,7,,8,
"252200230","WARSZAWA-FILTRY               ","2025","06","25","06",19.7,,,"8","W","W",,"8","WSW",,7,,7,,8,
"252200230","WARSZAWA-FILTRY               ","2025","06","25","12",22.3,,,"8","W","W",,"8","SW ",,6,,7,,8,
"252200230","WARSZAWA-FILTRY               ","2025","06","25","18",18.8,,,"8","W","W",,"8","WSW",,5,,5,,8,
"252200230","WARSZAWA-FILTRY               ","2025","06","26","06",17.4,,,"8","W","W",,"8","WNW",,3,,0,,8,
"252200230","WARSZAWA-FILTRY               ","2025","06","26","12",24.4,,,"8","W","W",,"8","SW ",,3,,2,,8,
"252200230","WARSZAWA-FILTRY               ","2025","06","26","18",24.1,,,"8","W","W",,"8","ESE",,1,,2,,8,
"252200230","WARSZAWA-FILTRY               ","2025","06","27","06",19.4,,,"8","W","W",,"8","WSW",,5,,8,,7,
"252200230","WARSZAWA-FILTRY               ","2025","06","27","12",24.4,,,"8","W","W",,"8","WSW",,8,,6,,8,
"252200230","WARSZAWA-FILTRY               ","2025","06","27","18",16.6,,,"8","W","W",,"8","W  ",,4,,8,,7,
"252200230","WARSZAWA-FILTRY               ","2025","06","28","06",16.4,,,"8","W","W",,"8","W  ",,5,,6,,7,
"252200230","WARSZAWA-FILTRY               ","2025","06","28","12",23.1,,,"8","W","W",,"8","WSW",,7,,6,,8,
"252200230","WARSZAWA-FILTRY               ","2025","06","28","18",22.1,,,"8","W","W",,"8","WSW",,4,,7,,8,
"252200230","WARSZAWA-FILTRY               ","2025","06","29","06",21.9,,,"8","W","W",,"8","W  ",,6,,5,,7,
"252200230","WARSZAWA-FILTRY               ","2025","06","29","12",25.4,,,"8","W","W",,"8","W  ",,7,,6,,8,
"252200230","WARSZAWA-FILTRY               ","2025","06","29","18",22.4,,,"8","W","W",,"8","WSW",,6,,1,,8,
"252200230","WARSZAWA-FILTRY               ","2025","06","30","06",16.0,,,"8","W","W",,"8","WSW",,5,,5,,8,
"252200230","WARSZAWA-FILTRY               ","2025","06","30","12",22.9,,,"8","W","W",,"8","W  ",,6,,4,,8,
"252200230","WARSZAWA-FILTRY               ","2025","06","30","18",20.6,,,"8","W","W",,"8","NW ",,5,,1,,8,
"252210050","PU£TUSK                       ","2025","06","01","06",15.6,,,"8","W","W",,"8","ENE",,1,,,"8",,"8"
"252210050","PU£TUSK                       ","2025","06","01","12",23.5,,,"8","W","W",,"8","SSE",,1,,,"8",,"8"
"252210050","PU£TUSK                       ","2025","06","01","18",21.5,,,"8","W","W",,"8","ENE",,2,,,"8",,"8"
"252210050","PU£TUSK                       ","2025","06","02","06",19.6,,,"8","W","W",,"8","SSE",,4,,,"8",,"8"
"252210050","PU£TUSK                       ","2025","06","02","12",23.8,,,"8","W","W",,"8","S  ",,3,,,"8",,"8"
"252210050","PU£TUSK                       ","2025","06","02","18",19.3,,,"8","W","W",,"8","S  ",,1,,,"8",,"8"
"252210050","PU£TUSK                       ","2025","06","03","06",15.2,,,"8","W","W",,"8","C  ",,0,,,"8",,"8"
"252210050","PU£TUSK                       ","2025","06","03","12",21.5,,,"8","W","W",,"8","E  ",,2,,,"8",,"8"
"252210050","PU£TUSK                       ","2025","06","03","18",16.5,,,"8","W","W",,"8","C  ",,0,,,"8",,"8"
"252210050","PU£TUSK                       ","2025","06","04","06",15.8,,,"8","W","W",,"8","E  ",,1,,,"8",,"8"
"252210050","PU£TUSK                       ","2025","06","04","12",24.5,,,"8","W","W",,"8","E  ",,4,,,"8",,"8"
"252210050","PU£TUSK                       ","2025","06","04","18",24.1,,,"8","W","W",,"8","E  ",,2,,,"8",,"8"
"252210050","PU£TUSK                       ","2025","06","05","06",18.6,,,"8","W","W",,"8","C  ",,0,,,"8",,"8"
"252210050","PU£TUSK                       ","2025","06","05","12",21.8,,,"8","W","W",,"8","SSE",,2,,,"8",,"8"
"252210050","PU£TUSK                       ","2025","06","05","18",23.0,,,"8","W","W",,"8","C  ",,0,,,"8",,"8"
"252210050","PU£TUSK                       ","2025","06","06","06",19.7,,,"8","W","W",,"8","SE ",,2,,,"8",,"8"
"252210050","PU£TUSK                       ","2025","06","06","12",23.2,,,"8","W","W",,"8","SE ",,3,,,"8",,"8"
"252210050","PU£TUSK                       ","2025","06","06","18",16.0,,,"8","W","W",,"8","S  ",,5,,,"8",,"8"
"252210050","PU£TUSK                       ","2025","06","07","06",18.4,,,"8","W","W",,"8","E  ",,1,,,"8",,"8"
"252210050","PU£TUSK                       ","2025","06","07","12",21.5,,,"8","W","W",,"8","ESE",,4,,,"8",,"8"
"252210050","PU£TUSK                       ","2025","06","07","18",16.4,,,"8","W","W",,"8","E  ",,3,,,"8",,"8"
"252210050","PU£TUSK                       ","2025","06","08","06",16.3,,,"8","W","W",,"8","SSE",,3,,,"8",,"8"
"252210050","PU£TUSK                       ","2025","06","08","12",19.6,,,"8","W","W",,"8","SSE",,3,,,"8",,"8"
"252210050","PU£TUSK                       ","2025","06","08","18",17.4,,,"8","W","W",,"8","S  ",,2,,,"8",,"8"
"252210050","PU£TUSK                       ","2025","06","09","06",13.1,,,"8","W","W",,"8","SW ",,6,,,"8",,"8"
"252210050","PU£TUSK                       ","2025","06","09","12",16.9,,,"8","W","W",,"8","SW ",,6,,,"8",,"8"
"252210050","PU£TUSK                       ","2025","06","09","18",12.0,,,"8","W","W",,"8","SW ",,3,,,"8",,"8"
"252210050","PU£TUSK                       ","2025","06","10","06",12.5,,,"8","W","W",,"8","S  ",,3,,,"8",,"8"
"252210050","PU£TUSK                       ","2025","06","10","12",19.2,,,"8","W","W",,"8","SE ",,3,,,"8",,"8"
"252210050","PU£TUSK                       ","2025","06","10","18",17.6,,,"8","W","W",,"8","ESE",,2,,,"8",,"8"
"252210050","PU£TUSK                       ","2025","06","11","06",15.4,,,"8","W","W",,"8","WSW",,3,,,"8",,"8"
"252210050","PU£TUSK                       ","2025","06","11","12",18.5,,,"8","W","W",,"8","W  ",,6,,,"8",,"8"
"252210050","PU£TUSK                       ","2025","06","11","18",15.2,,,"8","W","W",,"8","W  ",,2,,,"8",,"8"
"252210050","PU£TUSK                       ","2025","06","12","06",13.1,,,"8","W","W",,"8","W  ",,3,,,"8",,"8"
"252210050","PU£TUSK                       ","2025","06","12","12",18.8,,,"8","W","W",,"8","WNW",,4,,,"8",,"8"
"252210050","PU£TUSK                       ","2025","06","12","18",15.0,,,"8","W","W",,"8","WNW",,3,,,"8",,"8"
"252210050","PU£TUSK                       ","2025","06","13","06",12.3,,,"8","W","W",,"8","WNW",,2,,,"8",,"8"
"252210050","PU£TUSK                       ","2025","06","13","12",19.7,,,"8","W","W",,"8","NW ",,2,,,"8",,"8"
"252210050","PU£TUSK                       ","2025","06","13","18",19.9,,,"8","W","W",,"8","WNW",,1,,,"8",,"8"
"252210050","PU£TUSK                       ","2025","06","14","06",14.9,,,"8","W","W",,"8","NNE",,1,,,"8",,"8"
"252210050","PU£TUSK                       ","2025","06","14","12",23.1,,,"8","W","W",,"8","N  ",,1,,,"8",,"8"
"252210050","PU£TUSK                       ","2025","06","14","18",21.6,,,"8","W","W",,"8","C  ",,0,,,"8",,"8"
"252210050","PU£TUSK                       ","2025","06","15","06",17.3,,,"8","W","W",,"8","NE ",,1,,,"8",,"8"
"252210050","PU£TUSK                       ","2025","06","15","12",24.8,,,"8","W","W",,"8","SW ",,1,,,"8",,"8"
"252210050","PU£TUSK                       ","2025","06","15","18",8.9,,,"8","W","W",,"8","C  ",,0,,,"8",,"8"
"252210050","PU£TUSK                       ","2025","06","16","06",19.7,,,"8","W","W",,"8","SSW",,1,,,"8",,"8"
"252210050","PU£TUSK                       ","2025","06","16","12",28.9,,,"8","W","W",,"8","WSW",,2,,,"8",,"8"
"252210050","PU£TUSK                       ","2025","06","16","18",16.0,,,"8","W","W",,"8","WNW",,4,,,"8",,"8"
"252210050","PU£TUSK                       ","2025","06","17","06",16.0,,,"8","W","W",,"8","W  ",,4,,,"8",,"8"
"252210050","PU£TUSK                       ","2025","06","17","12",21.3,,,"8","W","W",,"8","WNW",,4,,,"8",,"8"
"252210050","PU£TUSK                       ","2025","06","17","18",21.0,,,"8","W","W",,"8","C  ",,0,,,"8",,"8"
"252210050","PU£TUSK                       ","2025","06","18","06",19.6,,,"8","W","W",,"8","SSW",,2,,,"8",,"8"
"252210050","PU£TUSK                       ","2025","06","18","12",26.7,,,"8","W","W",,"8","WSW",,5,,,"8",,"8"
"252210050","PU£TUSK                       ","2025","06","18","18",21.8,,,"8","W","W",,"8","NW ",,2,,,"8",,"8"
"252210050","PU£TUSK                       ","2025","06","19","06",17.0,,,"8","W","W",,"8","WSW",,3,,,"8",,"8"
"252210050","PU£TUSK                       ","2025","06","19","12",20.2,,,"8","W","W",,"8","W  ",,5,,,"8",,"8"
"252210050","PU£TUSK                       ","2025","06","19","18",14.5,,,"8","W","W",,"8","NW ",,3,,,"8",,"8"
"252210050","PU£TUSK                       ","2025","06","20","06",14.5,,,"8","W","W",,"8","W  ",,3,,,"8",,"8"
"252210050","PU£TUSK                       ","2025","06","20","12",21.1,,,"8","W","W",,"8","WNW",,6,,,"8",,"8"
"252210050","PU£TUSK                       ","2025","06","20","18",17.7,,,"8","W","W",,"8","NW ",,4,,,"8",,"8"
"252210050","PU£TUSK                       ","2025","06","21","06",14.8,,,"8","W","W",,"8","WSW",,1,,,"8",,"8"
"252210050","PU£TUSK                       ","2025","06","21","12",23.9,,,"8","W","W",,"8","W  ",,5,,,"8",,"8"
"252210050","PU£TUSK                       ","2025","06","21","18",21.2,,,"8","W","W",,"8","WSW",,2,,,"8",,"8"
"252210050","PU£TUSK                       ","2025","06","22","06",20.0,,,"8","W","W",,"8","WNW",,3,,,"8",,"8"
"252210050","PU£TUSK                       ","2025","06","22","12",25.3,,,"8","W","W",,"8","NW ",,4,,,"8",,"8"
"252210050","PU£TUSK                       ","2025","06","22","18",20.6,,,"8","W","W",,"8","NNW",,1,,,"8",,"8"
"252210050","PU£TUSK                       ","2025","06","23","06",17.6,,,"8","W","W",,"8","SE ",,3,,,"8",,"8"
"252210050","PU£TUSK                       ","2025","06","23","12",26.6,,,"8","W","W",,"8","SSE",,4,,,"8",,"8"
"252210050","PU£TUSK                       ","2025","06","23","18",25.8,,,"8","W","W",,"8","WSW",,4,,,"8",,"8"
"252210050","PU£TUSK                       ","2025","06","24","06",16.1,,,"8","W","W",,"8","W  ",,5,,,"8",,"8"
"252210050","PU£TUSK                       ","2025","06","24","12",19.1,,,"8","W","W",,"8","WSW",,6,,,"8",,"8"
"252210050","PU£TUSK                       ","2025","06","24","18",18.2,,,"8","W","W",,"8","WSW",,3,,,"8",,"8"
"252210050","PU£TUSK                       ","2025","06","25","06",18.1,,,"8","W","W",,"8","W  ",,4,,,"8",,"8"
"252210050","PU£TUSK                       ","2025","06","25","12",22.3,,,"8","W","W",,"8","WSW",,5,,,"8",,"8"
"252210050","PU£TUSK                       ","2025","06","25","18",18.0,,,"8","W","W",,"8","WNW",,3,,,"8",,"8"
"252210050","PU£TUSK                       ","2025","06","26","06",15.9,,,"8","W","W",,"8","WNW",,2,,,"8",,"8"
"252210050","PU£TUSK                       ","2025","06","26","12",23.6,,,"8","W","W",,"8","W  ",,1,,,"8",,"8"
"252210050","PU£TUSK                       ","2025","06","26","18",23.2,,,"8","W","W",,"8","C  ",,0,,,"8",,"8"
"252210050","PU£TUSK                       ","2025","06","27","06",19.3,,,"8","W","W",,"8","W  ",,3,,,"8",,"8"
"252210050","PU£TUSK                       ","2025","06","27","12",22.7,,,"8","W","W",,"8","W  ",,5,,,"8",,"8"
"252210050","PU£TUSK                       ","2025","06","27","18",15.9,,,"8","W","W",,"8","WNW",,1,,,"8",,"8"
"252210050","PU£TUSK                       ","2025","06","28","06",16.1,,,"8","W","W",,"8","W  ",,4,,,"8",,"8"
"252210050","PU£TUSK                       ","2025","06","28","12",22.2,,,"8","W","W",,"8","WNW",,4,,,"8",,"8"
"252210050","PU£TUSK                       ","2025","06","28","18",20.4,,,"8","W","W",,"8","W  ",,1,,,"8",,"8"
"252210050","PU£TUSK                       ","2025","06","29","06",20.4,,,"8","W","W",,"8","WNW",,4,,,"8",,"8"
"252210050","PU£TUSK                       ","2025","06","29","12",24.7,,,"8","W","W",,"8","W  ",,5,,,"8",,"8"
"252210050","PU£TUSK                       ","2025","06","29","18",21.4,,,"8","W","W",,"8","W  ",,3,,,"8",,"8"
"252210050","PU£TUSK                       ","2025","06","30","06",15.2,,,"8","W","W",,"8","WNW",,3,,,"8",,"8"
"252210050","PU£TUSK                       ","2025","06","30","12",21.6,,,"8","W","W",,"8","W  ",,5,,,"8",,"8"
"252210050","PU£TUSK                       ","2025","06","30","18",18.4,,,"8","W","W",,"8","NW ",,4,,,"8",,"8"
"252210170","WARSZAWA-OBSERWATORIUM II     ","2025","06","01","06",17.5,,,"8","W","W",,"8",,"8",,"8",,"8",,"8"
"252210170","WARSZAWA-OBSERWATORIUM II     ","2025","06","01","12",26.0,,,"8","W","W",,"8",,"8",,"8",,"8",,"8"
"252210170","WARSZAWA-OBSERWATORIUM II     ","2025","06","01","18",22.7,,,"8","W","W",,"8",,"8",,"8",,"8",,"8"
"252210170","WARSZAWA-OBSERWATORIUM II     ","2025","06","02","06",19.1,,,"8","W","W",,"8",,"8",,"8",,"8",,"8"
"252210170","WARSZAWA-OBSERWATORIUM II     ","2025","06","02","12",24.2,,,"8","W","W",,"8",,"8",,"8",,"8",,"8"
"252210170","WARSZAWA-OBSERWATORIUM II     ","2025","06","02","18",20.2,,,"8","W","W",,"8",,"8",,"8",,"8",,"8"
"252210170","WARSZAWA-OBSERWATORIUM II     ","2025","06","03","06",15.9,,,"8","W","W",,"8",,"8",,"8",,"8",,"8"
"252210170","WARSZAWA-OBSERWATORIUM II     ","2025","06","03","12",20.4,,,"8","W","W",,"8",,"8",,"8",,"8",,"8"
"252210170","WARSZAWA-OBSERWATORIUM II     ","2025","06","03","18",15.9,,,"8","W","W",,"8",,"8",,"8",,"8",,"8"
"252210170","WARSZAWA-OBSERWATORIUM II     ","2025","06","04","06",15.7,,,"8","W","W",,"8",,"8",,"8",,"8",,"8"
"252210170","WARSZAWA-OBSERWATORIUM II     ","2025","06","04","12",24.7,,,"8","W","W",,"8",,"8",,"8",,"8",,"8"
"252210170","WARSZAWA-OBSERWATORIUM II     ","2025","06","04","18",22.8,,,"8","W","W",,"8",,"8",,"8",,"8",,"8"
"252210170","WARSZAWA-OBSERWATORIUM II     ","2025","06","05","06",19.6,,,"8","W","W",,"8",,"8",,"8",,"8",,"8"
"252210170","WARSZAWA-OBSERWATORIUM II     ","2025","06","05","12",23.9,,,"8","W","W",,"8",,"8",,"8",,"8",,"8"
"252210170","WARSZAWA-OBSERWATORIUM II     ","2025","06","05","18",22.9,,,"8","W","W",,"8",,"8",,"8",,"8",,"8"
"252210170","WARSZAWA-OBSERWATORIUM II     ","2025","06","06","06",19.2,,,"8","W","W",,"8",,"8",,"8",,"8",,"8"
"252210170","WARSZAWA-OBSERWATORIUM II     ","2025","06","06","12",23.1,,,"8","W","W",,"8",,"8",,"8",,"8",,"8"
"252210170","WARSZAWA-OBSERWATORIUM II     ","2025","06","06","18",23.4,,,"8","W","W",,"8",,"8",,"8",,"8",,"8"
"252210170","WARSZAWA-OBSERWATORIUM II     ","2025","06","07","06",17.8,,,"8","W","W",,"8",,"8",,"8",,"8",,"8"
"252210170","WARSZAWA-OBSERWATORIUM II     ","2025","06","07","12",20.8,,,"8","W","W",,"8",,"8",,"8",,"8",,"8"
"252210170","WARSZAWA-OBSERWATORIUM II     ","2025","06","07","18",16.2,,,"8","W","W",,"8",,"8",,"8",,"8",,"8"
"252210170","WARSZAWA-OBSERWATORIUM II     ","2025","06","08","06",16.3,,,"8","W","W",,"8",,"8",,"8",,"8",,"8"
"252210170","WARSZAWA-OBSERWATORIUM II     ","2025","06","08","12",19.3,,,"8","W","W",,"8",,"8",,"8",,"8",,"8"
"252210170","WARSZAWA-OBSERWATORIUM II     ","2025","06","08","18",17.8,,,"8","W","W",,"8",,"8",,"8",,"8",,"8"
"252210170","WARSZAWA-OBSERWATORIUM II     ","2025","06","09","06",12.2,,,"8","W","W",,"8",,"8",,"8",,"8",,"8"
"252210170","WARSZAWA-OBSERWATORIUM II     ","2025","06","09","12",16.4,,,"8","W","W",,"8",,"8",,"8",,"8",,"8"
"252210170","WARSZAWA-OBSERWATORIUM II     ","2025","06","09","18",11.0,,,"8","W","W",,"8",,"8",,"8",,"8",,"8"
"252210170","WARSZAWA-OBSERWATORIUM II     ","2025","06","10","06",12.8,,,"8","W","W",,"8",,"8",,"8",,"8",,"8"
"252210170","WARSZAWA-OBSERWATORIUM II     ","2025","06","10","12",19.8,,,"8","W","W",,"8",,"8",,"8",,"8",,"8"
"252210170","WARSZAWA-OBSERWATORIUM II     ","2025","06","10","18",17.7,,,"8","W","W",,"8",,"8",,"8",,"8",,"8"
"252210170","WARSZAWA-OBSERWATORIUM II     ","2025","06","11","06",14.2,,,"8","W","W",,"8",,"8",,"8",,"8",,"8"
"252210170","WARSZAWA-OBSERWATORIUM II     ","2025","06","11","12",20.1,,,"8","W","W",,"8",,"8",,"8",,"8",,"8"
"252210170","WARSZAWA-OBSERWATORIUM II     ","2025","06","11","18",15.5,,,"8","W","W",,"8",,"8",,"8",,"8",,"8"
"252210170","WARSZAWA-OBSERWATORIUM II     ","2025","06","12","06",12.9,,,"8","W","W",,"8",,"8",,"8",,"8",,"8"
"252210170","WARSZAWA-OBSERWATORIUM II     ","2025","06","12","12",19.3,,,"8","W","W",,"8",,"8",,"8",,"8",,"8"
"252210170","WARSZAWA-OBSERWATORIUM II     ","2025","06","12","18",15.5,,,"8","W","W",,"8",,"8",,"8",,"8",,"8"
"252210170","WARSZAWA-OBSERWATORIUM II     ","2025","06","13","06",12.6,,,"8","W","W",,"8",,"8",,"8",,"8",,"8"
"252210170","WARSZAWA-OBSERWATORIUM II     ","2025","06","13","12",17.9,,,"8","W","W",,"8",,"8",,"8",,"8",,"8"
"252210170","WARSZAWA-OBSERWATORIUM II     ","2025","06","13","18",18.6,,,"8","W","W",,"8",,"8",,"8",,"8",,"8"
"252210170","WARSZAWA-OBSERWATORIUM II     ","2025","06","14","06",14.0,,,"8","W","W",,"8",,"8",,"8",,"8",,"8"
"252210170","WARSZAWA-OBSERWATORIUM II     ","2025","06","14","12",22.8,,,"8","W","W",,"8",,"8",,"8",,"8",,"8"
"252210170","WARSZAWA-OBSERWATORIUM II     ","2025","06","14","18",19.5,,,"8","W","W",,"8",,"8",,"8",,"8",,"8"
"252210170","WARSZAWA-OBSERWATORIUM II     ","2025","06","15","06",17.0,,,"8","W","W",,"8",,"8",,"8",,"8",,"8"
"252210170","WARSZAWA-OBSERWATORIUM II     ","2025","06","15","12",26.2,,,"8","W","W",,"8",,"8",,"8",,"8",,"8"
"252210170","WARSZAWA-OBSERWATORIUM II     ","2025","06","15","18",22.2,,,"8","W","W",,"8",,"8",,"8",,"8",,"8"
"252210170","WARSZAWA-OBSERWATORIUM II     ","2025","06","16","06",20.5,,,"8","W","W",,"8",,"8",,"8",,"8",,"8"
"252210170","WARSZAWA-OBSERWATORIUM II     ","2025","06","16","12",25.9,,,"8","W","W",,"8",,"8",,"8",,"8",,"8"
"252210170","WARSZAWA-OBSERWATORIUM II     ","2025","06","16","18",16.8,,,"8","W","W",,"8",,"8",,"8",,"8",,"8"
"252210170","WARSZAWA-OBSERWATORIUM II     ","2025","06","17","06",16.6,,,"8","W","W",,"8",,"8",,"8",,"8",,"8"
"252210170","WARSZAWA-OBSERWATORIUM II     ","2025","06","17","12",20.4,,,"8","W","W",,"8",,"8",,"8",,"8",,"8"
"252210170","WARSZAWA-OBSERWATORIUM II     ","2025","06","17","18",20.5,,,"8","W","W",,"8",,"8",,"8",,"8",,"8"
"252210170","WARSZAWA-OBSERWATORIUM II     ","2025","06","18","06",19.2,,,"8","W","W",,"8",,"8",,"8",,"8",,"8"
"252210170","WARSZAWA-OBSERWATORIUM II     ","2025","06","18","12",26.2,,,"8","W","W",,"8",,"8",,"8",,"8",,"8"
"252210170","WARSZAWA-OBSERWATORIUM II     ","2025","06","18","18",23.5,,,"8","W","W",,"8",,"8",,"8",,"8",,"8"
"252210170","WARSZAWA-OBSERWATORIUM II     ","2025","06","19","06",15.9,,,"8","W","W",,"8",,"8",,"8",,"8",,"8"
"252210170","WARSZAWA-OBSERWATORIUM II     ","2025","06","19","12",21.1,,,"8","W","W",,"8",,"8",,"8",,"8",,"8"
"252210170","WARSZAWA-OBSERWATORIUM II     ","2025","06","19","18",17.6,,,"8","W","W",,"8",,"8",,"8",,"8",,"8"
"252210170","WARSZAWA-OBSERWATORIUM II     ","2025","06","20","06",12.5,,,"8","W","W",,"8",,"8",,"8",,"8",,"8"
"252210170","WARSZAWA-OBSERWATORIUM II     ","2025","06","20","12",18.8,,,"8","W","W",,"8",,"8",,"8",,"8",,"8"
"252210170","WARSZAWA-OBSERWATORIUM II     ","2025","06","20","18",18.1,,,"8","W","W",,"8",,"8",,"8",,"8",,"8"
"252210170","WARSZAWA-OBSERWATORIUM II     ","2025","06","21","06",14.7,,,"8","W","W",,"8",,"8",,"8",,"8",,"8"
"252210170","WARSZAWA-OBSERWATORIUM II     ","2025","06","21","12",23.3,,,"8","W","W",,"8",,"8",,"8",,"8",,"8"
"252210170","WARSZAWA-OBSERWATORIUM II     ","2025","06","21","18",22.0,,,"8","W","W",,"8",,"8",,"8",,"8",,"8"
"252210170","WARSZAWA-OBSERWATORIUM II     ","2025","06","22","06",18.5,,,"8","W","W",,"8",,"8",,"8",,"8",,"8"
"252210170","WARSZAWA-OBSERWATORIUM II     ","2025","06","22","12",26.3,,,"8","W","W",,"8",,"8",,"8",,"8",,"8"
"252210170","WARSZAWA-OBSERWATORIUM II     ","2025","06","22","18",21.4,,,"8","W","W",,"8",,"8",,"8",,"8",,"8"
"252210170","WARSZAWA-OBSERWATORIUM II     ","2025","06","23","06",16.7,,,"8","W","W",,"8",,"8",,"8",,"8",,"8"
"252210170","WARSZAWA-OBSERWATORIUM II     ","2025","06","23","12",27.8,,,"8","W","W",,"8",,"8",,"8",,"8",,"8"
"252210170","WARSZAWA-OBSERWATORIUM II     ","2025","06","23","18",21.5,,,"8","W","W",,"8",,"8",,"8",,"8",,"8"
"252210170","WARSZAWA-OBSERWATORIUM II     ","2025","06","24","06",15.9,,,"8","W","W",,"8",,"8",,"8",,"8",,"8"
"252210170","WARSZAWA-OBSERWATORIUM II     ","2025","06","24","12",19.1,,,"8","W","W",,"8",,"8",,"8",,"8",,"8"
"252210170","WARSZAWA-OBSERWATORIUM II     ","2025","06","24","18",18.5,,,"8","W","W",,"8",,"8",,"8",,"8",,"8"
"252210170","WARSZAWA-OBSERWATORIUM II     ","2025","06","25","06",19.0,,,"8","W","W",,"8",,"8",,"8",,"8",,"8"
"252210170","WARSZAWA-OBSERWATORIUM II     ","2025","06","25","12",22.0,,,"8","W","W",,"8",,"8",,"8",,"8",,"8"
"252210170","WARSZAWA-OBSERWATORIUM II     ","2025","06","25","18",18.0,,,"8","W","W",,"8",,"8",,"8",,"8",,"8"
"252210170","WARSZAWA-OBSERWATORIUM II     ","2025","06","26","06",16.0,,,"8","W","W",,"8",,"8",,"8",,"8",,"8"
"252210170","WARSZAWA-OBSERWATORIUM II     ","2025","06","26","12",24.1,,,"8","W","W",,"8",,"8",,"8",,"8",,"8"
"252210170","WARSZAWA-OBSERWATORIUM II     ","2025","06","26","18",22.0,,,"8","W","W",,"8",,"8",,"8",,"8",,"8"
"252210170","WARSZAWA-OBSERWATORIUM II     ","2025","06","27","06",19.2,,,"8","W","W",,"8",,"8",,"8",,"8",,"8"
"252210170","WARSZAWA-OBSERWATORIUM II     ","2025","06","27","12",23.2,,,"8","W","W",,"8",,"8",,"8",,"8",,"8"
"252210170","WARSZAWA-OBSERWATORIUM II     ","2025","06","27","18",16.2,,,"8","W","W",,"8",,"8",,"8",,"8",,"8"
"252210170","WARSZAWA-OBSERWATORIUM II     ","2025","06","28","06",15.9,,,"8","W","W",,"8",,"8",,"8",,"8",,"8"
"252210170","WARSZAWA-OBSERWATORIUM II     ","2025","06","28","12",21.8,,,"8","W","W",,"8",,"8",,"8",,"8",,"8"
"252210170","WARSZAWA-OBSERWATORIUM II     ","2025","06","28","18",21.3,,,"8","W","W",,"8",,"8",,"8",,"8",,"8"
"252210170","WARSZAWA-OBSERWATORIUM II     ","2025","06","29","06",21.1,,,"8","W","W",,"8",,"8",,"8",,"8",,"8"
"252210170","WARSZAWA-OBSERWATORIUM II     ","2025","06","29","12",24.7,,,"8","W","W",,"8",,"8",,"8",,"8",,"8"
"252210170","WARSZAWA-OBSERWATORIUM II     ","2025","06","29","18",21.9,,,"8","W","W",,"8",,"8",,"8",,"8",,"8"
"252210170","WARSZAWA-OBSERWATORIUM II     ","2025","06","30","06",15.2,,,"8","W","W",,"8",,"8",,"8",,"8",,"8"
"252210170","WARSZAWA-OBSERWATORIUM II     ","2025","06","30","12",21.8,,,"8","W","W",,"8",,"8",,"8",,"8",,"8"
"252210170","WARSZAWA-OBSERWATORIUM II     ","2025","06","30","18",19.6,,,"8","W","W",,"8",,"8",,"8",,"8",,"8"
"252220030","SZEPIETOWO                    ","2025","06","01","06",14.9,,,"8",,"U",,"8",,"8",,"8",5,,7,
"252220030","SZEPIETOWO                    ","2025","06","01","12",22.8,,,"8",,"U",,"8",,"8",,"8",3,,7,
"252220030","SZEPIETOWO                    ","2025","06","01","18",21.2,,,"8",,"U",,"8",,"8",,"8",7,,7,
"252220030","SZEPIETOWO                    ","2025","06","02","06",19.1,,,"8",,"U",,"8",,"8",,"8",6,,7,
"252220030","SZEPIETOWO                    ","2025","06","02","12",23.4,,,"8",,"U",,"8",,"8",,"8",5,,7,
"252220030","SZEPIETOWO                    ","2025","06","02","18",20.4,,,"8",,"U",,"8",,"8",,"8",8,,7,
"252220030","SZEPIETOWO                    ","2025","06","03","06",14.5,,,"8",,"U",,"8",,"8",,"8",8,,6,
"252220030","SZEPIETOWO                    ","2025","06","03","12",20.4,,,"8",,"U",,"8",,"8",,"8",7,,7,
"252220030","SZEPIETOWO                    ","2025","06","03","18",16.3,,,"8",,"U",,"8",,"8",,"8",3,,7,
"252220030","SZEPIETOWO                    ","2025","06","04","06",12.9,,,"8",,"U",,"8",,"8",,"8",6,,5,
"252220030","SZEPIETOWO                    ","2025","06","04","12",22.0,,,"8",,"U",,"8",,"8",,"8",6,,7,
"252220030","SZEPIETOWO                    ","2025","06","04","18",21.8,,,"8",,"U",,"8",,"8",,"8",5,,7,
"252220030","SZEPIETOWO                    ","2025","06","05","06",21.0,,,"8",,"U",,"8",,"8",,"8",3,,7,
"252220030","SZEPIETOWO                    ","2025","06","05","12",22.6,,,"8",,"U",,"8",,"8",,"8",6,,7,
"252220030","SZEPIETOWO                    ","2025","06","05","18",22.2,,,"8",,"U",,"8",,"8",,"8",1,,7,
"252220030","SZEPIETOWO                    ","2025","06","06","06",19.9,,,"8",,"U",,"8",,"8",,"8",3,,7,
"252220030","SZEPIETOWO                    ","2025","06","06","12",23.4,,,"8",,"U",,"8",,"8",,"8",8,,7,
"252220030","SZEPIETOWO                    ","2025","06","06","18",22.8,,,"8",,"U",,"8",,"8",,"8",4,,7,
"252220030","SZEPIETOWO                    ","2025","06","07","06",18.3,,,"8",,"U",,"8",,"8",,"8",2,,7,
"252220030","SZEPIETOWO                    ","2025","06","07","12",23.0,,,"8",,"U",,"8",,"8",,"8",8,,7,
"252220030","SZEPIETOWO                    ","2025","06","07","18",16.9,,,"8",,"U",,"8",,"8",,"8",8,,7,
"252220030","SZEPIETOWO                    ","2025","06","08","06",16.7,,,"8",,"U",,"8",,"8",,"8",6,,7,
"252220030","SZEPIETOWO                    ","2025","06","08","12",20.6,,,"8",,"U",,"8",,"8",,"8",4,,7,
"252220030","SZEPIETOWO                    ","2025","06","08","18",16.9,,,"8",,"U",,"8",,"8",,"8",8,,7,
"252220030","SZEPIETOWO                    ","2025","06","09","06",12.5,,,"8",,"U",,"8",,"8",,"8",6,,7,
"252220030","SZEPIETOWO                    ","2025","06","09","12",16.5,,,"8",,"U",,"8",,"8",,"8",5,,7,
"252220030","SZEPIETOWO                    ","2025","06","09","18",12.7,,,"8",,"U",,"8",,"8",,"8",6,,7,
"252220030","SZEPIETOWO                    ","2025","06","10","06",11.9,,,"8",,"U",,"8",,"8",,"8",2,,7,
"252220030","SZEPIETOWO                    ","2025","06","10","12",18.3,,,"8",,"U",,"8",,"8",,"8",8,,7,
"252220030","SZEPIETOWO                    ","2025","06","10","18",16.9,,,"8",,"U",,"8",,"8",,"8",8,,7,
"252220030","SZEPIETOWO                    ","2025","06","11","06",13.9,,,"8",,"U",,"8",,"8",,"8",8,,5,
"252220030","SZEPIETOWO                    ","2025","06","11","12",18.3,,,"8",,"U",,"8",,"8",,"8",7,,7,
"252220030","SZEPIETOWO                    ","2025","06","11","18",14.7,,,"8",,"U",,"8",,"8",,"8",8,,7,
"252220030","SZEPIETOWO                    ","2025","06","12","06",13.3,,,"8",,"U",,"8",,"8",,"8",2,,7,
"252220030","SZEPIETOWO                    ","2025","06","12","12",16.3,,,"8",,"U",,"8",,"8",,"8",7,,7,
"252220030","SZEPIETOWO                    ","2025","06","12","18",14.9,,,"8",,"U",,"8",,"8",,"8",3,,7,
"252220030","SZEPIETOWO                    ","2025","06","13","06",11.9,,,"8",,"U",,"8",,"8",,"8",8,,7,
"252220030","SZEPIETOWO                    ","2025","06","13","12",19.3,,,"8",,"U",,"8",,"8",,"8",6,,7,
"252220030","SZEPIETOWO                    ","2025","06","13","18",18.1,,,"8",,"U",,"8",,"8",,"8",5,,7,
"252220030","SZEPIETOWO                    ","2025","06","14","06",11.1,,,"8",,"U",,"8",,"8",,"8",3,,7,
"252220030","SZEPIETOWO                    ","2025","06","14","12",21.2,,,"8",,"U",,"8",,"8",,"8",3,,7,
"252220030","SZEPIETOWO                    ","2025","06","14","18",19.5,,,"8",,"U",,"8",,"8",,"8",3,,7,
"252220030","SZEPIETOWO                    ","2025","06","15","06",17.4,,,"8",,"U",,"8",,"8",,"8",2,,7,
"252220030","SZEPIETOWO                    ","2025","06","15","12",24.4,,,"8",,"U",,"8",,"8",,"8",2,,7,
"252220030","SZEPIETOWO                    ","2025","06","15","18",23.2,,,"8",,"U",,"8",,"8",,"8",2,,7,
"252220030","SZEPIETOWO                    ","2025","06","16","06",20.8,,,"8",,"U",,"8",,"8",,"8",2,,7,
"252220030","SZEPIETOWO                    ","2025","06","16","12",28.4,,,"8",,"U",,"8",,"8",,"8",2,,7,
"252220030","SZEPIETOWO                    ","2025","06","16","18",21.2,,,"8",,"U",,"8",,"8",,"8",8,,7,
"252220030","SZEPIETOWO                    ","2025","06","17","06",15.7,,,"8",,"U",,"8",,"8",,"8",5,,7,
"252220030","SZEPIETOWO                    ","2025","06","17","12",20.4,,,"8",,"U",,"8",,"8",,"8",5,,7,
"252220030","SZEPIETOWO                    ","2025","06","17","18",21.0,,,"8",,"U",,"8",,"8",,"8",3,,7,
"252220030","SZEPIETOWO                    ","2025","06","18","06",17.5,,,"8",,"U",,"8",,"8",,"8",2,,7,
"252220030","SZEPIETOWO                    ","2025","06","18","12",24.0,,,"8",,"U",,"8",,"8",,"8",5,,7,
"252220030","SZEPIETOWO                    ","2025","06","18","18",22.2,,,"8",,"U",,"8",,"8",,"8",7,,7,
"252220030","SZEPIETOWO                    ","2025","06","19","06",15.3,,,"8",,"U",,"8",,"8",,"8",8,,7,
"252220030","SZEPIETOWO                    ","2025","06","19","12",21.4,,,"8",,"U",,"8",,"8",,"8",5,,7,
"252220030","SZEPIETOWO                    ","2025","06","19","18",14.9,,,"8",,"U",,"8",,"8",,"8",5,,7,
"252220030","SZEPIETOWO                    ","2025","06","20","06",11.9,,,"8",,"U",,"8",,"8",,"8",1,,7,
"252220030","SZEPIETOWO                    ","2025","06","20","12",19.9,,,"8",,"U",,"8",,"8",,"8",3,,7,
"252220030","SZEPIETOWO                    ","2025","06","20","18",17.3,,,"8",,"U",,"8",,"8",,"8",4,,7,
"252220030","SZEPIETOWO                    ","2025","06","21","06",15.1,,,"8",,"U",,"8",,"8",,"8",3,,7,
"252220030","SZEPIETOWO                    ","2025","06","21","12",22.8,,,"8",,"U",,"8",,"8",,"8",3,,7,
"252220030","SZEPIETOWO                    ","2025","06","21","18",21.0,,,"8",,"U",,"8",,"8",,"8",6,,7,
"252220030","SZEPIETOWO                    ","2025","06","22","06",18.9,,,"8",,"U",,"8",,"8",,"8",3,,7,
"252220030","SZEPIETOWO                    ","2025","06","22","12",23.2,,,"8",,"U",,"8",,"8",,"8",5,,7,
"252220030","SZEPIETOWO                    ","2025","06","22","18",19.1,,,"8",,"U",,"8",,"8",,"8",2,,7,
"252220030","SZEPIETOWO                    ","2025","06","23","06",15.9,,,"8",,"U",,"8",,"8",,"8",2,,7,
"252220030","SZEPIETOWO                    ","2025","06","23","12",23.4,,,"8",,"U",,"8",,"8",,"8",7,,7,
"252220030","SZEPIETOWO                    ","2025","06","23","18",22.6,,,"8",,"U",,"8",,"8",,"8",8,,7,
"252220030","SZEPIETOWO                    ","2025","06","24","06",14.9,,,"8",,"U",,"8",,"8",,"8",5,,7,
"252220030","SZEPIETOWO                    ","2025","06","24","12",19.1,,,"8",,"U",,"8",,"8",,"8",8,,7,
"252220030","SZEPIETOWO                    ","2025","06","24","18",17.7,,,"8",,"U",,"8",,"8",,"8",6,,7,
"252220030","SZEPIETOWO                    ","2025","06","25","06",14.1,,,"8",,"U",,"8",,"8",,"8",8,,7,
"252220030","SZEPIETOWO                    ","2025","06","25","12",20.5,,,"8",,"U",,"8",,"8",,"8",6,,7,
"252220030","SZEPIETOWO                    ","2025","06","25","18",16.5,,,"8",,"U",,"8",,"8",,"8",6,,7,
"252220030","SZEPIETOWO                    ","2025","06","26","06",14.3,,,"8",,"U",,"8",,"8",,"8",4,,7,
"252220030","SZEPIETOWO                    ","2025","06","26","12",22.6,,,"8",,"U",,"8",,"8",,"8",2,,7,
"252220030","SZEPIETOWO                    ","2025","06","26","18",22.4,,,"8",,"U",,"8",,"8",,"8",3,,7,
"252220030","SZEPIETOWO                    ","2025","06","27","06",17.7,,,"8",,"U",,"8",,"8",,"8",8,,6,
"252220030","SZEPIETOWO                    ","2025","06","27","12",22.4,,,"8",,"U",,"8",,"8",,"8",7,,7,
"252220030","SZEPIETOWO                    ","2025","06","27","18",17.5,,,"8",,"U",,"8",,"8",,"8",8,,6,
"252220030","SZEPIETOWO                    ","2025","06","28","06",15.1,,,"8",,"U",,"8",,"8",,"8",5,,7,
"252220030","SZEPIETOWO                    ","2025","06","28","12",20.4,,,"8",,"U",,"8",,"8",,"8",5,,7,
"252220030","SZEPIETOWO                    ","2025","06","28","18",20.2,,,"8",,"U",,"8",,"8",,"8",7,,7,
"252220030","SZEPIETOWO                    ","2025","06","29","06",20.4,,,"8",,"U",,"8",,"8",,"8",8,,7,
"252220030","SZEPIETOWO                    ","2025","06","29","12",24.8,,,"8",,"U",,"8",,"8",,"8",5,,7,
"252220030","SZEPIETOWO                    ","2025","06","29","18",22.4,,,"8",,"U",,"8",,"8",,"8",3,,7,
"252220030","SZEPIETOWO                    ","2025","06","30","06",16.3,,,"8",,"U",,"8",,"8",,"8",2,,7,
"252220030","SZEPIETOWO                    ","2025","06","30","12",21.8,,,"8",,"U",,"8",,"8",,"8",5,,7,
"252220030","SZEPIETOWO                    ","2025","06","30","18",18.7,,,"8",,"U",,"8",,"8",,"8",2,,7,
"253140060","GOLENIÓW                      ","2025","06","01","06",18.1,,,"8","W","N",,"8","SSE",,5,,5,,8,
"253140060","GOLENIÓW                      ","2025","06","01","12",20.1,,,"8","W","N",,"8","ENE",,2,,7,,8,
"253140060","GOLENIÓW                      ","2025","06","01","18",23.2,,,"8","W","N",,"8","S  ",,2,,8,,8,
"253140060","GOLENIÓW                      ","2025","06","02","06",14.5,,,"8","W","N",,"8","WNW",,4,,7,,8,
"253140060","GOLENIÓW                      ","2025","06","02","12",19.1,,,"8","W","N",,"8","WSW",,3,,7,,8,
"253140060","GOLENIÓW                      ","2025","06","02","18",14.3,,,"8","W","N",,"8","NNE",,1,,5,,8,
"253140060","GOLENIÓW                      ","2025","06","03","06",15.3,,,"8","W","N",,"8","NW ",,2,,0,,8,
"253140060","GOLENIÓW                      ","2025","06","03","12",21.2,,,"8","W","N",,"8","SW ",,4,,2,,8,
"253140060","GOLENIÓW                      ","2025","06","03","18",21.3,,,"8","W","N",,"8","S  ",,2,,0,,8,
"253140060","GOLENIÓW                      ","2025","06","04","06",18.6,,,"8","W","N",,"8","SSE",,4,,3,,7,
"253140060","GOLENIÓW                      ","2025","06","04","12",25.7,,,"8","W","N",,"8","SW ",,7,,6,,8,
"253140060","GOLENIÓW                      ","2025","06","04","18",19.5,,,"8","W","N",,"8","S  ",,2,,7,,8,
"253140060","GOLENIÓW                      ","2025","06","05","06",15.4,,,"8","W","N",,"8","W  ",,1,,7,,8,
"253140060","GOLENIÓW                      ","2025","06","05","12",19.1,,,"8","W","N",,"8","W  ",,2,,7,,8,
"253140060","GOLENIÓW                      ","2025","06","05","18",16.6,,,"8","W","N",,"8","SSE",,6,,7,,6,
"253140060","GOLENIÓW                      ","2025","06","06","06",15.0,,,"8","W","N",,"8","S  ",,5,,7,,8,
"253140060","GOLENIÓW                      ","2025","06","06","12",20.3,,,"8","W","N",,"8","WSW",,6,,7,,8,
"253140060","GOLENIÓW                      ","2025","06","06","18",19.5,,,"8","W","N",,"8","W  ",,4,,4,,8,
"253140060","GOLENIÓW                      ","2025","06","07","06",16.1,,,"8","W","N",,"8","S  ",,2,,6,,8,
"253140060","GOLENIÓW                      ","2025","06","07","12",19.9,,,"8","W","N",,"8","S  ",,3,,8,,7,
"253140060","GOLENIÓW                      ","2025","06","07","18",15.5,,,"8","W","N",,"8","SSW",,2,,3,,8,
"253140060","GOLENIÓW                      ","2025","06","08","06",14.2,,,"8","W","N",,"8","SSE",,4,,6,,8,
"253140060","GOLENIÓW                      ","2025","06","08","12",17.8,,,"8","W","N",,"8","WSW",,5,,6,,8,
"253140060","GOLENIÓW                      ","2025","06","08","18",13.0,,,"8","W","N",,"8","W  ",,5,,7,,7,
"253140060","GOLENIÓW                      ","2025","06","09","06",11.7,,,"8","W","N",,"8","W  ",,6,,7,,8,
"253140060","GOLENIÓW                      ","2025","06","09","12",14.0,,,"8","W","N",,"8","W  ",,7,,7,,8,
"253140060","GOLENIÓW                      ","2025","06","09","18",14.8,,,"8","W","N",,"8","W  ",,1,,3,,8,
"253140060","GOLENIÓW                      ","2025","06","10","06",12.5,,,"8","W","N",,"8","SSE",,3,,7,,8,
"253140060","GOLENIÓW                      ","2025","06","10","12",15.5,,,"8","W","N",,"8","S  ",,2,,8,,7,
"253140060","GOLENIÓW                      ","2025","06","10","18",14.3,,,"8","W","N",,"8","SW ",,4,,6,,7,
"253140060","GOLENIÓW                      ","2025","06","11","06",12.9,,,"8","W","N",,"8","NW ",,8,,8,,7,
"253140060","GOLENIÓW                      ","2025","06","11","12",17.7,,,"8","W","N",,"8","WNW",,7,,6,,8,
"253140060","GOLENIÓW                      ","2025","06","11","18",16.6,,,"8","W","N",,"8","NW ",,5,,1,,8,
"253140060","GOLENIÓW                      ","2025","06","12","06",14.3,,,"8","W","N",,"8","NNW",,3,,0,,8,
"253140060","GOLENIÓW                      ","2025","06","12","12",20.3,,,"8","W","N",,"8","N  ",,7,,1,,8,
"253140060","GOLENIÓW                      ","2025","06","12","18",16.7,,,"8","W","N",,"8","NE ",,3,,0,,8,
"253140060","GOLENIÓW                      ","2025","06","13","06",12.7,,,"8","W","N",,"8","E  ",,3,,0,,8,
"253140060","GOLENIÓW                      ","2025","06","13","12",20.6,,,"8","W","N",,"8","E  ",,2,,1,,8,
"253140060","GOLENIÓW                      ","2025","06","13","18",19.6,,,"8","W","N",,"8","NE ",,2,,1,,8,
"253140060","GOLENIÓW                      ","2025","06","14","06",16.8,,,"8","W","N",,"8","SE ",,6,,1,,8,
"253140060","GOLENIÓW                      ","2025","06","14","12",24.3,,,"8","W","N",,"8","SE ",,6,,0,,8,
"253140060","GOLENIÓW                      ","2025","06","14","18",24.8,,,"8","W","N",,"8","SE ",,6,,0,,8,
"253140060","GOLENIÓW                      ","2025","06","15","06",19.3,,,"8","W","N",,"8","SSE",,5,,4,,8,
"253140060","GOLENIÓW                      ","2025","06","15","12",28.4,,,"8","W","N",,"8","S  ",,7,,0,,8,
"253140060","GOLENIÓW                      ","2025","06","15","18",27.6,,,"8","W","N",,"8","E  ",,2,,5,,8,
"253140060","GOLENIÓW                      ","2025","06","16","06",16.2,,,"8","W","N",,"8","NW ",,4,,8,,8,
"253140060","GOLENIÓW                      ","2025","06","16","12",17.7,,,"8","W","N",,"8","NW ",,7,,7,,8,
"253140060","GOLENIÓW                      ","2025","06","16","18",19.0,,,"8","W","N",,"8","NW ",,7,,1,,8,
"253140060","GOLENIÓW                      ","2025","06","17","06",16.1,,,"8","W","N",,"8","NW ",,4,,8,,1,
"253140060","GOLENIÓW                      ","2025","06","17","12",23.2,,,"8","W","N",,"8","NW ",,3,,8,,0,
"253140060","GOLENIÓW                      ","2025","06","17","18",22.1,,,"8","W","N",,"8","WNW",,1,,8,,0,
"253140060","GOLENIÓW                      ","2025","06","18","06",18.3,,,"8","W","N",,"8","SW ",,4,,6,,8,
"253140060","GOLENIÓW                      ","2025","06","18","12",19.3,,,"8","W","N",,"8","NW ",,9,,7,,8,
"253140060","GOLENIÓW                      ","2025","06","18","18",20.0,,,"8","W","N",,"8","WNW",,5,,4,,8,
"253140060","GOLENIÓW                      ","2025","06","19","06",15.5,,,"8","W","N",,"8","WNW",,6,,5,,0,
"253140060","GOLENIÓW                      ","2025","06","19","12",19.6,,,"8","W","N",,"8","NW ",,10,,6,,0,
"253140060","GOLENIÓW                      ","2025","06","19","18",17.3,,,"8","W","N",,"8","W  ",,7,,1,,0,
"253140060","GOLENIÓW                      ","2025","06","20","06",15.2,,,"8","W","N",,"8","NW ",,5,,2,,8,
"253140060","GOLENIÓW                      ","2025","06","20","12",19.9,,,"8","W","N",,"8","N  ",,3,,4,,8,
"253140060","GOLENIÓW                      ","2025","06","20","18",19.4,,,"8","W","N",,"8","NNE",,2,,0,,8,
"253140060","GOLENIÓW                      ","2025","06","21","06",16.0,,,"8","W","N",,"8","SW ",,2,,0,,8,
"253140060","GOLENIÓW                      ","2025","06","21","12",24.6,,,"8","W","N",,"8","WSW",,3,,0,,8,
"253140060","GOLENIÓW                      ","2025","06","21","18",24.6,,,"8","W","N",,"8","NW ",,5,,3,,8,
"253140060","GOLENIÓW                      ","2025","06","22","06",21.7,,,"8","W","N",,"8","S  ",,1,,2,,8,
"253140060","GOLENIÓW                      ","2025","06","22","12",29.1,,,"8","W","N",,"8","SE ",,4,,3,,8,
"253140060","GOLENIÓW                      ","2025","06","22","18",27.2,,,"8","W","N",,"8","ESE",,5,,4,,8,
"253140060","GOLENIÓW                      ","2025","06","23","06",20.9,,,"8","W","N",,"8","S  ",,2,,6,,8,
"253140060","GOLENIÓW                      ","2025","06","23","12",25.2,,,"8","W","N",,"8","WSW",,8,,7,,8,
"253140060","GOLENIÓW                      ","2025","06","23","18",15.2,,,"8","W","N",,"8","W  ",,7,,2,,8,
"253140060","GOLENIÓW                      ","2025","06","24","06",16.1,,,"8","W","N",,"8","SW ",,6,,3,,8,
"253140060","GOLENIÓW                      ","2025","06","24","12",17.7,,,"8","W","N",,"8","W  ",,9,,8,,8,
"253140060","GOLENIÓW                      ","2025","06","24","18",18.1,,,"8","W","N",,"8","WNW",,6,,7,,8,
"253140060","GOLENIÓW                      ","2025","06","25","06",18.4,,,"8","W","N",,"8","WSW",,5,,6,,8,
"253140060","GOLENIÓW                      ","2025","06","25","12",21.6,,,"8","W","N",,"8","WNW",,8,,6,,8,
"253140060","GOLENIÓW                      ","2025","06","25","18",19.7,,,"8","W","N",,"8","NW ",,8,,3,,8,
"253140060","GOLENIÓW                      ","2025","06","26","06",16.7,,,"8","W","N",,"8","S  ",,3,,1,,8,
"253140060","GOLENIÓW                      ","2025","06","26","12",23.2,,,"8","W","N",,"8","SSE",,6,,7,,8,
"253140060","GOLENIÓW                      ","2025","06","26","18",23.9,,,"8","W","N",,"8","ENE",,2,,6,,8,
"253140060","GOLENIÓW                      ","2025","06","27","06",18.7,,,"8","W","N",,"8","WSW",,4,,7,,7,
"253140060","GOLENIÓW                      ","2025","06","27","12",14.6,,,"8","W","N",,"8","WNW",,9,,7,,6,
"253140060","GOLENIÓW                      ","2025","06","27","18",18.9,,,"8","W","N",,"8","NW ",,8,,4,,8,
"253140060","GOLENIÓW                      ","2025","06","28","06",16.2,,,"8","W","N",,"8","SW ",,4,,7,,8,
"253140060","GOLENIÓW                      ","2025","06","28","12",23.8,,,"8","W","N",,"8","WSW",,4,,5,,8,
"253140060","GOLENIÓW                      ","2025","06","28","18",23.9,,,"8","W","N",,"8","WNW",,5,,8,,8,
"253140060","GOLENIÓW                      ","2025","06","29","06",20.5,,,"8","W","N",,"8","SW ",,3,,6,,8,
"253140060","GOLENIÓW                      ","2025","06","29","12",22.1,,,"8","W","N",,"8","WNW",,8,,6,,8,
"253140060","GOLENIÓW                      ","2025","06","29","18",20.7,,,"8","W","N",,"8","NW ",,11,,4,,8,
"253140060","GOLENIÓW                      ","2025","06","30","06",15.6,,,"8","W","N",,"8","WNW",,8,,6,,8,
"253140060","GOLENIÓW                      ","2025","06","30","12",19.4,,,"8","W","N",,"8","WNW",,8,,3,,8,
"253140060","GOLENIÓW                      ","2025","06","30","18",19.0,,,"8","W","N",,"8","N  ",,4,,1,,8,
"253170210","CHRZ¥STOWO                    ","2025","06","01","06",15.3,,,"8",,,,"8",,"8",,"8",1,,7,
"253170210","CHRZ¥STOWO                    ","2025","06","01","12",23.6,,,"8",,,,"8",,"8",,"8",5,,8,
"253170210","CHRZ¥STOWO                    ","2025","06","01","18",17.7,,,"8",,,,"8",,"8",,"8",7,,7,
"253170210","CHRZ¥STOWO                    ","2025","06","02","06",15.9,,,"8",,,,"8",,"8",,"8",4,,7,
"253170210","CHRZ¥STOWO                    ","2025","06","02","12",18.7,,,"8",,,,"8",,"8",,"8",7,,7,
"253170210","CHRZ¥STOWO                    ","2025","06","02","18",18.0,,,"8",,,,"8",,"8",,"8",7,,7,
"253170210","CHRZ¥STOWO                    ","2025","06","03","06",14.5,,,"8",,,,"8",,"8",,"8",7,,5,
"253170210","CHRZ¥STOWO                    ","2025","06","03","12",20.6,,,"8",,,,"8",,"8",,"8",4,,7,
"253170210","CHRZ¥STOWO                    ","2025","06","03","18",20.2,,,"8",,,,"8",,"8",,"8",3,,7,
"253170210","CHRZ¥STOWO                    ","2025","06","04","06",17.6,,,"8",,,,"8",,"8",,"8",5,,6,
"253170210","CHRZ¥STOWO                    ","2025","06","04","12",25.2,,,"8",,,,"8",,"8",,"8",4,,7,
"253170210","CHRZ¥STOWO                    ","2025","06","04","18",21.2,,,"8",,,,"8",,"8",,"8",6,,7,
"253170210","CHRZ¥STOWO                    ","2025","06","05","06",17.4,,,"8",,,,"8",,"8",,"8",7,,7,
"253170210","CHRZ¥STOWO                    ","2025","06","05","12",21.4,,,"8",,,,"8",,"8",,"8",7,,7,
"253170210","CHRZ¥STOWO                    ","2025","06","05","18",17.4,,,"8",,,,"8",,"8",,"8",7,,7,
"253170210","CHRZ¥STOWO                    ","2025","06","06","06",15.9,,,"8",,,,"8",,"8",,"8",7,,7,
"253170210","CHRZ¥STOWO                    ","2025","06","06","12",21.2,,,"8",,,,"8",,"8",,"8",7,,7,
"253170210","CHRZ¥STOWO                    ","2025","06","06","18",16.9,,,"8",,,,"8",,"8",,"8",8,,7,
"253170210","CHRZ¥STOWO                    ","2025","06","07","06",17.1,,,"8",,,,"8",,"8",,"8",3,,7,
"253170210","CHRZ¥STOWO                    ","2025","06","07","12",21.2,,,"8",,,,"8",,"8",,"8",6,,7,
"253170210","CHRZ¥STOWO                    ","2025","06","07","18",18.8,,,"8",,,,"8",,"8",,"8",8,,7,
"253170210","CHRZ¥STOWO                    ","2025","06","08","06",14.2,,,"8",,,,"8",,"8",,"8",3,,7,
"253170210","CHRZ¥STOWO                    ","2025","06","08","12",18.8,,,"8",,,,"8",,"8",,"8",2,,7,
"253170210","CHRZ¥STOWO                    ","2025","06","08","18",13.4,,,"8",,,,"8",,"8",,"8",6,,7,
"253170210","CHRZ¥STOWO                    ","2025","06","09","06",11.5,,,"8",,,,"8",,"8",,"8",7,,8,
"253170210","CHRZ¥STOWO                    ","2025","06","09","12",13.0,,,"8",,,,"8",,"8",,"8",6,,7,
"253170210","CHRZ¥STOWO                    ","2025","06","09","18",12.8,,,"8",,,,"8",,"8",,"8",4,,8,
"253170210","CHRZ¥STOWO                    ","2025","06","10","06",12.2,,,"8",,,,"8",,"8",,"8",7,,7,
"253170210","CHRZ¥STOWO                    ","2025","06","10","12",18.0,,,"8",,,,"8",,"8",,"8",8,,7,
"253170210","CHRZ¥STOWO                    ","2025","06","10","18",15.1,,,"8",,,,"8",,"8",,"8",8,,7,
"253170210","CHRZ¥STOWO                    ","2025","06","11","06",13.8,,,"8",,,,"8",,"8",,"8",6,,7,
"253170210","CHRZ¥STOWO                    ","2025","06","11","12",14.9,,,"8",,,,"8",,"8",,"8",7,,8,
"253170210","CHRZ¥STOWO                    ","2025","06","11","18",14.5,,,"8",,,,"8",,"8",,"8",0,,8,
"253170210","CHRZ¥STOWO                    ","2025","06","12","06",12.6,,,"8",,,,"8",,"8",,"8",0,,8,
"253170210","CHRZ¥STOWO                    ","2025","06","12","12",19.4,,,"8",,,,"8",,"8",,"8",3,,8,
"253170210","CHRZ¥STOWO                    ","2025","06","12","18",15.8,,,"8",,,,"8",,"8",,"8",0,,8,
"253170210","CHRZ¥STOWO                    ","2025","06","13","06",12.8,,,"8",,,,"8",,"8",,"8",0,,8,
"253170210","CHRZ¥STOWO                    ","2025","06","13","12",19.8,,,"8",,,,"8",,"8",,"8",4,,8,
"253170210","CHRZ¥STOWO                    ","2025","06","13","18",19.0,,,"8",,,,"8",,"8",,"8",0,,8,
"253170210","CHRZ¥STOWO                    ","2025","06","14","06",14.9,,,"8",,,,"8",,"8",,"8",0,,7,
"253170210","CHRZ¥STOWO                    ","2025","06","14","12",21.2,,,"8",,,,"8",,"8",,"8",0,,8,
"253170210","CHRZ¥STOWO                    ","2025","06","14","18",20.0,,,"8",,,,"8",,"8",,"8",1,,8,
"253170210","CHRZ¥STOWO                    ","2025","06","15","06",17.3,,,"8",,,,"8",,"8",,"8",0,,7,
"253170210","CHRZ¥STOWO                    ","2025","06","15","12",26.1,,,"8",,,,"8",,"8",,"8",1,,8,
"253170210","CHRZ¥STOWO                    ","2025","06","15","18",23.8,,,"8",,,,"8",,"8",,"8",2,,8,
"253170210","CHRZ¥STOWO                    ","2025","06","16","06",16.5,,,"8",,,,"8",,"8",,"8",7,,6,
"253170210","CHRZ¥STOWO                    ","2025","06","16","12",15.7,,,"8",,,,"8",,"8",,"8",8,,8,
"253170210","CHRZ¥STOWO                    ","2025","06","16","18",16.6,,,"8",,,,"8",,"8",,"8",4,,8,
"253170210","CHRZ¥STOWO                    ","2025","06","17","06",15.7,,,"8",,,,"8",,"8",,"8",6,,7,
"253170210","CHRZ¥STOWO                    ","2025","06","17","12",21.6,,,"8",,,,"8",,"8",,"8",4,,8,
"253170210","CHRZ¥STOWO                    ","2025","06","17","18",20.4,,,"8",,,,"8",,"8",,"8",4,,7,
"253170210","CHRZ¥STOWO                    ","2025","06","18","06",18.1,,,"8",,,,"8",,"8",,"8",4,,6,
"253170210","CHRZ¥STOWO                    ","2025","06","18","12",24.0,,,"8",,,,"8",,"8",,"8",4,,7,
"253170210","CHRZ¥STOWO                    ","2025","06","18","18",18.8,,,"8",,,,"8",,"8",,"8",6,,8,
"253170210","CHRZ¥STOWO                    ","2025","06","19","06",14.7,,,"8",,,,"8",,"8",,"8",7,,8,
"253170210","CHRZ¥STOWO                    ","2025","06","19","12",18.9,,,"8",,,,"8",,"8",,"8",4,,8,
"253170210","CHRZ¥STOWO                    ","2025","06","19","18",15.8,,,"8",,,,"8",,"8",,"8",2,,8,
"253170210","CHRZ¥STOWO                    ","2025","06","20","06",14.2,,,"8",,,,"8",,"8",,"8",3,,7,
"253170210","CHRZ¥STOWO                    ","2025","06","20","12",19.1,,,"8",,,,"8",,"8",,"8",4,,8,
"253170210","CHRZ¥STOWO                    ","2025","06","20","18",16.7,,,"8",,,,"8",,"8",,"8",1,,8,
"253170210","CHRZ¥STOWO                    ","2025","06","21","06",14.2,,,"8",,,,"8",,"8",,"8",0,,7,
"253170210","CHRZ¥STOWO                    ","2025","06","21","12",23.8,,,"8",,,,"8",,"8",,"8",0,,8,
"253170210","CHRZ¥STOWO                    ","2025","06","21","18",21.4,,,"8",,,,"8",,"8",,"8",3,,8,
"253170210","CHRZ¥STOWO                    ","2025","06","22","06",18.4,,,"8",,,,"8",,"8",,"8",1,,7,
"253170210","CHRZ¥STOWO                    ","2025","06","22","12",25.0,,,"8",,,,"8",,"8",,"8",3,,8,
"253170210","CHRZ¥STOWO                    ","2025","06","22","18",21.4,,,"8",,,,"8",,"8",,"8",3,,8,
"253170210","CHRZ¥STOWO                    ","2025","06","23","06",17.1,,,"8",,,,"8",,"8",,"8",7,,8,
"253170210","CHRZ¥STOWO                    ","2025","06","23","12",24.4,,,"8",,,,"8",,"8",,"8",6,,7,
"253170210","CHRZ¥STOWO                    ","2025","06","23","18",16.3,,,"8",,,,"8",,"8",,"8",6,,7,
"253170210","CHRZ¥STOWO                    ","2025","06","24","06",13.9,,,"8",,,,"8",,"8",,"8",6,,8,
"253170210","CHRZ¥STOWO                    ","2025","06","24","12",20.0,,,"8",,,,"8",,"8",,"8",7,,8,
"253170210","CHRZ¥STOWO                    ","2025","06","24","18",17.1,,,"8",,,,"8",,"8",,"8",7,,8,
"253170210","CHRZ¥STOWO                    ","2025","06","25","06",18.0,,,"8",,,,"8",,"8",,"8",5,,7,
"253170210","CHRZ¥STOWO                    ","2025","06","25","12",20.0,,,"8",,,,"8",,"8",,"8",7,,8,
"253170210","CHRZ¥STOWO                    ","2025","06","25","18",17.9,,,"8",,,,"8",,"8",,"8",3,,8,
"253170210","CHRZ¥STOWO                    ","2025","06","26","06",15.8,,,"8",,,,"8",,"8",,"8",1,,7,
"253170210","CHRZ¥STOWO                    ","2025","06","26","12",23.2,,,"8",,,,"8",,"8",,"8",3,,8,
"253170210","CHRZ¥STOWO                    ","2025","06","26","18",21.6,,,"8",,,,"8",,"8",,"8",4,,8,
"253170210","CHRZ¥STOWO                    ","2025","06","27","06",18.4,,,"8",,,,"8",,"8",,"8",7,,7,
"253170210","CHRZ¥STOWO                    ","2025","06","27","12",17.7,,,"8",,,,"8",,"8",,"8",8,,7,
"253170210","CHRZ¥STOWO                    ","2025","06","27","18",16.5,,,"8",,,,"8",,"8",,"8",4,,8,
"253170210","CHRZ¥STOWO                    ","2025","06","28","06",15.8,,,"8",,,,"8",,"8",,"8",6,,7,
"253170210","CHRZ¥STOWO                    ","2025","06","28","12",20.6,,,"8",,,,"8",,"8",,"8",5,,8,
"253170210","CHRZ¥STOWO                    ","2025","06","28","18",20.8,,,"8",,,,"8",,"8",,"8",7,,8,
"253170210","CHRZ¥STOWO                    ","2025","06","29","06",20.8,,,"8",,,,"8",,"8",,"8",3,,8,
"253170210","CHRZ¥STOWO                    ","2025","06","29","12",22.6,,,"8",,,,"8",,"8",,"8",5,,7,
"253170210","CHRZ¥STOWO                    ","2025","06","29","18",18.6,,,"8",,,,"8",,"8",,"8",2,,8,
"253170210","CHRZ¥STOWO                    ","2025","06","30","06",15.5,,,"8",,,,"8",,"8",,"8",3,,8,
"253170210","CHRZ¥STOWO                    ","2025","06","30","12",20.6,,,"8",,,,"8",,"8",,"8",4,,7,
"253170210","CHRZ¥STOWO                    ","2025","06","30","18",19.0,,,"8",,,,"8",,"8",,"8",0,,8,
"253220330","MARIANOWO II                  ","2025","06","01","06",15.2,,13.0,,"W","W",78,,"E  ",,2,,1,,8,
"253220330","MARIANOWO II                  ","2025","06","01","12",21.6,,15.1,,"W","W",49,,"S  ",,1,,,"8",,"8"
"253220330","MARIANOWO II                  ","2025","06","01","18",21.0,,14.2,,"W","W",46,,"C  ",,0,,,"8",,"8"
"253220330","MARIANOWO II                  ","2025","06","02","06",17.5,,17.0,,"W","W",95,,"WSW",,3,,8,,7,
"253220330","MARIANOWO II                  ","2025","06","02","12",23.1,,16.6,,"W","W",51,,"W  ",,4,,,"8",,"8"
"253220330","MARIANOWO II                  ","2025","06","02","18",18.8,,14.6,,"W","W",63,,"W  ",,1,,,"8",,"8"
"253220330","MARIANOWO II                  ","2025","06","03","06",13.9,,12.7,,"W","W",87,,"ESE",,1,,7,,7,
"253220330","MARIANOWO II                  ","2025","06","03","12",20.0,,15.1,,"W","W",59,,"S  ",,2,,,"8",,"8"
"253220330","MARIANOWO II                  ","2025","06","03","18",15.0,,13.9,,"W","W",89,,"N  ",,2,,,"8",,"8"
"253220330","MARIANOWO II                  ","2025","06","04","06",12.2,,12.0,,"W","W",98,,"SSE",,3,,8,,5,
"253220330","MARIANOWO II                  ","2025","06","04","12",22.0,,15.6,,"W","W",50,,"SSE",,4,,,"8",,"8"
"253220330","MARIANOWO II                  ","2025","06","04","18",22.1,,17.9,,"W","W",66,,"SE ",,2,,,"8",,"8"
"253220330","MARIANOWO II                  ","2025","06","05","06",19.7,,17.9,,"W","W",84,,"NNW",,2,,7,,7,
"253220330","MARIANOWO II                  ","2025","06","05","12",21.3,,18.2,,"W","W",74,,"WSW",,3,,,"8",,"8"
"253220330","MARIANOWO II                  ","2025","06","05","18",21.4,,17.6,,"W","W",69,,"SW ",,1,,,"8",,"8"
"253220330","MARIANOWO II                  ","2025","06","06","06",19.4,,18.5,,"W","W",92,,"WSW",,3,,6,,7,
"253220330","MARIANOWO II                  ","2025","06","06","12",22.8,,16.5,,"W","W",52,,"SW ",,4,,,"8",,"8"
"253220330","MARIANOWO II                  ","2025","06","06","18",22.1,,16.4,,"W","W",55,,"S  ",,1,,,"8",,"8"
"253220330","MARIANOWO II                  ","2025","06","07","06",17.9,,16.7,,"W","W",89,,"SSE",,1,,5,,7,
"253220330","MARIANOWO II                  ","2025","06","07","12",21.5,,17.4,,"W","W",66,,"S  ",,4,,,"8",,"8"
"253220330","MARIANOWO II                  ","2025","06","07","18",15.6,,15.0,,"W","W",94,,"S  ",,3,,,"8",,"8"
"253220330","MARIANOWO II                  ","2025","06","08","06",16.0,,15.0,,"W","W",90,,"W  ",,4,,6,,8,
"253220330","MARIANOWO II                  ","2025","06","08","12",19.1,,14.4,,"W","W",60,,"SW ",,2,,,"8",,"8"
"253220330","MARIANOWO II                  ","2025","06","08","18",17.8,,15.0,,"W","W",74,,"S  ",,3,,,"8",,"8"
"253220330","MARIANOWO II                  ","2025","06","09","06",12.2,,11.1,,"W","W",88,,"W  ",,7,,7,,8,
"253220330","MARIANOWO II                  ","2025","06","09","12",14.5,,11.7,,"W","W",72,,"WSW",,4,,,"8",,"8"
"253220330","MARIANOWO II                  ","2025","06","09","18",12.8,,9.5,,"W","W",65,,"W  ",,3,,,"8",,"8"
"253220330","MARIANOWO II                  ","2025","06","10","06",12.9,,11.1,,"W","W",81,,"WSW",,2,,1,,8,
"253220330","MARIANOWO II                  ","2025","06","10","12",17.7,,11.8,,"W","W",48,,"SSW",,4,,,"8",,"8"
"253220330","MARIANOWO II                  ","2025","06","10","18",16.5,,11.4,,"W","W",53,,"SSE",,2,,,"8",,"8"
"253220330","MARIANOWO II                  ","2025","06","11","06",14.2,,13.4,,"W","W",92,,"WNW",,3,,8,,7,
"253220330","MARIANOWO II                  ","2025","06","11","12",17.6,,14.9,,"W","W",75,,"NW ",,3,,,"8",,"8"
"253220330","MARIANOWO II                  ","2025","06","11","18",13.1,,11.3,,"W","W",81,,"NW ",,4,,,"8",,"8"
"253220330","MARIANOWO II                  ","2025","06","12","06",13.9,,11.9,,"W","W",79,,"NW ",,4,,2,,8,
"253220330","MARIANOWO II                  ","2025","06","12","12",15.5,,11.9,,"W","W",65,,"NW ",,5,,,"8",,"8"
"253220330","MARIANOWO II                  ","2025","06","12","18",13.1,,10.0,,"W","W",67,,"NW ",,4,,,"8",,"8"
"253220330","MARIANOWO II                  ","2025","06","13","06",11.5,,11.3,,"W","W",98,,"NNW",,3,,8,,7,
"253220330","MARIANOWO II                  ","2025","06","13","12",19.1,,15.2,,"W","W",66,,"NNW",,3,,,"8",,"8"
"253220330","MARIANOWO II                  ","2025","06","13","18",17.6,,12.9,,"W","W",58,,"N  ",,4,,,"8",,"8"
"253220330","MARIANOWO II                  ","2025","06","14","06",15.0,,12.0,,"W","W",70,,"NNE",,4,,5,,7,
"253220330","MARIANOWO II                  ","2025","06","14","12",20.2,,13.0,,"W","W",42,,"NNE",,3,,,"8",,"8"
"253220330","MARIANOWO II                  ","2025","06","14","18",18.8,,13.4,,"W","W",54,,"N  ",,2,,,"8",,"8"
"253220330","MARIANOWO II                  ","2025","06","15","06",19.1,,15.9,,"W","W",72,,"C  ",,0,,6,,8,
"253220330","MARIANOWO II                  ","2025","06","15","12",23.2,,14.2,,"W","W",35,,"NNE",,2,,,"8",,"8"
"253220330","MARIANOWO II                  ","2025","06","15","18",22.7,,15.6,,"W","W",46,,"ENE",,1,,,"8",,"8"
"253220330","MARIANOWO II                  ","2025","06","16","06",20.9,,16.4,,"W","W",63,,"SW ",,1,,2,,8,
"253220330","MARIANOWO II                  ","2025","06","16","12",27.9,,17.1,,"W","W",32,,"WSW",,2,,,"8",,"8"
"253220330","MARIANOWO II                  ","2025","06","16","18",16.2,,15.2,,"W","W",90,,"NW ",,4,,,"8",,"8"
"253220330","MARIANOWO II                  ","2025","06","17","06",15.0,,13.4,,"W","W",84,,"WNW",,4,,7,,7,
"253220330","MARIANOWO II                  ","2025","06","17","12",20.9,,15.6,,"W","W",57,,"WNW",,3,,,"8",,"8"
"253220330","MARIANOWO II                  ","2025","06","17","18",19.2,,14.2,,"W","W",57,,"WNW",,2,,,"8",,"8"
"253220330","MARIANOWO II                  ","2025","06","18","06",18.2,,15.2,,"W","W",73,,"W  ",,4,,6,,7,
"253220330","MARIANOWO II                  ","2025","06","18","12",24.9,,17.2,,"W","W",45,,"WNW",,4,,,"8",,"8"
"253220330","MARIANOWO II                  ","2025","06","18","18",19.5,,15.3,,"W","W",64,,"NW ",,3,,,"8",,"8"
"253220330","MARIANOWO II                  ","2025","06","19","06",15.0,,13.4,,"W","W",84,,"WSW",,2,,7,,7,
"253220330","MARIANOWO II                  ","2025","06","19","12",20.4,,13.1,,"W","W",42,,"WNW",,6,,,"8",,"8"
"253220330","MARIANOWO II                  ","2025","06","19","18",14.2,,10.5,,"W","W",63,,"WNW",,5,,,"8",,"8"
"253220330","MARIANOWO II                  ","2025","06","20","06",14.4,,12.0,,"W","W",75,,"WNW",,3,,0,,8,
"253220330","MARIANOWO II                  ","2025","06","20","12",20.1,,12.2,,"W","W",37,,"NW ",,7,,,"8",,"8"
"253220330","MARIANOWO II                  ","2025","06","20","18",16.0,,10.4,,"W","W",48,,"NNW",,5,,,"8",,"8"
"253220330","MARIANOWO II                  ","2025","06","21","06",13.0,,11.3,,"W","W",82,,"W  ",,2,,5,,8,
"253220330","MARIANOWO II                  ","2025","06","21","12",23.2,,13.2,,"W","W",29,,"W  ",,5,,,"8",,"8"
"253220330","MARIANOWO II                  ","2025","06","21","18",20.0,,13.4,,"W","W",46,,"C  ",,0,,,"8",,"8"
"253220330","MARIANOWO II                  ","2025","06","22","06",18.7,,16.0,,"W","W",76,,"WNW",,3,,0,,8,
"253220330","MARIANOWO II                  ","2025","06","22","12",21.4,,13.6,,"W","W",40,,"NNW",,5,,,"8",,"8"
"253220330","MARIANOWO II                  ","2025","06","22","18",16.9,,10.1,,"W","W",40,,"N  ",,4,,,"8",,"8"
"253220330","MARIANOWO II                  ","2025","06","23","06",15.9,,12.5,,"W","W",67,,"SE ",,4,,2,,7,
"253220330","MARIANOWO II                  ","2025","06","23","12",23.2,,15.2,,"W","W",41,,"SSE",,5,,,"8",,"8"
"253220330","MARIANOWO II                  ","2025","06","23","18",22.0,,17.8,,"W","W",66,,"SSE",,3,,,"8",,"8"
"253220330","MARIANOWO II                  ","2025","06","24","06",14.9,,12.2,,"W","W",73,,"W  ",,5,,4,,7,
"253220330","MARIANOWO II                  ","2025","06","24","12",18.2,,12.0,,"W","W",47,,"WSW",,6,,,"8",,"8"
"253220330","MARIANOWO II                  ","2025","06","24","18",17.7,,11.8,,"W","W",48,,"WSW",,5,,,"8",,"8"
"253220330","MARIANOWO II                  ","2025","06","25","06",17.1,,14.6,,"W","W",76,,"W  ",,5,,6,,7,
"253220330","MARIANOWO II                  ","2025","06","25","12",20.8,,15.9,,"W","W",60,,"WNW",,4,,,"8",,"8"
"253220330","MARIANOWO II                  ","2025","06","25","18",15.3,,13.2,,"W","W",79,,"NW ",,3,,,"8",,"8"
"253220330","MARIANOWO II                  ","2025","06","26","06",14.6,,13.1,,"W","W",85,,"W  ",,3,,2,,8,
"253220330","MARIANOWO II                  ","2025","06","26","12",22.6,,14.6,,"W","W",40,,"SSW",,2,,,"8",,"8"
"253220330","MARIANOWO II                  ","2025","06","26","18",21.9,,14.9,,"W","W",46,,"SSW",,1,,,"8",,"8"
"253220330","MARIANOWO II                  ","2025","06","27","06",17.5,,16.7,,"W","W",92,,"W  ",,3,,8,,7,
"253220330","MARIANOWO II                  ","2025","06","27","12",20.8,,17.2,,"W","W",70,,"WNW",,5,,,"8",,"8"
"253220330","MARIANOWO II                  ","2025","06","27","18",16.7,,15.9,,"W","W",92,,"WNW",,1,,,"8",,"8"
"253220330","MARIANOWO II                  ","2025","06","28","06",15.0,,13.0,,"W","W",80,,"WNW",,3,,6,,8,
"253220330","MARIANOWO II                  ","2025","06","28","12",20.6,,15.5,,"W","W",58,,"WNW",,4,,,"8",,"8"
"253220330","MARIANOWO II                  ","2025","06","28","18",19.2,,15.6,,"W","W",68,,"WNW",,1,,,"8",,"8"
"253220330","MARIANOWO II                  ","2025","06","29","06",19.9,,18.1,,"W","W",84,,"WNW",,4,,8,,7,
"253220330","MARIANOWO II                  ","2025","06","29","12",22.8,,17.6,,"W","W",60,,"WNW",,4,,,"8",,"8"
"253220330","MARIANOWO II                  ","2025","06","29","18",19.9,,13.8,,"W","W",50,,"NW ",,4,,,"8",,"8"
"253220330","MARIANOWO II                  ","2025","06","30","06",16.3,,13.8,,"W","W",76,,"W  ",,4,,1,,7,
"253220330","MARIANOWO II                  ","2025","06","30","12",21.2,,14.8,,"W","W",49,,"NW ",,5,,,"8",,"8"
"253220330","MARIANOWO II                  ","2025","06","30","18",16.8,,11.8,,"W","W",54,,"NNW",,5,,,"8",,"8"
"254180090","GDAÑSK-RÊBIECHOWO             ","2025","06","01","06",14.5,,,"8","W","N",,"8","SSE",,1,,7,,8,
"254180090","GDAÑSK-RÊBIECHOWO             ","2025","06","01","12",21.3,,,"8","W","N",,"8","SSE",,3,,7,,9,
"254180090","GDAÑSK-RÊBIECHOWO             ","2025","06","01","18",16.5,,,"8","W","N",,"8","SE ",,2,,8,,7,
"254180090","GDAÑSK-RÊBIECHOWO             ","2025","06","02","06",14.5,,,"8","W","N",,"8","W  ",,6,,3,,8,
"254180090","GDAÑSK-RÊBIECHOWO             ","2025","06","02","12",18.3,,,"8","W","N",,"8","W  ",,5,,6,,8,
"254180090","GDAÑSK-RÊBIECHOWO             ","2025","06","02","18",16.7,,,"8","W","N",,"8","W  ",,1,,4,,8,
"254180090","GDAÑSK-RÊBIECHOWO             ","2025","06","03","06",15.5,,,"8","W","N",,"8","NNW",,1,,3,,8,
"254180090","GDAÑSK-RÊBIECHOWO             ","2025","06","03","12",16.4,,,"8","W","N",,"8","ENE",,1,,3,,8,
"254180090","GDAÑSK-RÊBIECHOWO             ","2025","06","03","18",14.2,,,"8","W","N",,"8","ENE",,3,,2,,9,
"254180090","GDAÑSK-RÊBIECHOWO             ","2025","06","04","06",15.9,,,"8","W","N",,"8","SSE",,3,,7,,8,
"254180090","GDAÑSK-RÊBIECHOWO             ","2025","06","04","12",23.6,,,"8","W","N",,"8","SSE",,3,,8,,8,
"254180090","GDAÑSK-RÊBIECHOWO             ","2025","06","04","18",17.1,,,"8","W","N",,"8","C  ",,0,,7,,8,
"254180090","GDAÑSK-RÊBIECHOWO             ","2025","06","05","06",16.2,,,"8","W","N",,"8","C  ",,0,,8,,6,
"254180090","GDAÑSK-RÊBIECHOWO             ","2025","06","05","12",16.3,,,"8","W","N",,"8","ENE",,3,,7,,8,
"254180090","GDAÑSK-RÊBIECHOWO             ","2025","06","05","18",13.9,,,"8","W","N",,"8","E  ",,4,,7,,8,
"254180090","GDAÑSK-RÊBIECHOWO             ","2025","06","06","06",16.8,,,"8","W","N",,"8","SW ",,4,,7,,8,
"254180090","GDAÑSK-RÊBIECHOWO             ","2025","06","06","12",19.6,,,"8","W","N",,"8","SSW",,3,,8,,9,
"254180090","GDAÑSK-RÊBIECHOWO             ","2025","06","06","18",15.0,,,"8","W","N",,"8","WSW",,3,,5,,8,
"254180090","GDAÑSK-RÊBIECHOWO             ","2025","06","07","06",17.3,,,"8","W","N",,"8","SW ",,5,,1,,8,
"254180090","GDAÑSK-RÊBIECHOWO             ","2025","06","07","12",19.7,,,"8","W","N",,"8","WNW",,3,,7,,8,
"254180090","GDAÑSK-RÊBIECHOWO             ","2025","06","07","18",14.5,,,"8","W","N",,"8","SE ",,2,,7,,8,
"254180090","GDAÑSK-RÊBIECHOWO             ","2025","06","08","06",14.8,,,"8","W","N",,"8","WSW",,3,,1,,8,
"254180090","GDAÑSK-RÊBIECHOWO             ","2025","06","08","12",20.1,,,"8","W","N",,"8","S  ",,2,,7,,8,
"254180090","GDAÑSK-RÊBIECHOWO             ","2025","06","08","18",14.3,,,"8","W","N",,"8","SW ",,2,,7,,8,
"254180090","GDAÑSK-RÊBIECHOWO             ","2025","06","09","06",11.4,,,"8","W","N",,"8","WNW",,9,,7,,9,
"254180090","GDAÑSK-RÊBIECHOWO             ","2025","06","09","12",15.1,,,"8","W","N",,"8","W  ",,10,,8,,8,
"254180090","GDAÑSK-RÊBIECHOWO             ","2025","06","09","18",12.5,,,"8","W","N",,"8","W  ",,8,,2,,9,
"254180090","GDAÑSK-RÊBIECHOWO             ","2025","06","10","06",13.3,,,"8","W","N",,"8","SSW",,2,,6,,8,
"254180090","GDAÑSK-RÊBIECHOWO             ","2025","06","10","12",14.6,,,"8","W","N",,"8","WSW",,4,,8,,7,
"254180090","GDAÑSK-RÊBIECHOWO             ","2025","06","10","18",13.9,,,"8","W","N",,"8","S  ",,4,,8,,8,
"254180090","GDAÑSK-RÊBIECHOWO             ","2025","06","11","06",13.7,,,"8","W","N",,"8","W  ",,4,,7,,8,
"254180090","GDAÑSK-RÊBIECHOWO             ","2025","06","11","12",12.6,,,"8","W","N",,"8","WNW",,8,,8,,6,
"254180090","GDAÑSK-RÊBIECHOWO             ","2025","06","11","18",13.8,,,"8","W","N",,"8","W  ",,7,,6,,8,
"254180090","GDAÑSK-RÊBIECHOWO             ","2025","06","12","06",13.5,,,"8","W","N",,"8","NNW",,5,,0,,9,
"254180090","GDAÑSK-RÊBIECHOWO             ","2025","06","12","12",16.2,,,"8","W","N",,"8","NNW",,7,,3,,8,
"254180090","GDAÑSK-RÊBIECHOWO             ","2025","06","12","18",12.2,,,"8","W","N",,"8","NNE",,3,,0,,8,
"254180090","GDAÑSK-RÊBIECHOWO             ","2025","06","13","06",13.0,,,"8","W","N",,"8","N  ",,6,,1,,8,
"254180090","GDAÑSK-RÊBIECHOWO             ","2025","06","13","12",17.3,,,"8","W","N",,"8","ENE",,5,,4,,8,
"254180090","GDAÑSK-RÊBIECHOWO             ","2025","06","13","18",15.0,,,"8","W","N",,"8","N  ",,2,,5,,8,
"254180090","GDAÑSK-RÊBIECHOWO             ","2025","06","14","06",13.9,,,"8","W","N",,"8","ENE",,3,,0,,9,
"254180090","GDAÑSK-RÊBIECHOWO             ","2025","06","14","12",17.5,,,"8","W","N",,"8","NE ",,4,,1,,8,
"254180090","GDAÑSK-RÊBIECHOWO             ","2025","06","14","18",14.2,,,"8","W","N",,"8","ENE",,3,,7,,8,
"254180090","GDAÑSK-RÊBIECHOWO             ","2025","06","15","06",17.8,,,"8","W","N",,"8","S  ",,1,,0,,8,
"254180090","GDAÑSK-RÊBIECHOWO             ","2025","06","15","12",24.4,,,"8","W","N",,"8","E  ",,2,,2,,8,
"254180090","GDAÑSK-RÊBIECHOWO             ","2025","06","15","18",22.0,,,"8","W","N",,"8","ESE",,3,,1,,8,
"254180090","GDAÑSK-RÊBIECHOWO             ","2025","06","16","06",19.8,,,"8","W","N",,"8","NW ",,6,,7,,8,
"254180090","GDAÑSK-RÊBIECHOWO             ","2025","06","16","12",14.4,,,"8","W","N",,"8","WNW",,6,,8,,6,
"254180090","GDAÑSK-RÊBIECHOWO             ","2025","06","16","18",15.1,,,"8","W","N",,"8","W  ",,4,,7,,6,
"254180090","GDAÑSK-RÊBIECHOWO             ","2025","06","17","06",15.0,,,"8","W","N",,"8","WNW",,8,,7,,8,
"254180090","GDAÑSK-RÊBIECHOWO             ","2025","06","17","12",18.1,,,"8","W","N",,"8","WNW",,7,,7,,8,
"254180090","GDAÑSK-RÊBIECHOWO             ","2025","06","17","18",18.9,,,"8","W","N",,"8","W  ",,6,,7,,8,
"254180090","GDAÑSK-RÊBIECHOWO             ","2025","06","18","06",17.7,,,"8","W","N",,"8","W  ",,5,,7,,8,
"254180090","GDAÑSK-RÊBIECHOWO             ","2025","06","18","12",18.1,,,"8","W","N",,"8","WNW",,10,,7,,8,
"254180090","GDAÑSK-RÊBIECHOWO             ","2025","06","18","18",17.3,,,"8","W","N",,"8","WNW",,9,,3,,8,
"254180090","GDAÑSK-RÊBIECHOWO             ","2025","06","19","06",13.9,,,"8","W","N",,"8","WNW",,8,,7,,8,
"254180090","GDAÑSK-RÊBIECHOWO             ","2025","06","19","12",15.5,,,"8","W","N",,"8","WNW",,12,,7,,8,
"254180090","GDAÑSK-RÊBIECHOWO             ","2025","06","19","18",15.1,,,"8","W","N",,"8","NW ",,9,,1,,8,
"254180090","GDAÑSK-RÊBIECHOWO             ","2025","06","20","06",15.0,,,"8","W","N",,"8","NW ",,7,,1,,8,
"254180090","GDAÑSK-RÊBIECHOWO             ","2025","06","20","12",19.4,,,"8","W","N",,"8","NW ",,7,,4,,8,
"254180090","GDAÑSK-RÊBIECHOWO             ","2025","06","20","18",16.9,,,"8","W","N",,"8","NW ",,4,,1,,9,
"254180090","GDAÑSK-RÊBIECHOWO             ","2025","06","21","06",16.1,,,"8","W","N",,"8","W  ",,5,,2,,9,
"254180090","GDAÑSK-RÊBIECHOWO             ","2025","06","21","12",20.4,,,"8","W","N",,"8","W  ",,5,,6,,9,
"254180090","GDAÑSK-RÊBIECHOWO             ","2025","06","21","18",20.4,,,"8","W","N",,"8","W  ",,5,,1,,9,
"254180090","GDAÑSK-RÊBIECHOWO             ","2025","06","22","06",18.1,,,"8","W","N",,"8","NNW",,3,,1,,9,
"254180090","GDAÑSK-RÊBIECHOWO             ","2025","06","22","12",17.9,,,"8","W","N",,"8","ENE",,6,,3,,8,
"254180090","GDAÑSK-RÊBIECHOWO             ","2025","06","22","18",13.6,,,"8","W","N",,"8","E  ",,4,,7,,8,
"254180090","GDAÑSK-RÊBIECHOWO             ","2025","06","23","06",15.8,,,"8","W","N",,"8","S  ",,3,,8,,8,
"254180090","GDAÑSK-RÊBIECHOWO             ","2025","06","23","12",25.9,,,"8","W","N",,"8","W  ",,6,,8,,8,
"254180090","GDAÑSK-RÊBIECHOWO             ","2025","06","23","18",16.8,,,"8","W","N",,"8","WNW",,9,,7,,8,
"254180090","GDAÑSK-RÊBIECHOWO             ","2025","06","24","06",12.5,,,"8","W","N",,"8","WSW",,6,,7,,8,
"254180090","GDAÑSK-RÊBIECHOWO             ","2025","06","24","12",16.6,,,"8","W","N",,"8","W  ",,5,,6,,8,
"254180090","GDAÑSK-RÊBIECHOWO             ","2025","06","24","18",15.6,,,"8","W","N",,"8","WSW",,6,,7,,8,
"254180090","GDAÑSK-RÊBIECHOWO             ","2025","06","25","06",15.3,,,"8","W","N",,"8","W  ",,4,,8,,8,
"254180090","GDAÑSK-RÊBIECHOWO             ","2025","06","25","12",15.9,,,"8","W","N",,"8","WNW",,9,,7,,9,
"254180090","GDAÑSK-RÊBIECHOWO             ","2025","06","25","18",15.8,,,"8","W","N",,"8","WNW",,9,,4,,9,
"254180090","GDAÑSK-RÊBIECHOWO             ","2025","06","26","06",16.2,,,"8","W","N",,"8","WNW",,3,,0,,9,
"254180090","GDAÑSK-RÊBIECHOWO             ","2025","06","26","12",22.8,,,"8","W","N",,"8","WSW",,3,,7,,8,
"254180090","GDAÑSK-RÊBIECHOWO             ","2025","06","26","18",16.1,,,"8","W","N",,"8","ENE",,2,,7,,8,
"254180090","GDAÑSK-RÊBIECHOWO             ","2025","06","27","06",16.7,,,"8","W","N",,"8","W  ",,9,,7,,8,
"254180090","GDAÑSK-RÊBIECHOWO             ","2025","06","27","12",19.4,,,"8","W","N",,"8","W  ",,6,,7,,8,
"254180090","GDAÑSK-RÊBIECHOWO             ","2025","06","27","18",16.6,,,"8","W","N",,"8","WNW",,7,,3,,8,
"254180090","GDAÑSK-RÊBIECHOWO             ","2025","06","28","06",16.3,,,"8","W","N",,"8","WNW",,7,,6,,8,
"254180090","GDAÑSK-RÊBIECHOWO             ","2025","06","28","12",20.9,,,"8","W","N",,"8","WNW",,9,,7,,8,
"254180090","GDAÑSK-RÊBIECHOWO             ","2025","06","28","18",22.1,,,"8","W","N",,"8","W  ",,6,,7,,8,
"254180090","GDAÑSK-RÊBIECHOWO             ","2025","06","29","06",18.1,,,"8","W","N",,"8","WNW",,8,,7,,8,
"254180090","GDAÑSK-RÊBIECHOWO             ","2025","06","29","12",22.5,,,"8","W","N",,"8","WNW",,11,,1,,8,
"254180090","GDAÑSK-RÊBIECHOWO             ","2025","06","29","18",17.6,,,"8","W","N",,"8","WNW",,8,,4,,8,
"254180090","GDAÑSK-RÊBIECHOWO             ","2025","06","30","06",15.0,,,"8","W","N",,"8","NW ",,10,,5,,8,
"254180090","GDAÑSK-RÊBIECHOWO             ","2025","06","30","12",19.5,,,"8","W","N",,"8","NW ",,8,,4,,8,
"254180090","GDAÑSK-RÊBIECHOWO             ","2025","06","30","18",18.1,,,"8","W","N",,"8","NW ",,4,,0,,8,
"254200080","LIDZBARK WARMIÑSKI            ","2025","06","01","06",13.4,,11.9,,"W","N",83,,"SSE",,1,,0,,5,
"254200080","LIDZBARK WARMIÑSKI            ","2025","06","01","12",21.4,,14.4,,"W","N",43,,"ESE",,2,,6,,7,
"254200080","LIDZBARK WARMIÑSKI            ","2025","06","01","18",20.4,,16.5,,"W","N",65,,"C  ",,0,,6,,7,
"254200080","LIDZBARK WARMIÑSKI            ","2025","06","02","06",17.3,,16.0,,"W","N",87,,,"8",,"8",8,,7,
"254200080","LIDZBARK WARMIÑSKI            ","2025","06","02","12",20.0,,16.2,,"W","N",66,,"WNW",,4,,6,,7,
"254200080","LIDZBARK WARMIÑSKI            ","2025","06","02","18",14.2,,13.0,,"W","N",87,,"NNW",,2,,3,,7,
"254200080","LIDZBARK WARMIÑSKI            ","2025","06","03","06",16.7,,13.6,,"W","N",69,,"S  ",,3,,2,,5,
"254200080","LIDZBARK WARMIÑSKI            ","2025","06","03","12",16.1,,14.1,,"W","N",79,,"NW ",,3,,8,,5,
"254200080","LIDZBARK WARMIÑSKI            ","2025","06","03","18",17.7,,14.8,,"W","N",72,,,"8",,"8",0,,7,
"254200080","LIDZBARK WARMIÑSKI            ","2025","06","04","06",16.5,,13.8,,"W","N",73,,"SSE",,2,,2,,7,
"254200080","LIDZBARK WARMIÑSKI            ","2025","06","04","12",24.6,,17.1,,"W","N",44,,"SSE",,3,,3,,5,
"254200080","LIDZBARK WARMIÑSKI            ","2025","06","04","18",23.0,,18.9,,"W","N",66,,"SE ",,4,,8,,5,
"254200080","LIDZBARK WARMIÑSKI            ","2025","06","05","06",17.9,,17.5,,"W","N",96,,,"8",,"8",8,,5,
"254200080","LIDZBARK WARMIÑSKI            ","2025","06","05","12",18.5,,18.3,,"W","N",98,,"W  ",,2,,8,,5,
"254200080","LIDZBARK WARMIÑSKI            ","2025","06","05","18",18.9,,18.3,,"W","N",94,,,"8",,"8",4,,5,
"254200080","LIDZBARK WARMIÑSKI            ","2025","06","06","06",18.3,,17.1,,"W","N",88,,,"8",,"8",3,,5,
"254200080","LIDZBARK WARMIÑSKI            ","2025","06","06","12",22.2,,17.1,,"W","N",58,,"S  ",,5,,6,,7,
"254200080","LIDZBARK WARMIÑSKI            ","2025","06","06","18",21.4,,17.5,,"W","N",66,,"SSW",,5,,6,,7,
"254200080","LIDZBARK WARMIÑSKI            ","2025","06","07","06",18.7,,15.8,,"W","N",73,,"S  ",,2,,1,,7,
"254200080","LIDZBARK WARMIÑSKI            ","2025","06","07","12",24.2,,17.7,,"W","N",50,,"S  ",,4,,8,,7,
"254200080","LIDZBARK WARMIÑSKI            ","2025","06","07","18",18.5,,17.7,,"W","N",92,,"S  ",,3,,8,,7,
"254200080","LIDZBARK WARMIÑSKI            ","2025","06","08","06",16.5,,14.4,,"W","N",79,,,"8",,"8",6,,7,
"254200080","LIDZBARK WARMIÑSKI            ","2025","06","08","12",21.2,,16.0,,"W","N",56,,"SSW",,4,,8,,7,
"254200080","LIDZBARK WARMIÑSKI            ","2025","06","08","18",16.5,,14.6,,"W","N",80,,"S  ",,2,,8,,4,
"254200080","LIDZBARK WARMIÑSKI            ","2025","06","09","06",11.1,,10.5,,"W","N",92,,"WSW",,5,,8,,5,
"254200080","LIDZBARK WARMIÑSKI            ","2025","06","09","12",16.3,,11.3,,"W","N",51,,,"8",,"8",6,,7,
"254200080","LIDZBARK WARMIÑSKI            ","2025","06","09","18",13.4,,10.1,,"W","N",63,,,"8",,"8",3,,7,
"254200080","LIDZBARK WARMIÑSKI            ","2025","06","10","06",13.2,,10.7,,"W","N",72,,"SSW",,3,,6,,7,
"254200080","LIDZBARK WARMIÑSKI            ","2025","06","10","12",19.3,,13.6,,"W","N",49,,"S  ",,4,,5,,7,
"254200080","LIDZBARK WARMIÑSKI            ","2025","06","10","18",16.3,,12.6,,"W","N",63,,"S  ",,2,,8,,7,
"254200080","LIDZBARK WARMIÑSKI            ","2025","06","11","06",13.6,,12.8,,"W","N",91,,,"8",,"8",8,,5,
"254200080","LIDZBARK WARMIÑSKI            ","2025","06","11","12",15.6,,14.0,,"W","N",83,,,"8",,"8",8,,5,
"254200080","LIDZBARK WARMIÑSKI            ","2025","06","11","18",13.6,,11.5,,"W","N",76,,,"8",,"8",3,,7,
"254200080","LIDZBARK WARMIÑSKI            ","2025","06","12","06",13.6,,11.9,,"W","N",81,,,"8",,"8",6,,7,
"254200080","LIDZBARK WARMIÑSKI            ","2025","06","12","12",15.6,,12.1,,"W","N",64,,"NW ",,6,,6,,7,
"254200080","LIDZBARK WARMIÑSKI            ","2025","06","12","18",12.6,,10.3,,"W","N",73,,,"8",,"8",3,,7,
"254200080","LIDZBARK WARMIÑSKI            ","2025","06","13","06",13.0,,11.9,,"W","N",87,,,"8",,"8",8,,7,
"254200080","LIDZBARK WARMIÑSKI            ","2025","06","13","12",20.2,,15.6,,"W","N",59,,"NNW",,5,,4,,7,
"254200080","LIDZBARK WARMIÑSKI            ","2025","06","13","18",16.3,,13.0,,"W","N",67,,"NNW",,3,,0,,7,
"254200080","LIDZBARK WARMIÑSKI            ","2025","06","14","06",13.6,,12.4,,"W","N",86,,"NW ",,1,,0,,7,
"254200080","LIDZBARK WARMIÑSKI            ","2025","06","14","12",20.8,,14.2,,"W","N",45,,"N  ",,3,,0,,7,
"254200080","LIDZBARK WARMIÑSKI            ","2025","06","14","18",18.3,,15.0,,"W","N",69,,"NNE",,3,,0,,7,
"254200080","LIDZBARK WARMIÑSKI            ","2025","06","15","06",15.4,,14.2,,"W","N",87,,"C  ",,0,,0,,7,
"254200080","LIDZBARK WARMIÑSKI            ","2025","06","15","12",23.8,,16.5,,"W","N",44,,"N  ",,1,,2,,7,
"254200080","LIDZBARK WARMIÑSKI            ","2025","06","15","18",23.8,,17.5,,"W","N",51,,"E  ",,1,,0,,7,
"254200080","LIDZBARK WARMIÑSKI            ","2025","06","16","06",19.8,,17.1,,"W","N",75,,"SSW",,1,,0,,5,
"254200080","LIDZBARK WARMIÑSKI            ","2025","06","16","12",18.1,,16.7,,"W","N",86,,"WNW",,5,,8,,5,
"254200080","LIDZBARK WARMIÑSKI            ","2025","06","16","18",15.2,,14.0,,"W","N",87,,,"8",,"8",8,,7,
"254200080","LIDZBARK WARMIÑSKI            ","2025","06","17","06",15.2,,13.4,,"W","N",81,,,"8",,"8",8,,5,
"254200080","LIDZBARK WARMIÑSKI            ","2025","06","17","12",19.8,,15.6,,"W","N",62,,"WNW",,7,,4,,7,
"254200080","LIDZBARK WARMIÑSKI            ","2025","06","17","18",18.5,,15.4,,"W","N",71,,,"8",,"8",0,,7,
"254200080","LIDZBARK WARMIÑSKI            ","2025","06","18","06",18.3,,15.6,,"W","N",74,,"SW ",,3,,3,,7,
"254200080","LIDZBARK WARMIÑSKI            ","2025","06","18","12",19.8,,16.5,,"W","N",70,,"NW ",,6,,8,,5,
"254200080","LIDZBARK WARMIÑSKI            ","2025","06","18","18",16.9,,13.6,,"W","N",67,,,"8",,"8",2,,7,
"254200080","LIDZBARK WARMIÑSKI            ","2025","06","19","06",15.6,,14.0,,"W","N",83,,,"8",,"8",8,,7,
"254200080","LIDZBARK WARMIÑSKI            ","2025","06","19","12",17.5,,13.4,,"W","N",61,,,"8",,"8",6,,7,
"254200080","LIDZBARK WARMIÑSKI            ","2025","06","19","18",14.2,,10.5,,"W","N",60,,,"8",,"8",0,,7,
"254200080","LIDZBARK WARMIÑSKI            ","2025","06","20","06",14.4,,12.8,,"W","N",82,,"W  ",,5,,0,,6,
"254200080","LIDZBARK WARMIÑSKI            ","2025","06","20","12",18.9,,12.8,,"W","N",45,,,"8",,"8",3,,7,
"254200080","LIDZBARK WARMIÑSKI            ","2025","06","20","18",15.4,,12.6,,"W","N",71,,,"8",,"8",0,,7,
"254200080","LIDZBARK WARMIÑSKI            ","2025","06","21","06",14.6,,11.9,,"W","N",71,,"W  ",,4,,1,,7,
"254200080","LIDZBARK WARMIÑSKI            ","2025","06","21","12",20.8,,13.6,,"W","N",40,,"W  ",,5,,8,,7,
"254200080","LIDZBARK WARMIÑSKI            ","2025","06","21","18",20.4,,15.2,,"W","N",55,,"W  ",,2,,6,,7,
"254200080","LIDZBARK WARMIÑSKI            ","2025","06","22","06",16.5,,15.0,,"W","N",84,,"NW ",,4,,5,,7,
"254200080","LIDZBARK WARMIÑSKI            ","2025","06","22","12",19.3,,13.6,,"W","N",49,,"NW ",,6,,2,,7,
"254200080","LIDZBARK WARMIÑSKI            ","2025","06","22","18",16.3,,12.8,,"W","N",65,,"NNW",,1,,1,,7,
"254200080","LIDZBARK WARMIÑSKI            ","2025","06","23","06",15.6,,11.9,,"W","N",62,,"SSE",,4,,6,,7,
"254200080","LIDZBARK WARMIÑSKI            ","2025","06","23","12",24.8,,17.3,,"W","N",44,,"SSE",,4,,6,,7,
"254200080","LIDZBARK WARMIÑSKI            ","2025","06","23","18",23.2,,18.1,,"W","N",59,,"C  ",,0,,5,,7,
"254200080","LIDZBARK WARMIÑSKI            ","2025","06","24","06",13.8,,11.9,,"W","N",79,,,"8",,"8",8,,5,
"254200080","LIDZBARK WARMIÑSKI            ","2025","06","24","12",18.1,,13.4,,"W","N",56,,"WSW",,5,,8,,6,
"254200080","LIDZBARK WARMIÑSKI            ","2025","06","24","18",16.1,,13.4,,"W","N",72,,,"8",,"8",8,,7,
"254200080","LIDZBARK WARMIÑSKI            ","2025","06","25","06",14.6,,14.2,,"W","N",96,,,"8",,"8",8,,5,
"254200080","LIDZBARK WARMIÑSKI            ","2025","06","25","12",17.5,,15.4,,"W","N",79,,,"8",,"8",7,,6,
"254200080","LIDZBARK WARMIÑSKI            ","2025","06","25","18",16.1,,13.6,,"W","N",74,,,"8",,"8",2,,7,
"254200080","LIDZBARK WARMIÑSKI            ","2025","06","26","06",15.4,,14.2,,"W","N",87,,"W  ",,1,,0,,7,
"254200080","LIDZBARK WARMIÑSKI            ","2025","06","26","12",23.2,,17.7,,"W","N",56,,"WSW",,2,,2,,7,
"254200080","LIDZBARK WARMIÑSKI            ","2025","06","26","18",20.7,,15.6,,"W","N",56,,,"8",,"8",4,,7,
"254200080","LIDZBARK WARMIÑSKI            ","2025","06","27","06",18.1,,17.5,,"W","N",94,,"C  ",,0,,8,,5,
"254200080","LIDZBARK WARMIÑSKI            ","2025","06","27","12",20.4,,17.7,,"W","N",76,,,"8",,"8",8,,7,
"254200080","LIDZBARK WARMIÑSKI            ","2025","06","27","18",16.5,,15.2,,"W","N",87,,,"8",,"8",8,,7,
"254200080","LIDZBARK WARMIÑSKI            ","2025","06","28","06",15.9,,14.2,,"W","N",82,,,"8",,"8",8,,7,
"254200080","LIDZBARK WARMIÑSKI            ","2025","06","28","12",20.6,,16.2,,"W","N",61,,"WNW",,6,,5,,7,
"254200080","LIDZBARK WARMIÑSKI            ","2025","06","28","18",19.3,,16.7,,"W","N",76,,"SW ",,2,,8,,7,
"254200080","LIDZBARK WARMIÑSKI            ","2025","06","29","06",20.4,,17.5,,"W","N",74,,,"8",,"8",2,,7,
"254200080","LIDZBARK WARMIÑSKI            ","2025","06","29","12",22.8,,17.1,,"W","N",54,,,"8",,"8",2,,7,
"254200080","LIDZBARK WARMIÑSKI            ","2025","06","29","18",18.1,,13.6,,"W","N",58,,,"8",,"8",0,,7,
"254200080","LIDZBARK WARMIÑSKI            ","2025","06","30","06",15.2,,13.2,,"W","N",79,,,"8",,"8",8,,5,
"254200080","LIDZBARK WARMIÑSKI            ","2025","06","30","12",18.9,,14.6,,"W","N",60,,"WNW",,7,,6,,7,
"254200080","LIDZBARK WARMIÑSKI            ","2025","06","30","18",15.6,,12.1,,"W","N",64,,,"8",,"8",0,,7,
"254220090","OLECKO                        ","2025","06","01","06",12.4,,,"8","W","N",,"8",,"8",,"8",3,,8,
"254220090","OLECKO                        ","2025","06","01","12",20.4,,,"8","W","N",,"8",,"8",,"8",0,,8,
"254220090","OLECKO                        ","2025","06","01","18",19.4,,,"8","W","N",,"8",,"8",,"8",4,,8,
"254220090","OLECKO                        ","2025","06","02","06",17.0,,,"8","W","N",,"8",,"8",,"8",7,,8,
"254220090","OLECKO                        ","2025","06","02","12",21.0,,,"8","W","N",,"8",,"8",,"8",8,,8,
"254220090","OLECKO                        ","2025","06","02","18",17.4,,,"8","W","N",,"8",,"8",,"8",8,,8,
"254220090","OLECKO                        ","2025","06","03","06",13.2,,,"8","W","N",,"8",,"8",,"8",8,,8,
"254220090","OLECKO                        ","2025","06","03","12",20.5,,,"8","W","N",,"8",,"8",,"8",7,,8,
"254220090","OLECKO                        ","2025","06","03","18",14.7,,,"8","W","N",,"8",,"8",,"8",2,,8,
"254220090","OLECKO                        ","2025","06","04","06",13.2,,,"8","W","N",,"8",,"8",,"8",5,,8,
"254220090","OLECKO                        ","2025","06","04","12",20.9,,,"8","W","N",,"8",,"8",,"8",2,,8,
"254220090","OLECKO                        ","2025","06","04","18",22.0,,,"8","W","N",,"8",,"8",,"8",4,,8,
"254220090","OLECKO                        ","2025","06","05","06",17.6,,,"8","W","N",,"8",,"8",,"8",8,,8,
"254220090","OLECKO                        ","2025","06","05","12",19.7,,,"8","W","N",,"8",,"8",,"8",8,,8,
"254220090","OLECKO                        ","2025","06","05","18",18.9,,,"8","W","N",,"8",,"8",,"8",8,,8,
"254220090","OLECKO                        ","2025","06","06","06",17.2,,,"8","W","N",,"8",,"8",,"8",6,,8,
"254220090","OLECKO                        ","2025","06","06","12",22.0,,,"8","W","N",,"8",,"8",,"8",8,,8,
"254220090","OLECKO                        ","2025","06","06","18",20.3,,,"8","W","N",,"8",,"8",,"8",8,,8,
"254220090","OLECKO                        ","2025","06","07","06",17.0,,,"8","W","N",,"8",,"8",,"8",0,,8,
"254220090","OLECKO                        ","2025","06","07","12",21.6,,,"8","W","N",,"8",,"8",,"8",8,,8,
"254220090","OLECKO                        ","2025","06","07","18",16.6,,,"8","W","N",,"8",,"8",,"8",8,,8,
"254220090","OLECKO                        ","2025","06","08","06",16.4,,,"8","W","N",,"8",,"8",,"8",7,,8,
"254220090","OLECKO                        ","2025","06","08","12",19.5,,,"8","W","N",,"8",,"8",,"8",8,,8,
"254220090","OLECKO                        ","2025","06","08","18",17.6,,,"8","W","N",,"8",,"8",,"8",8,,8,
"254220090","OLECKO                        ","2025","06","09","06",11.0,,,"8","W","N",,"8",,"8",,"8",8,,8,
"254220090","OLECKO                        ","2025","06","09","12",13.2,,,"8","W","N",,"8",,"8",,"8",8,,8,
"254220090","OLECKO                        ","2025","06","09","18",12.6,,,"8","W","N",,"8",,"8",,"8",8,,8,
"254220090","OLECKO                        ","2025","06","10","06",12.0,,,"8","W","N",,"8",,"8",,"8",3,,8,
"254220090","OLECKO                        ","2025","06","10","12",17.4,,,"8","W","N",,"8",,"8",,"8",8,,8,
"254220090","OLECKO                        ","2025","06","10","18",15.9,,,"8","W","N",,"8",,"8",,"8",8,,8,
"254220090","OLECKO                        ","2025","06","11","06",12.8,,,"8","W","N",,"8",,"8",,"8",8,,8,
"254220090","OLECKO                        ","2025","06","11","12",16.8,,,"8","W","N",,"8",,"8",,"8",8,,8,
"254220090","OLECKO                        ","2025","06","11","18",12.4,,,"8","W","N",,"8",,"8",,"8",8,,8,
"254220090","OLECKO                        ","2025","06","12","06",11.2,,,"8","W","N",,"8",,"8",,"8",8,,8,
"254220090","OLECKO                        ","2025","06","12","12",14.5,,,"8","W","N",,"8",,"8",,"8",8,,8,
"254220090","OLECKO                        ","2025","06","12","18",12.0,,,"8","W","N",,"8",,"8",,"8",8,,8,
"254220090","OLECKO                        ","2025","06","13","06",12.8,,,"8","W","N",,"8",,"8",,"8",8,,8,
"254220090","OLECKO                        ","2025","06","13","12",20.3,,,"8","W","N",,"8",,"8",,"8",7,,8,
"254220090","OLECKO                        ","2025","06","13","18",16.6,,,"8","W","N",,"8",,"8",,"8",4,,8,
"254220090","OLECKO                        ","2025","06","14","06",14.9,,,"8","W","N",,"8",,"8",,"8",0,,8,
"254220090","OLECKO                        ","2025","06","14","12",21.3,,,"8","W","N",,"8",,"8",,"8",0,,8,
"254220090","OLECKO                        ","2025","06","14","18",19.9,,,"8","W","N",,"8",,"8",,"8",2,,8,
"254220090","OLECKO                        ","2025","06","15","06",17.4,,,"8","W","N",,"8",,"8",,"8",1,,8,
"254220090","OLECKO                        ","2025","06","15","12",23.4,,,"8","W","N",,"8",,"8",,"8",1,,8,
"254220090","OLECKO                        ","2025","06","15","18",23.3,,,"8","W","N",,"8",,"8",,"8",4,,8,
"254220090","OLECKO                        ","2025","06","16","06",19.1,,,"8","W","N",,"8",,"8",,"8",0,,8,
"254220090","OLECKO                        ","2025","06","16","12",27.2,,,"8","W","N",,"8",,"8",,"8",1,,8,
"254220090","OLECKO                        ","2025","06","16","18",15.9,,,"8","W","N",,"8",,"8",,"8",8,,8,
"254220090","OLECKO                        ","2025","06","17","06",13.9,,,"8","W","N",,"8",,"8",,"8",8,,8,
"254220090","OLECKO                        ","2025","06","17","12",19.5,,,"8","W","N",,"8",,"8",,"8",6,,8,
"254220090","OLECKO                        ","2025","06","17","18",16.3,,,"8","W","N",,"8",,"8",,"8",4,,8,
"254220090","OLECKO                        ","2025","06","18","06",16.6,,,"8","W","N",,"8",,"8",,"8",3,,8,
"254220090","OLECKO                        ","2025","06","18","12",22.4,,,"8","W","N",,"8",,"8",,"8",7,,8,
"254220090","OLECKO                        ","2025","06","18","18",16.1,,,"8","W","N",,"8",,"8",,"8",7,,8,
"254220090","OLECKO                        ","2025","06","19","06",14.5,,,"8","W","N",,"8",,"8",,"8",8,,8,
"254220090","OLECKO                        ","2025","06","19","12",17.0,,,"8","W","N",,"8",,"8",,"8",7,,8,
"254220090","OLECKO                        ","2025","06","19","18",12.0,,,"8","W","N",,"8",,"8",,"8",8,,8,
"254220090","OLECKO                        ","2025","06","20","06",13.2,,,"8","W","N",,"8",,"8",,"8",0,,8,
"254220090","OLECKO                        ","2025","06","20","12",18.4,,,"8","W","N",,"8",,"8",,"8",7,,8,
"254220090","OLECKO                        ","2025","06","20","18",15.1,,,"8","W","N",,"8",,"8",,"8",1,,8,
"254220090","OLECKO                        ","2025","06","21","06",13.0,,,"8","W","N",,"8",,"8",,"8",7,,8,
"254220090","OLECKO                        ","2025","06","21","12",21.0,,,"8","W","N",,"8",,"8",,"8",6,,8,
"254220090","OLECKO                        ","2025","06","21","18",18.0,,,"8","W","N",,"8",,"8",,"8",7,,8,
"254220090","OLECKO                        ","2025","06","22","06",16.6,,,"8","W","N",,"8",,"8",,"8",4,,8,
"254220090","OLECKO                        ","2025","06","22","12",19.5,,,"8","W","N",,"8",,"8",,"8",3,,8,
"254220090","OLECKO                        ","2025","06","22","18",15.7,,,"8","W","N",,"8",,"8",,"8",2,,8,
"254220090","OLECKO                        ","2025","06","23","06",12.8,,,"8","W","N",,"8",,"8",,"8",8,,8,
"254220090","OLECKO                        ","2025","06","23","12",22.0,,,"8","W","N",,"8",,"8",,"8",8,,8,
"254220090","OLECKO                        ","2025","06","23","18",19.0,,,"8","W","N",,"8",,"8",,"8",8,,8,
"254220090","OLECKO                        ","2025","06","24","06",13.7,,,"8","W","N",,"8",,"8",,"8",7,,8,
"254220090","OLECKO                        ","2025","06","24","12",15.5,,,"8","W","N",,"8",,"8",,"8",8,,8,
"254220090","OLECKO                        ","2025","06","24","18",13.4,,,"8","W","N",,"8",,"8",,"8",8,,8,
"254220090","OLECKO                        ","2025","06","25","06",13.0,,,"8","W","N",,"8",,"8",,"8",8,,8,
"254220090","OLECKO                        ","2025","06","25","12",17.5,,,"8","W","N",,"8",,"8",,"8",8,,8,
"254220090","OLECKO                        ","2025","06","25","18",14.7,,,"8","W","N",,"8",,"8",,"8",6,,8,
"254220090","OLECKO                        ","2025","06","26","06",14.5,,,"8","W","N",,"8",,"8",,"8",0,,8,
"254220090","OLECKO                        ","2025","06","26","12",21.7,,,"8","W","N",,"8",,"8",,"8",3,,8,
"254220090","OLECKO                        ","2025","06","26","18",22.1,,,"8","W","N",,"8",,"8",,"8",5,,8,
"254220090","OLECKO                        ","2025","06","27","06",15.1,,,"8","W","N",,"8",,"8",,"8",8,,8,
"254220090","OLECKO                        ","2025","06","27","12",17.7,,,"8","W","N",,"8",,"8",,"8",8,,8,
"254220090","OLECKO                        ","2025","06","27","18",16.7,,,"8","W","N",,"8",,"8",,"8",8,,8,
"254220090","OLECKO                        ","2025","06","28","06",14.9,,,"8","W","N",,"8",,"8",,"8",7,,8,
"254220090","OLECKO                        ","2025","06","28","12",19.0,,,"8","W","N",,"8",,"8",,"8",6,,8,
"254220090","OLECKO                        ","2025","06","28","18",17.0,,,"8","W","N",,"8",,"8",,"8",8,,8,
"254220090","OLECKO                        ","2025","06","29","06",17.6,,,"8","W","N",,"8",,"8",,"8",8,,8,
"254220090","OLECKO                        ","2025","06","29","12",21.1,,,"8","W","N",,"8",,"8",,"8",7,,8,
"254220090","OLECKO                        ","2025","06","29","18",17.5,,,"8","W","N",,"8",,"8",,"8",2,,8,
"254220090","OLECKO                        ","2025","06","30","06",14.7,,,"8","W","N",,"8",,"8",,"8",6,,8,
"254220090","OLECKO                        ","2025","06","30","12",19.0,,,"8","W","N",,"8",,"8",,"8",7,,8,
"254220090","OLECKO                        ","2025","06","30","18",14.5,,,"8","W","N",,"8",,"8",,"8",1,,8,
