"249180010","PSZCZYNA                      ","2025","04","01","06",5.1,,,"8","W","N",,"8","N  ",,2,,8,,5,
"249180010","PSZCZYNA                      ","2025","04","01","12",6.9,,,"8","W","N",,"8","NNW",,2,,8,,5,
"249180010","PSZCZYNA                      ","2025","04","01","18",6.9,,,"8","W","N",,"8","W  ",,1,,8,,5,
"249180010","PSZCZYNA                      ","2025","04","02","06",5.5,,,"8","W","N",,"8","C  ",,0,,8,,4,
"249180010","PSZCZYNA                      ","2025","04","02","12",14.3,,,"8","W","N",,"8","NE ",,4,,4,,8,
"249180010","PSZCZYNA                      ","2025","04","02","18",10.6,,,"8","W","N",,"8","N  ",,1,,2,,8,
"249180010","PSZCZYNA                      ","2025","04","03","06",6.6,,,"8","W","N",,"8","N  ",,1,,0,,6,
"249180010","PSZCZYNA                      ","2025","04","03","12",17.8,,,"8","W","N",,"8","NE ",,2,,1,,8,
"249180010","PSZCZYNA                      ","2025","04","03","18",12.9,,,"8","W","N",,"8","C  ",,0,,1,,8,
"249180010","PSZCZYNA                      ","2025","04","04","06",7.3,,,"8","W","N",,"8","SW ",,1,,0,,6,
"249180010","PSZCZYNA                      ","2025","04","04","12",18.2,,,"8","W","N",,"8","SSW",,2,,2,,8,
"249180010","PSZCZYNA                      ","2025","04","04","18",11.0,,,"8","W","N",,"8","WNW",,1,,4,,8,
"249180010","PSZCZYNA                      ","2025","04","05","06",9.0,,,"8","W","N",,"8","WNW",,2,,6,,6,
"249180010","PSZCZYNA                      ","2025","04","05","12",10.1,,,"8","W","N",,"8","NNW",,2,,4,,7,
"249180010","PSZCZYNA                      ","2025","04","05","18",2.9,,,"8",,"N",,"8","NNW",,1,,6,,7,
"249180010","PSZCZYNA                      ","2025","04","06","06",0.4,,,"8",,"N",,"8","NNW",,2,,6,,7,
"249180010","PSZCZYNA                      ","2025","04","06","12",3.2,,,"8",,"N",,"8","NW ",,2,,4,,7,
"249180010","PSZCZYNA                      ","2025","04","06","18",1.2,,,"8",,"N",,"8","NNW",,1,,8,,7,
"249180010","PSZCZYNA                      ","2025","04","07","06",0.5,,,"8",,"N",,"8","NW ",,2,,3,,7,
"249180010","PSZCZYNA                      ","2025","04","07","12",5.5,,,"8","W","N",,"8","NW ",,3,,7,,8,
"249180010","PSZCZYNA                      ","2025","04","07","18",4.0,,,"8",,"N",,"8","WNW",,2,,8,,7,
"249180010","PSZCZYNA                      ","2025","04","08","06",4.3,,,"8",,"N",,"8","NW ",,2,,2,,6,
"249180010","PSZCZYNA                      ","2025","04","08","12",8.2,,,"8","W","N",,"8","NNW",,2,,5,,8,
"249180010","PSZCZYNA                      ","2025","04","08","18",5.0,,,"8",,"N",,"8","NW ",,1,,1,,8,
"249180010","PSZCZYNA                      ","2025","04","09","06",0.9,,,"8",,"N",,"8","WNW",,2,,0,,6,
"249180010","PSZCZYNA                      ","2025","04","09","12",11.2,,,"8","W","N",,"8","W  ",,2,,4,,8,
"249180010","PSZCZYNA                      ","2025","04","09","18",4.2,,,"8",,"N",,"8","WNW",,2,,4,,8,
"249180010","PSZCZYNA                      ","2025","04","10","06",3.3,,,"8",,"N",,"8","N  ",,2,,2,,8,
"249180010","PSZCZYNA                      ","2025","04","10","12",9.8,,,"8","W","N",,"8","NNW",,3,,2,,8,
"249180010","PSZCZYNA                      ","2025","04","10","18",4.5,,,"8",,"N",,"8","C  ",,0,,1,,8,
"249180010","PSZCZYNA                      ","2025","04","11","06",7.4,,,"8","W","N",,"8","SW ",,4,,7,,7,
"249180010","PSZCZYNA                      ","2025","04","11","12",6.5,,,"8","W","N",,"8","WNW",,3,,8,,6,
"249180010","PSZCZYNA                      ","2025","04","11","18",7.8,,,"8","W","N",,"8","C  ",,0,,8,,5,
"249180010","PSZCZYNA                      ","2025","04","12","06",7.1,,,"8","W","N",,"8","C  ",,0,,6,,6,
"249180010","PSZCZYNA                      ","2025","04","12","12",14.9,,,"8","W","N",,"8","SSE",,2,,2,,7,
"249180010","PSZCZYNA                      ","2025","04","12","18",11.8,,,"8","W","N",,"8","C  ",,0,,1,,7,
"249180010","PSZCZYNA                      ","2025","04","13","06",8.0,,,"8","W","N",,"8","ENE",,1,,0,,6,
"249180010","PSZCZYNA                      ","2025","04","13","12",19.7,,,"8","W","N",,"8","SSW",,3,,0,,8,
"249180010","PSZCZYNA                      ","2025","04","13","18",15.4,,,"8","W","N",,"8","C  ",,0,,6,,7,
"249180010","PSZCZYNA                      ","2025","04","14","06",15.1,,,"8","W","N",,"8","C  ",,0,,0,,8,
"249180010","PSZCZYNA                      ","2025","04","14","12",21.9,,,"8","W","N",,"8","SW ",,2,,4,,8,
"249180010","PSZCZYNA                      ","2025","04","14","18",16.8,,,"8","W","N",,"8","SSW",,2,,4,,8,
"249180010","PSZCZYNA                      ","2025","04","15","06",12.0,,,"8","W","N",,"8","E  ",,1,,8,,5,
"249180010","PSZCZYNA                      ","2025","04","15","12",16.4,,,"8","W","N",,"8","SE ",,2,,8,,7,
"249180010","PSZCZYNA                      ","2025","04","15","18",14.1,,,"8","W","N",,"8","C  ",,0,,8,,5,
"249180010","PSZCZYNA                      ","2025","04","16","06",13.1,,,"8","W","N",,"8","SSW",,2,,2,,8,
"249180010","PSZCZYNA                      ","2025","04","16","12",24.5,,,"8","W","N",,"8","SW ",,4,,1,,8,
"249180010","PSZCZYNA                      ","2025","04","16","18",20.3,,,"8","W","N",,"8","SSW",,2,,2,,8,
"249180010","PSZCZYNA                      ","2025","04","17","06",12.7,,,"8","W","N",,"8","SE ",,2,,2,,8,
"249180010","PSZCZYNA                      ","2025","04","17","12",26.6,,,"8","W","N",,"8","SSW",,4,,1,,8,
"249180010","PSZCZYNA                      ","2025","04","17","18",21.5,,,"8","W","N",,"8","SE ",,1,,8,,8,
"249180010","PSZCZYNA                      ","2025","04","18","06",12.5,,,"8","W","N",,"8","C  ",,0,,3,,4,
"249180010","PSZCZYNA                      ","2025","04","18","12",16.6,,,"8","W","N",,"8","ENE",,2,,4,,5,
"249180010","PSZCZYNA                      ","2025","04","18","18",13.0,,,"8","W","N",,"8","SSW",,2,,8,,6,
"249180010","PSZCZYNA                      ","2025","04","19","06",10.8,,,"8","W","N",,"8","WSW",,2,,4,,6,
"249180010","PSZCZYNA                      ","2025","04","19","12",18.1,,,"8","W","N",,"8","SW ",,2,,1,,7,
"249180010","PSZCZYNA                      ","2025","04","19","18",15.4,,,"8","W","N",,"8","SSW",,2,,4,,7,
"249180010","PSZCZYNA                      ","2025","04","20","06",14.7,,,"8","W","N",,"8","ENE",,1,,2,,7,
"249180010","PSZCZYNA                      ","2025","04","20","12",22.0,,,"8","W","N",,"8","WSW",,4,,1,,8,
"249180010","PSZCZYNA                      ","2025","04","20","18",17.9,,,"8","W","N",,"8","SSW",,2,,4,,8,
"249180010","PSZCZYNA                      ","2025","04","21","06",15.2,,,"8","W","N",,"8","C  ",,0,,2,,6,
"249180010","PSZCZYNA                      ","2025","04","21","12",21.9,,,"8","W","N",,"8","WSW",,2,,0,,7,
"249180010","PSZCZYNA                      ","2025","04","21","18",17.0,,,"8","W","N",,"8","C  ",,0,,4,,7,
"249180010","PSZCZYNA                      ","2025","04","22","06",15.0,,,"8","W","N",,"8","W  ",,2,,2,,6,
"249180010","PSZCZYNA                      ","2025","04","22","12",21.7,,,"8","W","N",,"8","NW ",,3,,1,,8,
"249180010","PSZCZYNA                      ","2025","04","22","18",17.2,,,"8","W","N",,"8","C  ",,0,,8,,7,
"249180010","PSZCZYNA                      ","2025","04","23","06",13.1,,,"8","W","N",,"8","C  ",,0,,1,,6,
"249180010","PSZCZYNA                      ","2025","04","23","12",22.3,,,"8","W","N",,"8","E  ",,2,,1,,8,
"249180010","PSZCZYNA                      ","2025","04","23","18",16.4,,,"8","W","N",,"8","C  ",,0,,2,,8,
"249180010","PSZCZYNA                      ","2025","04","24","06",14.1,,,"8","W","N",,"8","E  ",,1,,3,,6,
"249180010","PSZCZYNA                      ","2025","04","24","12",22.9,,,"8","W","N",,"8","ESE",,2,,3,,7,
"249180010","PSZCZYNA                      ","2025","04","24","18",13.7,,,"8","W","N",,"8","C  ",,0,,8,,4,
"249180010","PSZCZYNA                      ","2025","04","25","06",12.1,,,"8","W","N",,"8","NNE",,1,,8,,4,
"249180010","PSZCZYNA                      ","2025","04","25","12",12.1,,,"8","W","N",,"8","NNE",,2,,8,,4,
"249180010","PSZCZYNA                      ","2025","04","25","18",12.0,,,"8","W","N",,"8","NNE",,3,,4,,5,
"249180010","PSZCZYNA                      ","2025","04","26","06",5.9,,,"8","W","N",,"8","NE ",,2,,1,,6,
"249180010","PSZCZYNA                      ","2025","04","26","12",15.0,,,"8","W","N",,"8","NE ",,3,,1,,8,
"249180010","PSZCZYNA                      ","2025","04","26","18",7.9,,,"8","W","N",,"8","NNE",,2,,1,,8,
"249180010","PSZCZYNA                      ","2025","04","27","06",6.0,,,"8","W","N",,"8","ENE",,2,,1,,8,
"249180010","PSZCZYNA                      ","2025","04","27","12",14.6,,,"8","W","N",,"8","ESE",,3,,2,,8,
"249180010","PSZCZYNA                      ","2025","04","27","18",10.3,,,"8","W","N",,"8","NNE",,1,,0,,8,
"249180010","PSZCZYNA                      ","2025","04","28","06",6.7,,,"8","W","N",,"8","E  ",,1,,0,,8,
"249180010","PSZCZYNA                      ","2025","04","28","12",19.7,,,"8","W","N",,"8","NW ",,1,,0,,8,
"249180010","PSZCZYNA                      ","2025","04","28","18",18.1,,,"8","W","N",,"8","C  ",,0,,1,,8,
"249180010","PSZCZYNA                      ","2025","04","29","06",9.2,,,"8","W","N",,"8","SW ",,1,,1,,8,
"249180010","PSZCZYNA                      ","2025","04","29","12",20.8,,,"8","W","N",,"8","WNW",,3,,2,,8,
"249180010","PSZCZYNA                      ","2025","04","29","18",15.9,,,"8","W","N",,"8","C  ",,0,,1,,8,
"249180010","PSZCZYNA                      ","2025","04","30","06",13.1,,,"8","W","N",,"8","SW ",,2,,1,,8,
"249180010","PSZCZYNA                      ","2025","04","30","12",20.3,,,"8","W","N",,"8","W  ",,2,,4,,8,
"249180010","PSZCZYNA                      ","2025","04","30","18",15.1,,,"8","W","N",,"8","WNW",,1,,4,,8,
"249190560","JAB£ONKA                      ","2025","04","01","06",3.8,,,"8",,"N",,"8","NE ",,2,,8,,5,
"249190560","JAB£ONKA                      ","2025","04","01","12",4.5,,,"8",,"N",,"8","NE ",,2,,8,,7,
"249190560","JAB£ONKA                      ","2025","04","01","18",4.8,,,"8",,"N",,"8","NE ",,1,,8,,5,
"249190560","JAB£ONKA                      ","2025","04","02","06",5.8,,,"8","W","N",,"8","NNE",,1,,8,,5,
"249190560","JAB£ONKA                      ","2025","04","02","12",10.1,,,"8","W","N",,"8","NE ",,4,,4,,8,
"249190560","JAB£ONKA                      ","2025","04","02","18",8.9,,,"8","W","N",,"8","NNE",,2,,1,,8,
"249190560","JAB£ONKA                      ","2025","04","03","06",-2.8,,,"8",,"N",,"8","C  ",,0,,0,,8,
"249190560","JAB£ONKA                      ","2025","04","03","12",13.4,,,"8","W","N",,"8","NE ",,4,,1,,8,
"249190560","JAB£ONKA                      ","2025","04","03","18",7.9,,,"8","W","N",,"8","C  ",,0,,0,,8,
"249190560","JAB£ONKA                      ","2025","04","04","06",-2.8,,,"8",,"N",,"8","C  ",,0,,1,,8,
"249190560","JAB£ONKA                      ","2025","04","04","12",16.3,,,"8","W","N",,"8","NNE",,2,,1,,8,
"249190560","JAB£ONKA                      ","2025","04","04","18",8.8,,,"8","W","N",,"8","C  ",,0,,1,,8,
"249190560","JAB£ONKA                      ","2025","04","05","06",1.0,,,"8",,"N",,"8","C  ",,0,,6,,7,
"249190560","JAB£ONKA                      ","2025","04","05","12",7.0,,,"8","W","N",,"8","NNE",,3,,6,,7,
"249190560","JAB£ONKA                      ","2025","04","05","18",-0.2,,,"8",,"N",,"8","N  ",,2,,8,,7,
"249190560","JAB£ONKA                      ","2025","04","06","06",-3.8,,,"8",,"N",,"8","NW ",,2,,8,,5,
"249190560","JAB£ONKA                      ","2025","04","06","12",-1.4,,,"8",,"N",,"8","NNW",,3,,8,,7,
"249190560","JAB£ONKA                      ","2025","04","06","18",-3.4,,,"8",,"N",,"8","WSW",,1,,8,,7,
"249190560","JAB£ONKA                      ","2025","04","07","06",-3.1,,,"8",,"N",,"8","NNE",,2,,6,,7,
"249190560","JAB£ONKA                      ","2025","04","07","12",-0.2,,,"8",,"N",,"8","NNW",,7,,8,,5,
"249190560","JAB£ONKA                      ","2025","04","07","18",0.0,,,"8",,"N",,"8","C  ",,0,,6,,7,
"249190560","JAB£ONKA                      ","2025","04","08","06",1.0,,,"8",,"N",,"8","C  ",,0,,6,,7,
"249190560","JAB£ONKA                      ","2025","04","08","12",5.2,,,"8","W","N",,"8","NW ",,3,,6,,7,
"249190560","JAB£ONKA                      ","2025","04","08","18",2.7,,,"8",,"N",,"8","NNW",,1,,6,,7,
"249190560","JAB£ONKA                      ","2025","04","09","06",-1.1,,,"8",,"N",,"8","C  ",,0,,1,,8,
"249190560","JAB£ONKA                      ","2025","04","09","12",8.4,,,"8","W","N",,"8","NNW",,2,,2,,8,
"249190560","JAB£ONKA                      ","2025","04","09","18",5.8,,,"8","W","N",,"8","W  ",,1,,8,,7,
"249190560","JAB£ONKA                      ","2025","04","10","06",-0.6,,,"8",,"N",,"8","NNE",,4,,7,,7,
"249190560","JAB£ONKA                      ","2025","04","10","12",2.4,,,"8",,"N",,"8","NW ",,4,,6,,7,
"249190560","JAB£ONKA                      ","2025","04","10","18",0.6,,,"8",,"N",,"8","C  ",,0,,4,,7,
"249190560","JAB£ONKA                      ","2025","04","11","06",4.4,,,"8",,"N",,"8","WSW",,3,,7,,7,
"249190560","JAB£ONKA                      ","2025","04","11","12",7.2,,,"8","W","N",,"8","WNW",,5,,7,,7,
"249190560","JAB£ONKA                      ","2025","04","11","18",3.2,,,"8",,"N",,"8","SSE",,1,,8,,5,
"249190560","JAB£ONKA                      ","2025","04","12","06",4.1,,,"8",,"N",,"8","C  ",,0,,8,,5,
"249190560","JAB£ONKA                      ","2025","04","12","12",12.3,,,"8","W","N",,"8","W  ",,2,,4,,8,
"249190560","JAB£ONKA                      ","2025","04","12","18",8.5,,,"8","W","N",,"8","NNE",,1,,1,,8,
"249190560","JAB£ONKA                      ","2025","04","13","06",2.3,,,"8",,"N",,"8","C  ",,0,,1,,8,
"249190560","JAB£ONKA                      ","2025","04","13","12",18.5,,,"8","W","N",,"8","WSW",,2,,2,,8,
"249190560","JAB£ONKA                      ","2025","04","13","18",12.3,,,"8","W","N",,"8","C  ",,0,,8,,7,
"249190560","JAB£ONKA                      ","2025","04","14","06",8.4,,,"8","W","N",,"8","ENE",,1,,6,,7,
"249190560","JAB£ONKA                      ","2025","04","14","12",16.4,,,"8","W","N",,"8","W  ",,3,,4,,8,
"249190560","JAB£ONKA                      ","2025","04","14","18",12.3,,,"8","W","N",,"8","SW ",,1,,8,,7,
"249190560","JAB£ONKA                      ","2025","04","15","06",9.0,,,"8","W","N",,"8","E  ",,1,,8,,5,
"249190560","JAB£ONKA                      ","2025","04","15","12",13.4,,,"8","W","N",,"8","NNW",,1,,8,,7,
"249190560","JAB£ONKA                      ","2025","04","15","18",12.9,,,"8","W","N",,"8","SW ",,2,,8,,7,
"249190560","JAB£ONKA                      ","2025","04","16","06",14.3,,,"8","W","N",,"8","WSW",,2,,5,,8,
"249190560","JAB£ONKA                      ","2025","04","16","12",21.9,,,"8","W","N",,"8","WSW",,3,,1,,8,
"249190560","JAB£ONKA                      ","2025","04","16","18",15.9,,,"8","W","N",,"8","SE ",,1,,1,,8,
"249190560","JAB£ONKA                      ","2025","04","17","06",8.3,,,"8","W","N",,"8","E  ",,1,,4,,8,
"249190560","JAB£ONKA                      ","2025","04","17","12",24.0,,,"8","W","N",,"8","WSW",,3,,4,,8,
"249190560","JAB£ONKA                      ","2025","04","17","18",19.7,,,"8","W","N",,"8","SSE",,1,,8,,7,
"249190560","JAB£ONKA                      ","2025","04","18","06",13.2,,,"8","W","N",,"8","C  ",,0,,7,,7,
"249190560","JAB£ONKA                      ","2025","04","18","12",15.0,,,"8","W","N",,"8","C  ",,0,,8,,7,
"249190560","JAB£ONKA                      ","2025","04","18","18",11.5,,,"8","W","N",,"8","WNW",,1,,7,,7,
"249190560","JAB£ONKA                      ","2025","04","19","06",6.8,,,"8","W","N",,"8","WSW",,1,,1,,8,
"249190560","JAB£ONKA                      ","2025","04","19","12",16.5,,,"8","W","N",,"8","W  ",,2,,2,,8,
"249190560","JAB£ONKA                      ","2025","04","19","18",11.8,,,"8","W","N",,"8","WNW",,1,,1,,8,
"249190560","JAB£ONKA                      ","2025","04","20","06",6.3,,,"8","W","N",,"8","ENE",,1,,0,,8,
"249190560","JAB£ONKA                      ","2025","04","20","12",21.3,,,"8","W","N",,"8","SSW",,2,,3,,8,
"249190560","JAB£ONKA                      ","2025","04","20","18",13.8,,,"8","W","N",,"8","C  ",,0,,1,,8,
"249190560","JAB£ONKA                      ","2025","04","21","06",6.8,,,"8","W","N",,"8","C  ",,0,,3,,8,
"249190560","JAB£ONKA                      ","2025","04","21","12",21.1,,,"8","W","N",,"8","ENE",,2,,1,,8,
"249190560","JAB£ONKA                      ","2025","04","21","18",16.8,,,"8","W","N",,"8","NNW",,1,,6,,8,
"249190560","JAB£ONKA                      ","2025","04","22","06",9.9,,,"8","W","N",,"8","SE ",,1,,2,,8,
"249190560","JAB£ONKA                      ","2025","04","22","12",17.9,,,"8","W","N",,"8","N  ",,3,,7,,7,
"249190560","JAB£ONKA                      ","2025","04","22","18",12.9,,,"8","W","N",,"8","NW ",,1,,8,,7,
"249190560","JAB£ONKA                      ","2025","04","23","06",7.2,,,"8","W","N",,"8","C  ",,0,,7,,5,
"249190560","JAB£ONKA                      ","2025","04","23","12",20.4,,,"8","W","N",,"8","ENE",,1,,4,,8,
"249190560","JAB£ONKA                      ","2025","04","23","18",14.6,,,"8","W","N",,"8","E  ",,1,,6,,8,
"249190560","JAB£ONKA                      ","2025","04","24","06",6.4,,,"8","W","N",,"8","C  ",,0,,7,,5,
"249190560","JAB£ONKA                      ","2025","04","24","12",15.4,,,"8","W","N",,"8","SW ",,1,,8,,7,
"249190560","JAB£ONKA                      ","2025","04","24","18",13.6,,,"8","W","N",,"8","NE ",,1,,8,,5,
"249190560","JAB£ONKA                      ","2025","04","25","06",11.3,,,"8","W","N",,"8","ENE",,1,,8,,5,
"249190560","JAB£ONKA                      ","2025","04","25","12",12.5,,,"8","W","N",,"8","NNE",,2,,8,,5,
"249190560","JAB£ONKA                      ","2025","04","25","18",10.1,,,"8","W","N",,"8","NE ",,3,,8,,5,
"249190560","JAB£ONKA                      ","2025","04","26","06",7.5,,,"8","W","N",,"8","NNE",,3,,3,,8,
"249190560","JAB£ONKA                      ","2025","04","26","12",11.7,,,"8","W","N",,"8","NNE",,4,,2,,8,
"249190560","JAB£ONKA                      ","2025","04","26","18",7.9,,,"8","W","N",,"8","NE ",,2,,2,,8,
"249190560","JAB£ONKA                      ","2025","04","27","06",2.8,,,"8",,"N",,"8","NE ",,2,,1,,8,
"249190560","JAB£ONKA                      ","2025","04","27","12",13.1,,,"8","W","N",,"8","NE ",,2,,1,,8,
"249190560","JAB£ONKA                      ","2025","04","27","18",8.9,,,"8","W","N",,"8","E  ",,1,,1,,8,
"249190560","JAB£ONKA                      ","2025","04","28","06",2.2,,,"8",,"N",,"8","C  ",,0,,1,,8,
"249190560","JAB£ONKA                      ","2025","04","28","12",19.1,,,"8","W","N",,"8","WSW",,1,,2,,8,
"249190560","JAB£ONKA                      ","2025","04","28","18",14.5,,,"8","W","N",,"8","N  ",,1,,1,,8,
"249190560","JAB£ONKA                      ","2025","04","29","06",5.0,,,"8",,"N",,"8","WNW",,1,,0,,8,
"249190560","JAB£ONKA                      ","2025","04","29","12",20.1,,,"8","W","N",,"8","W  ",,2,,1,,8,
"249190560","JAB£ONKA                      ","2025","04","29","18",15.2,,,"8","W","N",,"8","C  ",,0,,2,,8,
"249190560","JAB£ONKA                      ","2025","04","30","06",7.5,,,"8","W","N",,"8","WSW",,1,,4,,8,
"249190560","JAB£ONKA                      ","2025","04","30","12",18.7,,,"8","W","N",,"8","NNW",,2,,2,,8,
"249190560","JAB£ONKA                      ","2025","04","30","18",14.7,,,"8","W","N",,"8","C  ",,0,,2,,8,
"249190670","POLANA CHOCHO£OWSKA           ","2025","04","01","06",1.0,,,"8",,"N",,"8","NE ",,1,,8,,3,
"249190670","POLANA CHOCHO£OWSKA           ","2025","04","01","12",2.6,,,"8",,"N",,"8","NNE",,1,,8,,2,
"249190670","POLANA CHOCHO£OWSKA           ","2025","04","01","18",2.6,,,"8",,"N",,"8","NNE",,2,,8,,3,
"249190670","POLANA CHOCHO£OWSKA           ","2025","04","02","06",2.4,,,"8",,"N",,"8","NNE",,5,,8,,3,
"249190670","POLANA CHOCHO£OWSKA           ","2025","04","02","12",3.4,,,"8",,"N",,"8","NNE",,3,,8,,3,
"249190670","POLANA CHOCHO£OWSKA           ","2025","04","02","18",2.6,,,"8",,"N",,"8","C  ",,0,,7,,4,
"249190670","POLANA CHOCHO£OWSKA           ","2025","04","03","06",4.9,,,"8",,"N",,"8","NNE",,2,,0,,5,
"249190670","POLANA CHOCHO£OWSKA           ","2025","04","03","12",9.2,,,"8","W","N",,"8","NNE",,3,,1,,5,
"249190670","POLANA CHOCHO£OWSKA           ","2025","04","03","18",2.9,,,"8",,"N",,"8","C  ",,0,,3,,5,
"249190670","POLANA CHOCHO£OWSKA           ","2025","04","04","06",2.9,,,"8",,"N",,"8","NE ",,1,,2,,5,
"249190670","POLANA CHOCHO£OWSKA           ","2025","04","04","12",11.4,,,"8","W","N",,"8","NNE",,2,,5,,5,
"249190670","POLANA CHOCHO£OWSKA           ","2025","04","04","18",4.3,,,"8",,"N",,"8","ENE",,1,,3,,5,
"249190670","POLANA CHOCHO£OWSKA           ","2025","04","05","06",6.4,,,"8","W","N",,"8","C  ",,0,,7,,4,
"249190670","POLANA CHOCHO£OWSKA           ","2025","04","05","12",3.3,,,"8",,"N",,"8","NE ",,2,,8,,3,
"249190670","POLANA CHOCHO£OWSKA           ","2025","04","05","18",-3.7,,,"8",,"N",,"8","NE ",,3,,8,,3,
"249190670","POLANA CHOCHO£OWSKA           ","2025","04","06","06",-7.4,,,"8",,"N",,"8","C  ",,0,,8,,3,
"249190670","POLANA CHOCHO£OWSKA           ","2025","04","06","12",-7.4,,,"8",,"N",,"8","E  ",,1,,8,,3,
"249190670","POLANA CHOCHO£OWSKA           ","2025","04","06","18",-7.4,,,"8",,"N",,"8","C  ",,0,,8,,3,
"249190670","POLANA CHOCHO£OWSKA           ","2025","04","07","06",-8.2,,,"8",,"N",,"8","NE ",,3,,8,,3,
"249190670","POLANA CHOCHO£OWSKA           ","2025","04","07","12",-4.5,,,"8",,"N",,"8","E  ",,1,,8,,3,
"249190670","POLANA CHOCHO£OWSKA           ","2025","04","07","18",-4.1,,,"8",,"N",,"8","C  ",,0,,8,,3,
"249190670","POLANA CHOCHO£OWSKA           ","2025","04","08","06",-2.2,,,"8",,"N",,"8","ENE",,2,,8,,3,
"249190670","POLANA CHOCHO£OWSKA           ","2025","04","08","12",-0.5,,,"8",,"N",,"8","ESE",,2,,8,,5,
"249190670","POLANA CHOCHO£OWSKA           ","2025","04","08","18",-3.0,,,"8",,"N",,"8","C  ",,0,,5,,5,
"249190670","POLANA CHOCHO£OWSKA           ","2025","04","09","06",-1.4,,,"8",,"N",,"8","C  ",,0,,3,,5,
"249190670","POLANA CHOCHO£OWSKA           ","2025","04","09","12",3.3,,,"8",,"N",,"8","ENE",,1,,5,,5,
"249190670","POLANA CHOCHO£OWSKA           ","2025","04","09","18",-0.9,,,"8",,"N",,"8","C  ",,0,,6,,5,
"249190670","POLANA CHOCHO£OWSKA           ","2025","04","10","06",-4.7,,,"8",,"N",,"8","ESE",,1,,8,,4,
"249190670","POLANA CHOCHO£OWSKA           ","2025","04","10","12",-3.9,,,"8",,"N",,"8","NNE",,5,,6,,5,
"249190670","POLANA CHOCHO£OWSKA           ","2025","04","10","18",-4.5,,,"8",,"N",,"8","C  ",,0,,5,,5,
"249190670","POLANA CHOCHO£OWSKA           ","2025","04","11","06",2.8,,,"8",,"N",,"8","C  ",,0,,6,,4,
"249190670","POLANA CHOCHO£OWSKA           ","2025","04","11","12",1.4,,,"8",,"N",,"8","ENE",,1,,8,,4,
"249190670","POLANA CHOCHO£OWSKA           ","2025","04","11","18",0.7,,,"8",,"N",,"8","C  ",,0,,8,,3,
"249190670","POLANA CHOCHO£OWSKA           ","2025","04","12","06",2.0,,,"8",,"N",,"8","C  ",,0,,6,,4,
"249190670","POLANA CHOCHO£OWSKA           ","2025","04","12","12",9.0,,,"8","W","N",,"8","ENE",,1,,4,,5,
"249190670","POLANA CHOCHO£OWSKA           ","2025","04","12","18",2.8,,,"8",,"N",,"8","C  ",,0,,4,,5,
"249190670","POLANA CHOCHO£OWSKA           ","2025","04","13","06",7.1,,,"8","W","N",,"8","ENE",,3,,1,,5,
"249190670","POLANA CHOCHO£OWSKA           ","2025","04","13","12",12.2,,,"8","W","N",,"8","ENE",,3,,5,,5,
"249190670","POLANA CHOCHO£OWSKA           ","2025","04","13","18",8.7,,,"8","W","N",,"8","ENE",,3,,8,,5,
"249190670","POLANA CHOCHO£OWSKA           ","2025","04","14","06",8.7,,,"8","W","N",,"8","ENE",,4,,8,,5,
"249190670","POLANA CHOCHO£OWSKA           ","2025","04","14","12",9.6,,,"8","W","N",,"8","ENE",,2,,6,,4,
"249190670","POLANA CHOCHO£OWSKA           ","2025","04","14","18",7.7,,,"8","W","N",,"8","ENE",,3,,8,,4,
"249190670","POLANA CHOCHO£OWSKA           ","2025","04","15","06",7.9,,,"8","W","N",,"8","E  ",,2,,8,,3,
"249190670","POLANA CHOCHO£OWSKA           ","2025","04","15","12",9.5,,,"8","W","N",,"8","ENE",,3,,7,,5,
"249190670","POLANA CHOCHO£OWSKA           ","2025","04","15","18",8.7,,,"8","W","N",,"8","ENE",,3,,8,,3,
"249190670","POLANA CHOCHO£OWSKA           ","2025","04","16","06",12.6,,,"8","W","N",,"8","ENE",,3,,2,,5,
"249190670","POLANA CHOCHO£OWSKA           ","2025","04","16","12",16.1,,,"8","W","N",,"8","ENE",,3,,2,,5,
"249190670","POLANA CHOCHO£OWSKA           ","2025","04","16","18",13.1,,,"8","W","N",,"8","ENE",,5,,1,,5,
"249190670","POLANA CHOCHO£OWSKA           ","2025","04","17","06",14.3,,,"8","W","N",,"8","NE ",,3,,5,,5,
"249190670","POLANA CHOCHO£OWSKA           ","2025","04","17","12",18.2,,,"8","W","N",,"8","ENE",,5,,6,,5,
"249190670","POLANA CHOCHO£OWSKA           ","2025","04","17","18",14.6,,,"8","W","N",,"8","ENE",,1,,4,,5,
"249190670","POLANA CHOCHO£OWSKA           ","2025","04","18","06",14.0,,,"8","W","N",,"8","NNE",,2,,8,,5,
"249190670","POLANA CHOCHO£OWSKA           ","2025","04","18","12",11.3,,,"8","W","N",,"8","C  ",,0,,8,,5,
"249190670","POLANA CHOCHO£OWSKA           ","2025","04","18","18",8.9,,,"8","W","N",,"8","NNE",,2,,5,,5,
"249190670","POLANA CHOCHO£OWSKA           ","2025","04","19","06",6.4,,,"8","W","N",,"8","C  ",,0,,0,,5,
"249190670","POLANA CHOCHO£OWSKA           ","2025","04","19","12",13.6,,,"8","W","N",,"8","ENE",,1,,5,,5,
"249190670","POLANA CHOCHO£OWSKA           ","2025","04","19","18",9.2,,,"8","W","N",,"8","ENE",,2,,4,,5,
"249190670","POLANA CHOCHO£OWSKA           ","2025","04","20","06",9.6,,,"8","W","N",,"8","ENE",,3,,1,,5,
"249190670","POLANA CHOCHO£OWSKA           ","2025","04","20","12",13.7,,,"8","W","N",,"8","ENE",,3,,4,,5,
"249190670","POLANA CHOCHO£OWSKA           ","2025","04","20","18",10.6,,,"8","W","N",,"8","NNE",,1,,4,,5,
"249190670","POLANA CHOCHO£OWSKA           ","2025","04","21","06",11.6,,,"8","W","N",,"8","C  ",,0,,2,,5,
"249190670","POLANA CHOCHO£OWSKA           ","2025","04","21","12",15.7,,,"8","W","N",,"8","NNE",,1,,6,,5,
"249190670","POLANA CHOCHO£OWSKA           ","2025","04","21","18",11.8,,,"8","W","N",,"8","C  ",,0,,6,,5,
"249190670","POLANA CHOCHO£OWSKA           ","2025","04","22","06",11.0,,,"8","W","N",,"8","C  ",,0,,1,,5,
"249190670","POLANA CHOCHO£OWSKA           ","2025","04","22","12",12.2,,,"8","W","N",,"8","C  ",,0,,8,,5,
"249190670","POLANA CHOCHO£OWSKA           ","2025","04","22","18",7.9,,,"8","W","N",,"8","C  ",,0,,8,,3,
"249190670","POLANA CHOCHO£OWSKA           ","2025","04","23","06",7.1,,,"8","W","N",,"8","C  ",,0,,0,,5,
"249190670","POLANA CHOCHO£OWSKA           ","2025","04","23","12",13.0,,,"8","W","N",,"8","ENE",,1,,8,,5,
"249190670","POLANA CHOCHO£OWSKA           ","2025","04","23","18",7.7,,,"8","W","N",,"8","ENE",,1,,8,,5,
"249190670","POLANA CHOCHO£OWSKA           ","2025","04","24","06",9.2,,,"8","W","N",,"8","C  ",,0,,5,,5,
"249190670","POLANA CHOCHO£OWSKA           ","2025","04","24","12",10.4,,,"8","W","N",,"8","C  ",,0,,8,,3,
"249190670","POLANA CHOCHO£OWSKA           ","2025","04","24","18",8.9,,,"8","W","N",,"8","C  ",,0,,8,,5,
"249190670","POLANA CHOCHO£OWSKA           ","2025","04","25","06",8.3,,,"8","W","N",,"8","C  ",,0,,8,,3,
"249190670","POLANA CHOCHO£OWSKA           ","2025","04","25","12",9.4,,,"8","W","N",,"8","C  ",,0,,8,,3,
"249190670","POLANA CHOCHO£OWSKA           ","2025","04","25","18",7.6,,,"8","W","N",,"8","NNE",,3,,8,,3,
"249190670","POLANA CHOCHO£OWSKA           ","2025","04","26","06",5.2,,,"8","W","N",,"8","NNE",,2,,2,,5,
"249190670","POLANA CHOCHO£OWSKA           ","2025","04","26","12",8.5,,,"8","W","N",,"8","NNE",,3,,1,,5,
"249190670","POLANA CHOCHO£OWSKA           ","2025","04","26","18",2.4,,,"8",,"N",,"8","C  ",,0,,3,,5,
"249190670","POLANA CHOCHO£OWSKA           ","2025","04","27","06",2.0,,,"8",,"N",,"8","C  ",,0,,0,,5,
"249190670","POLANA CHOCHO£OWSKA           ","2025","04","27","12",9.8,,,"8","W","N",,"8","NNE",,4,,0,,5,
"249190670","POLANA CHOCHO£OWSKA           ","2025","04","27","18",3.9,,,"8",,"N",,"8","C  ",,0,,0,,5,
"249190670","POLANA CHOCHO£OWSKA           ","2025","04","28","06",6.6,,,"8","W","N",,"8","C  ",,0,,0,,5,
"249190670","POLANA CHOCHO£OWSKA           ","2025","04","28","12",14.4,,,"8","W","N",,"8","NNE",,2,,1,,5,
"249190670","POLANA CHOCHO£OWSKA           ","2025","04","28","18",7.7,,,"8","W","N",,"8","C  ",,0,,0,,5,
"249190670","POLANA CHOCHO£OWSKA           ","2025","04","29","06",8.1,,,"8","W","N",,"8","C  ",,0,,0,,5,
"249190670","POLANA CHOCHO£OWSKA           ","2025","04","29","12",16.0,,,"8","W","N",,"8","NNE",,2,,1,,5,
"249190670","POLANA CHOCHO£OWSKA           ","2025","04","29","18",10.8,,,"8","W","N",,"8","C  ",,0,,2,,5,
"249190670","POLANA CHOCHO£OWSKA           ","2025","04","30","06",9.2,,,"8","W","N",,"8","C  ",,0,,1,,5,
"249190670","POLANA CHOCHO£OWSKA           ","2025","04","30","12",15.7,,,"8","W","N",,"8","NNE",,2,,3,,5,
"249190670","POLANA CHOCHO£OWSKA           ","2025","04","30","18",8.9,,,"8","W","N",,"8","C  ",,0,,3,,5,
"249190890","RADZIECHOWY                   ","2025","04","01","06",5.1,,4.4,,"W","N",89,,"NNE",,3,,8,,5,
"249190890","RADZIECHOWY                   ","2025","04","01","12",5.1,,4.8,,"W","N",95,,"N  ",,2,,8,,4,
"249190890","RADZIECHOWY                   ","2025","04","01","18",6.0,,5.3,,"W","N",89,,"N  ",,2,,8,,5,
"249190890","RADZIECHOWY                   ","2025","04","02","06",7.2,,6.4,,"W","N",88,,"NNW",,3,,8,,5,
"249190890","RADZIECHOWY                   ","2025","04","02","12",11.6,,8.8,,"W","N",67,,"NNW",,4,,7,,7,
"249190890","RADZIECHOWY                   ","2025","04","02","18",9.6,,6.0,,"W","N",54,,"NNW",,2,,4,,7,
"249190890","RADZIECHOWY                   ","2025","04","03","06",2.1,,0.8,,"W","N",77,,"C  ",,0,,0,,6,
"249190890","RADZIECHOWY                   ","2025","04","03","12",16.4,,10.1,,"W","N",39,,"N  ",,5,,1,,8,
"249190890","RADZIECHOWY                   ","2025","04","03","18",10.2,,6.5,,"W","N",54,,"WNW",,1,,0,,7,
"249190890","RADZIECHOWY                   ","2025","04","04","06",4.3,,3.4,,"W","N",85,,"SE ",,1,,0,,6,
"249190890","RADZIECHOWY                   ","2025","04","04","12",18.7,,12.0,,"W","N",40,,"N  ",,3,,2,,8,
"249190890","RADZIECHOWY                   ","2025","04","04","18",11.6,,8.0,,"W","N",58,,"ESE",,1,,0,,8,
"249190890","RADZIECHOWY                   ","2025","04","05","06",5.3,,4.6,,"W","N",89,,"NNW",,1,,7,,6,
"249190890","RADZIECHOWY                   ","2025","04","05","12",8.2,,5.7,,"W","N",66,,"NNW",,5,,6,,7,
"249190890","RADZIECHOWY                   ","2025","04","05","18",2.3,,0.0,,"W","N",59,,"NNW",,6,,7,,7,
"249190890","RADZIECHOWY                   ","2025","04","06","06",-2.0,,-2.0,,"L","N",98,,"NNW",,7,,8,,4,
"249190890","RADZIECHOWY                   ","2025","04","06","12",0.2,,-1.5,,"L","N",68,,"NW ",,6,,8,,7,
"249190890","RADZIECHOWY                   ","2025","04","06","18",0.4,,-1.3,,"L","N",68,,"NNW",,4,,8,,7,
"249190890","RADZIECHOWY                   ","2025","04","07","06",-1.0,,-2.5,,"L","N",69,,"NNW",,4,,5,,7,
"249190890","RADZIECHOWY                   ","2025","04","07","12",4.2,,1.4,,"W","N",55,,"NNW",,6,,6,,7,
"249190890","RADZIECHOWY                   ","2025","04","07","18",3.3,,1.2,,"W","N",65,,"NW ",,3,,7,,7,
"249190890","RADZIECHOWY                   ","2025","04","08","06",3.4,,1.9,,"W","N",75,,"ENE",,1,,7,,6,
"249190890","RADZIECHOWY                   ","2025","04","08","12",7.6,,5.3,,"W","N",68,,"NNW",,5,,7,,7,
"249190890","RADZIECHOWY                   ","2025","04","08","18",3.1,,0.5,,"W","N",56,,"WSW",,1,,2,,7,
"249190890","RADZIECHOWY                   ","2025","04","09","06",-0.8,,-1.8,,"L","N",79,,"C  ",,0,,1,,6,
"249190890","RADZIECHOWY                   ","2025","04","09","12",11.0,,5.8,,"W","N",39,,"N  ",,4,,2,,7,
"249190890","RADZIECHOWY                   ","2025","04","09","18",6.6,,3.1,,"W","N",50,,"WSW",,1,,5,,7,
"249190890","RADZIECHOWY                   ","2025","04","10","06",1.0,,-0.8,,"L","N",68,,"N  ",,5,,7,,7,
"249190890","RADZIECHOWY                   ","2025","04","10","12",4.8,,1.2,,"W","N",44,,"N  ",,5,,7,,7,
"249190890","RADZIECHOWY                   ","2025","04","10","18",2.9,,0.2,,"W","N",54,,"WSW",,1,,7,,7,
"249190890","RADZIECHOWY                   ","2025","04","11","06",6.2,,4.1,,"W","N",69,,"SSW",,5,,8,,7,
"249190890","RADZIECHOWY                   ","2025","04","11","12",6.8,,5.1,,"W","N",75,,"NNW",,4,,8,,6,
"249190890","RADZIECHOWY                   ","2025","04","11","18",5.2,,4.5,,"W","N",89,,"NW ",,2,,8,,5,
"249190890","RADZIECHOWY                   ","2025","04","12","06",6.0,,4.6,,"W","N",79,,"SSW",,1,,8,,6,
"249190890","RADZIECHOWY                   ","2025","04","12","12",15.4,,12.0,,"W","N",65,,"NNE",,1,,3,,7,
"249190890","RADZIECHOWY                   ","2025","04","12","18",9.0,,7.3,,"W","N",77,,"C  ",,0,,0,,6,
"249190890","RADZIECHOWY                   ","2025","04","13","06",9.2,,6.4,,"W","N",64,,"E  ",,2,,0,,7,
"249190890","RADZIECHOWY                   ","2025","04","13","12",19.3,,11.7,,"W","N",34,,"SSW",,5,,6,,8,
"249190890","RADZIECHOWY                   ","2025","04","13","18",14.7,,10.0,,"W","N",51,,"SSE",,1,,8,,7,
"249190890","RADZIECHOWY                   ","2025","04","14","06",14.1,,11.0,,"W","N",66,,"SE ",,1,,1,,7,
"249190890","RADZIECHOWY                   ","2025","04","14","12",20.1,,14.6,,"W","N",52,,"S  ",,3,,5,,8,
"249190890","RADZIECHOWY                   ","2025","04","14","18",14.9,,11.6,,"W","N",65,,"S  ",,3,,7,,7,
"249190890","RADZIECHOWY                   ","2025","04","15","06",10.5,,10.2,,"W","N",96,,"C  ",,0,,8,,4,
"249190890","RADZIECHOWY                   ","2025","04","15","12",16.5,,12.8,,"W","N",63,,"SSE",,3,,7,,7,
"249190890","RADZIECHOWY                   ","2025","04","15","18",14.9,,11.8,,"W","N",67,,"S  ",,3,,8,,7,
"249190890","RADZIECHOWY                   ","2025","04","16","06",17.3,,14.0,,"W","N",68,,"SSW",,7,,2,,7,
"249190890","RADZIECHOWY                   ","2025","04","16","12",24.1,,16.0,,"W","N",39,,"SSW",,5,,1,,8,
"249190890","RADZIECHOWY                   ","2025","04","16","18",20.3,,15.3,,"W","N",56,,"SSE",,2,,0,,8,
"249190890","RADZIECHOWY                   ","2025","04","17","06",15.4,,13.0,,"W","N",75,,"C  ",,0,,3,,6,
"249190890","RADZIECHOWY                   ","2025","04","17","12",27.5,,18.8,,"W","N",40,,"SSE",,4,,3,,7,
"249190890","RADZIECHOWY                   ","2025","04","17","18",22.3,,16.7,,"W","N",54,,"SSW",,1,,7,,7,
"249190890","RADZIECHOWY                   ","2025","04","18","06",13.9,,13.4,,"W","N",94,,"SSE",,1,,8,,4,
"249190890","RADZIECHOWY                   ","2025","04","18","12",21.9,,20.0,,"W","N",83,,"NW ",,1,,8,,5,
"249190890","RADZIECHOWY                   ","2025","04","18","18",13.1,,11.0,,"W","N",76,,"SSW",,3,,6,,6,
"249190890","RADZIECHOWY                   ","2025","04","19","06",11.0,,8.4,,"W","N",68,,"SW ",,3,,1,,7,
"249190890","RADZIECHOWY                   ","2025","04","19","12",18.8,,13.6,,"W","N",53,,"SW ",,2,,2,,7,
"249190890","RADZIECHOWY                   ","2025","04","19","18",15.4,,12.4,,"W","N",69,,"SSW",,1,,1,,7,
"249190890","RADZIECHOWY                   ","2025","04","20","06",11.0,,8.4,,"W","N",68,,"ENE",,1,,0,,7,
"249190890","RADZIECHOWY                   ","2025","04","20","12",21.5,,16.0,,"W","N",54,,"SSE",,4,,3,,8,
"249190890","RADZIECHOWY                   ","2025","04","20","18",16.2,,12.0,,"W","N",58,,"SW ",,1,,3,,7,
"249190890","RADZIECHOWY                   ","2025","04","21","06",11.1,,9.6,,"W","N",81,,"C  ",,0,,6,,6,
"249190890","RADZIECHOWY                   ","2025","04","21","12",22.6,,17.5,,"W","N",58,,"NW ",,2,,6,,7,
"249190890","RADZIECHOWY                   ","2025","04","21","18",17.0,,13.7,,"W","N",67,,"WSW",,1,,6,,7,
"249190890","RADZIECHOWY                   ","2025","04","22","06",12.2,,10.3,,"W","N",78,,"SE ",,1,,2,,6,
"249190890","RADZIECHOWY                   ","2025","04","22","12",20.1,,15.2,,"W","N",57,,"NNW",,3,,2,,8,
"249190890","RADZIECHOWY                   ","2025","04","22","18",16.8,,12.5,,"W","N",58,,"WNW",,1,,4,,7,
"249190890","RADZIECHOWY                   ","2025","04","23","06",10.2,,8.5,,"W","N",78,,"N  ",,1,,2,,6,
"249190890","RADZIECHOWY                   ","2025","04","23","12",23.0,,18.6,,"W","N",64,,"NNE",,2,,2,,7,
"249190890","RADZIECHOWY                   ","2025","04","23","18",17.0,,13.5,,"W","N",65,,"NNW",,1,,5,,7,
"249190890","RADZIECHOWY                   ","2025","04","24","06",11.6,,10.0,,"W","N",81,,"ESE",,1,,7,,6,
"249190890","RADZIECHOWY                   ","2025","04","24","12",14.3,,13.0,,"W","N",86,,"W  ",,2,,7,,5,
"249190890","RADZIECHOWY                   ","2025","04","24","18",12.2,,11.9,,"W","N",96,,"N  ",,1,,8,,4,
"249190890","RADZIECHOWY                   ","2025","04","25","06",12.1,,11.8,,"W","N",96,,"C  ",,0,,8,,4,
"249190890","RADZIECHOWY                   ","2025","04","25","12",11.2,,11.0,,"W","N",97,,"NW ",,4,,8,,4,
"249190890","RADZIECHOWY                   ","2025","04","25","18",10.2,,10.0,,"W","N",97,,"N  ",,3,,8,,4,
"249190890","RADZIECHOWY                   ","2025","04","26","06",8.1,,6.5,,"W","N",78,,"N  ",,2,,1,,6,
"249190890","RADZIECHOWY                   ","2025","04","26","12",13.9,,9.7,,"W","N",55,,"NNE",,3,,2,,8,
"249190890","RADZIECHOWY                   ","2025","04","26","18",9.2,,5.8,,"W","N",56,,"NNE",,2,,1,,7,
"249190890","RADZIECHOWY                   ","2025","04","27","06",4.9,,3.3,,"W","N",75,,"N  ",,2,,0,,6,
"249190890","RADZIECHOWY                   ","2025","04","27","12",14.7,,9.0,,"W","N",42,,"NNE",,3,,0,,8,
"249190890","RADZIECHOWY                   ","2025","04","27","18",10.0,,7.0,,"W","N",62,,"N  ",,2,,1,,7,
"249190890","RADZIECHOWY                   ","2025","04","28","06",6.6,,4.4,,"W","N",68,,"E  ",,1,,0,,8,
"249190890","RADZIECHOWY                   ","2025","04","28","12",20.6,,12.8,,"W","N",35,,"N  ",,2,,1,,8,
"249190890","RADZIECHOWY                   ","2025","04","28","18",13.9,,10.1,,"W","N",59,,"SW ",,1,,0,,8,
"249190890","RADZIECHOWY                   ","2025","04","29","06",10.2,,7.7,,"W","N",69,,"ENE",,1,,0,,7,
"249190890","RADZIECHOWY                   ","2025","04","29","12",21.3,,16.6,,"W","N",60,,"NW ",,3,,3,,8,
"249190890","RADZIECHOWY                   ","2025","04","29","18",14.2,,10.6,,"W","N",61,,"WSW",,1,,3,,8,
"249190890","RADZIECHOWY                   ","2025","04","30","06",10.1,,7.6,,"W","N",68,,"NNE",,1,,4,,7,
"249190890","RADZIECHOWY                   ","2025","04","30","12",21.4,,15.4,,"W","N",50,,"N  ",,3,,4,,8,
"249190890","RADZIECHOWY                   ","2025","04","30","18",14.9,,12.0,,"W","N",69,,"WSW",,2,,4,,7,
"249200020","£AZY                          ","2025","04","01","06",6.6,,,"8","W","N",,"8","NW ",,3,,8,,6,
"249200020","£AZY                          ","2025","04","01","12",7.9,,,"8","W","N",,"8","W  ",,3,,8,,5,
"249200020","£AZY                          ","2025","04","01","18",9.3,,,"8","W","N",,"8","SW ",,3,,7,,5,
"249200020","£AZY                          ","2025","04","02","06",7.4,,,"8","W","N",,"8","WNW",,2,,8,,6,
"249200020","£AZY                          ","2025","04","02","12",14.4,,,"8","W","N",,"8","NNE",,5,,6,,6,
"249200020","£AZY                          ","2025","04","02","18",13.2,,,"8","W","N",,"8","N  ",,3,,1,,6,
"249200020","£AZY                          ","2025","04","03","06",4.0,,,"8",,"N",,"8","C  ",,0,,0,,6,
"249200020","£AZY                          ","2025","04","03","12",16.3,,,"8","W","N",,"8","NNE",,4,,1,,6,
"249200020","£AZY                          ","2025","04","03","18",13.2,,,"8","W","N",,"8","C  ",,0,,0,,6,
"249200020","£AZY                          ","2025","04","04","06",7.2,,,"8","W","N",,"8","S  ",,1,,0,,6,
"249200020","£AZY                          ","2025","04","04","12",17.9,,,"8","W","N",,"8","N  ",,1,,6,,6,
"249200020","£AZY                          ","2025","04","04","18",13.3,,,"8","W","N",,"8","S  ",,1,,4,,6,
"249200020","£AZY                          ","2025","04","05","06",9.2,,,"8","W","N",,"8","WNW",,4,,8,,5,
"249200020","£AZY                          ","2025","04","05","12",8.5,,,"8","W","N",,"8","NNW",,6,,5,,6,
"249200020","£AZY                          ","2025","04","05","18",1.3,,,"8",,"N",,"8","NW ",,4,,4,,6,
"249200020","£AZY                          ","2025","04","06","06",-0.5,,,"8",,"N",,"8","NW ",,6,,8,,6,
"249200020","£AZY                          ","2025","04","06","12",1.2,,,"8",,"N",,"8","NW ",,7,,8,,6,
"249200020","£AZY                          ","2025","04","06","18",1.3,,,"8",,"N",,"8","NW ",,4,,7,,6,
"249200020","£AZY                          ","2025","04","07","06",-0.4,,,"8",,"N",,"8","WNW",,5,,7,,6,
"249200020","£AZY                          ","2025","04","07","12",3.6,,,"8",,"N",,"8","NW ",,4,,7,,6,
"249200020","£AZY                          ","2025","04","07","18",5.2,,,"8","W","N",,"8","NW ",,2,,8,,6,
"249200020","£AZY                          ","2025","04","08","06",2.6,,,"8",,"N",,"8","WNW",,5,,8,,6,
"249200020","£AZY                          ","2025","04","08","12",5.8,,,"8","W","N",,"8","NW ",,5,,7,,6,
"249200020","£AZY                          ","2025","04","08","18",5.9,,,"8","W","N",,"8","NW ",,2,,7,,6,
"249200020","£AZY                          ","2025","04","09","06",1.9,,,"8",,"N",,"8","WNW",,3,,5,,6,
"249200020","£AZY                          ","2025","04","09","12",9.3,,,"8","W","N",,"8","W  ",,5,,5,,6,
"249200020","£AZY                          ","2025","04","09","18",7.6,,,"8","W","N",,"8","C  ",,0,,8,,6,
"249200020","£AZY                          ","2025","04","10","06",0.3,,,"8",,"N",,"8","NNW",,7,,2,,6,
"249200020","£AZY                          ","2025","04","10","12",3.8,,,"8",,"N",,"8","NW ",,7,,7,,6,
"249200020","£AZY                          ","2025","04","10","18",3.4,,,"8",,"N",,"8","C  ",,0,,6,,6,
"249200020","£AZY                          ","2025","04","11","06",8.8,,,"8","W","N",,"8","W  ",,7,,8,,6,
"249200020","£AZY                          ","2025","04","11","12",7.0,,,"8","W","N",,"8","W  ",,5,,8,,6,
"249200020","£AZY                          ","2025","04","11","18",5.7,,,"8","W","N",,"8","WSW",,3,,8,,5,
"249200020","£AZY                          ","2025","04","12","06",7.0,,,"8","W","N",,"8","WSW",,3,,7,,6,
"249200020","£AZY                          ","2025","04","12","12",13.2,,,"8","W","N",,"8","SSE",,1,,6,,6,
"249200020","£AZY                          ","2025","04","12","18",10.9,,,"8","W","N",,"8","SE ",,1,,2,,6,
"249200020","£AZY                          ","2025","04","13","06",9.4,,,"8","W","N",,"8","SSE",,4,,1,,6,
"249200020","£AZY                          ","2025","04","13","12",21.2,,,"8","W","N",,"8","SSW",,2,,4,,6,
"249200020","£AZY                          ","2025","04","13","18",17.9,,,"8","W","N",,"8","SSW",,2,,8,,6,
"249200020","£AZY                          ","2025","04","14","06",13.9,,,"8","W","N",,"8","C  ",,0,,6,,6,
"249200020","£AZY                          ","2025","04","14","12",20.4,,,"8","W","N",,"8","SSW",,3,,5,,6,
"249200020","£AZY                          ","2025","04","14","18",15.3,,,"8","W","N",,"8","SE ",,3,,6,,6,
"249200020","£AZY                          ","2025","04","15","06",13.6,,,"8","W","N",,"8","SE ",,5,,8,,6,
"249200020","£AZY                          ","2025","04","15","12",14.2,,,"8","W","N",,"8","SE ",,6,,8,,6,
"249200020","£AZY                          ","2025","04","15","18",14.1,,,"8","W","N",,"8","SSE",,5,,8,,6,
"249200020","£AZY                          ","2025","04","16","06",17.1,,,"8","W","N",,"8","SSE",,5,,4,,6,
"249200020","£AZY                          ","2025","04","16","12",25.5,,,"8","W","N",,"8","SW ",,5,,1,,6,
"249200020","£AZY                          ","2025","04","16","18",20.3,,,"8","W","N",,"8","SE ",,4,,1,,6,
"249200020","£AZY                          ","2025","04","17","06",18.7,,,"8","W","N",,"8","SSE",,4,,7,,6,
"249200020","£AZY                          ","2025","04","17","12",26.8,,,"8","W","N",,"8","SSE",,6,,6,,6,
"249200020","£AZY                          ","2025","04","17","18",23.0,,,"8","W","N",,"8","SSE",,3,,7,,6,
"249200020","£AZY                          ","2025","04","18","06",17.2,,,"8","W","N",,"8","W  ",,4,,7,,6,
"249200020","£AZY                          ","2025","04","18","12",18.9,,,"8","W","N",,"8","E  ",,2,,8,,6,
"249200020","£AZY                          ","2025","04","18","18",15.9,,,"8","W","N",,"8","SSE",,2,,7,,6,
"249200020","£AZY                          ","2025","04","19","06",9.6,,,"8","W","N",,"8","C  ",,0,,1,,6,
"249200020","£AZY                          ","2025","04","19","12",17.8,,,"8","W","N",,"8","NNE",,2,,4,,6,
"249200020","£AZY                          ","2025","04","19","18",16.6,,,"8","W","N",,"8","C  ",,0,,5,,6,
"249200020","£AZY                          ","2025","04","20","06",12.9,,,"8","W","N",,"8","SE ",,3,,1,,6,
"249200020","£AZY                          ","2025","04","20","12",21.9,,,"8","W","N",,"8","SE ",,3,,5,,6,
"249200020","£AZY                          ","2025","04","20","18",17.9,,,"8","W","N",,"8","S  ",,1,,6,,6,
"249200020","£AZY                          ","2025","04","21","06",13.9,,,"8","W","N",,"8","SSE",,1,,6,,6,
"249200020","£AZY                          ","2025","04","21","12",24.3,,,"8","W","N",,"8","ENE",,2,,6,,6,
"249200020","£AZY                          ","2025","04","21","18",18.9,,,"8","W","N",,"8","C  ",,0,,8,,6,
"249200020","£AZY                          ","2025","04","22","06",14.1,,,"8","W","N",,"8","WSW",,4,,4,,6,
"249200020","£AZY                          ","2025","04","22","12",19.7,,,"8","W","N",,"8","WNW",,4,,1,,6,
"249200020","£AZY                          ","2025","04","22","18",17.8,,,"8","W","N",,"8","C  ",,0,,6,,6,
"249200020","£AZY                          ","2025","04","23","06",11.9,,,"8","W","N",,"8","C  ",,0,,2,,6,
"249200020","£AZY                          ","2025","04","23","12",21.3,,,"8","W","N",,"8","E  ",,2,,2,,6,
"249200020","£AZY                          ","2025","04","23","18",18.8,,,"8","W","N",,"8","C  ",,0,,6,,6,
"249200020","£AZY                          ","2025","04","24","06",13.0,,,"8","W","N",,"8","C  ",,0,,7,,6,
"249200020","£AZY                          ","2025","04","24","12",22.2,,,"8","W","N",,"8","E  ",,2,,6,,6,
"249200020","£AZY                          ","2025","04","24","18",14.0,,,"8","W","N",,"8","SSE",,2,,8,,6,
"249200020","£AZY                          ","2025","04","25","06",13.3,,,"8","W","N",,"8","C  ",,0,,8,,5,
"249200020","£AZY                          ","2025","04","25","12",12.9,,,"8","W","N",,"8","NNE",,3,,8,,5,
"249200020","£AZY                          ","2025","04","25","18",10.7,,,"8","W","N",,"8","N  ",,5,,8,,5,
"249200020","£AZY                          ","2025","04","26","06",6.3,,,"8","W","N",,"8","NE ",,2,,1,,6,
"249200020","£AZY                          ","2025","04","26","12",12.5,,,"8","W","N",,"8","N  ",,3,,3,,6,
"249200020","£AZY                          ","2025","04","26","18",9.7,,,"8","W","N",,"8","NE ",,1,,1,,6,
"249200020","£AZY                          ","2025","04","27","06",4.0,,,"8",,"N",,"8","NE ",,1,,1,,6,
"249200020","£AZY                          ","2025","04","27","12",12.5,,,"8","W","N",,"8","NE ",,3,,0,,6,
"249200020","£AZY                          ","2025","04","27","18",11.5,,,"8","W","N",,"8","C  ",,0,,1,,6,
"249200020","£AZY                          ","2025","04","28","06",7.3,,,"8","W","N",,"8","C  ",,0,,1,,6,
"249200020","£AZY                          ","2025","04","28","12",18.5,,,"8","W","N",,"8","NE ",,1,,1,,6,
"249200020","£AZY                          ","2025","04","28","18",15.6,,,"8","W","N",,"8","C  ",,0,,3,,6,
"249200020","£AZY                          ","2025","04","29","06",12.9,,,"8","W","N",,"8","W  ",,1,,1,,6,
"249200020","£AZY                          ","2025","04","29","12",20.8,,,"8","W","N",,"8","WNW",,5,,5,,6,
"249200020","£AZY                          ","2025","04","29","18",17.6,,,"8","W","N",,"8","W  ",,1,,8,,6,
"249200020","£AZY                          ","2025","04","30","06",14.5,,,"8","W","N",,"8","W  ",,3,,1,,6,
"249200020","£AZY                          ","2025","04","30","12",19.8,,,"8","W","N",,"8","NW ",,4,,4,,6,
"249200020","£AZY                          ","2025","04","30","18",16.6,,,"8","W","N",,"8","S  ",,1,,6,,6,
"249200130","JASTRZÊBIA                    ","2025","04","01","06",6.4,,,"8","W","N",,"8","NW ",,1,,8,,6,
"249200130","JASTRZÊBIA                    ","2025","04","01","12",7.8,,,"8","W","N",,"8","NW ",,2,,8,,6,
"249200130","JASTRZÊBIA                    ","2025","04","01","18",8.1,,,"8","W","N",,"8","NW ",,1,,8,,6,
"249200130","JASTRZÊBIA                    ","2025","04","02","06",7.8,,,"8","W","N",,"8","NW ",,2,,6,,6,
"249200130","JASTRZÊBIA                    ","2025","04","02","12",12.6,,,"8","W","N",,"8","NE ",,3,,7,,6,
"249200130","JASTRZÊBIA                    ","2025","04","02","18",10.8,,,"8","W","N",,"8","NW ",,1,,1,,6,
"249200130","JASTRZÊBIA                    ","2025","04","03","06",3.4,,,"8",,"N",,"8","C  ",,0,,1,,6,
"249200130","JASTRZÊBIA                    ","2025","04","03","12",15.4,,,"8","W","N",,"8","NNE",,2,,1,,6,
"249200130","JASTRZÊBIA                    ","2025","04","03","18",8.8,,,"8","W","N",,"8","WNW",,1,,1,,6,
"249200130","JASTRZÊBIA                    ","2025","04","04","06",4.8,,,"8",,"N",,"8","C  ",,0,,0,,6,
"249200130","JASTRZÊBIA                    ","2025","04","04","12",18.6,,,"8","W","N",,"8","N  ",,1,,2,,6,
"249200130","JASTRZÊBIA                    ","2025","04","04","18",11.6,,,"8","W","N",,"8","C  ",,0,,2,,6,
"249200130","JASTRZÊBIA                    ","2025","04","05","06",9.8,,,"8","W","N",,"8","WNW",,1,,4,,6,
"249200130","JASTRZÊBIA                    ","2025","04","05","12",8.6,,,"8","W","N",,"8","NW ",,3,,2,,6,
"249200130","JASTRZÊBIA                    ","2025","04","05","18",1.1,,,"8",,"N",,"8","NW ",,2,,6,,6,
"249200130","JASTRZÊBIA                    ","2025","04","06","06",-1.4,,,"8",,"N",,"8","NNW",,3,,8,,6,
"249200130","JASTRZÊBIA                    ","2025","04","06","12",0.5,,,"8",,"N",,"8","NW ",,4,,7,,6,
"249200130","JASTRZÊBIA                    ","2025","04","06","18",-0.2,,,"8",,"N",,"8","NW ",,1,,2,,6,
"249200130","JASTRZÊBIA                    ","2025","04","07","06",-0.6,,,"8",,"N",,"8","NW ",,2,,7,,6,
"249200130","JASTRZÊBIA                    ","2025","04","07","12",4.2,,,"8",,"N",,"8","WNW",,2,,6,,6,
"249200130","JASTRZÊBIA                    ","2025","04","07","18",4.1,,,"8",,"N",,"8","NW ",,2,,6,,6,
"249200130","JASTRZÊBIA                    ","2025","04","08","06",2.0,,,"8",,"N",,"8","NW ",,2,,7,,6,
"249200130","JASTRZÊBIA                    ","2025","04","08","12",5.4,,,"8","W","N",,"8","NW ",,2,,6,,6,
"249200130","JASTRZÊBIA                    ","2025","04","08","18",5.6,,,"8","W","N",,"8","WNW",,2,,6,,6,
"249200130","JASTRZÊBIA                    ","2025","04","09","06",2.4,,,"8",,"N",,"8","NW ",,2,,2,,6,
"249200130","JASTRZÊBIA                    ","2025","04","09","12",9.2,,,"8","W","N",,"8","NW ",,3,,1,,6,
"249200130","JASTRZÊBIA                    ","2025","04","09","18",7.4,,,"8","W","N",,"8","NW ",,1,,6,,6,
"249200130","JASTRZÊBIA                    ","2025","04","10","06",0.1,,,"8",,"N",,"8","NNW",,3,,4,,6,
"249200130","JASTRZÊBIA                    ","2025","04","10","12",4.2,,,"8",,"N",,"8","NNW",,4,,6,,6,
"249200130","JASTRZÊBIA                    ","2025","04","10","18",2.6,,,"8",,"N",,"8","NW ",,1,,2,,6,
"249200130","JASTRZÊBIA                    ","2025","04","11","06",8.8,,,"8","W","N",,"8","WNW",,4,,6,,6,
"249200130","JASTRZÊBIA                    ","2025","04","11","12",5.6,,,"8","W","N",,"8","WNW",,3,,7,,5,
"249200130","JASTRZÊBIA                    ","2025","04","11","18",5.1,,,"8","W","N",,"8","WNW",,2,,8,,5,
"249200130","JASTRZÊBIA                    ","2025","04","12","06",6.2,,,"8","W","N",,"8","NW ",,1,,8,,5,
"249200130","JASTRZÊBIA                    ","2025","04","12","12",12.4,,,"8","W","N",,"8","N  ",,1,,6,,6,
"249200130","JASTRZÊBIA                    ","2025","04","12","18",7.5,,,"8","W","N",,"8","C  ",,0,,1,,6,
"249200130","JASTRZÊBIA                    ","2025","04","13","06",8.4,,,"8","W","N",,"8","C  ",,0,,1,,6,
"249200130","JASTRZÊBIA                    ","2025","04","13","12",20.5,,,"8","W","N",,"8","S  ",,3,,2,,6,
"249200130","JASTRZÊBIA                    ","2025","04","13","18",14.6,,,"8","W","N",,"8","SE ",,1,,7,,6,
"249200130","JASTRZÊBIA                    ","2025","04","14","06",11.4,,,"8","W","N",,"8","C  ",,0,,7,,6,
"249200130","JASTRZÊBIA                    ","2025","04","14","12",18.8,,,"8","W","N",,"8","SSE",,3,,6,,6,
"249200130","JASTRZÊBIA                    ","2025","04","14","18",13.6,,,"8","W","N",,"8","SE ",,4,,6,,6,
"249200130","JASTRZÊBIA                    ","2025","04","15","06",12.5,,,"8","W","N",,"8","SE ",,4,,7,,6,
"249200130","JASTRZÊBIA                    ","2025","04","15","12",12.6,,,"8","W","N",,"8","SE ",,3,,6,,6,
"249200130","JASTRZÊBIA                    ","2025","04","15","18",13.4,,,"8","W","N",,"8","SE ",,2,,6,,6,
"249200130","JASTRZÊBIA                    ","2025","04","16","06",16.4,,,"8","W","N",,"8","C  ",,0,,1,,6,
"249200130","JASTRZÊBIA                    ","2025","04","16","12",24.6,,,"8","W","N",,"8","SSW",,3,,2,,6,
"249200130","JASTRZÊBIA                    ","2025","04","16","18",19.2,,,"8","W","N",,"8","S  ",,1,,1,,6,
"249200130","JASTRZÊBIA                    ","2025","04","17","06",15.5,,,"8","W","N",,"8","SE ",,2,,7,,6,
"249200130","JASTRZÊBIA                    ","2025","04","17","12",26.6,,,"8","W","N",,"8","S  ",,4,,4,,6,
"249200130","JASTRZÊBIA                    ","2025","04","17","18",20.6,,,"8","W","N",,"8","C  ",,0,,6,,6,
"249200130","JASTRZÊBIA                    ","2025","04","18","06",14.1,,,"8","W","N",,"8","C  ",,0,,7,,6,
"249200130","JASTRZÊBIA                    ","2025","04","18","12",19.4,,,"8","W","N",,"8","SE ",,1,,7,,6,
"249200130","JASTRZÊBIA                    ","2025","04","18","18",13.5,,,"8","W","N",,"8","S  ",,1,,1,,6,
"249200130","JASTRZÊBIA                    ","2025","04","19","06",10.1,,,"8","W","N",,"8","C  ",,0,,2,,6,
"249200130","JASTRZÊBIA                    ","2025","04","19","12",19.5,,,"8","W","N",,"8","W  ",,1,,4,,6,
"249200130","JASTRZÊBIA                    ","2025","04","19","18",16.6,,,"8","W","N",,"8","C  ",,0,,2,,6,
"249200130","JASTRZÊBIA                    ","2025","04","20","06",12.6,,,"8","W","N",,"8","C  ",,0,,1,,6,
"249200130","JASTRZÊBIA                    ","2025","04","20","12",21.5,,,"8","W","N",,"8","S  ",,3,,2,,6,
"249200130","JASTRZÊBIA                    ","2025","04","20","18",17.4,,,"8","W","N",,"8","SSE",,1,,1,,6,
"249200130","JASTRZÊBIA                    ","2025","04","21","06",12.2,,,"8","W","N",,"8","C  ",,0,,2,,6,
"249200130","JASTRZÊBIA                    ","2025","04","21","12",24.2,,,"8","W","N",,"8","SE ",,3,,6,,6,
"249200130","JASTRZÊBIA                    ","2025","04","21","18",15.1,,,"8","W","N",,"8","C  ",,0,,1,,6,
"249200130","JASTRZÊBIA                    ","2025","04","22","06",13.8,,,"8","W","N",,"8","WNW",,2,,6,,6,
"249200130","JASTRZÊBIA                    ","2025","04","22","12",21.2,,,"8","W","N",,"8","NNW",,3,,2,,6,
"249200130","JASTRZÊBIA                    ","2025","04","22","18",15.5,,,"8","W","N",,"8","C  ",,0,,7,,6,
"249200130","JASTRZÊBIA                    ","2025","04","23","06",12.1,,,"8","W","N",,"8","C  ",,0,,2,,6,
"249200130","JASTRZÊBIA                    ","2025","04","23","12",20.4,,,"8","W","N",,"8","NNE",,1,,4,,6,
"249200130","JASTRZÊBIA                    ","2025","04","23","18",16.2,,,"8","W","N",,"8","WNW",,1,,6,,6,
"249200130","JASTRZÊBIA                    ","2025","04","24","06",12.4,,,"8","W","N",,"8","C  ",,0,,2,,6,
"249200130","JASTRZÊBIA                    ","2025","04","24","12",21.8,,,"8","W","N",,"8","NE ",,1,,4,,6,
"249200130","JASTRZÊBIA                    ","2025","04","24","18",13.6,,,"8","W","N",,"8","C  ",,0,,6,,6,
"249200130","JASTRZÊBIA                    ","2025","04","25","06",12.8,,,"8","W","N",,"8","C  ",,0,,8,,5,
"249200130","JASTRZÊBIA                    ","2025","04","25","12",13.8,,,"8","W","N",,"8","NE ",,2,,7,,6,
"249200130","JASTRZÊBIA                    ","2025","04","25","18",11.0,,,"8","W","N",,"8","NNE",,1,,7,,5,
"249200130","JASTRZÊBIA                    ","2025","04","26","06",7.4,,,"8","W","N",,"8","N  ",,2,,2,,6,
"249200130","JASTRZÊBIA                    ","2025","04","26","12",12.5,,,"8","W","N",,"8","NNE",,3,,2,,6,
"249200130","JASTRZÊBIA                    ","2025","04","26","18",7.5,,,"8","W","N",,"8","C  ",,0,,1,,6,
"249200130","JASTRZÊBIA                    ","2025","04","27","06",5.6,,,"8","W","N",,"8","C  ",,0,,1,,6,
"249200130","JASTRZÊBIA                    ","2025","04","27","12",12.8,,,"8","W","N",,"8","N  ",,3,,1,,6,
"249200130","JASTRZÊBIA                    ","2025","04","27","18",8.9,,,"8","W","N",,"8","C  ",,0,,1,,6,
"249200130","JASTRZÊBIA                    ","2025","04","28","06",5.7,,,"8","W","N",,"8","C  ",,0,,1,,6,
"249200130","JASTRZÊBIA                    ","2025","04","28","12",19.0,,,"8","W","N",,"8","C  ",,0,,1,,6,
"249200130","JASTRZÊBIA                    ","2025","04","28","18",12.9,,,"8","W","N",,"8","C  ",,0,,1,,6,
"249200130","JASTRZÊBIA                    ","2025","04","29","06",10.5,,,"8","W","N",,"8","C  ",,0,,1,,6,
"249200130","JASTRZÊBIA                    ","2025","04","29","12",21.4,,,"8","W","N",,"8","NW ",,3,,2,,6,
"249200130","JASTRZÊBIA                    ","2025","04","29","18",15.6,,,"8","W","N",,"8","C  ",,0,,4,,6,
"249200130","JASTRZÊBIA                    ","2025","04","30","06",12.1,,,"8","W","N",,"8","C  ",,0,,2,,6,
"249200130","JASTRZÊBIA                    ","2025","04","30","12",19.8,,,"8","W","N",,"8","NNW",,3,,4,,6,
"249200130","JASTRZÊBIA                    ","2025","04","30","18",14.8,,,"8","W","N",,"8","C  ",,0,,2,,6,
"249200180","LIMANOWA                      ","2025","04","01","06",4.0,,3.8,,"W","W",97,,"NW ",,2,,8,,4,
"249200180","LIMANOWA                      ","2025","04","01","12",5.0,,4.9,,"W","W",99,,"NW ",,2,,8,,4,
"249200180","LIMANOWA                      ","2025","04","01","18",6.4,,5.7,,"W","W",90,,"WNW",,3,,8,,8,
"249200180","LIMANOWA                      ","2025","04","02","06",5.6,,5.4,,"W","W",97,,"NNW",,3,,8,,4,
"249200180","LIMANOWA                      ","2025","04","02","12",10.8,,6.8,,"W","W",55,,"NNE",,6,,7,,8,
"249200180","LIMANOWA                      ","2025","04","02","18",10.9,,6.3,,"W","W",49,,"NNE",,4,,5,,8,
"249200180","LIMANOWA                      ","2025","04","03","06",3.9,,2.2,,"W","W",74,,"W  ",,1,,0,,8,
"249200180","LIMANOWA                      ","2025","04","03","12",13.6,,7.3,,"W","W",38,,"N  ",,5,,4,,8,
"249200180","LIMANOWA                      ","2025","04","03","18",12.1,,6.8,,"W","W",44,,"NE ",,3,,2,,8,
"249200180","LIMANOWA                      ","2025","04","04","06",6.8,,5.2,,"W","W",78,,"W  ",,1,,1,,8,
"249200180","LIMANOWA                      ","2025","04","04","12",17.2,,10.8,,"W","W",44,,"NE ",,2,,5,,8,
"249200180","LIMANOWA                      ","2025","04","04","18",13.1,,8.5,,"W","W",53,,"SW ",,2,,4,,8,
"249200180","LIMANOWA                      ","2025","04","05","06",10.8,,8.0,,"W","W",68,,"WNW",,3,,5,,8,
"249200180","LIMANOWA                      ","2025","04","05","12",5.3,,1.7,,"W","W",50,,"NNW",,6,,6,,8,
"249200180","LIMANOWA                      ","2025","04","05","18",0.1,,-0.8,,"L","W",84,,"NNW",,6,,7,,8,
"249200180","LIMANOWA                      ","2025","04","06","06",-3.7,,-4.0,,"L","W",90,,"NW ",,5,,8,,6,
"249200180","LIMANOWA                      ","2025","04","06","12",-1.7,,-3.4,,"L","W",66,,"NNW",,7,,8,,8,
"249200180","LIMANOWA                      ","2025","04","06","18",-1.4,,-3.7,,"L","W",56,,"NNW",,4,,6,,8,
"249200180","LIMANOWA                      ","2025","04","07","06",-2.7,,-3.9,,"L","W",74,,"WNW",,3,,7,,8,
"249200180","LIMANOWA                      ","2025","04","07","12",2.0,,-1.4,,"L","W",48,,"NW ",,5,,6,,8,
"249200180","LIMANOWA                      ","2025","04","07","18",2.5,,-1.0,,"L","W",48,,"NW ",,4,,6,,8,
"249200180","LIMANOWA                      ","2025","04","08","06",1.3,,0.2,,"W","W",81,,"NW ",,4,,8,,8,
"249200180","LIMANOWA                      ","2025","04","08","12",4.3,,1.1,,"W","W",54,,"N  ",,7,,6,,8,
"249200180","LIMANOWA                      ","2025","04","08","18",4.0,,0.3,,"W","W",46,,"NW ",,4,,5,,8,
"249200180","LIMANOWA                      ","2025","04","09","06",1.6,,-1.4,,"W","W",51,,"NW ",,4,,4,,8,
"249200180","LIMANOWA                      ","2025","04","09","12",8.2,,3.2,,"W","W",39,,"NW ",,4,,3,,8,
"249200180","LIMANOWA                      ","2025","04","09","18",6.1,,2.2,,"W","W",48,,"NNW",,3,,7,,8,
"249200180","LIMANOWA                      ","2025","04","10","06",-1.3,,-3.0,,"L","W",67,,"NNW",,7,,6,,8,
"249200180","LIMANOWA                      ","2025","04","10","12",2.2,,-2.0,,"L","W",37,,"NNW",,7,,6,,8,
"249200180","LIMANOWA                      ","2025","04","10","18",1.6,,-2.0,,"L","W",44,,"NW ",,3,,8,,8,
"249200180","LIMANOWA                      ","2025","04","11","06",6.8,,4.0,,"W","W",63,,"WNW",,6,,8,,8,
"249200180","LIMANOWA                      ","2025","04","11","12",4.6,,3.7,,"W","W",87,,"WNW",,4,,8,,6,
"249200180","LIMANOWA                      ","2025","04","11","18",3.2,,2.9,,"W","W",95,,"WNW",,4,,8,,4,
"249200180","LIMANOWA                      ","2025","04","12","06",5.0,,4.6,,"W","W",94,,"WNW",,3,,8,,4,
"249200180","LIMANOWA                      ","2025","04","12","12",11.7,,7.5,,"W","W",55,,"NNE",,2,,5,,8,
"249200180","LIMANOWA                      ","2025","04","12","18",9.5,,6.3,,"W","W",62,,"SSE",,2,,5,,8,
"249200180","LIMANOWA                      ","2025","04","13","06",9.5,,6.7,,"W","W",67,,"ESE",,3,,2,,8,
"249200180","LIMANOWA                      ","2025","04","13","12",19.4,,10.6,,"W","W",30,,"SSE",,4,,4,,8,
"249200180","LIMANOWA                      ","2025","04","13","18",14.7,,10.1,,"W","W",55,,"SSW",,3,,8,,8,
"249200180","LIMANOWA                      ","2025","04","14","06",12.3,,9.0,,"W","W",64,,"SSE",,3,,7,,8,
"249200180","LIMANOWA                      ","2025","04","14","12",17.8,,12.2,,"W","W",51,,"S  ",,4,,6,,8,
"249200180","LIMANOWA                      ","2025","04","14","18",12.2,,10.1,,"W","W",77,,"SSE",,2,,6,,8,
"249200180","LIMANOWA                      ","2025","04","15","06",11.5,,9.5,,"W","W",77,,"ESE",,3,,8,,8,
"249200180","LIMANOWA                      ","2025","04","15","12",12.6,,10.6,,"W","W",78,,"ESE",,4,,8,,8,
"249200180","LIMANOWA                      ","2025","04","15","18",12.9,,10.5,,"W","W",74,,"SSE",,3,,7,,8,
"249200180","LIMANOWA                      ","2025","04","16","06",14.8,,12.2,,"W","W",74,,"S  ",,4,,2,,8,
"249200180","LIMANOWA                      ","2025","04","16","12",23.3,,15.3,,"W","W",41,,"ENE",,3,,4,,8,
"249200180","LIMANOWA                      ","2025","04","16","18",19.1,,13.6,,"W","W",53,,"S  ",,6,,4,,8,
"249200180","LIMANOWA                      ","2025","04","17","06",15.2,,11.9,,"W","W",68,,"ESE",,4,,7,,8,
"249200180","LIMANOWA                      ","2025","04","17","12",24.2,,14.7,,"W","W",34,,"S  ",,7,,5,,8,
"249200180","LIMANOWA                      ","2025","04","17","18",21.5,,14.7,,"W","W",47,,"ESE",,2,,7,,8,
"249200180","LIMANOWA                      ","2025","04","18","06",16.9,,13.8,,"W","W",71,,"SE ",,3,,7,,8,
"249200180","LIMANOWA                      ","2025","04","18","12",16.7,,13.7,,"W","W",72,,"SSE",,5,,8,,8,
"249200180","LIMANOWA                      ","2025","04","18","18",13.4,,10.0,,"W","W",65,,"S  ",,4,,5,,8,
"249200180","LIMANOWA                      ","2025","04","19","06",10.8,,9.1,,"W","W",80,,"E  ",,1,,3,,8,
"249200180","LIMANOWA                      ","2025","04","19","12",17.8,,12.5,,"W","W",53,,"S  ",,2,,5,,8,
"249200180","LIMANOWA                      ","2025","04","19","18",14.6,,10.9,,"W","W",63,,"S  ",,2,,7,,8,
"249200180","LIMANOWA                      ","2025","04","20","06",12.4,,8.9,,"W","W",63,,"ESE",,3,,1,,8,
"249200180","LIMANOWA                      ","2025","04","20","12",20.1,,12.6,,"W","W",40,,"SE ",,5,,5,,8,
"249200180","LIMANOWA                      ","2025","04","20","18",16.6,,11.2,,"W","W",51,,"SSW",,3,,5,,8,
"249200180","LIMANOWA                      ","2025","04","21","06",14.4,,11.1,,"W","W",67,,"ESE",,2,,5,,8,
"249200180","LIMANOWA                      ","2025","04","21","12",21.2,,13.9,,"W","W",43,,"ENE",,2,,6,,8,
"249200180","LIMANOWA                      ","2025","04","21","18",18.3,,12.7,,"W","W",51,,"SE ",,2,,7,,8,
"249200180","LIMANOWA                      ","2025","04","22","06",12.6,,11.5,,"W","W",88,,"NW ",,4,,5,,8,
"249200180","LIMANOWA                      ","2025","04","22","12",19.1,,14.8,,"W","W",63,,"NW ",,3,,5,,8,
"249200180","LIMANOWA                      ","2025","04","22","18",16.2,,12.9,,"W","W",68,,"NNE",,2,,7,,8,
"249200180","LIMANOWA                      ","2025","04","23","06",11.8,,10.6,,"W","W",86,,"C  ",,0,,3,,8,
"249200180","LIMANOWA                      ","2025","04","23","12",19.7,,13.5,,"W","W",49,,"SE ",,3,,4,,8,
"249200180","LIMANOWA                      ","2025","04","23","18",16.2,,11.7,,"W","W",58,,"SE ",,2,,6,,8,
"249200180","LIMANOWA                      ","2025","04","24","06",12.7,,11.3,,"W","W",85,,"NNE",,1,,6,,8,
"249200180","LIMANOWA                      ","2025","04","24","12",19.3,,14.1,,"W","W",56,,"NE ",,3,,7,,8,
"249200180","LIMANOWA                      ","2025","04","24","18",14.0,,12.4,,"W","W",83,,"N  ",,1,,7,,8,
"249200180","LIMANOWA                      ","2025","04","25","06",12.2,,11.9,,"W","W",97,,"NNW",,1,,8,,4,
"249200180","LIMANOWA                      ","2025","04","25","12",14.0,,12.5,,"W","W",84,,"E  ",,2,,8,,7,
"249200180","LIMANOWA                      ","2025","04","25","18",10.6,,10.2,,"W","W",95,,"NNE",,5,,8,,4,
"249200180","LIMANOWA                      ","2025","04","26","06",5.9,,5.2,,"W","W",90,,"NNW",,1,,4,,6,
"249200180","LIMANOWA                      ","2025","04","26","12",11.0,,6.4,,"W","W",49,,"N  ",,3,,4,,8,
"249200180","LIMANOWA                      ","2025","04","26","18",8.2,,4.6,,"W","W",55,,"NE ",,4,,3,,8,
"249200180","LIMANOWA                      ","2025","04","27","06",5.2,,2.0,,"W","W",55,,"ESE",,2,,1,,8,
"249200180","LIMANOWA                      ","2025","04","27","12",11.8,,5.7,,"W","W",36,,"ESE",,3,,1,,8,
"249200180","LIMANOWA                      ","2025","04","27","18",9.2,,5.0,,"W","W",50,,"ESE",,2,,4,,8,
"249200180","LIMANOWA                      ","2025","04","28","06",8.6,,4.3,,"W","W",48,,"E  ",,2,,1,,8,
"249200180","LIMANOWA                      ","2025","04","28","12",18.2,,11.1,,"W","W",40,,"NNW",,3,,2,,8,
"249200180","LIMANOWA                      ","2025","04","28","18",15.0,,9.5,,"W","W",48,,"SE ",,2,,4,,8,
"249200180","LIMANOWA                      ","2025","04","29","06",14.0,,9.5,,"W","W",55,,"W  ",,2,,1,,8,
"249200180","LIMANOWA                      ","2025","04","29","12",19.9,,12.2,,"W","W",38,,"NW ",,3,,4,,8,
"249200180","LIMANOWA                      ","2025","04","29","18",16.4,,10.9,,"W","W",50,,"W  ",,3,,7,,8,
"249200180","LIMANOWA                      ","2025","04","30","06",13.8,,8.5,,"W","W",47,,"WNW",,2,,5,,8,
"249200180","LIMANOWA                      ","2025","04","30","12",19.1,,12.2,,"W","W",43,,"NNW",,4,,4,,8,
"249200180","LIMANOWA                      ","2025","04","30","18",15.6,,10.9,,"W","W",55,,"NW ",,2,,7,,8,
"249200260","£¥CKO                         ","2025","04","01","06",5.5,,,"8",,"W",,"8","C  ",,0,,8,,6,
"249200260","£¥CKO                         ","2025","04","01","12",6.7,,,"8",,"W",,"8","C  ",,0,,8,,6,
"249200260","£¥CKO                         ","2025","04","01","18",7.9,,,"8",,"W",,"8","WSW",,1,,7,,6,
"249200260","£¥CKO                         ","2025","04","02","06",7.1,,,"8",,"W",,"8","NW ",,1,,8,,6,
"249200260","£¥CKO                         ","2025","04","02","12",11.7,,,"8","W","W",,"8","NNW",,3,,8,,7,
"249200260","£¥CKO                         ","2025","04","02","18",11.9,,,"8","W","W",,"8","N  ",,2,,2,,6,
"249200260","£¥CKO                         ","2025","04","03","06",3.5,,,"8",,"W",,"8","C  ",,0,,0,,6,
"249200260","£¥CKO                         ","2025","04","03","12",14.7,,,"8","W","W",,"8","NE ",,5,,0,,7,
"249200260","£¥CKO                         ","2025","04","03","18",10.6,,,"8","W","W",,"8","C  ",,0,,2,,6,
"249200260","£¥CKO                         ","2025","04","04","06",4.7,,,"8",,"W",,"8","WNW",,4,,0,,6,
"249200260","£¥CKO                         ","2025","04","04","12",17.4,,,"8","W","W",,"8","ENE",,2,,4,,7,
"249200260","£¥CKO                         ","2025","04","04","18",11.6,,,"8","W","W",,"8","NW ",,1,,2,,7,
"249200260","£¥CKO                         ","2025","04","05","06",9.4,,,"8","W","W",,"8","WNW",,2,,3,,6,
"249200260","£¥CKO                         ","2025","04","05","12",7.1,,,"8",,"W",,"8","NNW",,4,,2,,6,
"249200260","£¥CKO                         ","2025","04","05","18",1.6,,,"8",,"W",,"8","NNW",,5,,4,,6,
"249200260","£¥CKO                         ","2025","04","06","06",-2.4,,,"8",,"W",,"8","W  ",,2,,8,,5,
"249200260","£¥CKO                         ","2025","04","06","12",1.3,,,"8",,"W",,"8","NW ",,3,,4,,7,
"249200260","£¥CKO                         ","2025","04","06","18",-0.2,,,"8",,"W",,"8","W  ",,2,,2,,7,
"249200260","£¥CKO                         ","2025","04","07","06",-1.0,,,"8",,"W",,"8","WNW",,2,,6,,7,
"249200260","£¥CKO                         ","2025","04","07","12",3.0,,,"8",,"W",,"8","NW ",,4,,4,,7,
"249200260","£¥CKO                         ","2025","04","07","18",2.6,,,"8",,"W",,"8","NW ",,1,,3,,6,
"249200260","£¥CKO                         ","2025","04","08","06",3.5,,,"8",,"W",,"8","NW ",,3,,8,,7,
"249200260","£¥CKO                         ","2025","04","08","12",5.5,,,"8",,"W",,"8","NW ",,3,,7,,7,
"249200260","£¥CKO                         ","2025","04","08","18",5.5,,,"8",,"W",,"8","W  ",,1,,6,,6,
"249200260","£¥CKO                         ","2025","04","09","06",2.6,,,"8",,"W",,"8","WSW",,3,,2,,6,
"249200260","£¥CKO                         ","2025","04","09","12",9.8,,,"8","W","W",,"8","NW ",,3,,1,,7,
"249200260","£¥CKO                         ","2025","04","09","18",7.9,,,"8",,"W",,"8","W  ",,1,,4,,6,
"249200260","£¥CKO                         ","2025","04","10","06",1.2,,,"8",,"W",,"8","NNW",,4,,2,,7,
"249200260","£¥CKO                         ","2025","04","10","12",3.5,,,"8",,"W",,"8","NW ",,6,,6,,7,
"249200260","£¥CKO                         ","2025","04","10","18",2.8,,,"8",,"W",,"8","W  ",,1,,1,,7,
"249200260","£¥CKO                         ","2025","04","11","06",8.3,,,"8","W","W",,"8","W  ",,4,,6,,7,
"249200260","£¥CKO                         ","2025","04","11","12",6.1,,,"8",,"W",,"8","WSW",,2,,8,,6,
"249200260","£¥CKO                         ","2025","04","11","18",4.3,,,"8",,"W",,"8","W  ",,3,,8,,5,
"249200260","£¥CKO                         ","2025","04","12","06",6.9,,,"8",,"W",,"8","WNW",,1,,8,,6,
"249200260","£¥CKO                         ","2025","04","12","12",13.5,,,"8","W","W",,"8","ENE",,2,,3,,7,
"249200260","£¥CKO                         ","2025","04","12","18",8.9,,,"8","W","W",,"8","NNW",,1,,4,,7,
"249200260","£¥CKO                         ","2025","04","13","06",6.9,,,"8",,"W",,"8","ESE",,1,,0,,6,
"249200260","£¥CKO                         ","2025","04","13","12",20.2,,,"8","W","W",,"8","S  ",,2,,1,,7,
"249200260","£¥CKO                         ","2025","04","13","18",15.7,,,"8","W","W",,"8","SSW",,1,,8,,7,
"249200260","£¥CKO                         ","2025","04","14","06",11.0,,,"8","W","W",,"8","WSW",,1,,8,,7,
"249200260","£¥CKO                         ","2025","04","14","12",19.2,,,"8","W","W",,"8","SSW",,3,,2,,7,
"249200260","£¥CKO                         ","2025","04","14","18",13.5,,,"8","W","W",,"8","N  ",,1,,6,,6,
"249200260","£¥CKO                         ","2025","04","15","06",12.3,,,"8","W","W",,"8","WNW",,1,,8,,6,
"249200260","£¥CKO                         ","2025","04","15","12",14.3,,,"8","W","W",,"8","SE ",,3,,8,,7,
"249200260","£¥CKO                         ","2025","04","15","18",14.3,,,"8","W","W",,"8","NNW",,1,,7,,7,
"249200260","£¥CKO                         ","2025","04","16","06",16.2,,,"8","W","W",,"8","NNW",,1,,0,,7,
"249200260","£¥CKO                         ","2025","04","16","12",24.6,,,"8","W","W",,"8","S  ",,4,,0,,7,
"249200260","£¥CKO                         ","2025","04","16","18",20.0,,,"8","W","W",,"8","S  ",,4,,0,,7,
"249200260","£¥CKO                         ","2025","04","17","06",11.6,,,"8","W","W",,"8","C  ",,0,,6,,7,
"249200260","£¥CKO                         ","2025","04","17","12",26.4,,,"8","W","W",,"8","SSW",,3,,7,,7,
"249200260","£¥CKO                         ","2025","04","17","18",21.4,,,"8","W","W",,"8","ESE",,1,,7,,7,
"249200260","£¥CKO                         ","2025","04","18","06",14.1,,,"8","W","W",,"8","C  ",,0,,4,,7,
"249200260","£¥CKO                         ","2025","04","18","12",17.9,,,"8","W","W",,"8","W  ",,2,,2,,7,
"249200260","£¥CKO                         ","2025","04","18","18",14.3,,,"8","W","W",,"8","SSW",,2,,6,,7,
"249200260","£¥CKO                         ","2025","04","19","06",9.8,,,"8","W","W",,"8","W  ",,2,,1,,7,
"249200260","£¥CKO                         ","2025","04","19","12",17.8,,,"8","W","W",,"8","ENE",,2,,4,,7,
"249200260","£¥CKO                         ","2025","04","19","18",13.8,,,"8","W","W",,"8","C  ",,0,,0,,7,
"249200260","£¥CKO                         ","2025","04","20","06",9.6,,,"8","W","W",,"8","C  ",,0,,0,,7,
"249200260","£¥CKO                         ","2025","04","20","12",21.8,,,"8","W","W",,"8","S  ",,3,,0,,7,
"249200260","£¥CKO                         ","2025","04","20","18",18.0,,,"8","W","W",,"8","NNE",,1,,1,,7,
"249200260","£¥CKO                         ","2025","04","21","06",11.9,,,"8","W","W",,"8","WSW",,2,,1,,7,
"249200260","£¥CKO                         ","2025","04","21","12",23.2,,,"8","W","W",,"8","E  ",,2,,7,,7,
"249200260","£¥CKO                         ","2025","04","21","18",16.1,,,"8","W","W",,"8","N  ",,1,,2,,7,
"249200260","£¥CKO                         ","2025","04","22","06",12.5,,,"8","W","W",,"8","WSW",,2,,1,,7,
"249200260","£¥CKO                         ","2025","04","22","12",20.2,,,"8","W","W",,"8","N  ",,3,,1,,7,
"249200260","£¥CKO                         ","2025","04","22","18",15.5,,,"8","W","W",,"8","C  ",,0,,8,,6,
"249200260","£¥CKO                         ","2025","04","23","06",13.5,,,"8","W","W",,"8","SW ",,1,,2,,7,
"249200260","£¥CKO                         ","2025","04","23","12",20.8,,,"8","W","W",,"8","NE ",,3,,1,,7,
"249200260","£¥CKO                         ","2025","04","23","18",16.8,,,"8","W","W",,"8","NE ",,2,,1,,7,
"249200260","£¥CKO                         ","2025","04","24","06",14.1,,,"8","W","W",,"8","C  ",,0,,0,,7,
"249200260","£¥CKO                         ","2025","04","24","12",18.2,,,"8","W","W",,"8","SSW",,2,,7,,6,
"249200260","£¥CKO                         ","2025","04","24","18",14.1,,,"8","W","W",,"8","C  ",,0,,8,,6,
"249200260","£¥CKO                         ","2025","04","25","06",13.1,,,"8","W","W",,"8","SE ",,1,,8,,5,
"249200260","£¥CKO                         ","2025","04","25","12",15.1,,,"8","W","W",,"8","E  ",,2,,8,,6,
"249200260","£¥CKO                         ","2025","04","25","18",11.5,,,"8","W","W",,"8","E  ",,1,,8,,6,
"249200260","£¥CKO                         ","2025","04","26","06",7.7,,,"8",,"W",,"8","NNE",,2,,4,,6,
"249200260","£¥CKO                         ","2025","04","26","12",12.9,,,"8","W","W",,"8","NNE",,3,,1,,7,
"249200260","£¥CKO                         ","2025","04","26","18",7.7,,,"8",,"W",,"8","NE ",,1,,1,,7,
"249200260","£¥CKO                         ","2025","04","27","06",4.1,,,"8",,"W",,"8","C  ",,0,,0,,7,
"249200260","£¥CKO                         ","2025","04","27","12",12.9,,,"8","W","W",,"8","ENE",,3,,1,,7,
"249200260","£¥CKO                         ","2025","04","27","18",9.4,,,"8","W","W",,"8","NNE",,1,,0,,7,
"249200260","£¥CKO                         ","2025","04","28","06",5.7,,,"8",,"W",,"8","WSW",,1,,0,,7,
"249200260","£¥CKO                         ","2025","04","28","12",19.6,,,"8","W","W",,"8","ENE",,3,,0,,7,
"249200260","£¥CKO                         ","2025","04","28","18",14.5,,,"8","W","W",,"8","C  ",,0,,0,,7,
"249200260","£¥CKO                         ","2025","04","29","06",11.7,,,"8","W","W",,"8","W  ",,2,,0,,7,
"249200260","£¥CKO                         ","2025","04","29","12",21.4,,,"8","W","W",,"8","NNW",,1,,1,,7,
"249200260","£¥CKO                         ","2025","04","29","18",15.9,,,"8","W","W",,"8","C  ",,0,,2,,7,
"249200260","£¥CKO                         ","2025","04","30","06",12.9,,,"8","W","W",,"8","WNW",,1,,1,,7,
"249200260","£¥CKO                         ","2025","04","30","12",21.0,,,"8","W","W",,"8","NNW",,3,,2,,7,
"249200260","£¥CKO                         ","2025","04","30","18",15.5,,,"8","W","W",,"8","C  ",,0,,2,,7,
"249200370","KROŒCIENKO                    ","2025","04","01","06",5.3,,,"8",,"W",,"8","N  ",,1,,8,,6,
"249200370","KROŒCIENKO                    ","2025","04","01","12",6.0,,,"8",,"W",,"8","NNE",,1,,8,,6,
"249200370","KROŒCIENKO                    ","2025","04","01","18",6.8,,,"8",,"W",,"8","SW ",,1,,8,,6,
"249200370","KROŒCIENKO                    ","2025","04","02","06",6.8,,,"8",,"W",,"8","C  ",,0,,8,,6,
"249200370","KROŒCIENKO                    ","2025","04","02","12",10.8,,,"8","W","W",,"8","NW ",,3,,8,,6,
"249200370","KROŒCIENKO                    ","2025","04","02","18",8.8,,,"8","W","W",,"8","C  ",,0,,2,,6,
"249200370","KROŒCIENKO                    ","2025","04","03","06",0.4,,,"8",,"W",,"8","C  ",,0,,0,,6,
"249200370","KROŒCIENKO                    ","2025","04","03","12",14.2,,,"8","W","W",,"8","C  ",,0,,0,,6,
"249200370","KROŒCIENKO                    ","2025","04","03","18",8.0,,,"8",,"W",,"8","C  ",,0,,0,,6,
"249200370","KROŒCIENKO                    ","2025","04","04","06",1.2,,,"8",,"W",,"8","C  ",,0,,0,,6,
"249200370","KROŒCIENKO                    ","2025","04","04","12",17.7,,,"8","W","W",,"8","C  ",,0,,0,,6,
"249200370","KROŒCIENKO                    ","2025","04","04","18",11.0,,,"8","W","W",,"8","C  ",,0,,1,,6,
"249200370","KROŒCIENKO                    ","2025","04","05","06",5.8,,,"8",,"W",,"8","SSE",,1,,4,,6,
"249200370","KROŒCIENKO                    ","2025","04","05","12",7.5,,,"8",,"W",,"8","NNW",,6,,8,,6,
"249200370","KROŒCIENKO                    ","2025","04","05","18",0.4,,,"8",,"W",,"8","NNW",,6,,8,,6,
"249200370","KROŒCIENKO                    ","2025","04","06","06",-2.6,,,"8",,"W",,"8","NNW",,3,,8,,6,
"249200370","KROŒCIENKO                    ","2025","04","06","12",-1.2,,,"8",,"W",,"8","NNW",,4,,8,,6,
"249200370","KROŒCIENKO                    ","2025","04","06","18",-1.8,,,"8",,"W",,"8","W  ",,1,,8,,6,
"249200370","KROŒCIENKO                    ","2025","04","07","06",-2.2,,,"8",,"W",,"8","NW ",,2,,8,,6,
"249200370","KROŒCIENKO                    ","2025","04","07","12",1.4,,,"8",,"W",,"8","NNW",,3,,8,,6,
"249200370","KROŒCIENKO                    ","2025","04","07","18",1.5,,,"8",,"W",,"8","WSW",,4,,8,,6,
"249200370","KROŒCIENKO                    ","2025","04","08","06",2.2,,,"8",,"W",,"8","W  ",,3,,7,,6,
"249200370","KROŒCIENKO                    ","2025","04","08","12",4.0,,,"8",,"W",,"8","NNW",,3,,4,,6,
"249200370","KROŒCIENKO                    ","2025","04","08","18",4.0,,,"8",,"W",,"8","WNW",,2,,7,,6,
"249200370","KROŒCIENKO                    ","2025","04","09","06",1.2,,,"8",,"W",,"8","WNW",,3,,1,,6,
"249200370","KROŒCIENKO                    ","2025","04","09","12",8.6,,,"8","W","W",,"8","N  ",,5,,5,,6,
"249200370","KROŒCIENKO                    ","2025","04","09","18",7.0,,,"8",,"W",,"8","NW ",,4,,7,,6,
"249200370","KROŒCIENKO                    ","2025","04","10","06",0.2,,,"8",,"W",,"8","NNW",,6,,8,,6,
"249200370","KROŒCIENKO                    ","2025","04","10","12",3.0,,,"8",,"W",,"8","NNW",,6,,8,,6,
"249200370","KROŒCIENKO                    ","2025","04","10","18",2.1,,,"8",,"W",,"8","WNW",,3,,7,,6,
"249200370","KROŒCIENKO                    ","2025","04","11","06",6.2,,,"8",,"W",,"8","SE ",,2,,8,,6,
"249200370","KROŒCIENKO                    ","2025","04","11","12",6.2,,,"8",,"W",,"8","W  ",,5,,8,,6,
"249200370","KROŒCIENKO                    ","2025","04","11","18",4.0,,,"8",,"W",,"8","W  ",,4,,8,,6,
"249200370","KROŒCIENKO                    ","2025","04","12","06",5.4,,,"8",,"W",,"8","C  ",,0,,8,,6,
"249200370","KROŒCIENKO                    ","2025","04","12","12",13.4,,,"8","W","W",,"8","NW ",,3,,4,,6,
"249200370","KROŒCIENKO                    ","2025","04","12","18",9.2,,,"8","W","W",,"8","C  ",,0,,0,,6,
"249200370","KROŒCIENKO                    ","2025","04","13","06",5.4,,,"8",,"W",,"8","C  ",,0,,0,,6,
"249200370","KROŒCIENKO                    ","2025","04","13","12",19.4,,,"8","W","W",,"8","SSE",,4,,0,,6,
"249200370","KROŒCIENKO                    ","2025","04","13","18",15.0,,,"8","W","W",,"8","SSE",,3,,4,,6,
"249200370","KROŒCIENKO                    ","2025","04","14","06",14.0,,,"8","W","W",,"8","SSW",,1,,8,,6,
"249200370","KROŒCIENKO                    ","2025","04","14","12",17.4,,,"8","W","W",,"8","SE ",,3,,8,,6,
"249200370","KROŒCIENKO                    ","2025","04","14","18",13.3,,,"8","W","W",,"8","SE ",,3,,8,,6,
"249200370","KROŒCIENKO                    ","2025","04","15","06",11.2,,,"8","W","W",,"8","SSE",,3,,8,,6,
"249200370","KROŒCIENKO                    ","2025","04","15","12",13.8,,,"8","W","W",,"8","SSE",,3,,8,,6,
"249200370","KROŒCIENKO                    ","2025","04","15","18",13.2,,,"8","W","W",,"8","SE ",,6,,5,,6,
"249200370","KROŒCIENKO                    ","2025","04","16","06",16.2,,,"8","W","W",,"8","SE ",,3,,0,,6,
"249200370","KROŒCIENKO                    ","2025","04","16","12",23.8,,,"8","W","W",,"8","SSE",,4,,0,,6,
"249200370","KROŒCIENKO                    ","2025","04","16","18",19.3,,,"8","W","W",,"8","SE ",,4,,0,,6,
"249200370","KROŒCIENKO                    ","2025","04","17","06",17.8,,,"8","W","W",,"8","SSE",,4,,8,,6,
"249200370","KROŒCIENKO                    ","2025","04","17","12",25.3,,,"8","W","W",,"8","SSE",,3,,2,,6,
"249200370","KROŒCIENKO                    ","2025","04","17","18",20.0,,,"8","W","W",,"8","SSE",,1,,4,,6,
"249200370","KROŒCIENKO                    ","2025","04","18","06",16.8,,,"8","W","W",,"8","S  ",,1,,8,,6,
"249200370","KROŒCIENKO                    ","2025","04","18","12",16.9,,,"8","W","W",,"8","S  ",,3,,8,,6,
"249200370","KROŒCIENKO                    ","2025","04","18","18",13.1,,,"8","W","W",,"8","SSE",,2,,7,,6,
"249200370","KROŒCIENKO                    ","2025","04","19","06",7.4,,,"8",,"W",,"8","C  ",,0,,8,,6,
"249200370","KROŒCIENKO                    ","2025","04","19","12",17.9,,,"8","W","W",,"8","C  ",,0,,2,,6,
"249200370","KROŒCIENKO                    ","2025","04","19","18",15.0,,,"8","W","W",,"8","SSE",,3,,0,,6,
"249200370","KROŒCIENKO                    ","2025","04","20","06",8.1,,,"8","W","W",,"8","C  ",,0,,8,,6,
"249200370","KROŒCIENKO                    ","2025","04","20","12",21.0,,,"8","W","W",,"8","SSE",,4,,0,,6,
"249200370","KROŒCIENKO                    ","2025","04","20","18",17.0,,,"8","W","W",,"8","SSE",,2,,0,,6,
"249200370","KROŒCIENKO                    ","2025","04","21","06",10.6,,,"8","W","W",,"8","C  ",,0,,1,,6,
"249200370","KROŒCIENKO                    ","2025","04","21","12",22.5,,,"8","W","W",,"8","SE ",,1,,0,,6,
"249200370","KROŒCIENKO                    ","2025","04","21","18",16.4,,,"8","W","W",,"8","C  ",,0,,0,,6,
"249200370","KROŒCIENKO                    ","2025","04","22","06",12.8,,,"8","W","W",,"8","C  ",,0,,8,,6,
"249200370","KROŒCIENKO                    ","2025","04","22","12",19.7,,,"8","W","W",,"8","NNW",,3,,2,,6,
"249200370","KROŒCIENKO                    ","2025","04","22","18",16.2,,,"8","W","W",,"8","C  ",,0,,3,,6,
"249200370","KROŒCIENKO                    ","2025","04","23","06",13.0,,,"8","W","W",,"8","C  ",,0,,6,,6,
"249200370","KROŒCIENKO                    ","2025","04","23","12",21.5,,,"8","W","W",,"8","NNW",,4,,2,,6,
"249200370","KROŒCIENKO                    ","2025","04","23","18",14.7,,,"8","W","W",,"8","C  ",,0,,4,,6,
"249200370","KROŒCIENKO                    ","2025","04","24","06",12.3,,,"8","W","W",,"8","ESE",,1,,6,,6,
"249200370","KROŒCIENKO                    ","2025","04","24","12",14.6,,,"8","W","W",,"8","WSW",,1,,8,,6,
"249200370","KROŒCIENKO                    ","2025","04","24","18",13.6,,,"8","W","W",,"8","C  ",,0,,8,,6,
"249200370","KROŒCIENKO                    ","2025","04","25","06",12.4,,,"8","W","W",,"8","C  ",,0,,8,,6,
"249200370","KROŒCIENKO                    ","2025","04","25","12",15.5,,,"8","W","W",,"8","NNW",,3,,7,,6,
"249200370","KROŒCIENKO                    ","2025","04","25","18",12.0,,,"8","W","W",,"8","NNE",,1,,8,,6,
"249200370","KROŒCIENKO                    ","2025","04","26","06",7.4,,,"8",,"W",,"8","NE ",,1,,8,,6,
"249200370","KROŒCIENKO                    ","2025","04","26","12",13.0,,,"8","W","W",,"8","N  ",,2,,4,,6,
"249200370","KROŒCIENKO                    ","2025","04","26","18",8.0,,,"8",,"W",,"8","C  ",,0,,4,,6,
"249200370","KROŒCIENKO                    ","2025","04","27","06",2.2,,,"8",,"W",,"8","C  ",,0,,0,,6,
"249200370","KROŒCIENKO                    ","2025","04","27","12",12.6,,,"8","W","W",,"8","NNW",,6,,0,,6,
"249200370","KROŒCIENKO                    ","2025","04","27","18",9.5,,,"8","W","W",,"8","C  ",,0,,0,,6,
"249200370","KROŒCIENKO                    ","2025","04","28","06",4.6,,,"8",,"W",,"8","C  ",,0,,0,,6,
"249200370","KROŒCIENKO                    ","2025","04","28","12",20.1,,,"8","W","W",,"8","SSW",,1,,0,,6,
"249200370","KROŒCIENKO                    ","2025","04","28","18",13.7,,,"8","W","W",,"8","C  ",,0,,0,,6,
"249200370","KROŒCIENKO                    ","2025","04","29","06",9.2,,,"8","W","W",,"8","C  ",,0,,0,,6,
"249200370","KROŒCIENKO                    ","2025","04","29","12",21.5,,,"8","W","W",,"8","C  ",,0,,0,,6,
"249200370","KROŒCIENKO                    ","2025","04","29","18",15.9,,,"8","W","W",,"8","C  ",,0,,0,,6,
"249200370","KROŒCIENKO                    ","2025","04","30","06",11.8,,,"8","W","W",,"8","C  ",,0,,1,,6,
"249200370","KROŒCIENKO                    ","2025","04","30","12",19.3,,,"8","W","W",,"8","C  ",,0,,2,,6,
"249200370","KROŒCIENKO                    ","2025","04","30","18",14.7,,,"8","W","W",,"8","C  ",,0,,0,,6,
"249200420","NIEDZICA                      ","2025","04","01","06",5.0,,,"8",,"W",,"8","C  ",,0,,8,,7,
"249200420","NIEDZICA                      ","2025","04","01","12",6.3,,,"8",,"W",,"8","C  ",,0,,8,,7,
"249200420","NIEDZICA                      ","2025","04","01","18",5.7,,,"8",,"W",,"8","C  ",,0,,8,,7,
"249200420","NIEDZICA                      ","2025","04","02","06",6.1,,,"8",,"W",,"8","C  ",,0,,8,,7,
"249200420","NIEDZICA                      ","2025","04","02","12",9.9,,,"8","W","W",,"8","SW ",,1,,8,,7,
"249200420","NIEDZICA                      ","2025","04","02","18",8.4,,,"8","W","W",,"8","WNW",,1,,4,,8,
"249200420","NIEDZICA                      ","2025","04","03","06",0.6,,,"8",,"W",,"8","C  ",,0,,8,,4,
"249200420","NIEDZICA                      ","2025","04","03","12",14.2,,,"8","W","W",,"8","ESE",,2,,3,,8,
"249200420","NIEDZICA                      ","2025","04","03","18",9.6,,,"8","W","W",,"8","C  ",,0,,2,,8,
"249200420","NIEDZICA                      ","2025","04","04","06",1.0,,,"8",,"W",,"8","C  ",,0,,4,,8,
"249200420","NIEDZICA                      ","2025","04","04","12",16.3,,,"8","W","W",,"8","E  ",,1,,5,,8,
"249200420","NIEDZICA                      ","2025","04","04","18",11.7,,,"8","W","W",,"8","W  ",,1,,3,,8,
"249200420","NIEDZICA                      ","2025","04","05","06",4.2,,,"8",,"W",,"8","C  ",,0,,4,,8,
"249200420","NIEDZICA                      ","2025","04","05","12",6.9,,,"8",,"W",,"8","SSE",,2,,6,,8,
"249200420","NIEDZICA                      ","2025","04","05","18",0.3,,,"8",,"W",,"8","SSW",,2,,8,,8,
"249200420","NIEDZICA                      ","2025","04","06","06",-3.1,,,"8",,"W",,"8","WSW",,2,,8,,7,
"249200420","NIEDZICA                      ","2025","04","06","12",-2.0,,,"8",,"W",,"8","WSW",,3,,8,,7,
"249200420","NIEDZICA                      ","2025","04","06","18",-2.6,,,"8",,"W",,"8","W  ",,1,,8,,7,
"249200420","NIEDZICA                      ","2025","04","07","06",-2.7,,,"8",,"W",,"8","WSW",,1,,8,,7,
"249200420","NIEDZICA                      ","2025","04","07","12",1.8,,,"8",,"W",,"8","W  ",,3,,8,,7,
"249200420","NIEDZICA                      ","2025","04","07","18",0.4,,,"8",,"W",,"8","C  ",,0,,5,,7,
"249200420","NIEDZICA                      ","2025","04","08","06",1.4,,,"8",,"W",,"8","W  ",,1,,8,,7,
"249200420","NIEDZICA                      ","2025","04","08","12",4.4,,,"8",,"W",,"8","W  ",,1,,6,,8,
"249200420","NIEDZICA                      ","2025","04","08","18",3.6,,,"8",,"W",,"8","W  ",,1,,6,,8,
"249200420","NIEDZICA                      ","2025","04","09","06",2.4,,,"8",,"W",,"8","W  ",,1,,3,,8,
"249200420","NIEDZICA                      ","2025","04","09","12",8.6,,,"8","W","W",,"8","WSW",,3,,5,,8,
"249200420","NIEDZICA                      ","2025","04","09","18",5.6,,,"8",,"W",,"8","C  ",,0,,6,,8,
"249200420","NIEDZICA                      ","2025","04","10","06",-0.4,,,"8",,"W",,"8","WSW",,3,,8,,7,
"249200420","NIEDZICA                      ","2025","04","10","12",2.0,,,"8",,"W",,"8","SSW",,2,,5,,8,
"249200420","NIEDZICA                      ","2025","04","10","18",0.4,,,"8",,"W",,"8","C  ",,0,,4,,8,
"249200420","NIEDZICA                      ","2025","04","11","06",5.0,,,"8",,"W",,"8","W  ",,1,,5,,7,
"249200420","NIEDZICA                      ","2025","04","11","12",5.7,,,"8",,"W",,"8","WSW",,2,,8,,7,
"249200420","NIEDZICA                      ","2025","04","11","18",2.6,,,"8",,"W",,"8","NW ",,1,,8,,7,
"249200420","NIEDZICA                      ","2025","04","12","06",5.3,,,"8",,"W",,"8","C  ",,0,,6,,7,
"249200420","NIEDZICA                      ","2025","04","12","12",12.7,,,"8","W","W",,"8","ESE",,1,,3,,8,
"249200420","NIEDZICA                      ","2025","04","12","18",9.6,,,"8","W","W",,"8","C  ",,0,,3,,8,
"249200420","NIEDZICA                      ","2025","04","13","06",2.2,,,"8",,"W",,"8","C  ",,0,,8,,3,
"249200420","NIEDZICA                      ","2025","04","13","12",18.7,,,"8","W","W",,"8","ESE",,4,,5,,8,
"249200420","NIEDZICA                      ","2025","04","13","18",13.9,,,"8","W","W",,"8","ESE",,1,,8,,8,
"249200420","NIEDZICA                      ","2025","04","14","06",9.0,,,"8","W","W",,"8","C  ",,0,,8,,7,
"249200420","NIEDZICA                      ","2025","04","14","12",16.1,,,"8","W","W",,"8","ESE",,4,,6,,8,
"249200420","NIEDZICA                      ","2025","04","14","18",12.3,,,"8","W","W",,"8","ESE",,3,,8,,8,
"249200420","NIEDZICA                      ","2025","04","15","06",10.4,,,"8","W","W",,"8","E  ",,5,,8,,7,
"249200420","NIEDZICA                      ","2025","04","15","12",13.2,,,"8","W","W",,"8","SE ",,5,,8,,8,
"249200420","NIEDZICA                      ","2025","04","15","18",12.6,,,"8","W","W",,"8","SE ",,5,,6,,8,
"249200420","NIEDZICA                      ","2025","04","16","06",15.2,,,"8","W","W",,"8","SE ",,3,,2,,8,
"249200420","NIEDZICA                      ","2025","04","16","12",22.6,,,"8","W","W",,"8","ESE",,5,,3,,8,
"249200420","NIEDZICA                      ","2025","04","16","18",18.0,,,"8","W","W",,"8","SE ",,4,,2,,8,
"249200420","NIEDZICA                      ","2025","04","17","06",15.7,,,"8","W","W",,"8","ESE",,4,,6,,8,
"249200420","NIEDZICA                      ","2025","04","17","12",24.1,,,"8","W","W",,"8","SE ",,6,,4,,8,
"249200420","NIEDZICA                      ","2025","04","17","18",20.7,,,"8","W","W",,"8","SSE",,2,,6,,8,
"249200420","NIEDZICA                      ","2025","04","18","06",16.2,,,"8","W","W",,"8","SE ",,3,,5,,8,
"249200420","NIEDZICA                      ","2025","04","18","12",16.0,,,"8","W","W",,"8","ESE",,2,,6,,8,
"249200420","NIEDZICA                      ","2025","04","18","18",12.3,,,"8","W","W",,"8","ESE",,1,,4,,8,
"249200420","NIEDZICA                      ","2025","04","19","06",5.5,,,"8",,"W",,"8","ESE",,1,,8,,4,
"249200420","NIEDZICA                      ","2025","04","19","12",17.2,,,"8","W","W",,"8","ESE",,1,,3,,8,
"249200420","NIEDZICA                      ","2025","04","19","18",14.8,,,"8","W","W",,"8","C  ",,0,,3,,8,
"249200420","NIEDZICA                      ","2025","04","20","06",6.6,,,"8",,"W",,"8","C  ",,0,,1,,8,
"249200420","NIEDZICA                      ","2025","04","20","12",20.0,,,"8","W","W",,"8","SE ",,5,,3,,8,
"249200420","NIEDZICA                      ","2025","04","20","18",15.9,,,"8","W","W",,"8","E  ",,1,,3,,8,
"249200420","NIEDZICA                      ","2025","04","21","06",8.2,,,"8","W","W",,"8","C  ",,0,,3,,8,
"249200420","NIEDZICA                      ","2025","04","21","12",21.4,,,"8","W","W",,"8","SSE",,1,,5,,8,
"249200420","NIEDZICA                      ","2025","04","21","18",18.4,,,"8","W","W",,"8","C  ",,0,,3,,8,
"249200420","NIEDZICA                      ","2025","04","22","06",10.3,,,"8","W","W",,"8","ENE",,1,,1,,8,
"249200420","NIEDZICA                      ","2025","04","22","12",18.8,,,"8","W","W",,"8","SSE",,1,,6,,8,
"249200420","NIEDZICA                      ","2025","04","22","18",15.7,,,"8","W","W",,"8","C  ",,0,,8,,7,
"249200420","NIEDZICA                      ","2025","04","23","06",10.2,,,"8","W","W",,"8","C  ",,0,,5,,7,
"249200420","NIEDZICA                      ","2025","04","23","12",20.6,,,"8","W","W",,"8","E  ",,2,,7,,8,
"249200420","NIEDZICA                      ","2025","04","23","18",13.8,,,"8","W","W",,"8","C  ",,0,,4,,8,
"249200420","NIEDZICA                      ","2025","04","24","06",9.4,,,"8","W","W",,"8","C  ",,0,,5,,7,
"249200420","NIEDZICA                      ","2025","04","24","12",16.3,,,"8","W","W",,"8","NE ",,2,,6,,7,
"249200420","NIEDZICA                      ","2025","04","24","18",13.4,,,"8","W","W",,"8","C  ",,0,,7,,7,
"249200420","NIEDZICA                      ","2025","04","25","06",12.3,,,"8","W","W",,"8","C  ",,0,,8,,6,
"249200420","NIEDZICA                      ","2025","04","25","12",14.3,,,"8","W","W",,"8","C  ",,0,,8,,7,
"249200420","NIEDZICA                      ","2025","04","25","18",10.7,,,"8","W","W",,"8","ENE",,1,,8,,7,
"249200420","NIEDZICA                      ","2025","04","26","06",7.8,,,"8",,"W",,"8","E  ",,1,,5,,8,
"249200420","NIEDZICA                      ","2025","04","26","12",12.0,,,"8","W","W",,"8","E  ",,4,,3,,8,
"249200420","NIEDZICA                      ","2025","04","26","18",7.4,,,"8",,"W",,"8","C  ",,0,,2,,8,
"249200420","NIEDZICA                      ","2025","04","27","06",2.0,,,"8",,"W",,"8","C  ",,0,,2,,8,
"249200420","NIEDZICA                      ","2025","04","27","12",12.7,,,"8","W","W",,"8","E  ",,3,,3,,8,
"249200420","NIEDZICA                      ","2025","04","27","18",10.2,,,"8","W","W",,"8","ENE",,2,,2,,8,
"249200420","NIEDZICA                      ","2025","04","28","06",2.6,,,"8",,"W",,"8","C  ",,0,,1,,8,
"249200420","NIEDZICA                      ","2025","04","28","12",18.3,,,"8","W","W",,"8","C  ",,0,,2,,8,
"249200420","NIEDZICA                      ","2025","04","28","18",15.9,,,"8","W","W",,"8","ENE",,2,,0,,8,
"249200420","NIEDZICA                      ","2025","04","29","06",7.0,,,"8",,"W",,"8","C  ",,0,,2,,8,
"249200420","NIEDZICA                      ","2025","04","29","12",21.6,,,"8","W","W",,"8","SW ",,1,,3,,8,
"249200420","NIEDZICA                      ","2025","04","29","18",15.7,,,"8","W","W",,"8","C  ",,0,,3,,8,
"249200420","NIEDZICA                      ","2025","04","30","06",8.9,,,"8","W","W",,"8","C  ",,0,,4,,8,
"249200420","NIEDZICA                      ","2025","04","30","12",21.1,,,"8","W","W",,"8","WSW",,2,,3,,8,
"249200420","NIEDZICA                      ","2025","04","30","18",14.9,,,"8","W","W",,"8","C  ",,0,,3,,8,
"249200480","BUKOWINA TATRZAÑSKA           ","2025","04","01","06",1.8,,,"8",,"N",,"8","WNW",,1,,8,,5,
"249200480","BUKOWINA TATRZAÑSKA           ","2025","04","01","12",3.0,,,"8",,"N",,"8","NNW",,1,,8,,5,
"249200480","BUKOWINA TATRZAÑSKA           ","2025","04","01","18",3.4,,,"8",,"N",,"8","WNW",,1,,8,,5,
"249200480","BUKOWINA TATRZAÑSKA           ","2025","04","02","06",3.6,,,"8",,"N",,"8","C  ",,0,,8,,5,
"249200480","BUKOWINA TATRZAÑSKA           ","2025","04","02","12",6.0,,,"8","W","N",,"8","C  ",,0,,8,,5,
"249200480","BUKOWINA TATRZAÑSKA           ","2025","04","02","18",7.5,,,"8","W","N",,"8","NE ",,2,,6,,5,
"249200480","BUKOWINA TATRZAÑSKA           ","2025","04","03","06",5.7,,,"8","W","N",,"8","ESE",,1,,1,,7,
"249200480","BUKOWINA TATRZAÑSKA           ","2025","04","03","12",11.4,,,"8","W","N",,"8","E  ",,1,,1,,7,
"249200480","BUKOWINA TATRZAÑSKA           ","2025","04","03","18",7.6,,,"8","W","N",,"8","C  ",,0,,1,,7,
"249200480","BUKOWINA TATRZAÑSKA           ","2025","04","04","06",5.6,,,"8","W","N",,"8","C  ",,0,,6,,5,
"249200480","BUKOWINA TATRZAÑSKA           ","2025","04","04","12",13.0,,,"8","W","N",,"8","ENE",,1,,6,,5,
"249200480","BUKOWINA TATRZAÑSKA           ","2025","04","04","18",10.4,,,"8","W","N",,"8","C  ",,0,,3,,5,
"249200480","BUKOWINA TATRZAÑSKA           ","2025","04","05","06",8.2,,,"8","W","N",,"8","W  ",,2,,5,,7,
"249200480","BUKOWINA TATRZAÑSKA           ","2025","04","05","12",4.0,,,"8",,"N",,"8","NNW",,5,,8,,7,
"249200480","BUKOWINA TATRZAÑSKA           ","2025","04","05","18",-2.2,,,"8",,"N",,"8","NW ",,4,,8,,7,
"249200480","BUKOWINA TATRZAÑSKA           ","2025","04","06","06",-6.3,,,"8",,"N",,"8","W  ",,3,,8,,5,
"249200480","BUKOWINA TATRZAÑSKA           ","2025","04","06","12",-5.6,,,"8",,"N",,"8","NW ",,4,,8,,5,
"249200480","BUKOWINA TATRZAÑSKA           ","2025","04","06","18",-5.9,,,"8",,"N",,"8","WSW",,3,,8,,5,
"249200480","BUKOWINA TATRZAÑSKA           ","2025","04","07","06",-6.3,,,"8",,"N",,"8","NW ",,3,,8,,5,
"249200480","BUKOWINA TATRZAÑSKA           ","2025","04","07","12",-3.3,,,"8",,"N",,"8","NW ",,3,,8,,5,
"249200480","BUKOWINA TATRZAÑSKA           ","2025","04","07","18",-3.1,,,"8",,"N",,"8","WSW",,3,,8,,5,
"249200480","BUKOWINA TATRZAÑSKA           ","2025","04","08","06",-1.4,,,"8",,"N",,"8","WNW",,3,,8,,5,
"249200480","BUKOWINA TATRZAÑSKA           ","2025","04","08","12",1.0,,,"8",,"N",,"8","NNW",,4,,7,,5,
"249200480","BUKOWINA TATRZAÑSKA           ","2025","04","08","18",0.2,,,"8",,"N",,"8","WNW",,3,,7,,5,
"249200480","BUKOWINA TATRZAÑSKA           ","2025","04","09","06",-0.1,,,"8",,"N",,"8","W  ",,3,,3,,7,
"249200480","BUKOWINA TATRZAÑSKA           ","2025","04","09","12",4.2,,,"8",,"N",,"8","WNW",,2,,4,,7,
"249200480","BUKOWINA TATRZAÑSKA           ","2025","04","09","18",3.2,,,"8",,"N",,"8","WNW",,3,,7,,7,
"249200480","BUKOWINA TATRZAÑSKA           ","2025","04","10","06",-3.1,,,"8",,"N",,"8","NW ",,5,,8,,5,
"249200480","BUKOWINA TATRZAÑSKA           ","2025","04","10","12",-1.7,,,"8",,"N",,"8","NNW",,5,,6,,5,
"249200480","BUKOWINA TATRZAÑSKA           ","2025","04","10","18",-1.2,,,"8",,"N",,"8","W  ",,2,,7,,5,
"249200480","BUKOWINA TATRZAÑSKA           ","2025","04","11","06",3.8,,,"8",,"N",,"8","W  ",,5,,7,,5,
"249200480","BUKOWINA TATRZAÑSKA           ","2025","04","11","12",3.0,,,"8",,"N",,"8","WNW",,6,,8,,5,
"249200480","BUKOWINA TATRZAÑSKA           ","2025","04","11","18",0.4,,,"8",,"N",,"8","W  ",,3,,8,,5,
"249200480","BUKOWINA TATRZAÑSKA           ","2025","04","12","06",1.8,,,"8",,"N",,"8","W  ",,3,,8,,5,
"249200480","BUKOWINA TATRZAÑSKA           ","2025","04","12","12",10.0,,,"8","W","N",,"8","NW ",,1,,3,,5,
"249200480","BUKOWINA TATRZAÑSKA           ","2025","04","12","18",9.1,,,"8","W","N",,"8","C  ",,0,,3,,5,
"249200480","BUKOWINA TATRZAÑSKA           ","2025","04","13","06",5.4,,,"8","W","N",,"8","C  ",,0,,0,,7,
"249200480","BUKOWINA TATRZAÑSKA           ","2025","04","13","12",16.2,,,"8","W","N",,"8","W  ",,5,,3,,7,
"249200480","BUKOWINA TATRZAÑSKA           ","2025","04","13","18",11.4,,,"8","W","N",,"8","SW ",,1,,8,,7,
"249200480","BUKOWINA TATRZAÑSKA           ","2025","04","14","06",11.3,,,"8","W","N",,"8","SW ",,2,,8,,5,
"249200480","BUKOWINA TATRZAÑSKA           ","2025","04","14","12",14.3,,,"8","W","N",,"8","WNW",,4,,5,,5,
"249200480","BUKOWINA TATRZAÑSKA           ","2025","04","14","18",11.6,,,"8","W","N",,"8","C  ",,0,,8,,5,
"249200480","BUKOWINA TATRZAÑSKA           ","2025","04","15","06",7.6,,,"8","W","N",,"8","C  ",,0,,8,,5,
"249200480","BUKOWINA TATRZAÑSKA           ","2025","04","15","12",12.4,,,"8","W","N",,"8","C  ",,0,,8,,5,
"249200480","BUKOWINA TATRZAÑSKA           ","2025","04","15","18",11.2,,,"8","W","N",,"8","SSE",,3,,8,,5,
"249200480","BUKOWINA TATRZAÑSKA           ","2025","04","16","06",14.2,,,"8","W","N",,"8","WSW",,3,,2,,7,
"249200480","BUKOWINA TATRZAÑSKA           ","2025","04","16","12",19.3,,,"8","W","N",,"8","W  ",,4,,1,,7,
"249200480","BUKOWINA TATRZAÑSKA           ","2025","04","16","18",16.5,,,"8","W","N",,"8","C  ",,0,,1,,7,
"249200480","BUKOWINA TATRZAÑSKA           ","2025","04","17","06",16.6,,,"8","W","N",,"8","SSE",,1,,8,,5,
"249200480","BUKOWINA TATRZAÑSKA           ","2025","04","17","12",22.5,,,"8","W","N",,"8","SSW",,4,,3,,5,
"249200480","BUKOWINA TATRZAÑSKA           ","2025","04","17","18",17.5,,,"8","W","N",,"8","C  ",,0,,8,,5,
"249200480","BUKOWINA TATRZAÑSKA           ","2025","04","18","06",14.2,,,"8","W","N",,"8","N  ",,2,,8,,5,
"249200480","BUKOWINA TATRZAÑSKA           ","2025","04","18","12",14.4,,,"8","W","N",,"8","NW ",,1,,8,,5,
"249200480","BUKOWINA TATRZAÑSKA           ","2025","04","18","18",10.8,,,"8","W","N",,"8","SSW",,1,,6,,5,
"249200480","BUKOWINA TATRZAÑSKA           ","2025","04","19","06",6.2,,,"8","W","N",,"8","NNE",,2,,3,,7,
"249200480","BUKOWINA TATRZAÑSKA           ","2025","04","19","12",15.5,,,"8","W","N",,"8","NE ",,1,,5,,7,
"249200480","BUKOWINA TATRZAÑSKA           ","2025","04","19","18",11.5,,,"8","W","N",,"8","C  ",,0,,2,,7,
"249200480","BUKOWINA TATRZAÑSKA           ","2025","04","20","06",9.3,,,"8","W","N",,"8","C  ",,0,,1,,7,
"249200480","BUKOWINA TATRZAÑSKA           ","2025","04","20","12",16.3,,,"8","W","N",,"8","S  ",,3,,3,,7,
"249200480","BUKOWINA TATRZAÑSKA           ","2025","04","20","18",14.0,,,"8","W","N",,"8","C  ",,0,,2,,7,
"249200480","BUKOWINA TATRZAÑSKA           ","2025","04","21","06",12.5,,,"8","W","N",,"8","C  ",,0,,2,,7,
"249200480","BUKOWINA TATRZAÑSKA           ","2025","04","21","12",20.3,,,"8","W","N",,"8","E  ",,1,,5,,7,
"249200480","BUKOWINA TATRZAÑSKA           ","2025","04","21","18",15.3,,,"8","W","N",,"8","C  ",,0,,4,,7,
"249200480","BUKOWINA TATRZAÑSKA           ","2025","04","22","06",11.2,,,"8","W","N",,"8","WNW",,1,,1,,7,
"249200480","BUKOWINA TATRZAÑSKA           ","2025","04","22","12",15.5,,,"8","W","N",,"8","WSW",,1,,7,,7,
"249200480","BUKOWINA TATRZAÑSKA           ","2025","04","22","18",13.3,,,"8","W","N",,"8","WSW",,3,,8,,7,
"249200480","BUKOWINA TATRZAÑSKA           ","2025","04","23","06",9.4,,,"8","W","N",,"8","C  ",,0,,3,,7,
"249200480","BUKOWINA TATRZAÑSKA           ","2025","04","23","12",17.6,,,"8","W","N",,"8","NNE",,3,,3,,7,
"249200480","BUKOWINA TATRZAÑSKA           ","2025","04","23","18",12.0,,,"8","W","N",,"8","C  ",,0,,4,,7,
"249200480","BUKOWINA TATRZAÑSKA           ","2025","04","24","06",12.0,,,"8","W","N",,"8","N  ",,1,,8,,5,
"249200480","BUKOWINA TATRZAÑSKA           ","2025","04","24","12",11.3,,,"8","W","N",,"8","SW ",,3,,8,,5,
"249200480","BUKOWINA TATRZAÑSKA           ","2025","04","24","18",12.2,,,"8","W","N",,"8","NNW",,4,,8,,5,
"249200480","BUKOWINA TATRZAÑSKA           ","2025","04","25","06",9.8,,,"8","W","N",,"8","C  ",,0,,8,,5,
"249200480","BUKOWINA TATRZAÑSKA           ","2025","04","25","12",10.8,,,"8","W","N",,"8","N  ",,2,,8,,5,
"249200480","BUKOWINA TATRZAÑSKA           ","2025","04","25","18",8.7,,,"8","W","N",,"8","NE ",,1,,8,,5,
"249200480","BUKOWINA TATRZAÑSKA           ","2025","04","26","06",5.0,,,"8",,"N",,"8","ENE",,1,,3,,7,
"249200480","BUKOWINA TATRZAÑSKA           ","2025","04","26","12",10.2,,,"8","W","N",,"8","ENE",,2,,2,,7,
"249200480","BUKOWINA TATRZAÑSKA           ","2025","04","26","18",6.1,,,"8","W","N",,"8","NE ",,1,,1,,7,
"249200480","BUKOWINA TATRZAÑSKA           ","2025","04","27","06",3.5,,,"8",,"N",,"8","ESE",,2,,1,,7,
"249200480","BUKOWINA TATRZAÑSKA           ","2025","04","27","12",11.0,,,"8","W","N",,"8","NNE",,3,,0,,7,
"249200480","BUKOWINA TATRZAÑSKA           ","2025","04","27","18",6.9,,,"8","W","N",,"8","C  ",,0,,1,,7,
"249200480","BUKOWINA TATRZAÑSKA           ","2025","04","28","06",9.5,,,"8","W","N",,"8","W  ",,1,,0,,7,
"249200480","BUKOWINA TATRZAÑSKA           ","2025","04","28","12",15.5,,,"8","W","N",,"8","ENE",,1,,1,,7,
"249200480","BUKOWINA TATRZAÑSKA           ","2025","04","28","18",14.1,,,"8","W","N",,"8","C  ",,0,,1,,7,
"249200480","BUKOWINA TATRZAÑSKA           ","2025","04","29","06",11.7,,,"8","W","N",,"8","W  ",,2,,0,,7,
"249200480","BUKOWINA TATRZAÑSKA           ","2025","04","29","12",16.8,,,"8","W","N",,"8","WNW",,2,,3,,7,
"249200480","BUKOWINA TATRZAÑSKA           ","2025","04","29","18",14.0,,,"8","W","N",,"8","WNW",,1,,4,,7,
"249200480","BUKOWINA TATRZAÑSKA           ","2025","04","30","06",11.3,,,"8","W","N",,"8","W  ",,1,,5,,7,
"249200480","BUKOWINA TATRZAÑSKA           ","2025","04","30","12",16.3,,,"8","W","N",,"8","NW ",,4,,5,,7,
"249200480","BUKOWINA TATRZAÑSKA           ","2025","04","30","18",13.8,,,"8","W","N",,"8","WNW",,2,,3,,7,
"249200550","DOLINA PIÊCIU STAWÓW          ","2025","04","01","06",-2.8,,,"8",,"N",,"8","WNW",,1,,8,,3,
"249200550","DOLINA PIÊCIU STAWÓW          ","2025","04","01","12",-0.4,,,"8",,"N",,"8","NNW",,1,,8,,3,
"249200550","DOLINA PIÊCIU STAWÓW          ","2025","04","01","18",-0.8,,,"8",,"N",,"8","WNW",,1,,8,,6,
"249200550","DOLINA PIÊCIU STAWÓW          ","2025","04","02","06",-1.2,,,"8",,"N",,"8","C  ",,0,,8,,3,
"249200550","DOLINA PIÊCIU STAWÓW          ","2025","04","02","12",-1.7,,,"8",,"N",,"8","C  ",,0,,8,,6,
"249200550","DOLINA PIÊCIU STAWÓW          ","2025","04","02","18",0.4,,,"8",,"N",,"8","NE ",,2,,8,,7,
"249200550","DOLINA PIÊCIU STAWÓW          ","2025","04","03","06",-0.1,,,"8",,"N",,"8","ESE",,1,,1,,8,
"249200550","DOLINA PIÊCIU STAWÓW          ","2025","04","03","12",2.4,,,"8",,"N",,"8","E  ",,1,,1,,8,
"249200550","DOLINA PIÊCIU STAWÓW          ","2025","04","03","18",0.8,,,"8",,"N",,"8","C  ",,0,,3,,8,
"249200550","DOLINA PIÊCIU STAWÓW          ","2025","04","04","06",2.3,,,"8",,"N",,"8","C  ",,0,,3,,8,
"249200550","DOLINA PIÊCIU STAWÓW          ","2025","04","04","12",7.5,,,"8","W","N",,"8","ENE",,1,,4,,8,
"249200550","DOLINA PIÊCIU STAWÓW          ","2025","04","04","18",4.2,,,"8",,"N",,"8","C  ",,0,,3,,8,
"249200550","DOLINA PIÊCIU STAWÓW          ","2025","04","05","06",3.2,,,"8",,"N",,"8","W  ",,2,,7,,8,
"249200550","DOLINA PIÊCIU STAWÓW          ","2025","04","05","12",-1.1,,,"8",,"N",,"8","NNW",,5,,8,,3,
"249200550","DOLINA PIÊCIU STAWÓW          ","2025","04","05","18",-7.2,,,"8",,"N",,"8","NW ",,4,,8,,3,
"249200550","DOLINA PIÊCIU STAWÓW          ","2025","04","06","06",-11.8,,,"8","L","N",,"8","W  ",,3,,8,,4,
"249200550","DOLINA PIÊCIU STAWÓW          ","2025","04","06","12",-10.7,,,"8","L","N",,"8","NW ",,4,,8,,4,
"249200550","DOLINA PIÊCIU STAWÓW          ","2025","04","06","18",-11.6,,,"8","L","N",,"8","WSW",,3,,8,,4,
"249200550","DOLINA PIÊCIU STAWÓW          ","2025","04","07","06",-12.2,,,"8","L","N",,"8","NW ",,3,,8,,4,
"249200550","DOLINA PIÊCIU STAWÓW          ","2025","04","07","12",-9.8,,,"8",,"N",,"8","NW ",,3,,8,,6,
"249200550","DOLINA PIÊCIU STAWÓW          ","2025","04","07","18",-8.6,,,"8",,"N",,"8","WSW",,3,,8,,5,
"249200550","DOLINA PIÊCIU STAWÓW          ","2025","04","08","06",-6.8,,,"8",,"N",,"8","WNW",,3,,8,,5,
"249200550","DOLINA PIÊCIU STAWÓW          ","2025","04","08","12",-6.2,,,"8",,"N",,"8","NNW",,4,,8,,5,
"249200550","DOLINA PIÊCIU STAWÓW          ","2025","04","08","18",-6.6,,,"8",,"N",,"8","WNW",,3,,7,,6,
"249200550","DOLINA PIÊCIU STAWÓW          ","2025","04","09","06",-6.8,,,"8",,"N",,"8","W  ",,3,,4,,8,
"249200550","DOLINA PIÊCIU STAWÓW          ","2025","04","09","12",-3.0,,,"8",,"N",,"8","WNW",,2,,5,,8,
"249200550","DOLINA PIÊCIU STAWÓW          ","2025","04","09","18",-3.6,,,"8",,"N",,"8","WNW",,3,,7,,8,
"249200550","DOLINA PIÊCIU STAWÓW          ","2025","04","10","06",-9.2,,,"8",,"N",,"8","NW ",,5,,8,,5,
"249200550","DOLINA PIÊCIU STAWÓW          ","2025","04","10","12",-9.0,,,"8",,"N",,"8","NNW",,5,,8,,6,
"249200550","DOLINA PIÊCIU STAWÓW          ","2025","04","10","18",-8.4,,,"8",,"N",,"8","W  ",,2,,8,,7,
"249200550","DOLINA PIÊCIU STAWÓW          ","2025","04","11","06",-1.0,,,"8",,"N",,"8","W  ",,5,,5,,7,
"249200550","DOLINA PIÊCIU STAWÓW          ","2025","04","11","12",-1.0,,,"8",,"N",,"8","WNW",,6,,8,,7,
"249200550","DOLINA PIÊCIU STAWÓW          ","2025","04","11","18",-2.4,,,"8",,"N",,"8","W  ",,3,,8,,5,
"249200550","DOLINA PIÊCIU STAWÓW          ","2025","04","12","06",-2.2,,,"8",,"N",,"8","W  ",,3,,4,,8,
"249200550","DOLINA PIÊCIU STAWÓW          ","2025","04","12","12",4.8,,,"8",,"N",,"8","NW ",,1,,3,,8,
"249200550","DOLINA PIÊCIU STAWÓW          ","2025","04","12","18",4.2,,,"8",,"N",,"8","C  ",,0,,4,,7,
"249200550","DOLINA PIÊCIU STAWÓW          ","2025","04","13","06",3.2,,,"8",,"N",,"8","C  ",,0,,2,,8,
"249200550","DOLINA PIÊCIU STAWÓW          ","2025","04","13","12",5.8,,,"8","W","N",,"8","W  ",,5,,3,,8,
"249200550","DOLINA PIÊCIU STAWÓW          ","2025","04","13","18",4.3,,,"8",,"N",,"8","SW ",,1,,8,,8,
"249200550","DOLINA PIÊCIU STAWÓW          ","2025","04","14","06",4.3,,,"8",,"N",,"8","SW ",,2,,8,,8,
"249200550","DOLINA PIÊCIU STAWÓW          ","2025","04","14","12",5.2,,,"8","W","N",,"8","WNW",,4,,7,,8,
"249200550","DOLINA PIÊCIU STAWÓW          ","2025","04","14","18",3.6,,,"8",,"N",,"8","C  ",,0,,8,,8,
"249200550","DOLINA PIÊCIU STAWÓW          ","2025","04","15","06",5.3,,,"8","W","N",,"8","C  ",,0,,8,,7,
"249200550","DOLINA PIÊCIU STAWÓW          ","2025","04","15","12",4.8,,,"8",,"N",,"8","C  ",,0,,8,,7,
"249200550","DOLINA PIÊCIU STAWÓW          ","2025","04","15","18",4.8,,,"8",,"N",,"8","SSE",,3,,8,,7,
"249200550","DOLINA PIÊCIU STAWÓW          ","2025","04","16","06",6.7,,,"8","W","N",,"8","WSW",,3,,5,,8,
"249200550","DOLINA PIÊCIU STAWÓW          ","2025","04","16","12",9.7,,,"8","W","N",,"8","W  ",,4,,3,,8,
"249200550","DOLINA PIÊCIU STAWÓW          ","2025","04","16","18",10.4,,,"8","W","N",,"8","C  ",,0,,2,,8,
"249200550","DOLINA PIÊCIU STAWÓW          ","2025","04","17","06",9.5,,,"8","W","N",,"8","SSE",,1,,6,,8,
"249200550","DOLINA PIÊCIU STAWÓW          ","2025","04","17","12",12.7,,,"8","W","N",,"8","SSW",,4,,5,,8,
"249200550","DOLINA PIÊCIU STAWÓW          ","2025","04","17","18",11.7,,,"8","W","N",,"8","C  ",,0,,6,,8,
"249200550","DOLINA PIÊCIU STAWÓW          ","2025","04","18","06",9.5,,,"8","W","N",,"8","N  ",,2,,7,,8,
"249200550","DOLINA PIÊCIU STAWÓW          ","2025","04","18","12",7.3,,,"8","W","N",,"8","NW ",,1,,8,,7,
"249200550","DOLINA PIÊCIU STAWÓW          ","2025","04","18","18",4.2,,,"8",,"N",,"8","SSW",,1,,7,,8,
"249200550","DOLINA PIÊCIU STAWÓW          ","2025","04","19","06",5.9,,,"8","W","N",,"8","NNE",,2,,2,,8,
"249200550","DOLINA PIÊCIU STAWÓW          ","2025","04","19","12",10.0,,,"8","W","N",,"8","NE ",,1,,5,,8,
"249200550","DOLINA PIÊCIU STAWÓW          ","2025","04","19","18",4.8,,,"8",,"N",,"8","C  ",,0,,3,,8,
"249200550","DOLINA PIÊCIU STAWÓW          ","2025","04","20","06",5.1,,,"8","W","N",,"8","C  ",,0,,3,,8,
"249200550","DOLINA PIÊCIU STAWÓW          ","2025","04","20","12",8.4,,,"8","W","N",,"8","S  ",,3,,5,,8,
"249200550","DOLINA PIÊCIU STAWÓW          ","2025","04","20","18",6.7,,,"8","W","N",,"8","C  ",,0,,5,,8,
"249200550","DOLINA PIÊCIU STAWÓW          ","2025","04","21","06",7.8,,,"8","W","N",,"8","C  ",,0,,2,,8,
"249200550","DOLINA PIÊCIU STAWÓW          ","2025","04","21","12",9.3,,,"8","W","N",,"8","E  ",,1,,5,,8,
"249200550","DOLINA PIÊCIU STAWÓW          ","2025","04","21","18",8.1,,,"8","W","N",,"8","C  ",,0,,6,,8,
"249200550","DOLINA PIÊCIU STAWÓW          ","2025","04","22","06",9.4,,,"8","W","N",,"8","WNW",,1,,4,,7,
"249200550","DOLINA PIÊCIU STAWÓW          ","2025","04","22","12",6.1,,,"8","W","N",,"8","WSW",,1,,8,,6,
"249200550","DOLINA PIÊCIU STAWÓW          ","2025","04","22","18",5.4,,,"8","W","N",,"8","WSW",,3,,8,,6,
"249200550","DOLINA PIÊCIU STAWÓW          ","2025","04","23","06",4.8,,,"8",,"N",,"8","C  ",,0,,1,,6,
"249200550","DOLINA PIÊCIU STAWÓW          ","2025","04","23","12",6.5,,,"8","W","N",,"8","NNE",,3,,8,,7,
"249200550","DOLINA PIÊCIU STAWÓW          ","2025","04","23","18",6.9,,,"8","W","N",,"8","C  ",,0,,4,,7,
"249200550","DOLINA PIÊCIU STAWÓW          ","2025","04","24","06",7.5,,,"8","W","N",,"8","N  ",,1,,6,,7,
"249200550","DOLINA PIÊCIU STAWÓW          ","2025","04","24","12",5.0,,,"8",,"N",,"8","SW ",,3,,8,,7,
"249200550","DOLINA PIÊCIU STAWÓW          ","2025","04","24","18",6.2,,,"8","W","N",,"8","NNW",,4,,8,,7,
"249200550","DOLINA PIÊCIU STAWÓW          ","2025","04","25","06",5.0,,,"8",,"N",,"8","C  ",,0,,8,,5,
"249200550","DOLINA PIÊCIU STAWÓW          ","2025","04","25","12",6.1,,,"8","W","N",,"8","N  ",,2,,8,,3,
"249200550","DOLINA PIÊCIU STAWÓW          ","2025","04","25","18",4.0,,,"8",,"N",,"8","NE ",,1,,8,,1,
"249200550","DOLINA PIÊCIU STAWÓW          ","2025","04","26","06",1.3,,,"8",,"N",,"8","ENE",,1,,1,,5,
"249200550","DOLINA PIÊCIU STAWÓW          ","2025","04","26","12",5.0,,,"8",,"N",,"8","ENE",,2,,3,,9,
"249200550","DOLINA PIÊCIU STAWÓW          ","2025","04","26","18",-0.6,,,"8",,"N",,"8","NE ",,1,,6,,7,
"249200550","DOLINA PIÊCIU STAWÓW          ","2025","04","27","06",1.2,,,"8",,"N",,"8","ESE",,2,,0,,7,
"249200550","DOLINA PIÊCIU STAWÓW          ","2025","04","27","12",6.5,,,"8","W","N",,"8","NNE",,3,,0,,9,
"249200550","DOLINA PIÊCIU STAWÓW          ","2025","04","27","18",0.8,,,"8",,"N",,"8","C  ",,0,,0,,8,
"249200550","DOLINA PIÊCIU STAWÓW          ","2025","04","28","06",3.4,,,"8",,"N",,"8","W  ",,1,,0,,8,
"249200550","DOLINA PIÊCIU STAWÓW          ","2025","04","28","12",11.8,,,"8","W","N",,"8","ENE",,1,,2,,8,
"249200550","DOLINA PIÊCIU STAWÓW          ","2025","04","28","18",7.1,,,"8","W","N",,"8","C  ",,0,,2,,8,
"249200550","DOLINA PIÊCIU STAWÓW          ","2025","04","29","06",6.7,,,"8","W","N",,"8","W  ",,2,,1,,8,
"249200550","DOLINA PIÊCIU STAWÓW          ","2025","04","29","12",11.1,,,"8","W","N",,"8","WNW",,2,,4,,8,
"249200550","DOLINA PIÊCIU STAWÓW          ","2025","04","29","18",6.7,,,"8","W","N",,"8","WNW",,1,,3,,8,
"249200550","DOLINA PIÊCIU STAWÓW          ","2025","04","30","06",7.3,,,"8","W","N",,"8","W  ",,1,,3,,8,
"249200550","DOLINA PIÊCIU STAWÓW          ","2025","04","30","12",12.2,,,"8","W","N",,"8","NW ",,4,,5,,8,
"249200550","DOLINA PIÊCIU STAWÓW          ","2025","04","30","18",7.7,,,"8","W","N",,"8","WNW",,2,,3,,8,
"249200920","PIWNICZNA                     ","2025","04","01","06",5.4,,,"8",,"W",,"8","NNW",,3,,8,,6,
"249200920","PIWNICZNA                     ","2025","04","01","12",6.0,,,"8",,"W",,"8","NNW",,4,,8,,6,
"249200920","PIWNICZNA                     ","2025","04","01","18",7.3,,,"8",,"W",,"8","C  ",,0,,8,,5,
"249200920","PIWNICZNA                     ","2025","04","02","06",7.2,,,"8",,"W",,"8","N  ",,4,,8,,5,
"249200920","PIWNICZNA                     ","2025","04","02","12",10.7,,,"8","W","W",,"8","NNW",,2,,8,,6,
"249200920","PIWNICZNA                     ","2025","04","02","18",8.9,,,"8","W","W",,"8","C  ",,0,,3,,6,
"249200920","PIWNICZNA                     ","2025","04","03","06",1.2,,,"8",,"W",,"8","C  ",,0,,0,,6,
"249200920","PIWNICZNA                     ","2025","04","03","12",14.8,,,"8","W","W",,"8","NW ",,3,,0,,6,
"249200920","PIWNICZNA                     ","2025","04","03","18",8.4,,,"8","W","W",,"8","C  ",,0,,0,,6,
"249200920","PIWNICZNA                     ","2025","04","04","06",1.4,,,"8",,"W",,"8","C  ",,0,,0,,6,
"249200920","PIWNICZNA                     ","2025","04","04","12",17.7,,,"8","W","W",,"8","NNW",,4,,0,,6,
"249200920","PIWNICZNA                     ","2025","04","04","18",10.5,,,"8","W","W",,"8","C  ",,0,,1,,6,
"249200920","PIWNICZNA                     ","2025","04","05","06",5.6,,,"8",,"W",,"8","C  ",,0,,3,,6,
"249200920","PIWNICZNA                     ","2025","04","05","12",7.4,,,"8",,"W",,"8","NNW",,8,,8,,5,
"249200920","PIWNICZNA                     ","2025","04","05","18",0.8,,,"8",,"W",,"8","NNW",,5,,6,,6,
"249200920","PIWNICZNA                     ","2025","04","06","06",-2.2,,,"8",,"W",,"8","N  ",,8,,8,,5,
"249200920","PIWNICZNA                     ","2025","04","06","12",-0.6,,,"8",,"W",,"8","NNW",,4,,8,,6,
"249200920","PIWNICZNA                     ","2025","04","06","18",-0.8,,,"8",,"W",,"8","NNE",,1,,6,,6,
"249200920","PIWNICZNA                     ","2025","04","07","06",-1.2,,,"8",,"W",,"8","N  ",,5,,4,,6,
"249200920","PIWNICZNA                     ","2025","04","07","12",2.2,,,"8",,"W",,"8","NNW",,3,,2,,6,
"249200920","PIWNICZNA                     ","2025","04","07","18",0.4,,,"8",,"W",,"8","C  ",,0,,5,,6,
"249200920","PIWNICZNA                     ","2025","04","08","06",3.4,,,"8",,"W",,"8","N  ",,6,,7,,6,
"249200920","PIWNICZNA                     ","2025","04","08","12",5.2,,,"8",,"W",,"8","NNW",,5,,6,,6,
"249200920","PIWNICZNA                     ","2025","04","08","18",4.6,,,"8",,"W",,"8","N  ",,1,,4,,6,
"249200920","PIWNICZNA                     ","2025","04","09","06",-0.2,,,"8",,"W",,"8","C  ",,0,,2,,6,
"249200920","PIWNICZNA                     ","2025","04","09","12",8.7,,,"8","W","W",,"8","NNW",,4,,4,,6,
"249200920","PIWNICZNA                     ","2025","04","09","18",7.2,,,"8",,"W",,"8","C  ",,0,,6,,6,
"249200920","PIWNICZNA                     ","2025","04","10","06",-0.2,,,"8",,"W",,"8","NNW",,5,,5,,6,
"249200920","PIWNICZNA                     ","2025","04","10","12",3.4,,,"8",,"W",,"8","N  ",,8,,6,,6,
"249200920","PIWNICZNA                     ","2025","04","10","18",2.8,,,"8",,"W",,"8","NW ",,2,,1,,6,
"249200920","PIWNICZNA                     ","2025","04","11","06",6.8,,,"8",,"W",,"8","S  ",,1,,6,,6,
"249200920","PIWNICZNA                     ","2025","04","11","12",5.8,,,"8",,"W",,"8","N  ",,5,,8,,6,
"249200920","PIWNICZNA                     ","2025","04","11","18",4.4,,,"8",,"W",,"8","NNW",,3,,8,,5,
"249200920","PIWNICZNA                     ","2025","04","12","06",5.8,,,"8",,"W",,"8","C  ",,0,,8,,6,
"249200920","PIWNICZNA                     ","2025","04","12","12",13.2,,,"8","W","W",,"8","NNW",,1,,2,,6,
"249200920","PIWNICZNA                     ","2025","04","12","18",8.3,,,"8","W","W",,"8","C  ",,0,,1,,6,
"249200920","PIWNICZNA                     ","2025","04","13","06",5.4,,,"8",,"W",,"8","C  ",,0,,0,,6,
"249200920","PIWNICZNA                     ","2025","04","13","12",19.1,,,"8","W","W",,"8","SSE",,5,,0,,6,
"249200920","PIWNICZNA                     ","2025","04","13","18",15.2,,,"8","W","W",,"8","SE ",,3,,0,,6,
"249200920","PIWNICZNA                     ","2025","04","14","06",13.6,,,"8","W","W",,"8","SE ",,3,,7,,6,
"249200920","PIWNICZNA                     ","2025","04","14","12",16.3,,,"8","W","W",,"8","SE ",,3,,4,,6,
"249200920","PIWNICZNA                     ","2025","04","14","18",12.2,,,"8","W","W",,"8","SE ",,4,,8,,6,
"249200920","PIWNICZNA                     ","2025","04","15","06",10.9,,,"8","W","W",,"8","SE ",,4,,8,,6,
"249200920","PIWNICZNA                     ","2025","04","15","12",11.8,,,"8","W","W",,"8","SE ",,4,,8,,6,
"249200920","PIWNICZNA                     ","2025","04","15","18",12.6,,,"8","W","W",,"8","SSE",,2,,8,,6,
"249200920","PIWNICZNA                     ","2025","04","16","06",15.4,,,"8","W","W",,"8","SE ",,5,,0,,6,
"249200920","PIWNICZNA                     ","2025","04","16","12",23.3,,,"8","W","W",,"8","S  ",,6,,2,,6,
"249200920","PIWNICZNA                     ","2025","04","16","18",18.3,,,"8","W","W",,"8","SE ",,4,,0,,6,
"249200920","PIWNICZNA                     ","2025","04","17","06",12.4,,,"8","W","W",,"8","SSW",,1,,6,,6,
"249200920","PIWNICZNA                     ","2025","04","17","12",26.2,,,"8","W","W",,"8","SE ",,6,,0,,6,
"249200920","PIWNICZNA                     ","2025","04","17","18",18.3,,,"8","W","W",,"8","C  ",,0,,5,,6,
"249200920","PIWNICZNA                     ","2025","04","18","06",14.2,,,"8","W","W",,"8","SSE",,1,,7,,6,
"249200920","PIWNICZNA                     ","2025","04","18","12",17.1,,,"8","W","W",,"8","SSE",,2,,5,,6,
"249200920","PIWNICZNA                     ","2025","04","18","18",12.8,,,"8","W","W",,"8","SE ",,3,,8,,6,
"249200920","PIWNICZNA                     ","2025","04","19","06",9.9,,,"8","W","W",,"8","C  ",,0,,8,,6,
"249200920","PIWNICZNA                     ","2025","04","19","12",19.1,,,"8","W","W",,"8","SE ",,2,,2,,6,
"249200920","PIWNICZNA                     ","2025","04","19","18",14.8,,,"8","W","W",,"8","S  ",,1,,1,,6,
"249200920","PIWNICZNA                     ","2025","04","20","06",10.3,,,"8","W","W",,"8","C  ",,0,,0,,6,
"249200920","PIWNICZNA                     ","2025","04","20","12",20.4,,,"8","W","W",,"8","S  ",,5,,0,,6,
"249200920","PIWNICZNA                     ","2025","04","20","18",15.4,,,"8","W","W",,"8","SE ",,1,,0,,6,
"249200920","PIWNICZNA                     ","2025","04","21","06",11.2,,,"8","W","W",,"8","C  ",,0,,0,,6,
"249200920","PIWNICZNA                     ","2025","04","21","12",23.0,,,"8","W","W",,"8","S  ",,2,,1,,6,
"249200920","PIWNICZNA                     ","2025","04","21","18",15.6,,,"8","W","W",,"8","C  ",,0,,0,,6,
"249200920","PIWNICZNA                     ","2025","04","22","06",10.9,,,"8","W","W",,"8","C  ",,0,,0,,6,
"249200920","PIWNICZNA                     ","2025","04","22","12",21.3,,,"8","W","W",,"8","NNW",,5,,2,,6,
"249200920","PIWNICZNA                     ","2025","04","22","18",16.3,,,"8","W","W",,"8","C  ",,0,,8,,6,
"249200920","PIWNICZNA                     ","2025","04","23","06",13.8,,,"8","W","W",,"8","C  ",,0,,2,,6,
"249200920","PIWNICZNA                     ","2025","04","23","12",20.5,,,"8","W","W",,"8","NNW",,4,,1,,6,
"249200920","PIWNICZNA                     ","2025","04","23","18",12.4,,,"8","W","W",,"8","C  ",,0,,8,,5,
"249200920","PIWNICZNA                     ","2025","04","24","06",10.5,,,"8","W","W",,"8","C  ",,0,,8,,3,
"249200920","PIWNICZNA                     ","2025","04","24","12",19.7,,,"8","W","W",,"8","SE ",,5,,8,,6,
"249200920","PIWNICZNA                     ","2025","04","24","18",12.4,,,"8","W","W",,"8","C  ",,0,,8,,5,
"249200920","PIWNICZNA                     ","2025","04","25","06",12.8,,,"8","W","W",,"8","C  ",,0,,8,,3,
"249200920","PIWNICZNA                     ","2025","04","25","12",14.8,,,"8","W","W",,"8","NNW",,2,,8,,5,
"249200920","PIWNICZNA                     ","2025","04","25","18",11.4,,,"8","W","W",,"8","NNW",,3,,8,,6,
"249200920","PIWNICZNA                     ","2025","04","26","06",8.3,,,"8","W","W",,"8","NNW",,2,,6,,6,
"249200920","PIWNICZNA                     ","2025","04","26","12",12.8,,,"8","W","W",,"8","NW ",,4,,4,,6,
"249200920","PIWNICZNA                     ","2025","04","26","18",8.7,,,"8","W","W",,"8","NNW",,1,,1,,6,
"249200920","PIWNICZNA                     ","2025","04","27","06",3.2,,,"8",,"W",,"8","C  ",,0,,0,,6,
"249200920","PIWNICZNA                     ","2025","04","27","12",13.8,,,"8","W","W",,"8","NW ",,3,,0,,6,
"249200920","PIWNICZNA                     ","2025","04","27","18",9.2,,,"8","W","W",,"8","C  ",,0,,0,,6,
"249200920","PIWNICZNA                     ","2025","04","28","06",5.8,,,"8",,"W",,"8","C  ",,0,,0,,6,
"249200920","PIWNICZNA                     ","2025","04","28","12",20.5,,,"8","W","W",,"8","NNE",,1,,0,,6,
"249200920","PIWNICZNA                     ","2025","04","28","18",13.0,,,"8","W","W",,"8","C  ",,0,,0,,6,
"249200920","PIWNICZNA                     ","2025","04","29","06",8.9,,,"8","W","W",,"8","C  ",,0,,0,,6,
"249200920","PIWNICZNA                     ","2025","04","29","12",21.7,,,"8","W","W",,"8","NW ",,1,,0,,6,
"249200920","PIWNICZNA                     ","2025","04","29","18",15.4,,,"8","W","W",,"8","C  ",,0,,6,,6,
"249200920","PIWNICZNA                     ","2025","04","30","06",11.8,,,"8","W","W",,"8","C  ",,0,,0,,6,
"249200920","PIWNICZNA                     ","2025","04","30","12",20.3,,,"8","W","W",,"8","NNW",,5,,1,,6,
"249200920","PIWNICZNA                     ","2025","04","30","18",15.0,,,"8","W","W",,"8","C  ",,0,,3,,6,
"249200930","PORONIN                       ","2025","04","01","06",3.0,,2.8,,"W","W",97,,"ESE",,1,,8,,2,
"249200930","PORONIN                       ","2025","04","01","12",3.8,,3.8,,"W","W",100,,"NW ",,1,,8,,2,
"249200930","PORONIN                       ","2025","04","01","18",4.4,,4.2,,"W","W",97,,"C  ",,0,,8,,2,
"249200930","PORONIN                       ","2025","04","02","06",4.4,,4.2,,"W","W",97,,"C  ",,0,,8,,2,
"249200930","PORONIN                       ","2025","04","02","12",7.0,,5.4,,"W","W",79,,"S  ",,1,,8,,6,
"249200930","PORONIN                       ","2025","04","02","18",2.9,,2.8,,"W","W",98,,"ENE",,1,,4,,7,
"249200930","PORONIN                       ","2025","04","03","06",-0.8,,-1.0,,"L","W",96,,"C  ",,0,,1,,7,
"249200930","PORONIN                       ","2025","04","03","12",12.2,,6.2,,"W","W",38,,"NE ",,3,,1,,7,
"249200930","PORONIN                       ","2025","04","03","18",5.0,,2.6,,"W","W",66,,"NE ",,2,,1,,7,
"249200930","PORONIN                       ","2025","04","04","06",1.7,,1.1,,"W","W",90,,"C  ",,0,,2,,7,
"249200930","PORONIN                       ","2025","04","04","12",14.0,,8.2,,"W","W",43,,"E  ",,2,,4,,7,
"249200930","PORONIN                       ","2025","04","04","18",6.9,,5.5,,"W","W",81,,"ENE",,1,,4,,7,
"249200930","PORONIN                       ","2025","04","05","06",6.3,,5.2,,"W","W",85,,"E  ",,1,,5,,7,
"249200930","PORONIN                       ","2025","04","05","12",5.3,,3.3,,"W","W",72,,"NW ",,2,,8,,7,
"249200930","PORONIN                       ","2025","04","05","18",-1.2,,-1.6,,"L","W",91,,"SW ",,1,,8,,2,
"249200930","PORONIN                       ","2025","04","06","06",-5.1,,-5.2,,"L","W",93,,"WSW",,2,,8,,2,
"249200930","PORONIN                       ","2025","04","06","12",-3.9,,-5.0,,"L","W",73,,"W  ",,3,,8,,2,
"249200930","PORONIN                       ","2025","04","06","18",-5.0,,-5.2,,"L","W",91,,"WSW",,1,,8,,2,
"249200930","PORONIN                       ","2025","04","07","06",-5.0,,-5.6,,"L","W",82,,"WSW",,1,,8,,3,
"249200930","PORONIN                       ","2025","04","07","12",-1.8,,-3.2,,"L","W",72,,"WSW",,2,,8,,3,
"249200930","PORONIN                       ","2025","04","07","18",-1.8,,-2.4,,"L","W",87,,"WSW",,1,,8,,3,
"249200930","PORONIN                       ","2025","04","08","06",0.0,,-0.8,,"L","W",86,,"WSW",,2,,8,,3,
"249200930","PORONIN                       ","2025","04","08","12",2.2,,0.0,,"W","W",65,,"WNW",,2,,7,,7,
"249200930","PORONIN                       ","2025","04","08","18",1.4,,-1.4,,"L","W",56,,"SW ",,1,,7,,7,
"249200930","PORONIN                       ","2025","04","09","06",0.3,,-2.1,,"L","W",59,,"W  ",,2,,2,,7,
"249200930","PORONIN                       ","2025","04","09","12",5.8,,1.6,,"W","W",43,,"WSW",,3,,4,,7,
"249200930","PORONIN                       ","2025","04","09","18",4.0,,1.0,,"W","W",56,,"WSW",,1,,7,,7,
"249200930","PORONIN                       ","2025","04","10","06",-1.6,,-3.0,,"L","W",72,,"NNW",,1,,7,,7,
"249200930","PORONIN                       ","2025","04","10","12",-0.2,,-2.6,,"L","W",58,,"WSW",,3,,6,,7,
"249200930","PORONIN                       ","2025","04","10","18",-0.2,,-2.0,,"L","W",68,,"C  ",,0,,3,,7,
"249200930","PORONIN                       ","2025","04","11","06",5.1,,2.8,,"W","W",67,,"WSW",,3,,6,,7,
"249200930","PORONIN                       ","2025","04","11","12",4.4,,2.5,,"W","W",72,,"W  ",,5,,8,,6,
"249200930","PORONIN                       ","2025","04","11","18",1.0,,0.6,,"W","W",93,,"WNW",,1,,8,,2,
"249200930","PORONIN                       ","2025","04","12","06",2.4,,2.2,,"W","W",97,,"NE ",,1,,8,,3,
"249200930","PORONIN                       ","2025","04","12","12",11.5,,7.4,,"W","W",55,,"NNE",,3,,4,,7,
"249200930","PORONIN                       ","2025","04","12","18",7.9,,5.9,,"W","W",74,,"ENE",,2,,2,,7,
"249200930","PORONIN                       ","2025","04","13","06",4.0,,3.0,,"W","W",85,,"ENE",,1,,1,,7,
"249200930","PORONIN                       ","2025","04","13","12",17.1,,9.6,,"W","W",35,,"WSW",,3,,3,,7,
"249200930","PORONIN                       ","2025","04","13","18",12.6,,7.5,,"W","W",47,,"SW ",,2,,8,,7,
"249200930","PORONIN                       ","2025","04","14","06",10.1,,7.6,,"W","W",71,,"SW ",,1,,8,,7,
"249200930","PORONIN                       ","2025","04","14","12",15.4,,10.6,,"W","W",54,,"WSW",,3,,6,,7,
"249200930","PORONIN                       ","2025","04","14","18",12.4,,8.6,,"W","W",60,,"W  ",,1,,7,,7,
"249200930","PORONIN                       ","2025","04","15","06",6.9,,6.6,,"W","W",96,,"C  ",,0,,8,,7,
"249200930","PORONIN                       ","2025","04","15","12",13.6,,11.0,,"W","W",73,,"NE ",,2,,8,,7,
"249200930","PORONIN                       ","2025","04","15","18",12.8,,9.2,,"W","W",62,,"S  ",,2,,7,,7,
"249200930","PORONIN                       ","2025","04","16","06",16.1,,11.2,,"W","W",54,,"W  ",,2,,3,,7,
"249200930","PORONIN                       ","2025","04","16","12",20.4,,12.8,,"W","W",40,,"SSW",,3,,2,,7,
"249200930","PORONIN                       ","2025","04","16","18",13.9,,11.0,,"W","W",70,,"ENE",,2,,1,,7,
"249200930","PORONIN                       ","2025","04","17","06",13.2,,9.0,,"W","W",57,,"NW ",,1,,6,,7,
"249200930","PORONIN                       ","2025","04","17","12",23.1,,13.4,,"W","W",31,,"WSW",,3,,5,,7,
"249200930","PORONIN                       ","2025","04","17","18",16.5,,12.4,,"W","W",62,,"ESE",,1,,6,,7,
"249200930","PORONIN                       ","2025","04","18","06",14.0,,12.5,,"W","W",84,,"NW ",,2,,7,,7,
"249200930","PORONIN                       ","2025","04","18","12",14.8,,13.3,,"W","W",85,,"NW ",,4,,8,,7,
"249200930","PORONIN                       ","2025","04","18","18",10.9,,8.4,,"W","W",71,,"SW ",,2,,8,,7,
"249200930","PORONIN                       ","2025","04","19","06",6.4,,5.0,,"W","W",81,,"C  ",,0,,2,,7,
"249200930","PORONIN                       ","2025","04","19","12",16.3,,10.8,,"W","W",50,,"NE ",,3,,5,,7,
"249200930","PORONIN                       ","2025","04","19","18",10.3,,7.4,,"W","W",66,,"ENE",,1,,3,,7,
"249200930","PORONIN                       ","2025","04","20","06",8.8,,6.7,,"W","W",74,,"NE ",,1,,1,,7,
"249200930","PORONIN                       ","2025","04","20","12",17.7,,11.0,,"W","W",42,,"WSW",,4,,4,,7,
"249200930","PORONIN                       ","2025","04","20","18",12.9,,8.9,,"W","W",58,,"E  ",,1,,2,,7,
"249200930","PORONIN                       ","2025","04","21","06",10.7,,8.4,,"W","W",73,,"C  ",,0,,3,,7,
"249200930","PORONIN                       ","2025","04","21","12",19.8,,12.3,,"W","W",40,,"E  ",,3,,6,,7,
"249200930","PORONIN                       ","2025","04","21","18",13.4,,10.5,,"W","W",70,,"NE ",,2,,4,,7,
"249200930","PORONIN                       ","2025","04","22","06",12.0,,9.8,,"W","W",76,,"C  ",,0,,3,,7,
"249200930","PORONIN                       ","2025","04","22","12",16.7,,12.2,,"W","W",58,,"S  ",,1,,6,,7,
"249200930","PORONIN                       ","2025","04","22","18",12.9,,11.8,,"W","W",88,,"S  ",,1,,8,,3,
"249200930","PORONIN                       ","2025","04","23","06",8.7,,8.0,,"W","W",91,,"ESE",,1,,2,,7,
"249200930","PORONIN                       ","2025","04","23","12",18.3,,11.8,,"W","W",45,,"NE ",,2,,5,,7,
"249200930","PORONIN                       ","2025","04","23","18",11.0,,9.2,,"W","W",79,,"ENE",,1,,5,,7,
"249200930","PORONIN                       ","2025","04","24","06",11.8,,9.2,,"W","W",71,,"ESE",,1,,6,,7,
"249200930","PORONIN                       ","2025","04","24","12",12.7,,12.0,,"W","W",92,,"NNE",,1,,8,,7,
"249200930","PORONIN                       ","2025","04","24","18",12.7,,11.8,,"W","W",90,,"N  ",,3,,8,,7,
"249200930","PORONIN                       ","2025","04","25","06",11.1,,10.4,,"W","W",92,,"C  ",,0,,8,,3,
"249200930","PORONIN                       ","2025","04","25","12",12.0,,11.4,,"W","W",93,,"NNE",,2,,8,,2,
"249200930","PORONIN                       ","2025","04","25","18",9.9,,9.2,,"W","W",91,,"ENE",,2,,8,,2,
"249200930","PORONIN                       ","2025","04","26","06",6.7,,5.4,,"W","W",82,,"E  ",,2,,5,,7,
"249200930","PORONIN                       ","2025","04","26","12",11.5,,7.2,,"W","W",53,,"E  ",,3,,3,,7,
"249200930","PORONIN                       ","2025","04","26","18",6.0,,3.1,,"W","W",61,,"NE ",,2,,2,,7,
"249200930","PORONIN                       ","2025","04","27","06",5.1,,1.5,,"W","W",50,,"ENE",,2,,0,,7,
"249200930","PORONIN                       ","2025","04","27","12",11.3,,5.6,,"W","W",39,,"NE ",,2,,1,,8,
"249200930","PORONIN                       ","2025","04","27","18",7.4,,3.4,,"W","W",49,,"C  ",,0,,1,,7,
"249200930","PORONIN                       ","2025","04","28","06",7.1,,4.5,,"W","W",66,,"ENE",,1,,0,,8,
"249200930","PORONIN                       ","2025","04","28","12",16.7,,10.2,,"W","W",42,,"NNE",,1,,1,,8,
"249200930","PORONIN                       ","2025","04","28","18",11.6,,8.0,,"W","W",61,,"E  ",,1,,2,,7,
"249200930","PORONIN                       ","2025","04","29","06",10.9,,8.0,,"W","W",67,,"E  ",,1,,0,,8,
"249200930","PORONIN                       ","2025","04","29","12",18.1,,10.4,,"W","W",35,,"W  ",,3,,2,,8,
"249200930","PORONIN                       ","2025","04","29","18",11.6,,8.4,,"W","W",65,,"NE ",,1,,4,,7,
"249200930","PORONIN                       ","2025","04","30","06",11.4,,8.0,,"W","W",62,,"C  ",,0,,6,,7,
"249200930","PORONIN                       ","2025","04","30","12",17.6,,11.6,,"W","W",47,,"NE ",,1,,4,,7,
"249200930","PORONIN                       ","2025","04","30","18",11.8,,9.0,,"W","W",69,,"ENE",,1,,3,,7,
"249200980","MSZANA DOLNA                  ","2025","04","01","06",4.6,,4.3,,"W","W",96,,"NW ",,3,,8,,7,
"249200980","MSZANA DOLNA                  ","2025","04","01","12",5.8,,5.6,,"W","W",97,,"NNW",,2,,8,,7,
"249200980","MSZANA DOLNA                  ","2025","04","01","18",5.6,,5.2,,"W","W",94,,"S  ",,2,,8,,6,
"249200980","MSZANA DOLNA                  ","2025","04","02","06",6.0,,5.8,,"W","W",97,,"NNE",,1,,8,,6,
"249200980","MSZANA DOLNA                  ","2025","04","02","12",11.6,,7.9,,"W","W",59,,"N  ",,4,,5,,8,
"249200980","MSZANA DOLNA                  ","2025","04","02","18",10.6,,5.9,,"W","W",48,,"NNE",,4,,5,,6,
"249200980","MSZANA DOLNA                  ","2025","04","03","06",0.4,,0.0,,"W","W",93,,"S  ",,1,,1,,8,
"249200980","MSZANA DOLNA                  ","2025","04","03","12",14.0,,8.0,,"W","W",41,,"NE ",,6,,1,,8,
"249200980","MSZANA DOLNA                  ","2025","04","03","18",11.5,,6.8,,"W","W",49,,"N  ",,1,,1,,7,
"249200980","MSZANA DOLNA                  ","2025","04","04","06",1.7,,1.3,,"W","W",93,,"S  ",,1,,1,,8,
"249200980","MSZANA DOLNA                  ","2025","04","04","12",17.4,,10.5,,"W","W",40,,"NNW",,2,,4,,8,
"249200980","MSZANA DOLNA                  ","2025","04","04","18",13.3,,8.8,,"W","W",54,,"C  ",,0,,5,,7,
"249200980","MSZANA DOLNA                  ","2025","04","05","06",7.0,,5.6,,"W","W",81,,"S  ",,1,,8,,7,
"249200980","MSZANA DOLNA                  ","2025","04","05","12",6.7,,2.2,,"W","W",42,,"N  ",,4,,8,,7,
"249200980","MSZANA DOLNA                  ","2025","04","05","18",-0.6,,-1.0,,"L","W",92,,"N  ",,6,,8,,6,
"249200980","MSZANA DOLNA                  ","2025","04","06","06",-3.1,,-3.3,,"L","W",93,,"NW ",,5,,8,,6,
"249200980","MSZANA DOLNA                  ","2025","04","06","12",-2.1,,-3.2,,"L","W",77,,"NNW",,5,,8,,7,
"249200980","MSZANA DOLNA                  ","2025","04","06","18",-0.8,,-3.5,,"L","W",51,,"NW ",,3,,6,,7,
"249200980","MSZANA DOLNA                  ","2025","04","07","06",-2.0,,-3.8,,"L","W",64,,"NNW",,2,,8,,7,
"249200980","MSZANA DOLNA                  ","2025","04","07","12",2.0,,-1.6,,"L","W",45,,"N  ",,3,,6,,7,
"249200980","MSZANA DOLNA                  ","2025","04","07","18",2.6,,-0.8,,"L","W",50,,"WSW",,2,,6,,6,
"249200980","MSZANA DOLNA                  ","2025","04","08","06",1.7,,1.1,,"W","W",90,,"NNW",,2,,8,,8,
"249200980","MSZANA DOLNA                  ","2025","04","08","12",4.5,,0.8,,"W","W",47,,"N  ",,5,,7,,8,
"249200980","MSZANA DOLNA                  ","2025","04","08","18",4.9,,0.3,,"W","W",36,,"W  ",,3,,7,,7,
"249200980","MSZANA DOLNA                  ","2025","04","09","06",1.2,,-0.3,,"W","W",74,,"ESE",,1,,3,,8,
"249200980","MSZANA DOLNA                  ","2025","04","09","12",8.0,,2.8,,"W","W",37,,"N  ",,4,,3,,8,
"249200980","MSZANA DOLNA                  ","2025","04","09","18",6.8,,2.1,,"W","W",40,,"SW ",,2,,6,,7,
"249200980","MSZANA DOLNA                  ","2025","04","10","06",0.1,,-2.1,,"L","W",62,,"N  ",,4,,8,,8,
"249200980","MSZANA DOLNA                  ","2025","04","10","12",3.4,,-0.5,,"L","W",45,,"NNW",,5,,4,,8,
"249200980","MSZANA DOLNA                  ","2025","04","10","18",2.6,,-1.2,,"L","W",44,,"W  ",,2,,3,,7,
"249200980","MSZANA DOLNA                  ","2025","04","11","06",6.3,,3.4,,"W","W",61,,"SW ",,4,,7,,8,
"249200980","MSZANA DOLNA                  ","2025","04","11","12",5.0,,3.6,,"W","W",80,,"WSW",,3,,8,,7,
"249200980","MSZANA DOLNA                  ","2025","04","11","18",3.7,,3.5,,"W","W",97,,"SW ",,2,,8,,6,
"249200980","MSZANA DOLNA                  ","2025","04","12","06",6.4,,5.8,,"W","W",92,,"W  ",,1,,8,,6,
"249200980","MSZANA DOLNA                  ","2025","04","12","12",12.4,,7.6,,"W","W",50,,"ENE",,3,,3,,8,
"249200980","MSZANA DOLNA                  ","2025","04","12","18",10.0,,7.6,,"W","W",72,,"ESE",,1,,1,,7,
"249200980","MSZANA DOLNA                  ","2025","04","13","06",7.7,,5.8,,"W","W",75,,"NNE",,2,,1,,8,
"249200980","MSZANA DOLNA                  ","2025","04","13","12",19.5,,12.5,,"W","W",43,,"S  ",,4,,4,,8,
"249200980","MSZANA DOLNA                  ","2025","04","13","18",14.4,,9.7,,"W","W",54,,"S  ",,4,,8,,7,
"249200980","MSZANA DOLNA                  ","2025","04","14","06",11.0,,9.8,,"W","W",86,,"N  ",,1,,6,,8,
"249200980","MSZANA DOLNA                  ","2025","04","14","12",18.8,,13.2,,"W","W",52,,"SSW",,4,,5,,8,
"249200980","MSZANA DOLNA                  ","2025","04","14","18",13.7,,10.0,,"W","W",62,,"SSW",,4,,5,,8,
"249200980","MSZANA DOLNA                  ","2025","04","15","06",9.4,,9.0,,"W","W",95,,"SSW",,2,,8,,7,
"249200980","MSZANA DOLNA                  ","2025","04","15","12",14.4,,11.0,,"W","W",66,,"SE ",,6,,8,,8,
"249200980","MSZANA DOLNA                  ","2025","04","15","18",13.6,,11.7,,"W","W",80,,"NNW",,2,,7,,7,
"249200980","MSZANA DOLNA                  ","2025","04","16","06",16.4,,13.2,,"W","W",70,,"S  ",,5,,2,,8,
"249200980","MSZANA DOLNA                  ","2025","04","16","12",23.4,,14.4,,"W","W",35,,"SW ",,6,,2,,8,
"249200980","MSZANA DOLNA                  ","2025","04","16","18",19.4,,13.5,,"W","W",51,,"WNW",,1,,2,,7,
"249200980","MSZANA DOLNA                  ","2025","04","17","06",10.2,,9.1,,"W","W",87,,"SSW",,3,,6,,8,
"249200980","MSZANA DOLNA                  ","2025","04","17","12",25.8,,17.6,,"W","W",43,,"E  ",,5,,3,,8,
"249200980","MSZANA DOLNA                  ","2025","04","17","18",21.3,,16.0,,"W","W",57,,"ENE",,1,,5,,8,
"249200980","MSZANA DOLNA                  ","2025","04","18","06",16.4,,15.0,,"W","W",86,,"N  ",,1,,8,,8,
"249200980","MSZANA DOLNA                  ","2025","04","18","12",17.0,,14.2,,"W","W",74,,"E  ",,2,,8,,6,
"249200980","MSZANA DOLNA                  ","2025","04","18","18",12.4,,9.6,,"W","W",70,,"S  ",,2,,5,,8,
"249200980","MSZANA DOLNA                  ","2025","04","19","06",9.6,,8.7,,"W","W",89,,"E  ",,2,,1,,8,
"249200980","MSZANA DOLNA                  ","2025","04","19","12",18.9,,13.4,,"W","W",53,,"S  ",,2,,4,,8,
"249200980","MSZANA DOLNA                  ","2025","04","19","18",14.9,,10.3,,"W","W",55,,"SSW",,2,,4,,8,
"249200980","MSZANA DOLNA                  ","2025","04","20","06",9.5,,7.8,,"W","W",79,,"SSW",,2,,1,,8,
"249200980","MSZANA DOLNA                  ","2025","04","20","12",21.1,,12.0,,"W","W",31,,"SSW",,3,,1,,8,
"249200980","MSZANA DOLNA                  ","2025","04","20","18",16.4,,11.1,,"W","W",51,,"SSW",,2,,1,,8,
"249200980","MSZANA DOLNA                  ","2025","04","21","06",9.8,,8.5,,"W","W",84,,"S  ",,1,,4,,8,
"249200980","MSZANA DOLNA                  ","2025","04","21","12",22.4,,13.0,,"W","W",31,,"N  ",,2,,5,,8,
"249200980","MSZANA DOLNA                  ","2025","04","21","18",18.8,,12.6,,"W","W",48,,"N  ",,2,,3,,8,
"249200980","MSZANA DOLNA                  ","2025","04","22","06",10.3,,9.7,,"W","W",93,,"S  ",,1,,8,,7,
"249200980","MSZANA DOLNA                  ","2025","04","22","12",18.8,,13.4,,"W","W",54,,"NNW",,4,,6,,8,
"249200980","MSZANA DOLNA                  ","2025","04","22","18",16.7,,12.8,,"W","W",64,,"NNE",,2,,7,,8,
"249200980","MSZANA DOLNA                  ","2025","04","23","06",10.6,,9.7,,"W","W",89,,"SSW",,2,,2,,8,
"249200980","MSZANA DOLNA                  ","2025","04","23","12",20.1,,14.0,,"W","W",50,,"NE ",,4,,4,,8,
"249200980","MSZANA DOLNA                  ","2025","04","23","18",16.6,,11.3,,"W","W",52,,"W  ",,1,,4,,8,
"249200980","MSZANA DOLNA                  ","2025","04","24","06",9.6,,8.7,,"W","W",89,,"S  ",,1,,5,,8,
"249200980","MSZANA DOLNA                  ","2025","04","24","12",19.4,,13.7,,"W","W",52,,"NE ",,4,,8,,7,
"249200980","MSZANA DOLNA                  ","2025","04","24","18",14.2,,12.9,,"W","W",86,,"ESE",,1,,6,,7,
"249200980","MSZANA DOLNA                  ","2025","04","25","06",12.2,,11.9,,"W","W",97,,"NNW",,2,,8,,6,
"249200980","MSZANA DOLNA                  ","2025","04","25","12",12.8,,12.7,,"W","W",99,,"NNW",,5,,8,,6,
"249200980","MSZANA DOLNA                  ","2025","04","25","18",10.2,,10.1,,"W","W",99,,"NNE",,5,,8,,6,
"249200980","MSZANA DOLNA                  ","2025","04","26","06",7.0,,6.2,,"W","W",89,,"NNE",,3,,3,,8,
"249200980","MSZANA DOLNA                  ","2025","04","26","12",11.4,,6.5,,"W","W",47,,"NNE",,4,,3,,8,
"249200980","MSZANA DOLNA                  ","2025","04","26","18",8.3,,4.9,,"W","W",58,,"NNE",,2,,1,,8,
"249200980","MSZANA DOLNA                  ","2025","04","27","06",3.2,,2.2,,"W","W",84,,"S  ",,2,,1,,8,
"249200980","MSZANA DOLNA                  ","2025","04","27","12",12.5,,6.3,,"W","W",37,,"NNE",,4,,2,,8,
"249200980","MSZANA DOLNA                  ","2025","04","27","18",9.5,,4.5,,"W","W",42,,"NNE",,2,,1,,8,
"249200980","MSZANA DOLNA                  ","2025","04","28","06",6.2,,3.8,,"W","W",67,,"C  ",,0,,1,,8,
"249200980","MSZANA DOLNA                  ","2025","04","28","12",18.6,,10.7,,"W","W",35,,"NE ",,4,,1,,8,
"249200980","MSZANA DOLNA                  ","2025","04","28","18",15.1,,10.5,,"W","W",56,,"C  ",,0,,1,,8,
"249200980","MSZANA DOLNA                  ","2025","04","29","06",10.6,,8.8,,"W","W",79,,"NNE",,1,,1,,8,
"249200980","MSZANA DOLNA                  ","2025","04","29","12",20.4,,12.2,,"W","W",36,,"NNW",,4,,4,,8,
"249200980","MSZANA DOLNA                  ","2025","04","29","18",16.1,,9.5,,"W","W",40,,"SW ",,2,,5,,8,
"249200980","MSZANA DOLNA                  ","2025","04","30","06",10.4,,7.7,,"W","W",69,,"SSE",,1,,3,,8,
"249200980","MSZANA DOLNA                  ","2025","04","30","12",19.4,,13.0,,"W","W",47,,"NNW",,4,,3,,8,
"249200980","MSZANA DOLNA                  ","2025","04","30","18",16.8,,10.6,,"W","W",45,,"WSW",,2,,1,,8,
"249220150","SOLINA-JAWOR                  ","2025","04","01","06",5.3,,,"8","W","N",,"8","NNE",,1,,8,,2,
"249220150","SOLINA-JAWOR                  ","2025","04","01","12",7.1,,,"8","W","N",,"8","NNE",,3,,8,,3,
"249220150","SOLINA-JAWOR                  ","2025","04","01","18",8.8,,,"8","W","N",,"8","NNE",,3,,8,,5,
"249220150","SOLINA-JAWOR                  ","2025","04","02","06",6.3,,,"8","W","N",,"8","NNE",,4,,8,,5,
"249220150","SOLINA-JAWOR                  ","2025","04","02","12",5.8,,,"8","W","N",,"8","NE ",,4,,8,,3,
"249220150","SOLINA-JAWOR                  ","2025","04","02","18",5.4,,,"8","W","N",,"8","C  ",,0,,8,,5,
"249220150","SOLINA-JAWOR                  ","2025","04","03","06",1.8,,,"8",,"N",,"8","C  ",,0,,8,,1,
"249220150","SOLINA-JAWOR                  ","2025","04","03","12",12.9,,,"8","W","N",,"8","NE ",,5,,5,,8,
"249220150","SOLINA-JAWOR                  ","2025","04","03","18",8.5,,,"8","W","N",,"8","C  ",,0,,0,,7,
"249220150","SOLINA-JAWOR                  ","2025","04","04","06",2.7,,,"8",,"N",,"8","C  ",,0,,0,,7,
"249220150","SOLINA-JAWOR                  ","2025","04","04","12",15.8,,,"8","W","N",,"8","NW ",,2,,4,,8,
"249220150","SOLINA-JAWOR                  ","2025","04","04","18",11.6,,,"8","W","N",,"8","C  ",,0,,5,,7,
"249220150","SOLINA-JAWOR                  ","2025","04","05","06",5.3,,,"8","W","N",,"8","C  ",,0,,6,,7,
"249220150","SOLINA-JAWOR                  ","2025","04","05","12",6.7,,,"8","W","N",,"8","NNW",,3,,8,,7,
"249220150","SOLINA-JAWOR                  ","2025","04","05","18",1.0,,,"8",,"N",,"8","N  ",,3,,6,,7,
"249220150","SOLINA-JAWOR                  ","2025","04","06","06",-1.8,,,"8",,"N",,"8","NNW",,3,,8,,7,
"249220150","SOLINA-JAWOR                  ","2025","04","06","12",-1.2,,,"8",,"N",,"8","NNW",,4,,8,,3,
"249220150","SOLINA-JAWOR                  ","2025","04","06","18",-2.7,,,"8",,"N",,"8","NE ",,1,,8,,7,
"249220150","SOLINA-JAWOR                  ","2025","04","07","06",-2.6,,,"8",,"N",,"8","NNW",,1,,6,,7,
"249220150","SOLINA-JAWOR                  ","2025","04","07","12",1.4,,,"8",,"N",,"8","NW ",,3,,5,,8,
"249220150","SOLINA-JAWOR                  ","2025","04","07","18",0.0,,,"8",,"N",,"8","SW ",,1,,8,,7,
"249220150","SOLINA-JAWOR                  ","2025","04","08","06",0.1,,,"8",,"N",,"8","NW ",,1,,8,,3,
"249220150","SOLINA-JAWOR                  ","2025","04","08","12",1.4,,,"8",,"N",,"8","NNW",,2,,8,,3,
"249220150","SOLINA-JAWOR                  ","2025","04","08","18",2.0,,,"8",,"N",,"8","C  ",,0,,8,,7,
"249220150","SOLINA-JAWOR                  ","2025","04","09","06",0.0,,,"8",,"N",,"8","WNW",,1,,5,,7,
"249220150","SOLINA-JAWOR                  ","2025","04","09","12",5.8,,,"8","W","N",,"8","W  ",,2,,4,,8,
"249220150","SOLINA-JAWOR                  ","2025","04","09","18",4.7,,,"8",,"N",,"8","C  ",,0,,8,,7,
"249220150","SOLINA-JAWOR                  ","2025","04","10","06",-2.3,,,"8",,"N",,"8","NNW",,3,,8,,4,
"249220150","SOLINA-JAWOR                  ","2025","04","10","12",0.7,,,"8",,"N",,"8","N  ",,5,,6,,7,
"249220150","SOLINA-JAWOR                  ","2025","04","10","18",-0.2,,,"8",,"N",,"8","N  ",,1,,8,,4,
"249220150","SOLINA-JAWOR                  ","2025","04","11","06",0.8,,,"8",,"N",,"8","SSW",,2,,8,,2,
"249220150","SOLINA-JAWOR                  ","2025","04","11","12",2.8,,,"8",,"N",,"8","WSW",,3,,8,,4,
"249220150","SOLINA-JAWOR                  ","2025","04","11","18",3.3,,,"8",,"N",,"8","NW ",,2,,8,,5,
"249220150","SOLINA-JAWOR                  ","2025","04","12","06",4.9,,,"8",,"N",,"8","N  ",,2,,8,,4,
"249220150","SOLINA-JAWOR                  ","2025","04","12","12",10.5,,,"8","W","N",,"8","WNW",,2,,6,,8,
"249220150","SOLINA-JAWOR                  ","2025","04","12","18",7.5,,,"8","W","N",,"8","C  ",,0,,0,,7,
"249220150","SOLINA-JAWOR                  ","2025","04","13","06",9.0,,,"8","W","N",,"8","SSW",,3,,0,,7,
"249220150","SOLINA-JAWOR                  ","2025","04","13","12",16.2,,,"8","W","N",,"8","SW ",,4,,0,,8,
"249220150","SOLINA-JAWOR                  ","2025","04","13","18",13.0,,,"8","W","N",,"8","SSE",,1,,8,,7,
"249220150","SOLINA-JAWOR                  ","2025","04","14","06",12.2,,,"8","W","N",,"8","S  ",,2,,8,,7,
"249220150","SOLINA-JAWOR                  ","2025","04","14","12",14.4,,,"8","W","N",,"8","SSW",,4,,8,,8,
"249220150","SOLINA-JAWOR                  ","2025","04","14","18",12.1,,,"8","W","N",,"8","SSW",,1,,8,,7,
"249220150","SOLINA-JAWOR                  ","2025","04","15","06",11.3,,,"8","W","N",,"8","SSE",,2,,8,,5,
"249220150","SOLINA-JAWOR                  ","2025","04","15","12",12.9,,,"8","W","N",,"8","E  ",,1,,8,,7,
"249220150","SOLINA-JAWOR                  ","2025","04","15","18",12.4,,,"8","W","N",,"8","SE ",,2,,8,,5,
"249220150","SOLINA-JAWOR                  ","2025","04","16","06",15.1,,,"8","W","N",,"8","S  ",,2,,3,,7,
"249220150","SOLINA-JAWOR                  ","2025","04","16","12",20.5,,,"8","W","N",,"8","SW ",,5,,2,,8,
"249220150","SOLINA-JAWOR                  ","2025","04","16","18",17.7,,,"8","W","N",,"8","C  ",,0,,0,,7,
"249220150","SOLINA-JAWOR                  ","2025","04","17","06",18.3,,,"8","W","N",,"8","SSE",,3,,6,,7,
"249220150","SOLINA-JAWOR                  ","2025","04","17","12",24.5,,,"8","W","N",,"8","SW ",,4,,5,,8,
"249220150","SOLINA-JAWOR                  ","2025","04","17","18",21.4,,,"8","W","N",,"8","SE ",,1,,6,,7,
"249220150","SOLINA-JAWOR                  ","2025","04","18","06",12.2,,,"8","W","N",,"8","C  ",,0,,8,,7,
"249220150","SOLINA-JAWOR                  ","2025","04","18","12",21.4,,,"8","W","N",,"8","SW ",,4,,8,,8,
"249220150","SOLINA-JAWOR                  ","2025","04","18","18",14.0,,,"8","W","N",,"8","S  ",,1,,6,,7,
"249220150","SOLINA-JAWOR                  ","2025","04","19","06",10.9,,,"8","W","N",,"8","S  ",,1,,5,,7,
"249220150","SOLINA-JAWOR                  ","2025","04","19","12",20.1,,,"8","W","N",,"8","WSW",,2,,4,,8,
"249220150","SOLINA-JAWOR                  ","2025","04","19","18",15.5,,,"8","W","N",,"8","SW ",,2,,3,,7,
"249220150","SOLINA-JAWOR                  ","2025","04","20","06",10.6,,,"8","W","N",,"8","C  ",,0,,0,,7,
"249220150","SOLINA-JAWOR                  ","2025","04","20","12",19.0,,,"8","W","N",,"8","SW ",,2,,4,,8,
"249220150","SOLINA-JAWOR                  ","2025","04","20","18",16.0,,,"8","W","N",,"8","C  ",,0,,2,,7,
"249220150","SOLINA-JAWOR                  ","2025","04","21","06",11.7,,,"8","W","N",,"8","C  ",,0,,3,,7,
"249220150","SOLINA-JAWOR                  ","2025","04","21","12",22.6,,,"8","W","N",,"8","WSW",,3,,5,,8,
"249220150","SOLINA-JAWOR                  ","2025","04","21","18",16.3,,,"8","W","N",,"8","C  ",,0,,3,,7,
"249220150","SOLINA-JAWOR                  ","2025","04","22","06",10.6,,,"8","W","N",,"8","C  ",,0,,6,,7,
"249220150","SOLINA-JAWOR                  ","2025","04","22","12",18.5,,,"8","W","N",,"8","C  ",,0,,8,,7,
"249220150","SOLINA-JAWOR                  ","2025","04","22","18",18.2,,,"8","W","N",,"8","C  ",,0,,8,,7,
"249220150","SOLINA-JAWOR                  ","2025","04","23","06",13.7,,,"8","W","N",,"8","WSW",,1,,8,,7,
"249220150","SOLINA-JAWOR                  ","2025","04","23","12",20.2,,,"8","W","N",,"8","ENE",,2,,6,,8,
"249220150","SOLINA-JAWOR                  ","2025","04","23","18",14.8,,,"8","W","N",,"8","SSW",,1,,8,,7,
"249220150","SOLINA-JAWOR                  ","2025","04","24","06",11.6,,,"8","W","N",,"8","C  ",,0,,8,,5,
"249220150","SOLINA-JAWOR                  ","2025","04","24","12",19.3,,,"8","W","N",,"8","S  ",,3,,8,,8,
"249220150","SOLINA-JAWOR                  ","2025","04","24","18",13.6,,,"8","W","N",,"8","C  ",,0,,8,,7,
"249220150","SOLINA-JAWOR                  ","2025","04","25","06",11.1,,,"8","W","N",,"8","C  ",,0,,8,,4,
"249220150","SOLINA-JAWOR                  ","2025","04","25","12",18.2,,,"8","W","N",,"8","NW ",,1,,5,,8,
"249220150","SOLINA-JAWOR                  ","2025","04","25","18",10.2,,,"8","W","N",,"8","NE ",,1,,8,,5,
"249220150","SOLINA-JAWOR                  ","2025","04","26","06",6.8,,,"8","W","N",,"8","NE ",,4,,4,,7,
"249220150","SOLINA-JAWOR                  ","2025","04","26","12",11.3,,,"8","W","N",,"8","ENE",,5,,3,,8,
"249220150","SOLINA-JAWOR                  ","2025","04","26","18",7.4,,,"8","W","N",,"8","NE ",,2,,0,,7,
"249220150","SOLINA-JAWOR                  ","2025","04","27","06",5.7,,,"8","W","N",,"8","ENE",,3,,0,,7,
"249220150","SOLINA-JAWOR                  ","2025","04","27","12",11.5,,,"8","W","N",,"8","NE ",,4,,0,,8,
"249220150","SOLINA-JAWOR                  ","2025","04","27","18",8.3,,,"8","W","N",,"8","E  ",,1,,0,,7,
"249220150","SOLINA-JAWOR                  ","2025","04","28","06",3.7,,,"8",,"N",,"8","C  ",,0,,0,,7,
"249220150","SOLINA-JAWOR                  ","2025","04","28","12",18.3,,,"8","W","N",,"8","N  ",,1,,0,,8,
"249220150","SOLINA-JAWOR                  ","2025","04","28","18",13.2,,,"8","W","N",,"8","SE ",,1,,0,,7,
"249220150","SOLINA-JAWOR                  ","2025","04","29","06",9.2,,,"8","W","N",,"8","C  ",,0,,0,,7,
"249220150","SOLINA-JAWOR                  ","2025","04","29","12",19.8,,,"8","W","N",,"8","NNW",,3,,3,,8,
"249220150","SOLINA-JAWOR                  ","2025","04","29","18",15.0,,,"8","W","N",,"8","C  ",,0,,8,,7,
"249220150","SOLINA-JAWOR                  ","2025","04","30","06",10.3,,,"8","W","N",,"8","C  ",,0,,6,,7,
"249220150","SOLINA-JAWOR                  ","2025","04","30","12",19.5,,,"8","W","N",,"8","WNW",,2,,4,,8,
"249220150","SOLINA-JAWOR                  ","2025","04","30","18",14.3,,,"8","W","N",,"8","C  ",,0,,5,,7,
"249220180","KOMAÑCZA                      ","2025","04","01","06",5.3,,5.0,,"W","W",96,,"NNE",,2,,8,,5,
"249220180","KOMAÑCZA                      ","2025","04","01","12",6.7,,6.6,,"W","W",99,,"NNW",,1,,8,,6,
"249220180","KOMAÑCZA                      ","2025","04","01","18",7.9,,6.6,,"W","W",83,,"N  ",,1,,6,,4,
"249220180","KOMAÑCZA                      ","2025","04","02","06",6.1,,5.3,,"W","W",89,,"N  ",,2,,8,,6,
"249220180","KOMAÑCZA                      ","2025","04","02","12",5.9,,5.5,,"W","W",94,,"N  ",,3,,8,,6,
"249220180","KOMAÑCZA                      ","2025","04","02","18",6.1,,6.0,,"W","W",99,,"N  ",,1,,8,,2,
"249220180","KOMAÑCZA                      ","2025","04","03","06",-1.0,,-1.2,,"W","W",96,,"C  ",,0,,0,,6,
"249220180","KOMAÑCZA                      ","2025","04","03","12",13.7,,7.6,,"W","W",40,,"NNE",,3,,3,,6,
"249220180","KOMAÑCZA                      ","2025","04","03","18",8.1,,4.9,,"W","W",60,,"NE ",,1,,3,,6,
"249220180","KOMAÑCZA                      ","2025","04","04","06",-0.5,,-1.2,,"W","W",87,,"C  ",,0,,0,,6,
"249220180","KOMAÑCZA                      ","2025","04","04","12",17.2,,10.5,,"W","W",41,,"NNE",,2,,4,,6,
"249220180","KOMAÑCZA                      ","2025","04","04","18",9.7,,6.8,,"W","W",66,,"NW ",,1,,3,,6,
"249220180","KOMAÑCZA                      ","2025","04","05","06",3.6,,3.4,,"W","W",97,,"C  ",,0,,5,,6,
"249220180","KOMAÑCZA                      ","2025","04","05","12",7.3,,4.2,,"W","W",60,,"NNW",,4,,7,,6,
"249220180","KOMAÑCZA                      ","2025","04","05","18",0.8,,-1.0,,"L","W",70,,"NNW",,4,,1,,6,
"249220180","KOMAÑCZA                      ","2025","04","06","06",-2.0,,-2.6,,"L","W",86,,"NNW",,5,,8,,6,
"249220180","KOMAÑCZA                      ","2025","04","06","12",-1.8,,-2.9,,"L","W",77,,"NNW",,4,,8,,6,
"249220180","KOMAÑCZA                      ","2025","04","06","18",-2.8,,-4.3,,"L","W",68,,"N  ",,1,,6,,6,
"249220180","KOMAÑCZA                      ","2025","04","07","06",-4.2,,-5.5,,"L","W",69,,"NE ",,1,,6,,6,
"249220180","KOMAÑCZA                      ","2025","04","07","12",0.8,,-2.3,,"L","W",49,,"NW ",,3,,6,,6,
"249220180","KOMAÑCZA                      ","2025","04","07","18",-1.0,,-2.8,,"L","W",66,,"NW ",,1,,4,,6,
"249220180","KOMAÑCZA                      ","2025","04","08","06",-1.0,,-1.6,,"W","W",89,,"W  ",,2,,8,,5,
"249220180","KOMAÑCZA                      ","2025","04","08","12",2.8,,0.4,,"W","W",62,,"NW ",,4,,6,,6,
"249220180","KOMAÑCZA                      ","2025","04","08","18",1.4,,-0.2,,"W","W",73,,"C  ",,0,,8,,5,
"249220180","KOMAÑCZA                      ","2025","04","09","06",-3.0,,-3.4,,"L","W",89,,"NW ",,1,,0,,6,
"249220180","KOMAÑCZA                      ","2025","04","09","12",6.9,,1.4,,"W","W",30,,"NNW",,4,,2,,6,
"249220180","KOMAÑCZA                      ","2025","04","09","18",4.0,,1.4,,"W","W",61,,"WNW",,1,,5,,6,
"249220180","KOMAÑCZA                      ","2025","04","10","06",-2.0,,-2.6,,"L","W",86,,"NNW",,4,,8,,5,
"249220180","KOMAÑCZA                      ","2025","04","10","12",1.0,,-1.6,,"W","W",56,,"NW ",,5,,7,,6,
"249220180","KOMAÑCZA                      ","2025","04","10","18",0.8,,-1.6,,"W","W",59,,"NNW",,3,,3,,6,
"249220180","KOMAÑCZA                      ","2025","04","11","06",0.0,,-0.2,,"L","W",96,,"S  ",,1,,8,,3,
"249220180","KOMAÑCZA                      ","2025","04","11","12",1.6,,1.4,,"W","W",97,,"WSW",,1,,8,,6,
"249220180","KOMAÑCZA                      ","2025","04","11","18",2.8,,2.8,,"W","W",100,,"NNW",,3,,8,,2,
"249220180","KOMAÑCZA                      ","2025","04","12","06",4.9,,4.6,,"W","W",96,,"N  ",,1,,8,,6,
"249220180","KOMAÑCZA                      ","2025","04","12","12",10.1,,6.6,,"W","W",60,,"WNW",,3,,4,,6,
"249220180","KOMAÑCZA                      ","2025","04","12","18",5.1,,3.5,,"W","W",77,,"C  ",,0,,0,,4,
"249220180","KOMAÑCZA                      ","2025","04","13","06",7.7,,5.1,,"W","W",67,,"SSE",,4,,0,,6,
"249220180","KOMAÑCZA                      ","2025","04","13","12",15.6,,9.7,,"W","W",45,,"S  ",,4,,2,,6,
"249220180","KOMAÑCZA                      ","2025","04","13","18",12.7,,8.3,,"W","W",54,,"S  ",,2,,8,,6,
"249220180","KOMAÑCZA                      ","2025","04","14","06",10.9,,8.6,,"W","W",74,,"SE ",,1,,8,,6,
"249220180","KOMAÑCZA                      ","2025","04","14","12",14.2,,10.1,,"W","W",59,,"SSE",,6,,5,,6,
"249220180","KOMAÑCZA                      ","2025","04","14","18",11.5,,9.4,,"W","W",76,,"SSE",,3,,8,,4,
"249220180","KOMAÑCZA                      ","2025","04","15","06",10.5,,10.0,,"W","W",94,,"SSE",,2,,8,,6,
"249220180","KOMAÑCZA                      ","2025","04","15","12",11.3,,11.0,,"W","W",96,,"SSE",,2,,8,,6,
"249220180","KOMAÑCZA                      ","2025","04","15","18",11.7,,11.0,,"W","W",92,,"SE ",,3,,7,,4,
"249220180","KOMAÑCZA                      ","2025","04","16","06",13.7,,12.0,,"W","W",82,,"SSE",,4,,6,,6,
"249220180","KOMAÑCZA                      ","2025","04","16","12",20.4,,13.5,,"W","W",45,,"SSW",,4,,4,,6,
"249220180","KOMAÑCZA                      ","2025","04","16","18",16.8,,11.6,,"W","W",53,,"ESE",,1,,6,,6,
"249220180","KOMAÑCZA                      ","2025","04","17","06",11.3,,9.2,,"W","W",76,,"WNW",,1,,8,,6,
"249220180","KOMAÑCZA                      ","2025","04","17","12",23.1,,14.1,,"W","W",35,,"SSE",,4,,3,,6,
"249220180","KOMAÑCZA                      ","2025","04","17","18",16.8,,12.7,,"W","W",62,,"NNW",,1,,4,,6,
"249220180","KOMAÑCZA                      ","2025","04","18","06",15.4,,12.4,,"W","W",71,,"SE ",,2,,6,,6,
"249220180","KOMAÑCZA                      ","2025","04","18","12",18.8,,16.4,,"W","W",78,,"SSE",,3,,8,,6,
"249220180","KOMAÑCZA                      ","2025","04","18","18",12.5,,10.3,,"W","W",76,,"SSE",,1,,8,,6,
"249220180","KOMAÑCZA                      ","2025","04","19","06",11.7,,9.7,,"W","W",78,,"SSE",,3,,3,,6,
"249220180","KOMAÑCZA                      ","2025","04","19","12",17.8,,10.8,,"W","W",40,,"SSE",,4,,4,,6,
"249220180","KOMAÑCZA                      ","2025","04","19","18",14.8,,10.3,,"W","W",56,,"SE ",,1,,6,,6,
"249220180","KOMAÑCZA                      ","2025","04","20","06",13.7,,11.4,,"W","W",76,,"SSE",,3,,0,,6,
"249220180","KOMAÑCZA                      ","2025","04","20","12",19.3,,11.7,,"W","W",38,,"SSE",,4,,3,,6,
"249220180","KOMAÑCZA                      ","2025","04","20","18",13.8,,9.4,,"W","W",56,,"ESE",,1,,4,,6,
"249220180","KOMAÑCZA                      ","2025","04","21","06",10.2,,10.1,,"W","W",99,,"C  ",,0,,2,,6,
"249220180","KOMAÑCZA                      ","2025","04","21","12",22.1,,13.5,,"W","W",36,,"SSW",,3,,6,,6,
"249220180","KOMAÑCZA                      ","2025","04","21","18",14.6,,10.9,,"W","W",63,,"C  ",,0,,3,,6,
"249220180","KOMAÑCZA                      ","2025","04","22","06",10.8,,9.6,,"W","W",86,,"C  ",,0,,6,,6,
"249220180","KOMAÑCZA                      ","2025","04","22","12",19.0,,14.6,,"W","W",62,,"NNW",,2,,6,,6,
"249220180","KOMAÑCZA                      ","2025","04","22","18",16.6,,13.2,,"W","W",68,,"NNW",,1,,8,,6,
"249220180","KOMAÑCZA                      ","2025","04","23","06",12.9,,11.6,,"W","W",86,,"N  ",,1,,8,,6,
"249220180","KOMAÑCZA                      ","2025","04","23","12",19.8,,14.4,,"W","W",55,,"ENE",,3,,6,,6,
"249220180","KOMAÑCZA                      ","2025","04","23","18",14.0,,12.3,,"W","W",82,,"ENE",,1,,8,,4,
"249220180","KOMAÑCZA                      ","2025","04","24","06",10.5,,10.2,,"W","W",96,,"C  ",,0,,8,,3,
"249220180","KOMAÑCZA                      ","2025","04","24","12",19.3,,13.3,,"W","W",50,,"ESE",,3,,6,,6,
"249220180","KOMAÑCZA                      ","2025","04","24","18",12.9,,11.8,,"W","W",88,,"NNW",,1,,8,,4,
"249220180","KOMAÑCZA                      ","2025","04","25","06",11.1,,11.0,,"W","W",99,,"C  ",,0,,5,,6,
"249220180","KOMAÑCZA                      ","2025","04","25","12",18.4,,14.1,,"W","W",62,,"N  ",,3,,6,,6,
"249220180","KOMAÑCZA                      ","2025","04","25","18",10.9,,10.8,,"W","W",99,,"E  ",,1,,8,,3,
"249220180","KOMAÑCZA                      ","2025","04","26","06",6.7,,6.0,,"W","W",90,,"NNE",,3,,4,,6,
"249220180","KOMAÑCZA                      ","2025","04","26","12",12.3,,6.7,,"W","W",42,,"N  ",,5,,3,,6,
"249220180","KOMAÑCZA                      ","2025","04","26","18",7.3,,3.8,,"W","W",55,,"N  ",,2,,0,,6,
"249220180","KOMAÑCZA                      ","2025","04","27","06",4.5,,1.9,,"W","W",62,,"NNE",,1,,0,,6,
"249220180","KOMAÑCZA                      ","2025","04","27","12",12.7,,6.2,,"W","W",34,,"E  ",,3,,0,,6,
"249220180","KOMAÑCZA                      ","2025","04","27","18",6.9,,3.3,,"W","W",53,,"NNE",,1,,0,,6,
"249220180","KOMAÑCZA                      ","2025","04","28","06",2.0,,0.7,,"W","W",79,,"NNE",,1,,0,,6,
"249220180","KOMAÑCZA                      ","2025","04","28","12",18.0,,9.0,,"W","W",26,,"SSW",,2,,0,,6,
"249220180","KOMAÑCZA                      ","2025","04","28","18",12.3,,8.6,,"W","W",60,,"NW ",,1,,0,,6,
"249220180","KOMAÑCZA                      ","2025","04","29","06",7.6,,7.5,,"W","W",99,,"C  ",,0,,0,,6,
"249220180","KOMAÑCZA                      ","2025","04","29","12",19.8,,13.0,,"W","W",45,,"NW ",,3,,4,,6,
"249220180","KOMAÑCZA                      ","2025","04","29","18",13.5,,10.0,,"W","W",64,,"NNW",,1,,3,,6,
"249220180","KOMAÑCZA                      ","2025","04","30","06",9.2,,7.9,,"W","W",84,,"NNW",,1,,6,,6,
"249220180","KOMAÑCZA                      ","2025","04","30","12",20.4,,13.6,,"W","W",45,,"NNW",,3,,5,,6,
"249220180","KOMAÑCZA                      ","2025","04","30","18",12.5,,8.7,,"W","W",60,,"NNW",,1,,4,,6,
"250180580","DRONIOWICE                    ","2025","04","01","06",4.1,,3.7,,"W","N",93,,"N  ",,2,,8,,4,
"250180580","DRONIOWICE                    ","2025","04","01","12",6.8,,5.6,,"W","N",82,,"N  ",,2,,8,,5,
"250180580","DRONIOWICE                    ","2025","04","01","18",7.6,,6.7,,"W","N",87,,"C  ",,0,,8,,5,
"250180580","DRONIOWICE                    ","2025","04","02","06",7.0,,5.7,,"W","N",81,,"NNW",,2,,6,,5,
"250180580","DRONIOWICE                    ","2025","04","02","12",15.7,,9.9,,"W","N",43,,"NE ",,4,,4,,7,
"250180580","DRONIOWICE                    ","2025","04","02","18",10.8,,6.8,,"W","N",52,,"N  ",,1,,6,,7,
"250180580","DRONIOWICE                    ","2025","04","03","06",5.8,,4.2,,"W","N",76,,"N  ",,1,,1,,6,
"250180580","DRONIOWICE                    ","2025","04","03","12",17.3,,10.4,,"W","N",36,,"N  ",,2,,2,,8,
"250180580","DRONIOWICE                    ","2025","04","03","18",11.5,,8.5,,"W","N",64,,"C  ",,0,,5,,7,
"250180580","DRONIOWICE                    ","2025","04","04","06",6.6,,5.0,,"W","N",76,,"S  ",,1,,1,,6,
"250180580","DRONIOWICE                    ","2025","04","04","12",18.8,,12.5,,"W","N",44,,"SSW",,2,,3,,8,
"250180580","DRONIOWICE                    ","2025","04","04","18",10.4,,7.9,,"W","N",69,,"SW ",,1,,4,,7,
"250180580","DRONIOWICE                    ","2025","04","05","06",4.8,,2.0,,"W","N",56,,"NNW",,2,,5,,7,
"250180580","DRONIOWICE                    ","2025","04","05","12",7.4,,2.9,,"W","N",38,,"NNW",,3,,7,,7,
"250180580","DRONIOWICE                    ","2025","04","05","18",1.8,,-0.2,,"W","N",64,,"NNW",,4,,7,,7,
"250180580","DRONIOWICE                    ","2025","04","06","06",-1.4,,-1.4,,"L","N",99,,"NNW",,2,,8,,4,
"250180580","DRONIOWICE                    ","2025","04","06","12",2.9,,-0.4,,"L","N",48,,"NW ",,2,,5,,7,
"250180580","DRONIOWICE                    ","2025","04","06","18",1.7,,-0.2,,"W","N",65,,"NNW",,2,,8,,7,
"250180580","DRONIOWICE                    ","2025","04","07","06",-0.2,,-0.4,,"L","N",96,,"NNE",,2,,8,,4,
"250180580","DRONIOWICE                    ","2025","04","07","12",5.0,,2.3,,"W","N",58,,"NNE",,4,,6,,7,
"250180580","DRONIOWICE                    ","2025","04","07","18",4.4,,2.7,,"W","N",73,,"NW ",,2,,8,,6,
"250180580","DRONIOWICE                    ","2025","04","08","06",2.3,,1.6,,"W","N",87,,"N  ",,2,,7,,5,
"250180580","DRONIOWICE                    ","2025","04","08","12",8.0,,3.3,,"W","N",37,,"N  ",,5,,4,,7,
"250180580","DRONIOWICE                    ","2025","04","08","18",3.8,,1.2,,"W","N",57,,"NNW",,2,,2,,8,
"250180580","DRONIOWICE                    ","2025","04","09","06",0.3,,-0.8,,"L","N",79,,"C  ",,0,,3,,6,
"250180580","DRONIOWICE                    ","2025","04","09","12",9.9,,5.0,,"W","N",40,,"NNW",,4,,5,,7,
"250180580","DRONIOWICE                    ","2025","04","09","18",6.4,,3.3,,"W","N",55,,"W  ",,3,,7,,7,
"250180580","DRONIOWICE                    ","2025","04","10","06",0.9,,-0.8,,"L","N",69,,"N  ",,4,,4,,7,
"250180580","DRONIOWICE                    ","2025","04","10","12",5.0,,0.8,,"W","N",36,,"NNW",,6,,5,,7,
"250180580","DRONIOWICE                    ","2025","04","10","18",3.5,,1.2,,"W","N",62,,"SW ",,1,,6,,7,
"250180580","DRONIOWICE                    ","2025","04","11","06",6.4,,4.8,,"W","N",76,,"NW ",,6,,8,,6,
"250180580","DRONIOWICE                    ","2025","04","11","12",6.6,,5.0,,"W","N",76,,"NW ",,5,,8,,6,
"250180580","DRONIOWICE                    ","2025","04","11","18",6.4,,5.9,,"W","N",92,,"NW ",,1,,8,,4,
"250180580","DRONIOWICE                    ","2025","04","12","06",7.0,,6.4,,"W","N",91,,"C  ",,0,,8,,4,
"250180580","DRONIOWICE                    ","2025","04","12","12",14.2,,10.1,,"W","N",56,,"WSW",,2,,5,,7,
"250180580","DRONIOWICE                    ","2025","04","12","18",10.9,,8.4,,"W","N",69,,"S  ",,2,,4,,7,
"250180580","DRONIOWICE                    ","2025","04","13","06",11.2,,8.3,,"W","N",65,,"S  ",,4,,3,,8,
"250180580","DRONIOWICE                    ","2025","04","13","12",21.1,,13.1,,"W","N",35,,"SW ",,4,,4,,8,
"250180580","DRONIOWICE                    ","2025","04","13","18",15.9,,10.8,,"W","N",49,,"SW ",,3,,8,,7,
"250180580","DRONIOWICE                    ","2025","04","14","06",14.4,,11.1,,"W","N",65,,"S  ",,2,,4,,7,
"250180580","DRONIOWICE                    ","2025","04","14","12",21.8,,14.5,,"W","N",41,,"WSW",,3,,3,,8,
"250180580","DRONIOWICE                    ","2025","04","14","18",18.4,,12.9,,"W","N",50,,"S  ",,1,,5,,7,
"250180580","DRONIOWICE                    ","2025","04","15","06",12.3,,10.4,,"W","N",78,,"ESE",,1,,7,,6,
"250180580","DRONIOWICE                    ","2025","04","15","12",16.9,,13.0,,"W","N",62,,"SE ",,3,,8,,7,
"250180580","DRONIOWICE                    ","2025","04","15","18",13.8,,12.3,,"W","N",83,,"SE ",,3,,8,,5,
"250180580","DRONIOWICE                    ","2025","04","16","06",15.2,,13.5,,"W","N",82,,"SW ",,3,,5,,5,
"250180580","DRONIOWICE                    ","2025","04","16","12",25.1,,17.7,,"W","N",45,,"WSW",,4,,2,,8,
"250180580","DRONIOWICE                    ","2025","04","16","18",19.9,,14.7,,"W","N",54,,"S  ",,2,,3,,8,
"250180580","DRONIOWICE                    ","2025","04","17","06",19.7,,13.9,,"W","N",49,,"SSE",,4,,3,,7,
"250180580","DRONIOWICE                    ","2025","04","17","12",28.3,,17.0,,"W","N",27,,"S  ",,4,,4,,7,
"250180580","DRONIOWICE                    ","2025","04","17","18",22.5,,15.1,,"W","N",41,,"SSE",,2,,7,,7,
"250180580","DRONIOWICE                    ","2025","04","18","06",14.6,,14.1,,"W","N",94,,"SSW",,2,,8,,4,
"250180580","DRONIOWICE                    ","2025","04","18","12",18.6,,17.2,,"W","N",86,,"SSE",,2,,8,,5,
"250180580","DRONIOWICE                    ","2025","04","18","18",14.7,,13.9,,"W","N",91,,"S  ",,2,,7,,5,
"250180580","DRONIOWICE                    ","2025","04","19","06",9.7,,8.7,,"W","N",87,,"SW ",,4,,8,,5,
"250180580","DRONIOWICE                    ","2025","04","19","12",16.4,,12.0,,"W","N",56,,"WSW",,4,,5,,7,
"250180580","DRONIOWICE                    ","2025","04","19","18",11.1,,9.0,,"W","N",74,,"SW ",,1,,5,,6,
"250180580","DRONIOWICE                    ","2025","04","20","06",14.1,,11.0,,"W","N",66,,"S  ",,3,,3,,7,
"250180580","DRONIOWICE                    ","2025","04","20","12",22.3,,14.7,,"W","N",40,,"SW ",,4,,3,,8,
"250180580","DRONIOWICE                    ","2025","04","20","18",17.4,,12.9,,"W","N",57,,"SW ",,1,,5,,7,
"250180580","DRONIOWICE                    ","2025","04","21","06",14.9,,12.9,,"W","N",78,,"SE ",,1,,4,,6,
"250180580","DRONIOWICE                    ","2025","04","21","12",20.5,,14.6,,"W","N",49,,"WSW",,2,,5,,7,
"250180580","DRONIOWICE                    ","2025","04","21","18",14.5,,11.4,,"W","N",67,,"C  ",,0,,4,,7,
"250180580","DRONIOWICE                    ","2025","04","22","06",12.3,,11.6,,"W","N",92,,"W  ",,2,,8,,4,
"250180580","DRONIOWICE                    ","2025","04","22","12",19.1,,14.5,,"W","N",58,,"W  ",,3,,3,,8,
"250180580","DRONIOWICE                    ","2025","04","22","18",14.1,,11.0,,"W","N",66,,"C  ",,0,,4,,7,
"250180580","DRONIOWICE                    ","2025","04","23","06",13.0,,11.5,,"W","N",83,,"ESE",,1,,6,,5,
"250180580","DRONIOWICE                    ","2025","04","23","12",21.9,,14.8,,"W","N",43,,"ESE",,3,,7,,7,
"250180580","DRONIOWICE                    ","2025","04","23","18",17.7,,12.9,,"W","N",55,,"ENE",,2,,6,,7,
"250180580","DRONIOWICE                    ","2025","04","24","06",13.4,,11.3,,"W","N",76,,"NNE",,1,,5,,6,
"250180580","DRONIOWICE                    ","2025","04","24","12",22.7,,18.0,,"W","N",61,,"NNW",,3,,8,,7,
"250180580","DRONIOWICE                    ","2025","04","24","18",14.3,,13.2,,"W","N",88,,"NNE",,1,,8,,5,
"250180580","DRONIOWICE                    ","2025","04","25","06",10.7,,10.2,,"W","N",94,,"NNE",,3,,8,,4,
"250180580","DRONIOWICE                    ","2025","04","25","12",10.1,,9.4,,"W","N",91,,"NNE",,4,,8,,4,
"250180580","DRONIOWICE                    ","2025","04","25","18",10.9,,9.8,,"W","N",86,,"N  ",,1,,7,,5,
"250180580","DRONIOWICE                    ","2025","04","26","06",6.9,,4.6,,"W","N",67,,"ENE",,4,,1,,8,
"250180580","DRONIOWICE                    ","2025","04","26","12",13.1,,7.7,,"W","N",41,,"NNE",,4,,2,,8,
"250180580","DRONIOWICE                    ","2025","04","26","18",9.2,,5.7,,"W","N",55,,"NE ",,2,,2,,7,
"250180580","DRONIOWICE                    ","2025","04","27","06",7.2,,3.7,,"W","N",51,,"ESE",,2,,2,,8,
"250180580","DRONIOWICE                    ","2025","04","27","12",15.2,,8.3,,"W","N",32,,"ENE",,2,,2,,8,
"250180580","DRONIOWICE                    ","2025","04","27","18",8.5,,5.9,,"W","N",65,,"SE ",,1,,2,,7,
"250180580","DRONIOWICE                    ","2025","04","28","06",11.1,,7.3,,"W","N",55,,"SE ",,2,,1,,8,
"250180580","DRONIOWICE                    ","2025","04","28","12",19.5,,11.6,,"W","N",33,,"W  ",,3,,1,,8,
"250180580","DRONIOWICE                    ","2025","04","28","18",12.7,,9.6,,"W","N",65,,"WNW",,1,,2,,7,
"250180580","DRONIOWICE                    ","2025","04","29","06",11.1,,7.2,,"W","N",53,,"SW ",,1,,3,,8,
"250180580","DRONIOWICE                    ","2025","04","29","12",19.9,,11.1,,"W","N",27,,"W  ",,5,,1,,7,
"250180580","DRONIOWICE                    ","2025","04","29","18",14.0,,10.4,,"W","N",61,,"NW ",,1,,5,,7,
"250180580","DRONIOWICE                    ","2025","04","30","06",12.8,,10.8,,"W","N",77,,"W  ",,1,,3,,6,
"250180580","DRONIOWICE                    ","2025","04","30","12",20.1,,12.5,,"W","N",36,,"WNW",,4,,3,,8,
"250180580","DRONIOWICE                    ","2025","04","30","18",14.1,,10.4,,"W","N",60,,"N  ",,2,,3,,7,
"250190390","KRAKÓW-OBSERWATORIUM          ","2025","04","01","06",6.8,,5.4,,"W","W",81,,"NNW",,2,,8,,8,
"250190390","KRAKÓW-OBSERWATORIUM          ","2025","04","01","12",9.0,,7.0,,"W","W",75,,"NNW",,1,,8,,8,
"250190390","KRAKÓW-OBSERWATORIUM          ","2025","04","01","18",9.9,,7.9,,"W","W",76,,"W  ",,1,,7,,8,
"250190390","KRAKÓW-OBSERWATORIUM          ","2025","04","02","06",8.2,,7.0,,"W","W",85,,"NNE",,1,,7,,8,
"250190390","KRAKÓW-OBSERWATORIUM          ","2025","04","02","12",14.0,,9.0,,"W","W",50,,"NW ",,2,,4,,8,
"250190390","KRAKÓW-OBSERWATORIUM          ","2025","04","02","18",13.0,,7.9,,"W","W",48,,"NE ",,2,,0,,8,
"250190390","KRAKÓW-OBSERWATORIUM          ","2025","04","03","06",6.6,,4.5,,"W","W",72,,"NNE",,1,,0,,9,
"250190390","KRAKÓW-OBSERWATORIUM          ","2025","04","03","12",17.6,,10.2,,"W","W",37,,"NNE",,4,,2,,9,
"250190390","KRAKÓW-OBSERWATORIUM          ","2025","04","03","18",14.0,,8.6,,"W","W",47,,"NE ",,1,,0,,9,
"250190390","KRAKÓW-OBSERWATORIUM          ","2025","04","04","06",6.8,,5.1,,"W","W",77,,"W  ",,2,,0,,9,
"250190390","KRAKÓW-OBSERWATORIUM          ","2025","04","04","12",21.2,,12.6,,"W","W",34,,"NNW",,2,,3,,9,
"250190390","KRAKÓW-OBSERWATORIUM          ","2025","04","04","18",16.2,,10.5,,"W","W",48,,"W  ",,1,,5,,9,
"250190390","KRAKÓW-OBSERWATORIUM          ","2025","04","05","06",10.2,,7.9,,"W","W",73,,"NW ",,2,,7,,8,
"250190390","KRAKÓW-OBSERWATORIUM          ","2025","04","05","12",10.5,,4.6,,"W","W",35,,"NNW",,4,,5,,9,
"250190390","KRAKÓW-OBSERWATORIUM          ","2025","04","05","18",2.5,,0.5,,"W","W",68,,"N  ",,2,,6,,9,
"250190390","KRAKÓW-OBSERWATORIUM          ","2025","04","06","06",0.3,,-1.1,,"L","W",76,,"NNW",,3,,8,,9,
"250190390","KRAKÓW-OBSERWATORIUM          ","2025","04","06","12",2.2,,0.2,,"W","W",68,,"N  ",,4,,6,,9,
"250190390","KRAKÓW-OBSERWATORIUM          ","2025","04","06","18",2.2,,-1.5,,"L","W",44,,"N  ",,2,,6,,9,
"250190390","KRAKÓW-OBSERWATORIUM          ","2025","04","07","06",0.0,,-2.1,,"L","W",63,,"NNW",,2,,5,,9,
"250190390","KRAKÓW-OBSERWATORIUM          ","2025","04","07","12",6.5,,0.8,,"W","W",27,,"N  ",,3,,5,,9,
"250190390","KRAKÓW-OBSERWATORIUM          ","2025","04","07","18",5.8,,4.0,,"W","W",75,,"NNW",,2,,7,,9,
"250190390","KRAKÓW-OBSERWATORIUM          ","2025","04","08","06",3.7,,1.2,,"W","W",62,,"WNW",,2,,7,,8,
"250190390","KRAKÓW-OBSERWATORIUM          ","2025","04","08","12",8.2,,2.9,,"W","W",36,,"W  ",,4,,5,,9,
"250190390","KRAKÓW-OBSERWATORIUM          ","2025","04","08","18",6.8,,2.1,,"W","W",40,,"NNW",,2,,4,,9,
"250190390","KRAKÓW-OBSERWATORIUM          ","2025","04","09","06",2.0,,-0.7,,"W","W",56,,"W  ",,2,,1,,8,
"250190390","KRAKÓW-OBSERWATORIUM          ","2025","04","09","12",12.3,,5.2,,"W","W",28,,"NW ",,3,,5,,8,
"250190390","KRAKÓW-OBSERWATORIUM          ","2025","04","09","18",9.2,,4.2,,"W","W",42,,"WNW",,2,,7,,8,
"250190390","KRAKÓW-OBSERWATORIUM          ","2025","04","10","06",1.4,,-1.3,,"W","W",55,,"NE ",,3,,2,,8,
"250190390","KRAKÓW-OBSERWATORIUM          ","2025","04","10","12",6.0,,1.1,,"W","W",35,,"NNW",,3,,7,,8,
"250190390","KRAKÓW-OBSERWATORIUM          ","2025","04","10","18",5.0,,0.7,,"W","W",40,,"WNW",,2,,4,,8,
"250190390","KRAKÓW-OBSERWATORIUM          ","2025","04","11","06",8.9,,5.5,,"W","W",59,,"W  ",,5,,8,,9,
"250190390","KRAKÓW-OBSERWATORIUM          ","2025","04","11","12",6.7,,5.4,,"W","W",82,,"WNW",,3,,8,,7,
"250190390","KRAKÓW-OBSERWATORIUM          ","2025","04","11","18",6.4,,5.9,,"W","W",93,,"W  ",,2,,8,,7,
"250190390","KRAKÓW-OBSERWATORIUM          ","2025","04","12","06",7.0,,6.2,,"W","W",89,,"WSW",,1,,7,,6,
"250190390","KRAKÓW-OBSERWATORIUM          ","2025","04","12","12",14.6,,9.1,,"W","W",47,,"S  ",,2,,3,,8,
"250190390","KRAKÓW-OBSERWATORIUM          ","2025","04","12","18",12.2,,8.3,,"W","W",58,,"ESE",,1,,1,,8,
"250190390","KRAKÓW-OBSERWATORIUM          ","2025","04","13","06",6.8,,5.3,,"W","W",80,,"ENE",,1,,1,,8,
"250190390","KRAKÓW-OBSERWATORIUM          ","2025","04","13","12",22.6,,12.6,,"W","W",28,,"WNW",,2,,2,,9,
"250190390","KRAKÓW-OBSERWATORIUM          ","2025","04","13","18",17.9,,11.0,,"W","W",41,,"WSW",,1,,8,,8,
"250190390","KRAKÓW-OBSERWATORIUM          ","2025","04","14","06",14.1,,11.0,,"W","W",68,,"C  ",,0,,1,,8,
"250190390","KRAKÓW-OBSERWATORIUM          ","2025","04","14","12",22.6,,14.2,,"W","W",38,,"S  ",,2,,4,,8,
"250190390","KRAKÓW-OBSERWATORIUM          ","2025","04","14","18",17.7,,12.3,,"W","W",52,,"SSE",,2,,3,,8,
"250190390","KRAKÓW-OBSERWATORIUM          ","2025","04","15","06",11.7,,10.3,,"W","W",84,,"NE ",,1,,8,,9,
"250190390","KRAKÓW-OBSERWATORIUM          ","2025","04","15","12",15.7,,12.1,,"W","W",65,,"ESE",,3,,8,,9,
"250190390","KRAKÓW-OBSERWATORIUM          ","2025","04","15","18",13.3,,12.1,,"W","W",87,,"E  ",,2,,7,,8,
"250190390","KRAKÓW-OBSERWATORIUM          ","2025","04","16","06",15.6,,13.2,,"W","W",76,,"C  ",,0,,6,,9,
"250190390","KRAKÓW-OBSERWATORIUM          ","2025","04","16","12",26.3,,16.5,,"W","W",35,,"S  ",,3,,2,,9,
"250190390","KRAKÓW-OBSERWATORIUM          ","2025","04","16","18",22.1,,14.5,,"W","W",42,,"S  ",,2,,1,,9,
"250190390","KRAKÓW-OBSERWATORIUM          ","2025","04","17","06",14.2,,11.8,,"W","W",75,,"C  ",,0,,5,,9,
"250190390","KRAKÓW-OBSERWATORIUM          ","2025","04","17","12",29.2,,17.0,,"W","W",27,,"SE ",,2,,1,,8,
"250190390","KRAKÓW-OBSERWATORIUM          ","2025","04","17","18",23.3,,15.5,,"W","W",43,,"C  ",,0,,5,,8,
"250190390","KRAKÓW-OBSERWATORIUM          ","2025","04","18","06",17.4,,14.9,,"W","W",77,,"W  ",,1,,6,,9,
"250190390","KRAKÓW-OBSERWATORIUM          ","2025","04","18","12",18.9,,15.8,,"W","W",72,,"NW ",,1,,8,,9,
"250190390","KRAKÓW-OBSERWATORIUM          ","2025","04","18","18",15.9,,12.9,,"W","W",71,,"C  ",,0,,5,,9,
"250190390","KRAKÓW-OBSERWATORIUM          ","2025","04","19","06",11.4,,9.8,,"W","W",82,,"WNW",,3,,4,,9,
"250190390","KRAKÓW-OBSERWATORIUM          ","2025","04","19","12",19.6,,12.3,,"W","W",41,,"WNW",,2,,2,,9,
"250190390","KRAKÓW-OBSERWATORIUM          ","2025","04","19","18",18.6,,12.9,,"W","W",51,,"ESE",,2,,3,,9,
"250190390","KRAKÓW-OBSERWATORIUM          ","2025","04","20","06",12.0,,9.1,,"W","W",68,,"ESE",,1,,1,,9,
"250190390","KRAKÓW-OBSERWATORIUM          ","2025","04","20","12",23.5,,13.7,,"W","W",31,,"ESE",,2,,4,,9,
"250190390","KRAKÓW-OBSERWATORIUM          ","2025","04","20","18",20.5,,13.2,,"W","W",42,,"W  ",,2,,4,,9,
"250190390","KRAKÓW-OBSERWATORIUM          ","2025","04","21","06",14.3,,11.3,,"W","W",70,,"C  ",,0,,7,,9,
"250190390","KRAKÓW-OBSERWATORIUM          ","2025","04","21","12",24.5,,15.3,,"W","W",36,,"N  ",,2,,4,,8,
"250190390","KRAKÓW-OBSERWATORIUM          ","2025","04","21","18",20.9,,14.5,,"W","W",49,,"C  ",,0,,2,,8,
"250190390","KRAKÓW-OBSERWATORIUM          ","2025","04","22","06",14.7,,12.7,,"W","W",80,,"W  ",,3,,7,,7,
"250190390","KRAKÓW-OBSERWATORIUM          ","2025","04","22","12",21.9,,14.9,,"W","W",46,,"NW ",,2,,4,,8,
"250190390","KRAKÓW-OBSERWATORIUM          ","2025","04","22","18",18.8,,13.7,,"W","W",56,,"NNE",,2,,5,,8,
"250190390","KRAKÓW-OBSERWATORIUM          ","2025","04","23","06",13.3,,11.0,,"W","W",76,,"SE ",,1,,1,,8,
"250190390","KRAKÓW-OBSERWATORIUM          ","2025","04","23","12",22.4,,14.5,,"W","W",41,,"ENE",,3,,2,,8,
"250190390","KRAKÓW-OBSERWATORIUM          ","2025","04","23","18",19.8,,13.4,,"W","W",47,,"E  ",,1,,2,,8,
"250190390","KRAKÓW-OBSERWATORIUM          ","2025","04","24","06",13.6,,10.9,,"W","W",72,,"E  ",,1,,3,,8,
"250190390","KRAKÓW-OBSERWATORIUM          ","2025","04","24","12",22.3,,15.1,,"W","W",45,,"E  ",,3,,4,,9,
"250190390","KRAKÓW-OBSERWATORIUM          ","2025","04","24","18",15.9,,13.9,,"W","W",80,,"NW ",,1,,8,,8,
"250190390","KRAKÓW-OBSERWATORIUM          ","2025","04","25","06",13.0,,11.9,,"W","W",88,,"NE ",,2,,8,,6,
"250190390","KRAKÓW-OBSERWATORIUM          ","2025","04","25","12",12.5,,12.1,,"W","W",96,,"N  ",,2,,8,,7,
"250190390","KRAKÓW-OBSERWATORIUM          ","2025","04","25","18",10.8,,10.5,,"W","W",96,,"NNE",,3,,8,,7,
"250190390","KRAKÓW-OBSERWATORIUM          ","2025","04","26","06",7.4,,5.2,,"W","W",71,,"ENE",,3,,0,,8,
"250190390","KRAKÓW-OBSERWATORIUM          ","2025","04","26","12",13.2,,7.7,,"W","W",44,,"NE ",,3,,3,,8,
"250190390","KRAKÓW-OBSERWATORIUM          ","2025","04","26","18",11.9,,6.9,,"W","W",47,,"NE ",,2,,0,,8,
"250190390","KRAKÓW-OBSERWATORIUM          ","2025","04","27","06",5.7,,2.6,,"W","W",57,,"SE ",,2,,1,,9,
"250190390","KRAKÓW-OBSERWATORIUM          ","2025","04","27","12",13.0,,6.5,,"W","W",35,,"NE ",,3,,0,,9,
"250190390","KRAKÓW-OBSERWATORIUM          ","2025","04","27","18",11.4,,6.6,,"W","W",48,,"ENE",,2,,1,,9,
"250190390","KRAKÓW-OBSERWATORIUM          ","2025","04","28","06",6.4,,3.9,,"W","W",66,,"ESE",,2,,2,,9,
"250190390","KRAKÓW-OBSERWATORIUM          ","2025","04","28","12",20.1,,11.5,,"W","W",33,,"ESE",,1,,1,,9,
"250190390","KRAKÓW-OBSERWATORIUM          ","2025","04","28","18",16.2,,10.5,,"W","W",48,,"ESE",,1,,1,,9,
"250190390","KRAKÓW-OBSERWATORIUM          ","2025","04","29","06",11.5,,8.9,,"W","W",71,,"W  ",,1,,1,,9,
"250190390","KRAKÓW-OBSERWATORIUM          ","2025","04","29","12",21.5,,13.1,,"W","W",36,,"W  ",,3,,5,,9,
"250190390","KRAKÓW-OBSERWATORIUM          ","2025","04","29","18",17.5,,10.3,,"W","W",38,,"WNW",,1,,5,,9,
"250190390","KRAKÓW-OBSERWATORIUM          ","2025","04","30","06",12.4,,9.2,,"W","W",66,,"SW ",,1,,2,,8,
"250190390","KRAKÓW-OBSERWATORIUM          ","2025","04","30","12",22.0,,13.0,,"W","W",33,,"NW ",,2,,2,,8,
"250190390","KRAKÓW-OBSERWATORIUM          ","2025","04","30","18",17.8,,10.9,,"W","W",41,,"NNE",,1,,3,,8,
"250210050","ŒWIÊTY KRZY¯                  ","2025","04","01","06",3.7,,,"8",,"W",,"8","NE ",,6,,,"8",,"8"
"250210050","ŒWIÊTY KRZY¯                  ","2025","04","01","12",10.3,,,"8","W","W",,"8","ENE",,5,,,"8",,"8"
"250210050","ŒWIÊTY KRZY¯                  ","2025","04","01","18",8.1,,,"8","W","W",,"8","ENE",,5,,,"8",,"8"
"250210050","ŒWIÊTY KRZY¯                  ","2025","04","02","06",3.9,,,"8",,"W",,"8","NE ",,8,,,"8",,"8"
"250210050","ŒWIÊTY KRZY¯                  ","2025","04","02","12",13.4,,,"8","W","W",,"8","ENE",,5,,,"8",,"8"
"250210050","ŒWIÊTY KRZY¯                  ","2025","04","02","18",9.8,,,"8","W","W",,"8","ENE",,5,,,"8",,"8"
"250210050","ŒWIÊTY KRZY¯                  ","2025","04","03","06",4.8,,,"8",,"W",,"8","NE ",,3,,,"8",,"8"
"250210050","ŒWIÊTY KRZY¯                  ","2025","04","03","12",15.0,,,"8","W","W",,"8","E  ",,3,,,"8",,"8"
"250210050","ŒWIÊTY KRZY¯                  ","2025","04","03","18",11.6,,,"8","W","W",,"8","ENE",,3,,,"8",,"8"
"250210050","ŒWIÊTY KRZY¯                  ","2025","04","04","06",11.1,,,"8","W","W",,"8","NNE",,2,,,"8",,"8"
"250210050","ŒWIÊTY KRZY¯                  ","2025","04","04","12",17.8,,,"8","W","W",,"8","NNE",,3,,,"8",,"8"
"250210050","ŒWIÊTY KRZY¯                  ","2025","04","04","18",12.7,,,"8","W","W",,"8","NNW",,4,,,"8",,"8"
"250210050","ŒWIÊTY KRZY¯                  ","2025","04","05","06",4.0,,,"8",,"W",,"8","NE ",,7,,,"8",,"8"
"250210050","ŒWIÊTY KRZY¯                  ","2025","04","05","12",4.2,,,"8",,"W",,"8","NNE",,6,,,"8",,"8"
"250210050","ŒWIÊTY KRZY¯                  ","2025","04","05","18",-1.2,,,"8",,"W",,"8","NNE",,7,,,"8",,"8"
"250210050","ŒWIÊTY KRZY¯                  ","2025","04","06","06",-3.6,,,"8",,"W",,"8","NE ",,8,,,"8",,"8"
"250210050","ŒWIÊTY KRZY¯                  ","2025","04","06","12",-0.4,,,"8",,"W",,"8","NNE",,8,,,"8",,"8"
"250210050","ŒWIÊTY KRZY¯                  ","2025","04","06","18",-1.8,,,"8",,"W",,"8","NE ",,6,,,"8",,"8"
"250210050","ŒWIÊTY KRZY¯                  ","2025","04","07","06",-3.1,,,"8",,"W",,"8","NE ",,6,,,"8",,"8"
"250210050","ŒWIÊTY KRZY¯                  ","2025","04","07","12",3.4,,,"8",,"W",,"8","NE ",,5,,,"8",,"8"
"250210050","ŒWIÊTY KRZY¯                  ","2025","04","07","18",2.4,,,"8",,"W",,"8","NE ",,5,,,"8",,"8"
"250210050","ŒWIÊTY KRZY¯                  ","2025","04","08","06",-1.0,,,"8",,"W",,"8","N  ",,4,,,"8",,"8"
"250210050","ŒWIÊTY KRZY¯                  ","2025","04","08","12",5.1,,,"8",,"W",,"8","NNE",,7,,,"8",,"8"
"250210050","ŒWIÊTY KRZY¯                  ","2025","04","08","18",3.1,,,"8",,"W",,"8","N  ",,5,,,"8",,"8"
"250210050","ŒWIÊTY KRZY¯                  ","2025","04","09","06",-1.6,,,"8",,"W",,"8","N  ",,3,,,"8",,"8"
"250210050","ŒWIÊTY KRZY¯                  ","2025","04","09","12",5.0,,,"8",,"W",,"8","NNE",,4,,,"8",,"8"
"250210050","ŒWIÊTY KRZY¯                  ","2025","04","09","18",3.3,,,"8",,"W",,"8","W  ",,5,,,"8",,"8"
"250210050","ŒWIÊTY KRZY¯                  ","2025","04","10","06",-3.3,,,"8",,"W",,"8","NE ",,8,,,"8",,"8"
"250210050","ŒWIÊTY KRZY¯                  ","2025","04","10","12",1.7,,,"8",,"W",,"8","NNE",,7,,,"8",,"8"
"250210050","ŒWIÊTY KRZY¯                  ","2025","04","10","18",1.4,,,"8",,"W",,"8","NW ",,5,,,"8",,"8"
"250210050","ŒWIÊTY KRZY¯                  ","2025","04","11","06",4.4,,,"8",,"W",,"8","NW ",,6,,,"8",,"8"
"250210050","ŒWIÊTY KRZY¯                  ","2025","04","11","12",3.8,,,"8",,"W",,"8","NNW",,6,,,"8",,"8"
"250210050","ŒWIÊTY KRZY¯                  ","2025","04","11","18",4.3,,,"8",,"W",,"8","N  ",,6,,,"8",,"8"
"250210050","ŒWIÊTY KRZY¯                  ","2025","04","12","06",3.1,,,"8",,"W",,"8","NNE",,5,,,"8",,"8"
"250210050","ŒWIÊTY KRZY¯                  ","2025","04","12","12",10.9,,,"8","W","W",,"8","ESE",,1,,,"8",,"8"
"250210050","ŒWIÊTY KRZY¯                  ","2025","04","12","18",9.0,,,"8","W","W",,"8","SSW",,3,,,"8",,"8"
"250210050","ŒWIÊTY KRZY¯                  ","2025","04","13","06",8.1,,,"8","W","W",,"8","SSW",,4,,,"8",,"8"
"250210050","ŒWIÊTY KRZY¯                  ","2025","04","13","12",17.2,,,"8","W","W",,"8","SSW",,4,,,"8",,"8"
"250210050","ŒWIÊTY KRZY¯                  ","2025","04","13","18",13.7,,,"8","W","W",,"8","S  ",,6,,,"8",,"8"
"250210050","ŒWIÊTY KRZY¯                  ","2025","04","14","06",11.4,,,"8","W","W",,"8","SSW",,4,,,"8",,"8"
"250210050","ŒWIÊTY KRZY¯                  ","2025","04","14","12",19.4,,,"8","W","W",,"8","SSW",,3,,,"8",,"8"
"250210050","ŒWIÊTY KRZY¯                  ","2025","04","14","18",13.9,,,"8","W","W",,"8","S  ",,6,,,"8",,"8"
"250210050","ŒWIÊTY KRZY¯                  ","2025","04","15","06",8.8,,,"8","W","W",,"8","S  ",,6,,,"8",,"8"
"250210050","ŒWIÊTY KRZY¯                  ","2025","04","15","12",11.6,,,"8","W","W",,"8","S  ",,7,,,"8",,"8"
"250210050","ŒWIÊTY KRZY¯                  ","2025","04","15","18",10.3,,,"8","W","W",,"8","S  ",,7,,,"8",,"8"
"250210050","ŒWIÊTY KRZY¯                  ","2025","04","16","06",11.1,,,"8","W","W",,"8","S  ",,6,,,"8",,"8"
"250210050","ŒWIÊTY KRZY¯                  ","2025","04","16","12",21.6,,,"8","W","W",,"8","SSW",,5,,,"8",,"8"
"250210050","ŒWIÊTY KRZY¯                  ","2025","04","16","18",18.4,,,"8","W","W",,"8","S  ",,5,,,"8",,"8"
"250210050","ŒWIÊTY KRZY¯                  ","2025","04","17","06",16.2,,,"8","W","W",,"8","S  ",,4,,,"8",,"8"
"250210050","ŒWIÊTY KRZY¯                  ","2025","04","17","12",23.8,,,"8","W","W",,"8","S  ",,6,,,"8",,"8"
"250210050","ŒWIÊTY KRZY¯                  ","2025","04","17","18",20.3,,,"8","W","W",,"8","S  ",,6,,,"8",,"8"
"250210050","ŒWIÊTY KRZY¯                  ","2025","04","18","06",16.7,,,"8","W","W",,"8","SSW",,3,,,"8",,"8"
"250210050","ŒWIÊTY KRZY¯                  ","2025","04","18","12",17.4,,,"8","W","W",,"8","S  ",,5,,,"8",,"8"
"250210050","ŒWIÊTY KRZY¯                  ","2025","04","18","18",13.3,,,"8","W","W",,"8","S  ",,5,,,"8",,"8"
"250210050","ŒWIÊTY KRZY¯                  ","2025","04","19","06",10.2,,,"8","W","W",,"8","W  ",,5,,,"8",,"8"
"250210050","ŒWIÊTY KRZY¯                  ","2025","04","19","12",14.3,,,"8","W","W",,"8","S  ",,3,,,"8",,"8"
"250210050","ŒWIÊTY KRZY¯                  ","2025","04","19","18",12.7,,,"8","W","W",,"8","S  ",,3,,,"8",,"8"
"250210050","ŒWIÊTY KRZY¯                  ","2025","04","20","06",12.2,,,"8","W","W",,"8","SW ",,3,,,"8",,"8"
"250210050","ŒWIÊTY KRZY¯                  ","2025","04","20","12",19.2,,,"8","W","W",,"8","S  ",,3,,,"8",,"8"
"250210050","ŒWIÊTY KRZY¯                  ","2025","04","20","18",15.8,,,"8","W","W",,"8","S  ",,3,,,"8",,"8"
"250210050","ŒWIÊTY KRZY¯                  ","2025","04","21","06",16.2,,,"8","W","W",,"8","SSW",,1,,,"8",,"8"
"250210050","ŒWIÊTY KRZY¯                  ","2025","04","21","12",20.3,,,"8","W","W",,"8","E  ",,2,,,"8",,"8"
"250210050","ŒWIÊTY KRZY¯                  ","2025","04","21","18",17.0,,,"8","W","W",,"8","SE ",,1,,,"8",,"8"
"250210050","ŒWIÊTY KRZY¯                  ","2025","04","22","06",15.0,,,"8","W","W",,"8","N  ",,5,,,"8",,"8"
"250210050","ŒWIÊTY KRZY¯                  ","2025","04","22","12",17.8,,,"8","W","W",,"8","NNE",,3,,,"8",,"8"
"250210050","ŒWIÊTY KRZY¯                  ","2025","04","22","18",14.0,,,"8","W","W",,"8","N  ",,5,,,"8",,"8"
"250210050","ŒWIÊTY KRZY¯                  ","2025","04","23","06",12.9,,,"8","W","W",,"8","E  ",,2,,,"8",,"8"
"250210050","ŒWIÊTY KRZY¯                  ","2025","04","23","12",19.6,,,"8","W","W",,"8","ENE",,2,,,"8",,"8"
"250210050","ŒWIÊTY KRZY¯                  ","2025","04","23","18",15.0,,,"8","W","W",,"8","E  ",,3,,,"8",,"8"
"250210050","ŒWIÊTY KRZY¯                  ","2025","04","24","06",13.8,,,"8","W","W",,"8","SE ",,3,,,"8",,"8"
"250210050","ŒWIÊTY KRZY¯                  ","2025","04","24","12",19.2,,,"8","W","W",,"8","ESE",,3,,,"8",,"8"
"250210050","ŒWIÊTY KRZY¯                  ","2025","04","24","18",12.4,,,"8","W","W",,"8","S  ",,4,,,"8",,"8"
"250210050","ŒWIÊTY KRZY¯                  ","2025","04","25","06",9.7,,,"8","W","W",,"8","ENE",,5,,,"8",,"8"
"250210050","ŒWIÊTY KRZY¯                  ","2025","04","25","12",9.7,,,"8","W","W",,"8","ENE",,5,,,"8",,"8"
"250210050","ŒWIÊTY KRZY¯                  ","2025","04","25","18",7.8,,,"8",,"W",,"8","ENE",,4,,,"8",,"8"
"250210050","ŒWIÊTY KRZY¯                  ","2025","04","26","06",3.1,,,"8",,"W",,"8","NE ",,4,,,"8",,"8"
"250210050","ŒWIÊTY KRZY¯                  ","2025","04","26","12",10.6,,,"8","W","W",,"8","ENE",,3,,,"8",,"8"
"250210050","ŒWIÊTY KRZY¯                  ","2025","04","26","18",5.8,,,"8",,"W",,"8","E  ",,3,,,"8",,"8"
"250210050","ŒWIÊTY KRZY¯                  ","2025","04","27","06",3.4,,,"8",,"W",,"8","E  ",,2,,,"8",,"8"
"250210050","ŒWIÊTY KRZY¯                  ","2025","04","27","12",10.8,,,"8","W","W",,"8","ESE",,2,,,"8",,"8"
"250210050","ŒWIÊTY KRZY¯                  ","2025","04","27","18",7.5,,,"8",,"W",,"8","SE ",,2,,,"8",,"8"
"250210050","ŒWIÊTY KRZY¯                  ","2025","04","28","06",7.5,,,"8",,"W",,"8","S  ",,3,,,"8",,"8"
"250210050","ŒWIÊTY KRZY¯                  ","2025","04","28","12",15.5,,,"8","W","W",,"8","S  ",,1,,,"8",,"8"
"250210050","ŒWIÊTY KRZY¯                  ","2025","04","28","18",12.3,,,"8","W","W",,"8","SW ",,2,,,"8",,"8"
"250210050","ŒWIÊTY KRZY¯                  ","2025","04","29","06",13.2,,,"8","W","W",,"8","NNW",,5,,,"8",,"8"
"250210050","ŒWIÊTY KRZY¯                  ","2025","04","29","12",18.0,,,"8","W","W",,"8","W  ",,5,,,"8",,"8"
"250210050","ŒWIÊTY KRZY¯                  ","2025","04","29","18",14.3,,,"8","W","W",,"8","NNW",,4,,,"8",,"8"
"250210050","ŒWIÊTY KRZY¯                  ","2025","04","30","06",12.1,,,"8","W","W",,"8","NNE",,3,,,"8",,"8"
"250210050","ŒWIÊTY KRZY¯                  ","2025","04","30","12",18.7,,,"8","W","W",,"8","N  ",,4,,,"8",,"8"
"250210050","ŒWIÊTY KRZY¯                  ","2025","04","30","18",15.2,,,"8","W","W",,"8","NNW",,4,,,"8",,"8"
"250210130","STASZÓW                       ","2025","04","01","06",6.9,,,"8","W","N",,"8","N  ",,2,,8,,6,
"250210130","STASZÓW                       ","2025","04","01","12",14.4,,,"8","W","N",,"8","N  ",,5,,3,,6,
"250210130","STASZÓW                       ","2025","04","01","18",11.3,,,"8","W","N",,"8","NNE",,5,,8,,6,
"250210130","STASZÓW                       ","2025","04","02","06",7.5,,,"8","W","N",,"8","N  ",,3,,8,,6,
"250210130","STASZÓW                       ","2025","04","02","12",16.5,,,"8","W","N",,"8","NNE",,7,,2,,6,
"250210130","STASZÓW                       ","2025","04","02","18",11.6,,,"8","W","N",,"8","N  ",,1,,1,,6,
"250210130","STASZÓW                       ","2025","04","03","06",8.9,,,"8","W","N",,"8","NE ",,4,,0,,6,
"250210130","STASZÓW                       ","2025","04","03","12",17.6,,,"8","W","N",,"8","ENE",,5,,1,,6,
"250210130","STASZÓW                       ","2025","04","03","18",10.4,,,"8","W","N",,"8","C  ",,0,,1,,6,
"250210130","STASZÓW                       ","2025","04","04","06",7.1,,,"8","W","N",,"8","C  ",,0,,0,,6,
"250210130","STASZÓW                       ","2025","04","04","12",20.2,,,"8","W","N",,"8","NNW",,2,,3,,6,
"250210130","STASZÓW                       ","2025","04","04","18",13.0,,,"8","W","N",,"8","C  ",,0,,0,,6,
"250210130","STASZÓW                       ","2025","04","05","06",7.8,,,"8","W","N",,"8","N  ",,2,,7,,6,
"250210130","STASZÓW                       ","2025","04","05","12",7.9,,,"8","W","N",,"8","NNW",,4,,8,,6,
"250210130","STASZÓW                       ","2025","04","05","18",1.8,,,"8",,"N",,"8","NW ",,4,,1,,6,
"250210130","STASZÓW                       ","2025","04","06","06",-0.6,,,"8",,"N",,"8","NNW",,5,,8,,6,
"250210130","STASZÓW                       ","2025","04","06","12",1.6,,,"8",,"N",,"8","N  ",,6,,7,,6,
"250210130","STASZÓW                       ","2025","04","06","18",1.0,,,"8",,"N",,"8","NNW",,4,,6,,6,
"250210130","STASZÓW                       ","2025","04","07","06",-0.2,,,"8",,"N",,"8","WNW",,3,,7,,6,
"250210130","STASZÓW                       ","2025","04","07","12",5.6,,,"8","W","N",,"8","NNW",,2,,4,,6,
"250210130","STASZÓW                       ","2025","04","07","18",5.4,,,"8","W","N",,"8","NW ",,3,,8,,6,
"250210130","STASZÓW                       ","2025","04","08","06",1.4,,,"8",,"N",,"8","NW ",,3,,8,,6,
"250210130","STASZÓW                       ","2025","04","08","12",6.9,,,"8","W","N",,"8","NNW",,4,,5,,6,
"250210130","STASZÓW                       ","2025","04","08","18",6.3,,,"8","W","N",,"8","NW ",,3,,6,,6,
"250210130","STASZÓW                       ","2025","04","09","06",-0.3,,,"8",,"N",,"8","NW ",,1,,8,,6,
"250210130","STASZÓW                       ","2025","04","09","12",8.3,,,"8","W","N",,"8","WNW",,3,,8,,6,
"250210130","STASZÓW                       ","2025","04","09","18",6.5,,,"8","W","N",,"8","WSW",,1,,8,,6,
"250210130","STASZÓW                       ","2025","04","10","06",-0.3,,,"8",,"N",,"8","NNW",,5,,1,,6,
"250210130","STASZÓW                       ","2025","04","10","12",5.1,,,"8","W","N",,"8","NNW",,6,,7,,6,
"250210130","STASZÓW                       ","2025","04","10","18",3.7,,,"8",,"N",,"8","W  ",,2,,8,,6,
"250210130","STASZÓW                       ","2025","04","11","06",7.4,,,"8","W","N",,"8","WNW",,5,,8,,6,
"250210130","STASZÓW                       ","2025","04","11","12",6.1,,,"8","W","N",,"8","WNW",,5,,8,,6,
"250210130","STASZÓW                       ","2025","04","11","18",6.0,,,"8","W","N",,"8","WNW",,2,,8,,6,
"250210130","STASZÓW                       ","2025","04","12","06",6.4,,,"8","W","N",,"8","WNW",,3,,3,,6,
"250210130","STASZÓW                       ","2025","04","12","12",13.9,,,"8","W","N",,"8","SSE",,2,,5,,6,
"250210130","STASZÓW                       ","2025","04","12","18",9.1,,,"8","W","N",,"8","C  ",,0,,1,,6,
"250210130","STASZÓW                       ","2025","04","13","06",7.0,,,"8","W","N",,"8","C  ",,0,,1,,6,
"250210130","STASZÓW                       ","2025","04","13","12",19.4,,,"8","W","N",,"8","S  ",,4,,1,,6,
"250210130","STASZÓW                       ","2025","04","13","18",16.8,,,"8","W","N",,"8","SE ",,3,,8,,6,
"250210130","STASZÓW                       ","2025","04","14","06",12.7,,,"8","W","N",,"8","C  ",,0,,3,,6,
"250210130","STASZÓW                       ","2025","04","14","12",21.5,,,"8","W","N",,"8","S  ",,4,,4,,6,
"250210130","STASZÓW                       ","2025","04","14","18",15.7,,,"8","W","N",,"8","SSE",,4,,2,,6,
"250210130","STASZÓW                       ","2025","04","15","06",10.6,,,"8","W","N",,"8","E  ",,2,,8,,0,
"250210130","STASZÓW                       ","2025","04","15","12",13.3,,,"8","W","N",,"8","ESE",,4,,8,,1,
"250210130","STASZÓW                       ","2025","04","15","18",12.7,,,"8","W","N",,"8","SE ",,4,,8,,1,
"250210130","STASZÓW                       ","2025","04","16","06",14.7,,,"8","W","N",,"8","SSE",,2,,8,,6,
"250210130","STASZÓW                       ","2025","04","16","12",24.7,,,"8","W","N",,"8","S  ",,5,,3,,6,
"250210130","STASZÓW                       ","2025","04","16","18",21.5,,,"8","W","N",,"8","SSE",,4,,1,,6,
"250210130","STASZÓW                       ","2025","04","17","06",14.5,,,"8","W","N",,"8","NE ",,2,,6,,6,
"250210130","STASZÓW                       ","2025","04","17","12",25.9,,,"8","W","N",,"8","SSE",,6,,6,,6,
"250210130","STASZÓW                       ","2025","04","17","18",23.1,,,"8","W","N",,"8","SE ",,3,,1,,6,
"250210130","STASZÓW                       ","2025","04","18","06",15.2,,,"8","W","N",,"8","E  ",,1,,8,,6,
"250210130","STASZÓW                       ","2025","04","18","12",20.0,,,"8","W","N",,"8","SSE",,2,,6,,6,
"250210130","STASZÓW                       ","2025","04","18","18",14.8,,,"8","W","N",,"8","SE ",,3,,8,,6,
"250210130","STASZÓW                       ","2025","04","19","06",11.8,,,"8","W","N",,"8","C  ",,0,,6,,6,
"250210130","STASZÓW                       ","2025","04","19","12",17.7,,,"8","W","N",,"8","SW ",,2,,6,,6,
"250210130","STASZÓW                       ","2025","04","19","18",13.3,,,"8","W","N",,"8","N  ",,1,,1,,6,
"250210130","STASZÓW                       ","2025","04","20","06",11.6,,,"8","W","N",,"8","S  ",,1,,0,,6,
"250210130","STASZÓW                       ","2025","04","20","12",21.9,,,"8","W","N",,"8","SSE",,3,,2,,6,
"250210130","STASZÓW                       ","2025","04","20","18",18.2,,,"8","W","N",,"8","ESE",,2,,0,,6,
"250210130","STASZÓW                       ","2025","04","21","06",15.2,,,"8","W","N",,"8","C  ",,0,,6,,6,
"250210130","STASZÓW                       ","2025","04","21","12",22.6,,,"8","W","N",,"8","E  ",,1,,0,,6,
"250210130","STASZÓW                       ","2025","04","21","18",16.6,,,"8","W","N",,"8","NNE",,1,,3,,6,
"250210130","STASZÓW                       ","2025","04","22","06",13.4,,,"8","W","N",,"8","WSW",,2,,2,,6,
"250210130","STASZÓW                       ","2025","04","22","12",21.0,,,"8","W","N",,"8","WNW",,4,,4,,6,
"250210130","STASZÓW                       ","2025","04","22","18",17.3,,,"8","W","N",,"8","C  ",,0,,6,,6,
"250210130","STASZÓW                       ","2025","04","23","06",14.6,,,"8","W","N",,"8","NE ",,1,,1,,6,
"250210130","STASZÓW                       ","2025","04","23","12",22.3,,,"8","W","N",,"8","NE ",,3,,1,,6,
"250210130","STASZÓW                       ","2025","04","23","18",16.5,,,"8","W","N",,"8","NNE",,2,,8,,6,
"250210130","STASZÓW                       ","2025","04","24","06",15.2,,,"8","W","N",,"8","NE ",,2,,4,,6,
"250210130","STASZÓW                       ","2025","04","24","12",22.3,,,"8","W","N",,"8","NE ",,5,,8,,6,
"250210130","STASZÓW                       ","2025","04","24","18",14.6,,,"8","W","N",,"8","NE ",,2,,8,,6,
"250210130","STASZÓW                       ","2025","04","25","06",12.3,,,"8","W","N",,"8","NNE",,2,,8,,6,
"250210130","STASZÓW                       ","2025","04","25","12",12.3,,,"8","W","N",,"8","NNE",,4,,8,,6,
"250210130","STASZÓW                       ","2025","04","25","18",9.7,,,"8","W","N",,"8","NNE",,1,,8,,6,
"250210130","STASZÓW                       ","2025","04","26","06",6.9,,,"8","W","N",,"8","NNE",,4,,1,,6,
"250210130","STASZÓW                       ","2025","04","26","12",12.0,,,"8","W","N",,"8","ENE",,4,,2,,6,
"250210130","STASZÓW                       ","2025","04","26","18",8.2,,,"8","W","N",,"8","NNE",,2,,0,,6,
"250210130","STASZÓW                       ","2025","04","27","06",7.1,,,"8","W","N",,"8","ENE",,4,,1,,6,
"250210130","STASZÓW                       ","2025","04","27","12",13.0,,,"8","W","N",,"8","NNE",,5,,1,,6,
"250210130","STASZÓW                       ","2025","04","27","18",9.3,,,"8","W","N",,"8","N  ",,1,,1,,6,
"250210130","STASZÓW                       ","2025","04","28","06",8.1,,,"8","W","N",,"8","ESE",,2,,0,,6,
"250210130","STASZÓW                       ","2025","04","28","12",17.4,,,"8","W","N",,"8","WNW",,1,,1,,6,
"250210130","STASZÓW                       ","2025","04","28","18",12.8,,,"8","W","N",,"8","C  ",,0,,1,,6,
"250210130","STASZÓW                       ","2025","04","29","06",11.7,,,"8","W","N",,"8","WSW",,1,,1,,6,
"250210130","STASZÓW                       ","2025","04","29","12",21.7,,,"8","W","N",,"8","W  ",,5,,7,,6,
"250210130","STASZÓW                       ","2025","04","29","18",16.1,,,"8","W","N",,"8","C  ",,0,,7,,6,
"250210130","STASZÓW                       ","2025","04","30","06",12.6,,,"8","W","N",,"8","C  ",,0,,2,,6,
"250210130","STASZÓW                       ","2025","04","30","12",21.6,,,"8","W","N",,"8","W  ",,5,,1,,6,
"250210130","STASZÓW                       ","2025","04","30","18",15.2,,,"8","W","N",,"8","C  ",,0,,4,,6,
"250220120","JAROCIN                       ","2025","04","01","06",7.4,,,"8",,"W",,"8","NNW",,3,,8,,4,
"250220120","JAROCIN                       ","2025","04","01","12",13.3,,,"8","W","W",,"8","NNW",,4,,4,,6,
"250220120","JAROCIN                       ","2025","04","01","18",9.5,,,"8","W","W",,"8","N  ",,4,,8,,6,
"250220120","JAROCIN                       ","2025","04","02","06",7.6,,,"8",,"W",,"8","NW ",,2,,8,,6,
"250220120","JAROCIN                       ","2025","04","02","12",16.1,,,"8","W","W",,"8","NE ",,6,,2,,6,
"250220120","JAROCIN                       ","2025","04","02","18",12.5,,,"8","W","W",,"8","N  ",,3,,1,,6,
"250220120","JAROCIN                       ","2025","04","03","06",4.6,,,"8",,"W",,"8","C  ",,0,,1,,6,
"250220120","JAROCIN                       ","2025","04","03","12",16.3,,,"8","W","W",,"8","ESE",,4,,1,,6,
"250220120","JAROCIN                       ","2025","04","03","18",10.7,,,"8","W","W",,"8","C  ",,0,,1,,6,
"250220120","JAROCIN                       ","2025","04","04","06",6.3,,,"8",,"W",,"8","NW ",,1,,1,,4,
"250220120","JAROCIN                       ","2025","04","04","12",19.8,,,"8","W","W",,"8","NW ",,2,,2,,6,
"250220120","JAROCIN                       ","2025","04","04","18",12.5,,,"8","W","W",,"8","C  ",,0,,1,,6,
"250220120","JAROCIN                       ","2025","04","05","06",8.0,,,"8",,"W",,"8","NNW",,4,,8,,6,
"250220120","JAROCIN                       ","2025","04","05","12",8.0,,,"8",,"W",,"8","NW ",,6,,4,,6,
"250220120","JAROCIN                       ","2025","04","05","18",1.4,,,"8",,"W",,"8","WNW",,5,,8,,3,
"250220120","JAROCIN                       ","2025","04","06","06",-0.4,,,"8",,"W",,"8","NNW",,6,,6,,6,
"250220120","JAROCIN                       ","2025","04","06","12",0.4,,,"8",,"W",,"8","NNW",,4,,6,,6,
"250220120","JAROCIN                       ","2025","04","06","18",0.6,,,"8",,"W",,"8","NNW",,2,,3,,6,
"250220120","JAROCIN                       ","2025","04","07","06",-0.4,,,"8",,"W",,"8","NW ",,4,,4,,6,
"250220120","JAROCIN                       ","2025","04","07","12",3.6,,,"8",,"W",,"8","NNW",,4,,8,,6,
"250220120","JAROCIN                       ","2025","04","07","18",4.4,,,"8",,"W",,"8","WNW",,2,,6,,6,
"250220120","JAROCIN                       ","2025","04","08","06",2.9,,,"8",,"W",,"8","NW ",,3,,8,,5,
"250220120","JAROCIN                       ","2025","04","08","12",5.9,,,"8",,"W",,"8","NW ",,5,,8,,6,
"250220120","JAROCIN                       ","2025","04","08","18",5.9,,,"8",,"W",,"8","NW ",,4,,8,,6,
"250220120","JAROCIN                       ","2025","04","09","06",0.2,,,"8",,"W",,"8","NW ",,3,,8,,6,
"250220120","JAROCIN                       ","2025","04","09","12",8.4,,,"8","W","W",,"8","NW ",,5,,3,,6,
"250220120","JAROCIN                       ","2025","04","09","18",6.5,,,"8",,"W",,"8","NW ",,7,,8,,6,
"250220120","JAROCIN                       ","2025","04","10","06",0.0,,,"8",,"W",,"8","WNW",,5,,2,,6,
"250220120","JAROCIN                       ","2025","04","10","12",2.5,,,"8",,"W",,"8","N  ",,7,,3,,5,
"250220120","JAROCIN                       ","2025","04","10","18",2.3,,,"8",,"W",,"8","WNW",,2,,8,,6,
"250220120","JAROCIN                       ","2025","04","11","06",1.3,,,"8",,"W",,"8","C  ",,0,,8,,4,
"250220120","JAROCIN                       ","2025","04","11","12",6.5,,,"8",,"W",,"8","NW ",,5,,8,,4,
"250220120","JAROCIN                       ","2025","04","11","18",5.9,,,"8",,"W",,"8","WNW",,2,,8,,4,
"250220120","JAROCIN                       ","2025","04","12","06",5.7,,,"8",,"W",,"8","NNW",,3,,1,,6,
"250220120","JAROCIN                       ","2025","04","12","12",12.9,,,"8","W","W",,"8","NNW",,3,,3,,6,
"250220120","JAROCIN                       ","2025","04","12","18",9.1,,,"8","W","W",,"8","C  ",,0,,1,,6,
"250220120","JAROCIN                       ","2025","04","13","06",7.0,,,"8",,"W",,"8","SW ",,1,,1,,6,
"250220120","JAROCIN                       ","2025","04","13","12",19.6,,,"8","W","W",,"8","WSW",,5,,1,,6,
"250220120","JAROCIN                       ","2025","04","13","18",14.6,,,"8","W","W",,"8","SSE",,1,,8,,6,
"250220120","JAROCIN                       ","2025","04","14","06",10.7,,,"8","W","W",,"8","SE ",,1,,8,,6,
"250220120","JAROCIN                       ","2025","04","14","12",20.4,,,"8","W","W",,"8","SSW",,6,,3,,6,
"250220120","JAROCIN                       ","2025","04","14","18",15.3,,,"8","W","W",,"8","S  ",,3,,1,,6,
"250220120","JAROCIN                       ","2025","04","15","06",11.3,,,"8","W","W",,"8","SE ",,2,,8,,6,
"250220120","JAROCIN                       ","2025","04","15","12",12.9,,,"8","W","W",,"8","SE ",,4,,8,,5,
"250220120","JAROCIN                       ","2025","04","15","18",11.9,,,"8","W","W",,"8","SSE",,4,,8,,5,
"250220120","JAROCIN                       ","2025","04","16","06",15.1,,,"8","W","W",,"8","SSE",,2,,2,,6,
"250220120","JAROCIN                       ","2025","04","16","12",24.4,,,"8","W","W",,"8","SSW",,4,,4,,6,
"250220120","JAROCIN                       ","2025","04","16","18",20.8,,,"8","W","W",,"8","S  ",,2,,1,,6,
"250220120","JAROCIN                       ","2025","04","17","06",15.1,,,"8","W","W",,"8","SE ",,1,,3,,4,
"250220120","JAROCIN                       ","2025","04","17","12",26.8,,,"8","W","W",,"8","S  ",,4,,3,,5,
"250220120","JAROCIN                       ","2025","04","17","18",20.4,,,"8","W","W",,"8","S  ",,1,,1,,4,
"250220120","JAROCIN                       ","2025","04","18","06",15.7,,,"8","W","W",,"8","ESE",,2,,8,,6,
"250220120","JAROCIN                       ","2025","04","18","12",25.8,,,"8","W","W",,"8","WSW",,2,,6,,6,
"250220120","JAROCIN                       ","2025","04","18","18",15.1,,,"8","W","W",,"8","SSW",,1,,8,,4,
"250220120","JAROCIN                       ","2025","04","19","06",12.7,,,"8","W","W",,"8","SSE",,1,,1,,6,
"250220120","JAROCIN                       ","2025","04","19","12",18.8,,,"8","W","W",,"8","SSW",,2,,3,,6,
"250220120","JAROCIN                       ","2025","04","19","18",14.7,,,"8","W","W",,"8","C  ",,0,,1,,6,
"250220120","JAROCIN                       ","2025","04","20","06",13.7,,,"8","W","W",,"8","S  ",,2,,1,,6,
"250220120","JAROCIN                       ","2025","04","20","12",22.4,,,"8","W","W",,"8","SSW",,5,,2,,6,
"250220120","JAROCIN                       ","2025","04","20","18",17.1,,,"8","W","W",,"8","SSE",,1,,1,,6,
"250220120","JAROCIN                       ","2025","04","21","06",14.1,,,"8","W","W",,"8","SE ",,1,,6,,6,
"250220120","JAROCIN                       ","2025","04","21","12",23.6,,,"8","W","W",,"8","SSW",,2,,6,,6,
"250220120","JAROCIN                       ","2025","04","21","18",16.5,,,"8","W","W",,"8","C  ",,0,,3,,6,
"250220120","JAROCIN                       ","2025","04","22","06",15.1,,,"8","W","W",,"8","C  ",,0,,2,,6,
"250220120","JAROCIN                       ","2025","04","22","12",24.4,,,"8","W","W",,"8","WNW",,3,,4,,6,
"250220120","JAROCIN                       ","2025","04","22","18",17.3,,,"8","W","W",,"8","NW ",,2,,8,,6,
"250220120","JAROCIN                       ","2025","04","23","06",13.7,,,"8","W","W",,"8","C  ",,0,,2,,6,
"250220120","JAROCIN                       ","2025","04","23","12",21.6,,,"8","W","W",,"8","N  ",,3,,4,,6,
"250220120","JAROCIN                       ","2025","04","23","18",17.3,,,"8","W","W",,"8","C  ",,0,,1,,6,
"250220120","JAROCIN                       ","2025","04","24","06",14.9,,,"8","W","W",,"8","ESE",,1,,1,,6,
"250220120","JAROCIN                       ","2025","04","24","12",23.0,,,"8","W","W",,"8","E  ",,2,,3,,6,
"250220120","JAROCIN                       ","2025","04","24","18",14.9,,,"8","W","W",,"8","C  ",,0,,8,,6,
"250220120","JAROCIN                       ","2025","04","25","06",13.1,,,"8","W","W",,"8","NNW",,2,,8,,5,
"250220120","JAROCIN                       ","2025","04","25","12",12.3,,,"8","W","W",,"8","ENE",,2,,8,,4,
"250220120","JAROCIN                       ","2025","04","25","18",10.2,,,"8","W","W",,"8","NE ",,3,,8,,4,
"250220120","JAROCIN                       ","2025","04","26","06",7.0,,,"8",,"W",,"8","NE ",,2,,1,,6,
"250220120","JAROCIN                       ","2025","04","26","12",11.3,,,"8","W","W",,"8","NNE",,4,,3,,6,
"250220120","JAROCIN                       ","2025","04","26","18",7.4,,,"8",,"W",,"8","NNW",,1,,1,,6,
"250220120","JAROCIN                       ","2025","04","27","06",6.3,,,"8",,"W",,"8","E  ",,2,,1,,6,
"250220120","JAROCIN                       ","2025","04","27","12",12.9,,,"8","W","W",,"8","E  ",,3,,1,,6,
"250220120","JAROCIN                       ","2025","04","27","18",9.5,,,"8","W","W",,"8","ESE",,1,,1,,6,
"250220120","JAROCIN                       ","2025","04","28","06",8.0,,,"8",,"W",,"8","E  ",,1,,1,,6,
"250220120","JAROCIN                       ","2025","04","28","12",17.5,,,"8","W","W",,"8","C  ",,0,,1,,6,
"250220120","JAROCIN                       ","2025","04","28","18",12.5,,,"8","W","W",,"8","C  ",,0,,1,,6,
"250220120","JAROCIN                       ","2025","04","29","06",9.7,,,"8","W","W",,"8","C  ",,0,,1,,6,
"250220120","JAROCIN                       ","2025","04","29","12",21.0,,,"8","W","W",,"8","WNW",,5,,3,,6,
"250220120","JAROCIN                       ","2025","04","29","18",16.9,,,"8","W","W",,"8","C  ",,0,,6,,6,
"250220120","JAROCIN                       ","2025","04","30","06",12.3,,,"8","W","W",,"8","C  ",,0,,3,,6,
"250220120","JAROCIN                       ","2025","04","30","12",20.4,,,"8","W","W",,"8","NW ",,4,,3,,6,
"250220120","JAROCIN                       ","2025","04","30","18",15.7,,,"8","W","W",,"8","C  ",,0,,1,,6,
"250240010","STRZY¯ÓW                      ","2025","04","01","06",9.5,,,"8","W","W",,"8",,"8",,"8",8,,7,
"250240010","STRZY¯ÓW                      ","2025","04","01","12",12.5,,,"8","W","W",,"8",,"8",,"8",6,,7,
"250240010","STRZY¯ÓW                      ","2025","04","01","18",10.7,,,"8","W","W",,"8",,"8",,"8",6,,7,
"250240010","STRZY¯ÓW                      ","2025","04","02","06",8.1,,,"8","W","W",,"8",,"8",,"8",8,,7,
"250240010","STRZY¯ÓW                      ","2025","04","02","12",16.5,,,"8","W","W",,"8",,"8",,"8",3,,8,
"250240010","STRZY¯ÓW                      ","2025","04","02","18",10.1,,,"8","W","W",,"8",,"8",,"8",1,,8,
"250240010","STRZY¯ÓW                      ","2025","04","03","06",5.3,,,"8",,"W",,"8",,"8",,"8",1,,8,
"250240010","STRZY¯ÓW                      ","2025","04","03","12",15.9,,,"8","W","W",,"8",,"8",,"8",1,,8,
"250240010","STRZY¯ÓW                      ","2025","04","03","18",12.3,,,"8","W","W",,"8",,"8",,"8",1,,8,
"250240010","STRZY¯ÓW                      ","2025","04","04","06",2.4,,,"8",,"W",,"8",,"8",,"8",1,,8,
"250240010","STRZY¯ÓW                      ","2025","04","04","12",18.7,,,"8","W","W",,"8",,"8",,"8",1,,8,
"250240010","STRZY¯ÓW                      ","2025","04","04","18",11.9,,,"8","W","W",,"8",,"8",,"8",3,,7,
"250240010","STRZY¯ÓW                      ","2025","04","05","06",6.9,,,"8",,"W",,"8",,"8",,"8",4,,7,
"250240010","STRZY¯ÓW                      ","2025","04","05","12",6.9,,,"8",,"W",,"8",,"8",,"8",6,,7,
"250240010","STRZY¯ÓW                      ","2025","04","05","18",2.7,,,"8",,"W",,"8",,"8",,"8",3,,7,
"250240010","STRZY¯ÓW                      ","2025","04","06","06",-0.9,,,"8",,"W",,"8",,"8",,"8",8,,7,
"250240010","STRZY¯ÓW                      ","2025","04","06","12",4.5,,,"8",,"W",,"8",,"8",,"8",5,,7,
"250240010","STRZY¯ÓW                      ","2025","04","06","18",0.7,,,"8",,"W",,"8",,"8",,"8",6,,7,
"250240010","STRZY¯ÓW                      ","2025","04","07","06",-0.3,,,"8",,"W",,"8",,"8",,"8",2,,8,
"250240010","STRZY¯ÓW                      ","2025","04","07","12",6.3,,,"8",,"W",,"8",,"8",,"8",4,,8,
"250240010","STRZY¯ÓW                      ","2025","04","07","18",0.1,,,"8",,"W",,"8",,"8",,"8",2,,8,
"250240010","STRZY¯ÓW                      ","2025","04","08","06",2.1,,,"8",,"W",,"8",,"8",,"8",4,,7,
"250240010","STRZY¯ÓW                      ","2025","04","08","12",5.3,,,"8",,"W",,"8",,"8",,"8",7,,7,
"250240010","STRZY¯ÓW                      ","2025","04","08","18",1.5,,,"8",,"W",,"8",,"8",,"8",2,,8,
"250240010","STRZY¯ÓW                      ","2025","04","09","06",-2.5,,,"8",,"W",,"8",,"8",,"8",1,,8,
"250240010","STRZY¯ÓW                      ","2025","04","09","12",7.3,,,"8",,"W",,"8",,"8",,"8",4,,8,
"250240010","STRZY¯ÓW                      ","2025","04","09","18",5.1,,,"8",,"W",,"8",,"8",,"8",6,,7,
"250240010","STRZY¯ÓW                      ","2025","04","10","06",-1.5,,,"8",,"W",,"8",,"8",,"8",1,,8,
"250240010","STRZY¯ÓW                      ","2025","04","10","12",8.9,,,"8","W","W",,"8",,"8",,"8",6,,7,
"250240010","STRZY¯ÓW                      ","2025","04","10","18",1.5,,,"8",,"W",,"8",,"8",,"8",2,,7,
"250240010","STRZY¯ÓW                      ","2025","04","11","06",0.1,,,"8",,"W",,"8",,"8",,"8",8,,4,
"250240010","STRZY¯ÓW                      ","2025","04","11","12",5.1,,,"8",,"W",,"8",,"8",,"8",8,,6,
"250240010","STRZY¯ÓW                      ","2025","04","11","18",4.5,,,"8",,"W",,"8",,"8",,"8",8,,2,
"250240010","STRZY¯ÓW                      ","2025","04","12","06",1.9,,,"8",,"W",,"8",,"8",,"8",1,,8,
"250240010","STRZY¯ÓW                      ","2025","04","12","12",9.9,,,"8","W","W",,"8",,"8",,"8",1,,8,
"250240010","STRZY¯ÓW                      ","2025","04","12","18",4.1,,,"8",,"W",,"8",,"8",,"8",1,,8,
"250240010","STRZY¯ÓW                      ","2025","04","13","06",3.9,,,"8",,"W",,"8",,"8",,"8",1,,8,
"250240010","STRZY¯ÓW                      ","2025","04","13","12",18.7,,,"8","W","W",,"8",,"8",,"8",1,,8,
"250240010","STRZY¯ÓW                      ","2025","04","13","18",13.1,,,"8","W","W",,"8",,"8",,"8",1,,8,
"250240010","STRZY¯ÓW                      ","2025","04","14","06",10.9,,,"8","W","W",,"8",,"8",,"8",7,,7,
"250240010","STRZY¯ÓW                      ","2025","04","14","12",15.3,,,"8","W","W",,"8",,"8",,"8",2,,8,
"250240010","STRZY¯ÓW                      ","2025","04","14","18",13.1,,,"8","W","W",,"8",,"8",,"8",4,,7,
"250240010","STRZY¯ÓW                      ","2025","04","15","06",7.9,,,"8",,"W",,"8",,"8",,"8",8,,7,
"250240010","STRZY¯ÓW                      ","2025","04","15","12",15.3,,,"8","W","W",,"8",,"8",,"8",7,,7,
"250240010","STRZY¯ÓW                      ","2025","04","15","18",9.9,,,"8","W","W",,"8",,"8",,"8",8,,6,
"250240010","STRZY¯ÓW                      ","2025","04","16","06",10.9,,,"8","W","W",,"8",,"8",,"8",7,,8,
"250240010","STRZY¯ÓW                      ","2025","04","16","12",24.1,,,"8","W","W",,"8",,"8",,"8",1,,8,
"250240010","STRZY¯ÓW                      ","2025","04","16","18",20.6,,,"8","W","W",,"8",,"8",,"8",1,,8,
"250240010","STRZY¯ÓW                      ","2025","04","17","06",14.1,,,"8","W","W",,"8",,"8",,"8",4,,8,
"250240010","STRZY¯ÓW                      ","2025","04","17","12",24.3,,,"8","W","W",,"8",,"8",,"8",1,,8,
"250240010","STRZY¯ÓW                      ","2025","04","17","18",22.7,,,"8","W","W",,"8",,"8",,"8",2,,8,
"250240010","STRZY¯ÓW                      ","2025","04","18","06",15.1,,,"8","W","W",,"8",,"8",,"8",1,,8,
"250240010","STRZY¯ÓW                      ","2025","04","18","12",27.9,,,"8","W","W",,"8",,"8",,"8",6,,8,
"250240010","STRZY¯ÓW                      ","2025","04","18","18",23.1,,,"8","W","W",,"8",,"8",,"8",4,,8,
"250240010","STRZY¯ÓW                      ","2025","04","19","06",13.9,,,"8","W","W",,"8",,"8",,"8",7,,8,
"250240010","STRZY¯ÓW                      ","2025","04","19","12",19.7,,,"8","W","W",,"8",,"8",,"8",1,,8,
"250240010","STRZY¯ÓW                      ","2025","04","19","18",15.3,,,"8","W","W",,"8",,"8",,"8",2,,8,
"250240010","STRZY¯ÓW                      ","2025","04","20","06",13.9,,,"8","W","W",,"8",,"8",,"8",1,,8,
"250240010","STRZY¯ÓW                      ","2025","04","20","12",21.1,,,"8","W","W",,"8",,"8",,"8",1,,8,
"250240010","STRZY¯ÓW                      ","2025","04","20","18",15.9,,,"8","W","W",,"8",,"8",,"8",1,,8,
"250240010","STRZY¯ÓW                      ","2025","04","21","06",12.7,,,"8","W","W",,"8",,"8",,"8",1,,8,
"250240010","STRZY¯ÓW                      ","2025","04","21","12",23.1,,,"8","W","W",,"8",,"8",,"8",1,,8,
"250240010","STRZY¯ÓW                      ","2025","04","21","18",16.7,,,"8","W","W",,"8",,"8",,"8",1,,8,
"250240010","STRZY¯ÓW                      ","2025","04","22","06",10.7,,,"8","W","W",,"8",,"8",,"8",1,,8,
"250240010","STRZY¯ÓW                      ","2025","04","22","12",25.9,,,"8","W","W",,"8",,"8",,"8",1,,8,
"250240010","STRZY¯ÓW                      ","2025","04","22","18",19.7,,,"8","W","W",,"8",,"8",,"8",1,,8,
"250240010","STRZY¯ÓW                      ","2025","04","23","06",13.5,,,"8","W","W",,"8",,"8",,"8",4,,8,
"250240010","STRZY¯ÓW                      ","2025","04","23","12",21.9,,,"8","W","W",,"8",,"8",,"8",1,,8,
"250240010","STRZY¯ÓW                      ","2025","04","23","18",18.5,,,"8","W","W",,"8",,"8",,"8",1,,8,
"250240010","STRZY¯ÓW                      ","2025","04","24","06",14.7,,,"8","W","W",,"8",,"8",,"8",1,,8,
"250240010","STRZY¯ÓW                      ","2025","04","24","12",23.3,,,"8","W","W",,"8",,"8",,"8",1,,8,
"250240010","STRZY¯ÓW                      ","2025","04","24","18",19.1,,,"8","W","W",,"8",,"8",,"8",6,,7,
"250240010","STRZY¯ÓW                      ","2025","04","25","06",13.7,,,"8","W","W",,"8",,"8",,"8",6,,7,
"250240010","STRZY¯ÓW                      ","2025","04","25","12",14.5,,,"8","W","W",,"8",,"8",,"8",7,,7,
"250240010","STRZY¯ÓW                      ","2025","04","25","18",10.9,,,"8","W","W",,"8",,"8",,"8",8,,7,
"250240010","STRZY¯ÓW                      ","2025","04","26","06",6.1,,,"8",,"W",,"8",,"8",,"8",1,,8,
"250240010","STRZY¯ÓW                      ","2025","04","26","12",11.7,,,"8","W","W",,"8",,"8",,"8",1,,8,
"250240010","STRZY¯ÓW                      ","2025","04","26","18",7.5,,,"8",,"W",,"8",,"8",,"8",1,,8,
"250240010","STRZY¯ÓW                      ","2025","04","27","06",3.7,,,"8",,"W",,"8",,"8",,"8",1,,8,
"250240010","STRZY¯ÓW                      ","2025","04","27","12",14.3,,,"8","W","W",,"8",,"8",,"8",1,,8,
"250240010","STRZY¯ÓW                      ","2025","04","27","18",7.9,,,"8",,"W",,"8",,"8",,"8",1,,8,
"250240010","STRZY¯ÓW                      ","2025","04","28","06",2.9,,,"8",,"W",,"8",,"8",,"8",1,,8,
"250240010","STRZY¯ÓW                      ","2025","04","28","12",15.9,,,"8","W","W",,"8",,"8",,"8",1,,8,
"250240010","STRZY¯ÓW                      ","2025","04","28","18",12.3,,,"8","W","W",,"8",,"8",,"8",1,,8,
"250240010","STRZY¯ÓW                      ","2025","04","29","06",4.7,,,"8",,"W",,"8",,"8",,"8",1,,8,
"250240010","STRZY¯ÓW                      ","2025","04","29","12",18.7,,,"8","W","W",,"8",,"8",,"8",1,,8,
"250240010","STRZY¯ÓW                      ","2025","04","29","18",15.3,,,"8","W","W",,"8",,"8",,"8",1,,8,
"250240010","STRZY¯ÓW                      ","2025","04","30","06",14.3,,,"8","W","W",,"8",,"8",,"8",1,,8,
"250240010","STRZY¯ÓW                      ","2025","04","30","12",19.3,,,"8","W","W",,"8",,"8",,"8",1,,8,
"250240010","STRZY¯ÓW                      ","2025","04","30","18",13.1,,,"8","W","W",,"8",,"8",,"8",1,,8,
"251150060","CEBER                         ","2025","04","01","06",4.1,,,"8",,,,"8",,"8",,"8",1,,6,
"251150060","CEBER                         ","2025","04","01","12",12.3,,,"8",,,,"8",,"8",,"8",3,,6,
"251150060","CEBER                         ","2025","04","01","18",9.8,,,"8",,,,"8",,"8",,"8",1,,6,
"251150060","CEBER                         ","2025","04","02","06",3.7,,,"8",,,,"8",,"8",,"8",1,,6,
"251150060","CEBER                         ","2025","04","02","12",15.9,,,"8",,,,"8",,"8",,"8",1,,6,
"251150060","CEBER                         ","2025","04","02","18",10.9,,,"8",,,,"8",,"8",,"8",0,,6,
"251150060","CEBER                         ","2025","04","03","06",2.2,,,"8",,,,"8",,"8",,"8",0,,6,
"251150060","CEBER                         ","2025","04","03","12",17.1,,,"8",,,,"8",,"8",,"8",0,,7,
"251150060","CEBER                         ","2025","04","03","18",13.6,,,"8",,,,"8",,"8",,"8",0,,7,
"251150060","CEBER                         ","2025","04","04","06",3.6,,,"8",,,,"8",,"8",,"8",0,,6,
"251150060","CEBER                         ","2025","04","04","12",19.6,,,"8",,,,"8",,"8",,"8",1,,7,
"251150060","CEBER                         ","2025","04","04","18",13.7,,,"8",,,,"8",,"8",,"8",0,,7,
"251150060","CEBER                         ","2025","04","05","06",3.3,,,"8",,,,"8",,"8",,"8",8,,6,
"251150060","CEBER                         ","2025","04","05","12",9.0,,,"8",,,,"8",,"8",,"8",7,,7,
"251150060","CEBER                         ","2025","04","05","18",5.0,,,"8",,,,"8",,"8",,"8",3,,7,
"251150060","CEBER                         ","2025","04","06","06",-2.0,,,"8",,,,"8",,"8",,"8",5,,7,
"251150060","CEBER                         ","2025","04","06","12",4.0,,,"8",,,,"8",,"8",,"8",8,,7,
"251150060","CEBER                         ","2025","04","06","18",3.9,,,"8",,,,"8",,"8",,"8",1,,7,
"251150060","CEBER                         ","2025","04","07","06",3.7,,,"8",,,,"8",,"8",,"8",8,,6,
"251150060","CEBER                         ","2025","04","07","12",7.6,,,"8",,,,"8",,"8",,"8",8,,7,
"251150060","CEBER                         ","2025","04","07","18",6.9,,,"8",,,,"8",,"8",,"8",8,,6,
"251150060","CEBER                         ","2025","04","08","06",3.9,,,"8",,,,"8",,"8",,"8",0,,6,
"251150060","CEBER                         ","2025","04","08","12",9.9,,,"8",,,,"8",,"8",,"8",1,,7,
"251150060","CEBER                         ","2025","04","08","18",7.4,,,"8",,,,"8",,"8",,"8",1,,7,
"251150060","CEBER                         ","2025","04","09","06",-0.8,,,"8",,,,"8",,"8",,"8",0,,6,
"251150060","CEBER                         ","2025","04","09","12",12.7,,,"8",,,,"8",,"8",,"8",7,,6,
"251150060","CEBER                         ","2025","04","09","18",10.8,,,"8",,,,"8",,"8",,"8",8,,6,
"251150060","CEBER                         ","2025","04","10","06",3.9,,,"8",,,,"8",,"8",,"8",7,,6,
"251150060","CEBER                         ","2025","04","10","12",11.5,,,"8",,,,"8",,"8",,"8",3,,7,
"251150060","CEBER                         ","2025","04","10","18",9.8,,,"8",,,,"8",,"8",,"8",3,,7,
"251150060","CEBER                         ","2025","04","11","06",7.1,,,"8",,,,"8",,"8",,"8",8,,5,
"251150060","CEBER                         ","2025","04","11","12",11.0,,,"8",,,,"8",,"8",,"8",8,,6,
"251150060","CEBER                         ","2025","04","11","18",9.4,,,"8",,,,"8",,"8",,"8",8,,6,
"251150060","CEBER                         ","2025","04","12","06",8.4,,,"8",,,,"8",,"8",,"8",6,,6,
"251150060","CEBER                         ","2025","04","12","12",16.9,,,"8",,,,"8",,"8",,"8",2,,6,
"251150060","CEBER                         ","2025","04","12","18",13.4,,,"8",,,,"8",,"8",,"8",1,,6,
"251150060","CEBER                         ","2025","04","13","06",8.4,,,"8",,,,"8",,"8",,"8",2,,6,
"251150060","CEBER                         ","2025","04","13","12",21.7,,,"8",,,,"8",,"8",,"8",5,,7,
"251150060","CEBER                         ","2025","04","13","18",19.0,,,"8",,,,"8",,"8",,"8",8,,6,
"251150060","CEBER                         ","2025","04","14","06",13.6,,,"8",,,,"8",,"8",,"8",4,,6,
"251150060","CEBER                         ","2025","04","14","12",22.3,,,"8",,,,"8",,"8",,"8",5,,6,
"251150060","CEBER                         ","2025","04","14","18",19.3,,,"8",,,,"8",,"8",,"8",7,,7,
"251150060","CEBER                         ","2025","04","15","06",11.4,,,"8",,,,"8",,"8",,"8",8,,7,
"251150060","CEBER                         ","2025","04","15","12",16.6,,,"8",,,,"8",,"8",,"8",8,,7,
"251150060","CEBER                         ","2025","04","15","18",15.3,,,"8",,,,"8",,"8",,"8",8,,7,
"251150060","CEBER                         ","2025","04","16","06",12.9,,,"8",,,,"8",,"8",,"8",3,,5,
"251150060","CEBER                         ","2025","04","16","12",24.8,,,"8",,,,"8",,"8",,"8",3,,7,
"251150060","CEBER                         ","2025","04","16","18",20.3,,,"8",,,,"8",,"8",,"8",1,,7,
"251150060","CEBER                         ","2025","04","17","06",14.7,,,"8",,,,"8",,"8",,"8",7,,6,
"251150060","CEBER                         ","2025","04","17","12",26.7,,,"8",,,,"8",,"8",,"8",8,,6,
"251150060","CEBER                         ","2025","04","17","18",21.6,,,"8",,,,"8",,"8",,"8",8,,6,
"251150060","CEBER                         ","2025","04","18","06",16.3,,,"8",,,,"8",,"8",,"8",8,,6,
"251150060","CEBER                         ","2025","04","18","12",20.0,,,"8",,,,"8",,"8",,"8",5,,6,
"251150060","CEBER                         ","2025","04","18","18",12.9,,,"8",,,,"8",,"8",,"8",8,,6,
"251150060","CEBER                         ","2025","04","19","06",9.9,,,"8",,,,"8",,"8",,"8",7,,7,
"251150060","CEBER                         ","2025","04","19","12",12.3,,,"8",,,,"8",,"8",,"8",7,,7,
"251150060","CEBER                         ","2025","04","19","18",10.9,,,"8",,,,"8",,"8",,"8",7,,7,
"251150060","CEBER                         ","2025","04","20","06",10.0,,,"8",,,,"8",,"8",,"8",1,,6,
"251150060","CEBER                         ","2025","04","20","12",21.6,,,"8",,,,"8",,"8",,"8",1,,7,
"251150060","CEBER                         ","2025","04","20","18",17.4,,,"8",,,,"8",,"8",,"8",2,,7,
"251150060","CEBER                         ","2025","04","21","06",13.4,,,"8",,,,"8",,"8",,"8",4,,7,
"251150060","CEBER                         ","2025","04","21","12",22.3,,,"8",,,,"8",,"8",,"8",7,,7,
"251150060","CEBER                         ","2025","04","21","18",14.6,,,"8",,,,"8",,"8",,"8",7,,6,
"251150060","CEBER                         ","2025","04","22","06",10.9,,,"8",,,,"8",,"8",,"8",3,,6,
"251150060","CEBER                         ","2025","04","22","12",18.8,,,"8",,,,"8",,"8",,"8",2,,7,
"251150060","CEBER                         ","2025","04","22","18",16.3,,,"8",,,,"8",,"8",,"8",4,,7,
"251150060","CEBER                         ","2025","04","23","06",9.4,,,"8",,,,"8",,"8",,"8",4,,6,
"251150060","CEBER                         ","2025","04","23","12",19.5,,,"8",,,,"8",,"8",,"8",3,,7,
"251150060","CEBER                         ","2025","04","23","18",16.8,,,"8",,,,"8",,"8",,"8",4,,7,
"251150060","CEBER                         ","2025","04","24","06",11.8,,,"8",,,,"8",,"8",,"8",8,,5,
"251150060","CEBER                         ","2025","04","24","12",14.5,,,"8",,,,"8",,"8",,"8",8,,6,
"251150060","CEBER                         ","2025","04","24","18",13.8,,,"8",,,,"8",,"8",,"8",8,,6,
"251150060","CEBER                         ","2025","04","25","06",7.9,,,"8",,,,"8",,"8",,"8",8,,6,
"251150060","CEBER                         ","2025","04","25","12",13.3,,,"8",,,,"8",,"8",,"8",3,,6,
"251150060","CEBER                         ","2025","04","25","18",12.5,,,"8",,,,"8",,"8",,"8",2,,7,
"251150060","CEBER                         ","2025","04","26","06",5.9,,,"8",,,,"8",,"8",,"8",0,,7,
"251150060","CEBER                         ","2025","04","26","12",11.8,,,"8",,,,"8",,"8",,"8",0,,7,
"251150060","CEBER                         ","2025","04","26","18",9.4,,,"8",,,,"8",,"8",,"8",0,,7,
"251150060","CEBER                         ","2025","04","27","06",5.4,,,"8",,,,"8",,"8",,"8",0,,7,
"251150060","CEBER                         ","2025","04","27","12",14.4,,,"8",,,,"8",,"8",,"8",0,,7,
"251150060","CEBER                         ","2025","04","27","18",10.8,,,"8",,,,"8",,"8",,"8",0,,7,
"251150060","CEBER                         ","2025","04","28","06",5.7,,,"8",,,,"8",,"8",,"8",0,,6,
"251150060","CEBER                         ","2025","04","28","12",18.6,,,"8",,,,"8",,"8",,"8",0,,7,
"251150060","CEBER                         ","2025","04","28","18",15.0,,,"8",,,,"8",,"8",,"8",0,,7,
"251150060","CEBER                         ","2025","04","29","06",7.1,,,"8",,,,"8",,"8",,"8",1,,6,
"251150060","CEBER                         ","2025","04","29","12",22.3,,,"8",,,,"8",,"8",,"8",2,,7,
"251150060","CEBER                         ","2025","04","29","18",19.1,,,"8",,,,"8",,"8",,"8",2,,7,
"251150060","CEBER                         ","2025","04","30","06",10.0,,,"8",,,,"8",,"8",,"8",1,,6,
"251150060","CEBER                         ","2025","04","30","12",22.0,,,"8",,,,"8",,"8",,"8",1,,7,
"251150060","CEBER                         ","2025","04","30","18",19.3,,,"8",,,,"8",,"8",,"8",1,,7,
"251160320","RADZYÑ                        ","2025","04","01","06",4.5,,3.5,,"W","W",85,,"NNW",,3,,1,,8,
"251160320","RADZYÑ                        ","2025","04","01","12",11.9,,8.0,,"W","W",58,,"NNE",,5,,5,,8,
"251160320","RADZYÑ                        ","2025","04","01","18",10.5,,7.7,,"W","W",68,,"NW ",,1,,2,,8,
"251160320","RADZYÑ                        ","2025","04","02","06",5.1,,4.2,,"W","W",87,,"NNE",,3,,2,,7,
"251160320","RADZYÑ                        ","2025","04","02","12",14.6,,9.9,,"W","W",54,,"NNE",,4,,1,,8,
"251160320","RADZYÑ                        ","2025","04","02","18",13.1,,8.2,,"W","W",50,,"N  ",,4,,0,,8,
"251160320","RADZYÑ                        ","2025","04","03","06",2.7,,1.4,,"W","W",79,,"N  ",,1,,1,,7,
"251160320","RADZYÑ                        ","2025","04","03","12",16.1,,11.3,,"W","W",55,,"NE ",,3,,1,,8,
"251160320","RADZYÑ                        ","2025","04","03","18",13.1,,10.1,,"W","W",68,,"C  ",,0,,1,,8,
"251160320","RADZYÑ                        ","2025","04","04","06",4.7,,4.4,,"W","W",96,,"C  ",,0,,0,,7,
"251160320","RADZYÑ                        ","2025","04","04","12",19.1,,12.3,,"W","W",44,,"N  ",,3,,0,,8,
"251160320","RADZYÑ                        ","2025","04","04","18",15.9,,10.8,,"W","W",52,,"SW ",,1,,5,,8,
"251160320","RADZYÑ                        ","2025","04","05","06",3.5,,1.8,,"W","W",74,,"N  ",,4,,7,,8,
"251160320","RADZYÑ                        ","2025","04","05","12",9.6,,4.9,,"W","W",46,,"NNW",,6,,7,,8,
"251160320","RADZYÑ                        ","2025","04","05","18",6.0,,1.9,,"W","W",45,,"N  ",,9,,3,,8,
"251160320","RADZYÑ                        ","2025","04","06","06",-0.2,,-2.0,,"L","W",68,,"NNW",,4,,7,,8,
"251160320","RADZYÑ                        ","2025","04","06","12",4.4,,0.9,,"W","W",50,,"NNW",,5,,7,,8,
"251160320","RADZYÑ                        ","2025","04","06","18",5.2,,1.1,,"W","W",43,,"NNW",,4,,3,,8,
"251160320","RADZYÑ                        ","2025","04","07","06",3.7,,1.4,,"W","W",65,,"W  ",,1,,8,,8,
"251160320","RADZYÑ                        ","2025","04","07","12",8.0,,5.2,,"W","W",65,,"NW ",,2,,8,,8,
"251160320","RADZYÑ                        ","2025","04","07","18",7.3,,5.8,,"W","W",80,,"SSW",,1,,8,,7,
"251160320","RADZYÑ                        ","2025","04","08","06",4.3,,3.3,,"W","W",85,,"N  ",,4,,0,,8,
"251160320","RADZYÑ                        ","2025","04","08","12",9.1,,4.0,,"W","W",40,,"NNE",,3,,3,,8,
"251160320","RADZYÑ                        ","2025","04","08","18",7.7,,3.6,,"W","W",49,,"WNW",,1,,1,,8,
"251160320","RADZYÑ                        ","2025","04","09","06",0.4,,-0.4,,"W","W",86,,"SSW",,1,,1,,8,
"251160320","RADZYÑ                        ","2025","04","09","12",11.4,,5.6,,"W","W",38,,"WSW",,3,,7,,8,
"251160320","RADZYÑ                        ","2025","04","09","18",11.6,,7.4,,"W","W",54,,"W  ",,1,,8,,8,
"251160320","RADZYÑ                        ","2025","04","10","06",4.7,,1.8,,"W","W",58,,"NNE",,2,,7,,8,
"251160320","RADZYÑ                        ","2025","04","10","12",10.7,,5.1,,"W","W",39,,"NW ",,3,,5,,8,
"251160320","RADZYÑ                        ","2025","04","10","18",9.3,,6.5,,"W","W",66,,"SW ",,1,,3,,8,
"251160320","RADZYÑ                        ","2025","04","11","06",7.1,,5.1,,"W","W",74,,"WNW",,4,,8,,7,
"251160320","RADZYÑ                        ","2025","04","11","12",11.5,,8.0,,"W","W",61,,"WNW",,4,,8,,7,
"251160320","RADZYÑ                        ","2025","04","11","18",9.5,,7.9,,"W","W",81,,"W  ",,1,,8,,7,
"251160320","RADZYÑ                        ","2025","04","12","06",9.2,,8.2,,"W","W",88,,"SE ",,1,,8,,7,
"251160320","RADZYÑ                        ","2025","04","12","12",17.0,,12.2,,"W","W",56,,"W  ",,2,,7,,8,
"251160320","RADZYÑ                        ","2025","04","12","18",14.2,,11.1,,"W","W",68,,"C  ",,0,,2,,7,
"251160320","RADZYÑ                        ","2025","04","13","06",10.0,,8.0,,"W","W",76,,"SE ",,2,,1,,7,
"251160320","RADZYÑ                        ","2025","04","13","12",21.1,,13.2,,"W","W",39,,"SSE",,3,,6,,8,
"251160320","RADZYÑ                        ","2025","04","13","18",19.1,,13.4,,"W","W",52,,"SSW",,1,,8,,7,
"251160320","RADZYÑ                        ","2025","04","14","06",13.7,,12.7,,"W","W",89,,"S  ",,2,,7,,8,
"251160320","RADZYÑ                        ","2025","04","14","12",22.4,,14.8,,"W","W",43,,"SSW",,3,,5,,8,
"251160320","RADZYÑ                        ","2025","04","14","18",18.8,,13.4,,"W","W",54,,"C  ",,0,,7,,8,
"251160320","RADZYÑ                        ","2025","04","15","06",13.5,,11.5,,"W","W",79,,"SE ",,2,,5,,8,
"251160320","RADZYÑ                        ","2025","04","15","12",17.9,,14.4,,"W","W",68,,"SE ",,3,,8,,7,
"251160320","RADZYÑ                        ","2025","04","15","18",16.2,,13.6,,"W","W",75,,"SE ",,3,,8,,7,
"251160320","RADZYÑ                        ","2025","04","16","06",14.9,,13.2,,"W","W",83,,"SSW",,2,,3,,8,
"251160320","RADZYÑ                        ","2025","04","16","12",24.4,,16.6,,"W","W",44,,"S  ",,2,,3,,8,
"251160320","RADZYÑ                        ","2025","04","16","18",23.5,,16.6,,"W","W",49,,"ESE",,2,,5,,7,
"251160320","RADZYÑ                        ","2025","04","17","06",16.3,,12.6,,"W","W",65,,"SE ",,2,,8,,8,
"251160320","RADZYÑ                        ","2025","04","17","12",27.5,,17.4,,"W","W",35,,"SSE",,4,,8,,8,
"251160320","RADZYÑ                        ","2025","04","17","18",24.4,,16.0,,"W","W",40,,"SSE",,3,,7,,8,
"251160320","RADZYÑ                        ","2025","04","18","06",17.6,,14.5,,"W","W",71,,"SSE",,4,,8,,8,
"251160320","RADZYÑ                        ","2025","04","18","12",20.0,,16.0,,"W","W",66,,"N  ",,2,,7,,7,
"251160320","RADZYÑ                        ","2025","04","18","18",13.3,,13.0,,"W","W",97,,"W  ",,2,,8,,7,
"251160320","RADZYÑ                        ","2025","04","19","06",9.9,,9.3,,"W","W",93,,"SSW",,2,,8,,7,
"251160320","RADZYÑ                        ","2025","04","19","12",11.7,,10.5,,"W","W",86,,"SW ",,1,,8,,7,
"251160320","RADZYÑ                        ","2025","04","19","18",11.7,,10.1,,"W","W",82,,"NNW",,1,,8,,7,
"251160320","RADZYÑ                        ","2025","04","20","06",9.5,,8.9,,"W","W",93,,"C  ",,0,,1,,7,
"251160320","RADZYÑ                        ","2025","04","20","12",21.6,,15.4,,"W","W",51,,"SW ",,2,,2,,8,
"251160320","RADZYÑ                        ","2025","04","20","18",18.4,,14.4,,"W","W",64,,"C  ",,0,,6,,8,
"251160320","RADZYÑ                        ","2025","04","21","06",12.9,,11.6,,"W","W",86,,"NE ",,1,,6,,7,
"251160320","RADZYÑ                        ","2025","04","21","12",22.4,,15.0,,"W","W",44,,"NE ",,1,,7,,8,
"251160320","RADZYÑ                        ","2025","04","21","18",14.7,,13.8,,"W","W",91,,"NNW",,2,,8,,7,
"251160320","RADZYÑ                        ","2025","04","22","06",11.8,,11.2,,"W","W",93,,"WSW",,1,,3,,8,
"251160320","RADZYÑ                        ","2025","04","22","12",20.0,,13.8,,"W","W",49,,"WSW",,3,,4,,8,
"251160320","RADZYÑ                        ","2025","04","22","18",16.2,,13.4,,"W","W",73,,"NNE",,2,,3,,8,
"251160320","RADZYÑ                        ","2025","04","23","06",10.9,,10.2,,"W","W",92,,"SSE",,1,,4,,8,
"251160320","RADZYÑ                        ","2025","04","23","12",17.7,,13.7,,"W","W",64,,"NNW",,2,,7,,8,
"251160320","RADZYÑ                        ","2025","04","23","18",16.4,,13.5,,"W","W",72,,"N  ",,2,,7,,8,
"251160320","RADZYÑ                        ","2025","04","24","06",11.7,,11.2,,"W","W",94,,"N  ",,3,,8,,6,
"251160320","RADZYÑ                        ","2025","04","24","12",14.2,,13.4,,"W","W",92,,"NE ",,4,,8,,6,
"251160320","RADZYÑ                        ","2025","04","24","18",14.5,,13.4,,"W","W",89,,"ENE",,2,,8,,6,
"251160320","RADZYÑ                        ","2025","04","25","06",7.9,,7.1,,"W","W",90,,"NNE",,5,,8,,7,
"251160320","RADZYÑ                        ","2025","04","25","12",13.4,,9.8,,"W","W",63,,"NNE",,4,,3,,8,
"251160320","RADZYÑ                        ","2025","04","25","18",14.4,,9.6,,"W","W",53,,"NNE",,4,,4,,8,
"251160320","RADZYÑ                        ","2025","04","26","06",5.2,,3.5,,"W","W",76,,"NE ",,4,,2,,8,
"251160320","RADZYÑ                        ","2025","04","26","12",11.6,,6.8,,"W","W",48,,"NNE",,5,,0,,8,
"251160320","RADZYÑ                        ","2025","04","26","18",11.5,,6.5,,"W","W",46,,"ENE",,3,,0,,8,
"251160320","RADZYÑ                        ","2025","04","27","06",5.7,,3.8,,"W","W",73,,"ENE",,2,,3,,8,
"251160320","RADZYÑ                        ","2025","04","27","12",13.8,,8.3,,"W","W",46,,"E  ",,4,,1,,8,
"251160320","RADZYÑ                        ","2025","04","27","18",13.0,,8.0,,"W","W",49,,"ENE",,3,,0,,8,
"251160320","RADZYÑ                        ","2025","04","28","06",7.2,,5.0,,"W","W",71,,"E  ",,2,,0,,8,
"251160320","RADZYÑ                        ","2025","04","28","12",19.1,,11.8,,"W","W",40,,"E  ",,2,,0,,8,
"251160320","RADZYÑ                        ","2025","04","28","18",15.3,,10.8,,"W","W",57,,"SW ",,1,,2,,8,
"251160320","RADZYÑ                        ","2025","04","29","06",9.3,,7.7,,"W","W",80,,"C  ",,0,,2,,7,
"251160320","RADZYÑ                        ","2025","04","29","12",21.7,,12.8,,"W","W",33,,"NW ",,3,,6,,8,
"251160320","RADZYÑ                        ","2025","04","29","18",19.4,,14.4,,"W","W",58,,"NNW",,2,,7,,7,
"251160320","RADZYÑ                        ","2025","04","30","06",12.0,,10.4,,"W","W",82,,"NE ",,1,,3,,8,
"251160320","RADZYÑ                        ","2025","04","30","12",20.7,,14.0,,"W","W",47,,"NNW",,3,,5,,8,
"251160320","RADZYÑ                        ","2025","04","30","18",19.3,,14.4,,"W","W",58,,"NW ",,1,,4,,8,
"251190050","PUCZNIEW                      ","2025","04","01","06",3.7,,,"8",,,,"8",,"8",,"8",8,,6,
"251190050","PUCZNIEW                      ","2025","04","01","18",12.0,,,"8",,,,"8",,"8",,"8",6,,7,
"251190050","PUCZNIEW                      ","2025","04","02","06",3.7,,,"8",,,,"8",,"8",,"8",6,,6,
"251190050","PUCZNIEW                      ","2025","04","02","18",12.8,,,"8",,,,"8",,"8",,"8",0,,7,
"251190050","PUCZNIEW                      ","2025","04","03","06",6.6,,,"8",,,,"8",,"8",,"8",0,,7,
"251190050","PUCZNIEW                      ","2025","04","03","18",14.3,,,"8",,,,"8",,"8",,"8",0,,7,
"251190050","PUCZNIEW                      ","2025","04","04","06",5.7,,,"8",,,,"8",,"8",,"8",0,,6,
"251190050","PUCZNIEW                      ","2025","04","04","18",14.2,,,"8",,,,"8",,"8",,"8",2,,7,
"251190050","PUCZNIEW                      ","2025","04","05","06",2.2,,,"8",,,,"8",,"8",,"8",3,,7,
"251190050","PUCZNIEW                      ","2025","04","05","18",2.1,,,"8",,,,"8",,"8",,"8",4,,7,
"251190050","PUCZNIEW                      ","2025","04","06","06",-1.8,,,"8",,,,"8",,"8",,"8",7,,7,
"251190050","PUCZNIEW                      ","2025","04","06","18",2.6,,,"8",,,,"8",,"8",,"8",7,,7,
"251190050","PUCZNIEW                      ","2025","04","07","06",0.2,,,"8",,,,"8",,"8",,"8",7,,7,
"251190050","PUCZNIEW                      ","2025","04","07","18",6.5,,,"8",,,,"8",,"8",,"8",7,,7,
"251190050","PUCZNIEW                      ","2025","04","08","06",1.3,,,"8",,,,"8",,"8",,"8",7,,7,
"251190050","PUCZNIEW                      ","2025","04","08","18",7.0,,,"8",,,,"8",,"8",,"8",1,,7,
"251190050","PUCZNIEW                      ","2025","04","09","06",-1.6,,,"8",,,,"8",,"8",,"8",0,,7,
"251190050","PUCZNIEW                      ","2025","04","09","18",8.0,,,"8",,,,"8",,"8",,"8",7,,7,
"251190050","PUCZNIEW                      ","2025","04","10","06",0.5,,,"8",,,,"8",,"8",,"8",1,,7,
"251190050","PUCZNIEW                      ","2025","04","10","18",6.5,,,"8",,,,"8",,"8",,"8",5,,7,
"251190050","PUCZNIEW                      ","2025","04","11","06",7.3,,,"8",,,,"8",,"8",,"8",8,,7,
"251190050","PUCZNIEW                      ","2025","04","11","18",8.0,,,"8",,,,"8",,"8",,"8",8,,7,
"251190050","PUCZNIEW                      ","2025","04","12","06",3.4,,,"8",,,,"8",,"8",,"8",8,,1,
"251190050","PUCZNIEW                      ","2025","04","12","18",12.4,,,"8",,,,"8",,"8",,"8",5,,7,
"251190050","PUCZNIEW                      ","2025","04","13","06",7.5,,,"8",,,,"8",,"8",,"8",3,,7,
"251190050","PUCZNIEW                      ","2025","04","13","18",18.2,,,"8",,,,"8",,"8",,"8",7,,7,
"251190050","PUCZNIEW                      ","2025","04","14","06",13.2,,,"8",,,,"8",,"8",,"8",6,,7,
"251190050","PUCZNIEW                      ","2025","04","14","18",19.4,,,"8",,,,"8",,"8",,"8",4,,7,
"251190050","PUCZNIEW                      ","2025","04","15","06",10.8,,,"8",,,,"8",,"8",,"8",7,,7,
"251190050","PUCZNIEW                      ","2025","04","15","18",13.2,,,"8",,,,"8",,"8",,"8",8,,7,
"251190050","PUCZNIEW                      ","2025","04","16","06",13.8,,,"8",,,,"8",,"8",,"8",4,,7,
"251190050","PUCZNIEW                      ","2025","04","16","18",21.3,,,"8",,,,"8",,"8",,"8",4,,7,
"251190050","PUCZNIEW                      ","2025","04","17","06",17.1,,,"8",,,,"8",,"8",,"8",3,,7,
"251190050","PUCZNIEW                      ","2025","04","17","18",22.2,,,"8",,,,"8",,"8",,"8",2,,7,
"251190050","PUCZNIEW                      ","2025","04","18","06",16.3,,,"8",,,,"8",,"8",,"8",8,,7,
"251190050","PUCZNIEW                      ","2025","04","18","18",18.5,,,"8",,,,"8",,"8",,"8",8,,7,
"251190050","PUCZNIEW                      ","2025","04","19","06",11.6,,,"8",,,,"8",,"8",,"8",7,,7,
"251190050","PUCZNIEW                      ","2025","04","19","18",15.8,,,"8",,,,"8",,"8",,"8",1,,7,
"251190050","PUCZNIEW                      ","2025","04","20","06",8.5,,,"8",,,,"8",,"8",,"8",1,,7,
"251190050","PUCZNIEW                      ","2025","04","20","18",18.2,,,"8",,,,"8",,"8",,"8",1,,7,
"251190050","PUCZNIEW                      ","2025","04","21","06",11.9,,,"8",,,,"8",,"8",,"8",3,,7,
"251190050","PUCZNIEW                      ","2025","04","21","18",19.4,,,"8",,,,"8",,"8",,"8",3,,7,
"251190050","PUCZNIEW                      ","2025","04","22","06",12.8,,,"8",,,,"8",,"8",,"8",6,,7,
"251190050","PUCZNIEW                      ","2025","04","22","18",16.7,,,"8",,,,"8",,"8",,"8",0,,7,
"251190050","PUCZNIEW                      ","2025","04","23","06",12.2,,,"8",,,,"8",,"8",,"8",4,,7,
"251190050","PUCZNIEW                      ","2025","04","23","18",16.6,,,"8",,,,"8",,"8",,"8",4,,7,
"251190050","PUCZNIEW                      ","2025","04","24","06",12.6,,,"8",,,,"8",,"8",,"8",8,,7,
"251190050","PUCZNIEW                      ","2025","04","24","18",13.9,,,"8",,,,"8",,"8",,"8",8,,7,
"251190050","PUCZNIEW                      ","2025","04","25","06",8.0,,,"8",,,,"8",,"8",,"8",8,,5,
"251190050","PUCZNIEW                      ","2025","04","25","18",11.8,,,"8",,,,"8",,"8",,"8",4,,7,
"251190050","PUCZNIEW                      ","2025","04","26","06",3.7,,,"8",,,,"8",,"8",,"8",0,,7,
"251190050","PUCZNIEW                      ","2025","04","26","18",8.5,,,"8",,,,"8",,"8",,"8",0,,7,
"251190050","PUCZNIEW                      ","2025","04","27","06",5.0,,,"8",,,,"8",,"8",,"8",0,,7,
"251190050","PUCZNIEW                      ","2025","04","27","18",11.8,,,"8",,,,"8",,"8",,"8",0,,7,
"251190050","PUCZNIEW                      ","2025","04","28","06",7.4,,,"8",,,,"8",,"8",,"8",0,,7,
"251190050","PUCZNIEW                      ","2025","04","28","18",16.4,,,"8",,,,"8",,"8",,"8",0,,7,
"251190050","PUCZNIEW                      ","2025","04","29","06",10.7,,,"8",,,,"8",,"8",,"8",4,,7,
"251190050","PUCZNIEW                      ","2025","04","29","18",16.7,,,"8",,,,"8",,"8",,"8",3,,7,
"251190050","PUCZNIEW                      ","2025","04","30","06",9.7,,,"8",,,,"8",,"8",,"8",0,,7,
"251190050","PUCZNIEW                      ","2025","04","30","18",17.6,,,"8",,,,"8",,"8",,"8",4,,7,
"251200030","SKIERNIEWICE                  ","2025","04","01","06",5.4,,4.6,,"W","W",89,,"NNW",,2,,8,,7,
"251200030","SKIERNIEWICE                  ","2025","04","01","12",12.3,,8.8,,"W","W",62,,"NNW",,4,,2,,7,
"251200030","SKIERNIEWICE                  ","2025","04","01","18",12.8,,8.3,,"W","W",53,,"N  ",,2,,8,,7,
"251200030","SKIERNIEWICE                  ","2025","04","02","06",5.6,,4.3,,"W","W",82,,"NE ",,2,,2,,7,
"251200030","SKIERNIEWICE                  ","2025","04","02","12",17.2,,9.8,,"W","W",36,,"NNE",,7,,0,,8,
"251200030","SKIERNIEWICE                  ","2025","04","02","18",12.8,,7.2,,"W","W",43,,"NNE",,2,,0,,7,
"251200030","SKIERNIEWICE                  ","2025","04","03","06",6.7,,5.1,,"W","W",78,,"N  ",,1,,1,,7,
"251200030","SKIERNIEWICE                  ","2025","04","03","12",17.4,,11.4,,"W","W",47,,"ENE",,2,,0,,8,
"251200030","SKIERNIEWICE                  ","2025","04","03","18",15.6,,10.4,,"W","W",51,,"NNW",,1,,0,,7,
"251200030","SKIERNIEWICE                  ","2025","04","04","06",8.8,,7.3,,"W","W",81,,"NNW",,1,,0,,6,
"251200030","SKIERNIEWICE                  ","2025","04","04","12",19.4,,12.2,,"W","W",41,,"WNW",,4,,1,,7,
"251200030","SKIERNIEWICE                  ","2025","04","04","18",15.6,,10.4,,"W","W",51,,"WSW",,1,,1,,7,
"251200030","SKIERNIEWICE                  ","2025","04","05","06",2.8,,1.0,,"W","W",72,,"NNE",,2,,8,,7,
"251200030","SKIERNIEWICE                  ","2025","04","05","12",4.3,,2.6,,"W","W",75,,"NNW",,4,,7,,7,
"251200030","SKIERNIEWICE                  ","2025","04","05","18",2.4,,0.0,,"W","W",62,,"N  ",,7,,8,,7,
"251200030","SKIERNIEWICE                  ","2025","04","06","06",-0.5,,-1.0,,"W","W",91,,"N  ",,7,,3,,7,
"251200030","SKIERNIEWICE                  ","2025","04","06","12",4.1,,2.9,,"W","W",82,,"N  ",,7,,6,,7,
"251200030","SKIERNIEWICE                  ","2025","04","06","18",2.4,,0.1,,"W","W",63,,"NNE",,4,,7,,7,
"251200030","SKIERNIEWICE                  ","2025","04","07","06",-0.3,,-1.2,,"L","W",84,,"WNW",,2,,0,,7,
"251200030","SKIERNIEWICE                  ","2025","04","07","12",7.3,,3.0,,"W","W",46,,"NNW",,7,,6,,7,
"251200030","SKIERNIEWICE                  ","2025","04","07","18",5.4,,2.6,,"W","W",61,,"WNW",,1,,7,,7,
"251200030","SKIERNIEWICE                  ","2025","04","08","06",2.9,,1.7,,"W","W",81,,"NNW",,4,,5,,7,
"251200030","SKIERNIEWICE                  ","2025","04","08","12",8.3,,3.2,,"W","W",39,,"NNW",,7,,5,,7,
"251200030","SKIERNIEWICE                  ","2025","04","08","18",5.5,,1.4,,"W","W",44,,"NNW",,4,,1,,7,
"251200030","SKIERNIEWICE                  ","2025","04","09","06",0.7,,-1.0,,"W","W",70,,"WNW",,1,,4,,7,
"251200030","SKIERNIEWICE                  ","2025","04","09","12",7.1,,4.0,,"W","W",60,,"WSW",,2,,7,,7,
"251200030","SKIERNIEWICE                  ","2025","04","09","18",7.8,,4.4,,"W","W",57,,"W  ",,2,,8,,7,
"251200030","SKIERNIEWICE                  ","2025","04","10","06",0.0,,-0.8,,"W","W",85,,"NW ",,2,,0,,7,
"251200030","SKIERNIEWICE                  ","2025","04","10","12",4.8,,1.2,,"W","W",49,,"NNW",,7,,6,,7,
"251200030","SKIERNIEWICE                  ","2025","04","10","18",6.1,,2.0,,"W","W",45,,"W  ",,4,,8,,7,
"251200030","SKIERNIEWICE                  ","2025","04","11","06",7.2,,5.8,,"W","W",81,,"WNW",,4,,8,,6,
"251200030","SKIERNIEWICE                  ","2025","04","11","12",6.9,,6.4,,"W","W",93,,"WNW",,4,,8,,6,
"251200030","SKIERNIEWICE                  ","2025","04","11","18",8.3,,6.8,,"W","W",81,,"WNW",,2,,8,,6,
"251200030","SKIERNIEWICE                  ","2025","04","12","06",5.6,,5.0,,"W","W",91,,"WNW",,2,,1,,6,
"251200030","SKIERNIEWICE                  ","2025","04","12","12",14.3,,9.8,,"W","W",55,,"SSW",,4,,6,,7,
"251200030","SKIERNIEWICE                  ","2025","04","12","18",10.5,,8.0,,"W","W",71,,"SSW",,1,,2,,7,
"251200030","SKIERNIEWICE                  ","2025","04","13","06",8.9,,7.0,,"W","W",76,,"SSE",,2,,3,,6,
"251200030","SKIERNIEWICE                  ","2025","04","13","12",21.2,,12.5,,"W","W",34,,"SSE",,7,,3,,7,
"251200030","SKIERNIEWICE                  ","2025","04","13","18",16.8,,11.4,,"W","W",51,,"SSE",,2,,8,,7,
"251200030","SKIERNIEWICE                  ","2025","04","14","06",13.5,,10.2,,"W","W",66,,"SSW",,2,,7,,6,
"251200030","SKIERNIEWICE                  ","2025","04","14","12",23.1,,14.8,,"W","W",39,,"SSE",,4,,6,,7,
"251200030","SKIERNIEWICE                  ","2025","04","14","18",19.6,,13.6,,"W","W",50,,"SE ",,1,,7,,7,
"251200030","SKIERNIEWICE                  ","2025","04","15","06",11.3,,10.2,,"W","W",87,,"SE ",,2,,8,,7,
"251200030","SKIERNIEWICE                  ","2025","04","15","12",18.0,,13.6,,"W","W",61,,"SE ",,9,,8,,7,
"251200030","SKIERNIEWICE                  ","2025","04","15","18",13.5,,12.5,,"W","W",89,,"SE ",,4,,8,,7,
"251200030","SKIERNIEWICE                  ","2025","04","16","06",14.7,,13.1,,"W","W",84,,"SSE",,2,,7,,7,
"251200030","SKIERNIEWICE                  ","2025","04","16","12",23.1,,17.4,,"W","W",56,,"S  ",,4,,2,,7,
"251200030","SKIERNIEWICE                  ","2025","04","16","18",17.6,,15.0,,"W","W",76,,"E  ",,2,,2,,7,
"251200030","SKIERNIEWICE                  ","2025","04","17","06",16.6,,13.5,,"W","W",71,,"SSE",,2,,7,,6,
"251200030","SKIERNIEWICE                  ","2025","04","17","12",27.3,,17.2,,"W","W",35,,"SSE",,7,,2,,7,
"251200030","SKIERNIEWICE                  ","2025","04","17","18",19.7,,14.6,,"W","W",57,,"ESE",,2,,7,,7,
"251200030","SKIERNIEWICE                  ","2025","04","18","06",16.9,,14.1,,"W","W",74,,"S  ",,1,,8,,6,
"251200030","SKIERNIEWICE                  ","2025","04","18","12",21.9,,17.6,,"W","W",65,,"SE ",,4,,6,,7,
"251200030","SKIERNIEWICE                  ","2025","04","18","18",20.0,,16.4,,"W","W",69,,"S  ",,2,,8,,7,
"251200030","SKIERNIEWICE                  ","2025","04","19","06",12.0,,10.8,,"W","W",86,,"SW ",,2,,7,,6,
"251200030","SKIERNIEWICE                  ","2025","04","19","12",18.0,,12.4,,"W","W",51,,"SW ",,7,,6,,7,
"251200030","SKIERNIEWICE                  ","2025","04","19","18",13.3,,10.6,,"W","W",72,,"NW ",,1,,1,,7,
"251200030","SKIERNIEWICE                  ","2025","04","20","06",13.9,,11.4,,"W","W",74,,"SSE",,2,,3,,7,
"251200030","SKIERNIEWICE                  ","2025","04","20","12",22.0,,13.6,,"W","W",37,,"SW ",,4,,4,,7,
"251200030","SKIERNIEWICE                  ","2025","04","20","18",17.6,,12.6,,"W","W",55,,"S  ",,1,,2,,7,
"251200030","SKIERNIEWICE                  ","2025","04","21","06",15.4,,11.8,,"W","W",65,,"SSE",,1,,4,,7,
"251200030","SKIERNIEWICE                  ","2025","04","21","12",23.7,,14.9,,"W","W",37,,"SSW",,2,,6,,7,
"251200030","SKIERNIEWICE                  ","2025","04","21","18",19.2,,14.2,,"W","W",57,,"ESE",,1,,7,,7,
"251200030","SKIERNIEWICE                  ","2025","04","22","06",12.9,,10.8,,"W","W",77,,"NW ",,2,,4,,7,
"251200030","SKIERNIEWICE                  ","2025","04","22","12",19.0,,14.2,,"W","W",59,,"WSW",,4,,6,,7,
"251200030","SKIERNIEWICE                  ","2025","04","22","18",15.4,,12.6,,"W","W",72,,"N  ",,1,,1,,7,
"251200030","SKIERNIEWICE                  ","2025","04","23","06",11.7,,10.9,,"W","W",91,,"ENE",,1,,2,,5,
"251200030","SKIERNIEWICE                  ","2025","04","23","12",20.3,,13.3,,"W","W",44,,"N  ",,1,,6,,7,
"251200030","SKIERNIEWICE                  ","2025","04","23","18",16.4,,11.8,,"W","W",57,,"N  ",,1,,2,,7,
"251200030","SKIERNIEWICE                  ","2025","04","24","06",13.2,,11.5,,"W","W",82,,"ENE",,2,,7,,7,
"251200030","SKIERNIEWICE                  ","2025","04","24","12",21.3,,14.6,,"W","W",47,,"NE ",,4,,6,,7,
"251200030","SKIERNIEWICE                  ","2025","04","24","18",17.4,,13.1,,"W","W",61,,"NNE",,1,,8,,7,
"251200030","SKIERNIEWICE                  ","2025","04","25","06",9.1,,8.7,,"W","W",95,,"NE ",,2,,8,,6,
"251200030","SKIERNIEWICE                  ","2025","04","25","12",13.9,,10.6,,"W","W",66,,"NE ",,7,,6,,7,
"251200030","SKIERNIEWICE                  ","2025","04","25","18",12.1,,7.4,,"W","W",50,,"NE ",,2,,4,,7,
"251200030","SKIERNIEWICE                  ","2025","04","26","06",4.5,,2.6,,"W","W",72,,"NNE",,2,,1,,7,
"251200030","SKIERNIEWICE                  ","2025","04","26","12",12.0,,6.2,,"W","W",39,,"NE ",,4,,1,,7,
"251200030","SKIERNIEWICE                  ","2025","04","26","18",9.5,,4.6,,"W","W",43,,"NE ",,2,,0,,7,
"251200030","SKIERNIEWICE                  ","2025","04","27","06",5.6,,2.9,,"W","W",63,,"E  ",,2,,1,,7,
"251200030","SKIERNIEWICE                  ","2025","04","27","12",12.2,,6.1,,"W","W",37,,"NE ",,4,,1,,7,
"251200030","SKIERNIEWICE                  ","2025","04","27","18",10.5,,5.3,,"W","W",42,,"NE ",,1,,1,,7,
"251200030","SKIERNIEWICE                  ","2025","04","28","06",8.5,,5.4,,"W","W",62,,"SE ",,1,,1,,7,
"251200030","SKIERNIEWICE                  ","2025","04","28","12",15.6,,9.8,,"W","W",46,,"SE ",,2,,1,,7,
"251200030","SKIERNIEWICE                  ","2025","04","28","18",13.5,,8.4,,"W","W",49,,"NE ",,1,,1,,7,
"251200030","SKIERNIEWICE                  ","2025","04","29","06",13.3,,8.2,,"W","W",48,,"W  ",,4,,6,,6,
"251200030","SKIERNIEWICE                  ","2025","04","29","12",19.0,,11.2,,"W","W",36,,"WNW",,4,,7,,7,
"251200030","SKIERNIEWICE                  ","2025","04","29","18",16.2,,11.5,,"W","W",56,,"WSW",,1,,5,,5,
"251200030","SKIERNIEWICE                  ","2025","04","30","06",11.7,,9.8,,"W","W",79,,"NNW",,1,,3,,6,
"251200030","SKIERNIEWICE                  ","2025","04","30","12",19.0,,11.2,,"W","W",36,,"NNW",,4,,2,,7,
"251200030","SKIERNIEWICE                  ","2025","04","30","18",17.6,,12.1,,"W","W",51,,"WSW",,2,,3,,7,
"251210040","JARCZEW                       ","2025","04","01","06",5.9,,5.8,,"W","W",99,,"N  ",,2,,8,,2,
"251210040","JARCZEW                       ","2025","04","01","12",11.1,,8.9,,"W","W",75,,"NNE",,3,,7,,7,
"251210040","JARCZEW                       ","2025","04","01","18",9.0,,8.6,,"W","W",95,,"NW ",,2,,8,,7,
"251210040","JARCZEW                       ","2025","04","02","06",6.9,,5.7,,"W","W",84,,"NNE",,2,,2,,6,
"251210040","JARCZEW                       ","2025","04","02","12",15.9,,11.4,,"W","W",58,,"N  ",,3,,1,,7,
"251210040","JARCZEW                       ","2025","04","02","18",11.4,,9.8,,"W","W",82,,"NNE",,1,,1,,7,
"251210040","JARCZEW                       ","2025","04","03","06",6.8,,6.0,,"W","W",89,,"NNE",,1,,1,,7,
"251210040","JARCZEW                       ","2025","04","03","12",17.8,,12.5,,"W","W",53,,"NE ",,2,,1,,7,
"251210040","JARCZEW                       ","2025","04","03","18",13.1,,12.1,,"W","W",89,,"C  ",,0,,1,,7,
"251210040","JARCZEW                       ","2025","04","04","06",8.2,,8.1,,"W","W",99,,"C  ",,0,,1,,7,
"251210040","JARCZEW                       ","2025","04","04","12",18.6,,13.5,,"W","W",56,,"NW ",,4,,2,,7,
"251210040","JARCZEW                       ","2025","04","04","18",13.3,,11.2,,"W","W",78,,"WNW",,2,,1,,7,
"251210040","JARCZEW                       ","2025","04","05","06",1.8,,1.0,,"W","W",87,,"NNW",,3,,7,,7,
"251210040","JARCZEW                       ","2025","04","05","12",5.8,,2.2,,"W","W",51,,"NW ",,7,,7,,7,
"251210040","JARCZEW                       ","2025","04","05","18",0.1,,0.0,,"W","W",98,,"NNW",,4,,8,,6,
"251210040","JARCZEW                       ","2025","04","06","06",-1.4,,-2.2,,"L","W",84,,"NNW",,4,,2,,7,
"251210040","JARCZEW                       ","2025","04","06","12",0.8,,-1.3,,"W","W",64,,"NNW",,3,,6,,7,
"251210040","JARCZEW                       ","2025","04","06","18",0.6,,-1.3,,"W","W",67,,"NNW",,2,,7,,7,
"251210040","JARCZEW                       ","2025","04","07","06",-2.0,,-2.2,,"L","W",94,,"NW ",,3,,1,,7,
"251210040","JARCZEW                       ","2025","04","07","12",6.0,,2.0,,"W","W",46,,"NNW",,4,,2,,7,
"251210040","JARCZEW                       ","2025","04","07","18",5.0,,2.6,,"W","W",66,,"NW ",,3,,4,,7,
"251210040","JARCZEW                       ","2025","04","08","06",2.1,,1.3,,"W","W",87,,"NNW",,2,,3,,7,
"251210040","JARCZEW                       ","2025","04","08","12",6.9,,2.9,,"W","W",48,,"NNW",,4,,6,,7,
"251210040","JARCZEW                       ","2025","04","08","18",3.7,,2.8,,"W","W",86,,"C  ",,0,,1,,7,
"251210040","JARCZEW                       ","2025","04","09","06",0.1,,-1.0,,"W","W",80,,"NW ",,3,,7,,7,
"251210040","JARCZEW                       ","2025","04","09","12",7.6,,3.9,,"W","W",53,,"WNW",,6,,6,,7,
"251210040","JARCZEW                       ","2025","04","09","18",6.4,,4.1,,"W","W",69,,"WNW",,5,,6,,7,
"251210040","JARCZEW                       ","2025","04","10","06",-0.6,,-1.8,,"L","W",78,,"NNW",,4,,1,,7,
"251210040","JARCZEW                       ","2025","04","10","12",2.1,,0.9,,"W","W",80,,"NW ",,7,,7,,7,
"251210040","JARCZEW                       ","2025","04","10","18",2.2,,1.6,,"W","W",90,,"NW ",,1,,8,,7,
"251210040","JARCZEW                       ","2025","04","11","06",1.1,,1.0,,"W","W",98,,"SW ",,2,,8,,7,
"251210040","JARCZEW                       ","2025","04","11","12",6.4,,5.8,,"W","W",92,,"WNW",,6,,8,,7,
"251210040","JARCZEW                       ","2025","04","11","18",7.0,,6.7,,"W","W",96,,"WNW",,4,,8,,7,
"251210040","JARCZEW                       ","2025","04","12","06",2.8,,1.9,,"W","W",86,,"NNW",,2,,1,,7,
"251210040","JARCZEW                       ","2025","04","12","12",12.7,,9.3,,"W","W",64,,"NW ",,2,,2,,7,
"251210040","JARCZEW                       ","2025","04","12","18",8.9,,7.2,,"W","W",79,,"SSE",,1,,1,,7,
"251210040","JARCZEW                       ","2025","04","13","06",7.8,,5.7,,"W","W",73,,"SSE",,3,,1,,7,
"251210040","JARCZEW                       ","2025","04","13","12",18.1,,12.1,,"W","W",48,,"SSE",,4,,1,,7,
"251210040","JARCZEW                       ","2025","04","13","18",15.0,,11.4,,"W","W",65,,"SSE",,1,,4,,7,
"251210040","JARCZEW                       ","2025","04","14","06",12.1,,10.6,,"W","W",83,,"S  ",,2,,8,,7,
"251210040","JARCZEW                       ","2025","04","14","12",21.0,,14.8,,"W","W",50,,"S  ",,3,,4,,7,
"251210040","JARCZEW                       ","2025","04","14","18",17.0,,13.3,,"W","W",66,,"SE ",,2,,1,,7,
"251210040","JARCZEW                       ","2025","04","15","06",11.8,,9.9,,"W","W",79,,"SE ",,3,,3,,5,
"251210040","JARCZEW                       ","2025","04","15","12",17.2,,13.0,,"W","W",62,,"SSE",,5,,8,,7,
"251210040","JARCZEW                       ","2025","04","15","18",11.3,,11.0,,"W","W",96,,"SE ",,5,,8,,7,
"251210040","JARCZEW                       ","2025","04","16","06",12.1,,11.6,,"W","W",94,,"ESE",,3,,8,,7,
"251210040","JARCZEW                       ","2025","04","16","12",18.1,,16.9,,"W","W",89,,"SE ",,1,,8,,7,
"251210040","JARCZEW                       ","2025","04","16","18",19.7,,15.9,,"W","W",67,,"ESE",,3,,6,,7,
"251210040","JARCZEW                       ","2025","04","17","06",14.7,,12.6,,"W","W",79,,"SSE",,1,,5,,6,
"251210040","JARCZEW                       ","2025","04","17","12",26.8,,16.8,,"W","W",35,,"S  ",,4,,3,,7,
"251210040","JARCZEW                       ","2025","04","17","18",20.5,,16.1,,"W","W",63,,"SE ",,1,,1,,7,
"251210040","JARCZEW                       ","2025","04","18","06",16.6,,14.1,,"W","W",76,,"SE ",,2,,3,,7,
"251210040","JARCZEW                       ","2025","04","18","12",24.7,,20.0,,"W","W",65,,"WNW",,2,,4,,7,
"251210040","JARCZEW                       ","2025","04","18","18",15.6,,15.0,,"W","W",94,,"S  ",,2,,8,,7,
"251210040","JARCZEW                       ","2025","04","19","06",13.0,,12.3,,"W","W",92,,"SW ",,2,,2,,7,
"251210040","JARCZEW                       ","2025","04","19","12",18.0,,13.9,,"W","W",63,,"S  ",,2,,7,,7,
"251210040","JARCZEW                       ","2025","04","19","18",14.8,,13.9,,"W","W",91,,"SE ",,1,,2,,7,
"251210040","JARCZEW                       ","2025","04","20","06",12.7,,11.0,,"W","W",81,,"SSE",,2,,1,,7,
"251210040","JARCZEW                       ","2025","04","20","12",20.2,,13.9,,"W","W",49,,"SSW",,3,,4,,7,
"251210040","JARCZEW                       ","2025","04","20","18",15.8,,13.9,,"W","W",81,,"C  ",,0,,2,,7,
"251210040","JARCZEW                       ","2025","04","21","06",14.3,,12.1,,"W","W",77,,"SSE",,1,,1,,7,
"251210040","JARCZEW                       ","2025","04","21","12",22.5,,17.1,,"W","W",58,,"WNW",,1,,4,,7,
"251210040","JARCZEW                       ","2025","04","21","18",18.7,,16.3,,"W","W",78,,"C  ",,0,,6,,7,
"251210040","JARCZEW                       ","2025","04","22","06",15.5,,13.6,,"W","W",81,,"W  ",,1,,7,,7,
"251210040","JARCZEW                       ","2025","04","22","12",21.9,,16.9,,"W","W",60,,"W  ",,6,,2,,7,
"251210040","JARCZEW                       ","2025","04","22","18",16.1,,15.6,,"W","W",95,,"W  ",,1,,2,,7,
"251210040","JARCZEW                       ","2025","04","23","06",11.3,,10.6,,"W","W",92,,"NNW",,1,,1,,6,
"251210040","JARCZEW                       ","2025","04","23","12",19.8,,14.9,,"W","W",59,,"NNE",,1,,1,,7,
"251210040","JARCZEW                       ","2025","04","23","18",15.8,,14.8,,"W","W",90,,"C  ",,0,,2,,7,
"251210040","JARCZEW                       ","2025","04","24","06",13.8,,12.1,,"W","W",82,,"SE ",,3,,2,,7,
"251210040","JARCZEW                       ","2025","04","24","12",21.4,,15.3,,"W","W",52,,"E  ",,3,,3,,7,
"251210040","JARCZEW                       ","2025","04","24","18",16.7,,15.8,,"W","W",91,,"C  ",,0,,6,,7,
"251210040","JARCZEW                       ","2025","04","25","06",11.3,,10.9,,"W","W",95,,"NE ",,2,,8,,7,
"251210040","JARCZEW                       ","2025","04","25","12",11.1,,9.8,,"W","W",85,,"NE ",,2,,8,,7,
"251210040","JARCZEW                       ","2025","04","25","18",9.9,,9.6,,"W","W",96,,"C  ",,0,,3,,7,
"251210040","JARCZEW                       ","2025","04","26","06",6.1,,4.3,,"W","W",75,,"ENE",,2,,2,,7,
"251210040","JARCZEW                       ","2025","04","26","12",10.9,,6.0,,"W","W",46,,"NNW",,3,,1,,7,
"251210040","JARCZEW                       ","2025","04","26","18",7.9,,6.2,,"W","W",78,,"NNE",,1,,1,,7,
"251210040","JARCZEW                       ","2025","04","27","06",4.9,,3.2,,"W","W",75,,"NE ",,1,,1,,7,
"251210040","JARCZEW                       ","2025","04","27","12",11.8,,6.1,,"W","W",40,,"WNW",,2,,1,,7,
"251210040","JARCZEW                       ","2025","04","27","18",8.7,,7.9,,"W","W",90,,"C  ",,0,,1,,7,
"251210040","JARCZEW                       ","2025","04","28","06",8.0,,5.7,,"W","W",71,,"SE ",,1,,1,,7,
"251210040","JARCZEW                       ","2025","04","28","12",14.0,,10.6,,"W","W",65,,"WSW",,3,,1,,7,
"251210040","JARCZEW                       ","2025","04","28","18",12.5,,11.6,,"W","W",90,,"C  ",,0,,1,,7,
"251210040","JARCZEW                       ","2025","04","29","06",11.0,,7.9,,"W","W",65,,"W  ",,3,,1,,7,
"251210040","JARCZEW                       ","2025","04","29","12",18.8,,11.9,,"W","W",42,,"WNW",,6,,7,,7,
"251210040","JARCZEW                       ","2025","04","29","18",14.8,,11.3,,"W","W",65,,"W  ",,1,,1,,7,
"251210040","JARCZEW                       ","2025","04","30","06",10.9,,10.1,,"W","W",91,,"N  ",,1,,1,,7,
"251210040","JARCZEW                       ","2025","04","30","12",18.9,,12.9,,"W","W",49,,"NW ",,3,,3,,7,
"251210040","JARCZEW                       ","2025","04","30","18",15.6,,12.6,,"W","W",71,,"W  ",,2,,4,,7,
"252150120","GORZYÑ                        ","2025","04","01","06",3.1,,2.8,,"W","W",95,,"C  ",,0,,2,,7,
"252150120","GORZYÑ                        ","2025","04","01","12",14.9,,13.8,,"W","W",89,,"W  ",,1,,3,,7,
"252150120","GORZYÑ                        ","2025","04","01","18",8.9,,7.3,,"W","W",80,,"C  ",,0,,4,,7,
"252150120","GORZYÑ                        ","2025","04","02","06",2.7,,2.4,,"W","W",95,,"C  ",,0,,2,,7,
"252150120","GORZYÑ                        ","2025","04","02","12",17.4,,16.6,,"W","W",92,,"C  ",,0,,2,,7,
"252150120","GORZYÑ                        ","2025","04","02","18",12.1,,8.6,,"W","W",62,,"C  ",,0,,2,,7,
"252150120","GORZYÑ                        ","2025","04","03","06",5.1,,3.6,,"W","W",78,,"C  ",,0,,2,,7,
"252150120","GORZYÑ                        ","2025","04","03","12",20.0,,18.9,,"W","W",90,,"W  ",,1,,1,,7,
"252150120","GORZYÑ                        ","2025","04","03","18",12.9,,10.7,,"W","W",76,,"C  ",,0,,2,,7,
"252150120","GORZYÑ                        ","2025","04","04","06",6.9,,6.5,,"W","W",95,,"C  ",,0,,2,,7,
"252150120","GORZYÑ                        ","2025","04","04","12",21.5,,20.0,,"W","W",87,,"W  ",,1,,2,,7,
"252150120","GORZYÑ                        ","2025","04","04","18",12.7,,10.5,,"W","W",76,,"C  ",,0,,2,,7,
"252150120","GORZYÑ                        ","2025","04","05","06",2.9,,1.8,,"W","W",83,,"C  ",,0,,0,,7,
"252150120","GORZYÑ                        ","2025","04","05","12",14.4,,13.8,,"W","W",94,,"NW ",,2,,2,,7,
"252150120","GORZYÑ                        ","2025","04","05","18",2.3,,1.6,,"W","W",89,,"N  ",,4,,3,,7,
"252150120","GORZYÑ                        ","2025","04","06","06",-2.1,,-2.2,,"W","W",98,,"NW ",,1,,4,,7,
"252150120","GORZYÑ                        ","2025","04","06","12",8.4,,7.7,,"W","W",91,,"N  ",,2,,3,,7,
"252150120","GORZYÑ                        ","2025","04","06","18",3.9,,1.6,,"W","W",66,,"N  ",,2,,3,,7,
"252150120","GORZYÑ                        ","2025","04","07","06",3.9,,2.6,,"W","W",80,,"C  ",,0,,7,,7,
"252150120","GORZYÑ                        ","2025","04","07","12",9.9,,8.2,,"W","W",80,,"W  ",,2,,5,,7,
"252150120","GORZYÑ                        ","2025","04","07","18",7.7,,6.5,,"W","W",84,,"C  ",,0,,5,,7,
"252150120","GORZYÑ                        ","2025","04","08","06",1.3,,1.1,,"W","W",97,,"C  ",,0,,2,,7,
"252150120","GORZYÑ                        ","2025","04","08","12",12.9,,10.7,,"W","W",76,,"W  ",,1,,2,,7,
"252150120","GORZYÑ                        ","2025","04","08","18",5.9,,3.6,,"W","W",68,,"C  ",,0,,2,,7,
"252150120","GORZYÑ                        ","2025","04","09","06",-0.7,,-0.9,,"W","W",96,,"C  ",,0,,2,,7,
"252150120","GORZYÑ                        ","2025","04","09","12",12.9,,11.7,,"W","W",87,,"C  ",,0,,2,,7,
"252150120","GORZYÑ                        ","2025","04","09","18",9.7,,6.5,,"W","W",62,,"W  ",,4,,3,,7,
"252150120","GORZYÑ                        ","2025","04","10","06",1.7,,1.3,,"W","W",93,,"C  ",,0,,3,,7,
"252150120","GORZYÑ                        ","2025","04","10","12",11.9,,10.5,,"W","W",84,,"NW ",,1,,3,,7,
"252150120","GORZYÑ                        ","2025","04","10","18",7.7,,6.1,,"W","W",79,,"C  ",,0,,3,,7,
"252150120","GORZYÑ                        ","2025","04","11","06",7.1,,6.9,,"W","W",97,,"NW ",,2,,7,,7,
"252150120","GORZYÑ                        ","2025","04","11","12",9.4,,8.7,,"W","W",91,,"NW ",,2,,7,,7,
"252150120","GORZYÑ                        ","2025","04","11","18",8.9,,8.5,,"W","W",95,,"C  ",,0,,6,,7,
"252150120","GORZYÑ                        ","2025","04","12","06",8.7,,8.3,,"W","W",95,,"C  ",,0,,7,,7,
"252150120","GORZYÑ                        ","2025","04","12","12",17.5,,15.2,,"W","W",78,,"W  ",,1,,3,,7,
"252150120","GORZYÑ                        ","2025","04","12","18",11.9,,10.5,,"W","W",84,,"C  ",,0,,3,,7,
"252150120","GORZYÑ                        ","2025","04","13","06",9.3,,7.9,,"W","W",83,,"C  ",,0,,2,,7,
"252150120","GORZYÑ                        ","2025","04","13","12",21.7,,20.8,,"W","W",92,,"NW ",,1,,3,,7,
"252150120","GORZYÑ                        ","2025","04","13","18",19.4,,15.0,,"W","W",62,,"C  ",,0,,5,,7,
"252150120","GORZYÑ                        ","2025","04","14","06",12.1,,11.6,,"W","W",94,,"C  ",,0,,6,,7,
"252150120","GORZYÑ                        ","2025","04","14","12",23.0,,20.0,,"W","W",76,,"W  ",,1,,4,,7,
"252150120","GORZYÑ                        ","2025","04","14","18",17.4,,14.6,,"W","W",74,,"C  ",,0,,5,,7,
"252150120","GORZYÑ                        ","2025","04","15","06",12.1,,10.9,,"W","W",87,,"C  ",,0,,2,,7,
"252150120","GORZYÑ                        ","2025","04","15","12",21.5,,19.4,,"W","W",82,,"E  ",,1,,2,,7,
"252150120","GORZYÑ                        ","2025","04","15","18",15.9,,13.7,,"W","W",78,,"E  ",,2,,7,,7,
"252150120","GORZYÑ                        ","2025","04","16","06",13.9,,12.5,,"W","W",85,,"W  ",,2,,2,,7,
"252150120","GORZYÑ                        ","2025","04","16","12",25.1,,23.0,,"W","W",84,,"W  ",,1,,2,,7,
"252150120","GORZYÑ                        ","2025","04","16","18",15.5,,12.7,,"W","W",72,,"E  ",,1,,6,,7,
"252150120","GORZYÑ                        ","2025","04","17","06",15.4,,12.5,,"W","W",71,,"E  ",,2,,7,,7,
"252150120","GORZYÑ                        ","2025","04","17","12",27.4,,25.9,,"W","W",89,,"C  ",,0,,2,,7,
"252150120","GORZYÑ                        ","2025","04","17","18",24.0,,15.2,,"W","W",38,,"W  ",,1,,4,,7,
"252150120","GORZYÑ                        ","2025","04","18","06",18.2,,14.6,,"W","W",68,,"SW ",,2,,7,,7,
"252150120","GORZYÑ                        ","2025","04","18","12",23.0,,20.0,,"W","W",76,,"SW ",,2,,5,,7,
"252150120","GORZYÑ                        ","2025","04","18","18",14.9,,13.3,,"W","W",84,,"W  ",,1,,6,,7,
"252150120","GORZYÑ                        ","2025","04","19","06",9.9,,9.7,,"W","W",98,,"W  ",,1,,8,,7,
"252150120","GORZYÑ                        ","2025","04","19","12",16.2,,15.2,,"W","W",90,,"W  ",,1,,8,,7,
"252150120","GORZYÑ                        ","2025","04","19","18",9.5,,9.1,,"W","W",95,,"C  ",,0,,8,,7,
"252150120","GORZYÑ                        ","2025","04","20","06",11.0,,9.8,,"W","W",86,,"C  ",,0,,0,,7,
"252150120","GORZYÑ                        ","2025","04","20","12",21.0,,20.2,,"W","W",93,,"C  ",,0,,5,,7,
"252150120","GORZYÑ                        ","2025","04","20","18",15.7,,14.0,,"W","W",83,,"C  ",,0,,4,,7,
"252150120","GORZYÑ                        ","2025","04","21","06",10.5,,9.8,,"W","W",92,,"C  ",,0,,5,,7,
"252150120","GORZYÑ                        ","2025","04","21","12",19.7,,17.9,,"W","W",84,,"W  ",,1,,6,,7,
"252150120","GORZYÑ                        ","2025","04","21","18",13.5,,13.1,,"W","W",96,,"C  ",,0,,7,,7,
"252150120","GORZYÑ                        ","2025","04","22","06",11.9,,11.5,,"W","W",95,,"C  ",,0,,0,,7,
"252150120","GORZYÑ                        ","2025","04","22","12",18.0,,17.2,,"W","W",92,,"W  ",,1,,4,,7,
"252150120","GORZYÑ                        ","2025","04","22","18",11.9,,11.5,,"W","W",95,,"C  ",,0,,7,,7,
"252150120","GORZYÑ                        ","2025","04","23","06",6.9,,6.7,,"W","W",97,,"C  ",,0,,4,,7,
"252150120","GORZYÑ                        ","2025","04","23","12",18.0,,16.8,,"W","W",89,,"C  ",,0,,4,,7,
"252150120","GORZYÑ                        ","2025","04","23","18",13.8,,12.6,,"W","W",87,,"C  ",,0,,4,,7,
"252150120","GORZYÑ                        ","2025","04","24","06",8.3,,6.7,,"W","W",80,,"C  ",,0,,7,,7,
"252150120","GORZYÑ                        ","2025","04","24","12",19.0,,17.7,,"W","W",88,,"W  ",,2,,5,,7,
"252150120","GORZYÑ                        ","2025","04","24","18",15.5,,13.8,,"W","W",83,,"C  ",,0,,5,,6,
"252150120","GORZYÑ                        ","2025","04","25","06",7.1,,6.3,,"W","W",89,,"N  ",,1,,3,,7,
"252150120","GORZYÑ                        ","2025","04","25","12",17.2,,16.7,,"W","W",95,,"C  ",,0,,0,,7,
"252150120","GORZYÑ                        ","2025","04","25","18",12.1,,8.3,,"W","W",59,,"NE ",,1,,2,,7,
"252150120","GORZYÑ                        ","2025","04","26","06",4.7,,3.2,,"W","W",78,,"NE ",,2,,2,,7,
"252150120","GORZYÑ                        ","2025","04","26","12",14.4,,13.8,,"W","W",94,,"E  ",,1,,2,,7,
"252150120","GORZYÑ                        ","2025","04","26","18",8.5,,4.8,,"W","W",55,,"E  ",,1,,2,,7,
"252150120","GORZYÑ                        ","2025","04","27","06",8.3,,4.8,,"W","W",57,,"E  ",,2,,0,,7,
"252150120","GORZYÑ                        ","2025","04","27","12",15.6,,14.8,,"W","W",92,,"NE ",,2,,2,,7,
"252150120","GORZYÑ                        ","2025","04","27","18",9.5,,5.8,,"W","W",56,,"N  ",,1,,3,,7,
"252150120","GORZYÑ                        ","2025","04","28","06",4.1,,3.2,,"W","W",86,,"C  ",,0,,2,,7,
"252150120","GORZYÑ                        ","2025","04","28","12",21.0,,19.6,,"W","W",88,,"N  ",,1,,3,,7,
"252150120","GORZYÑ                        ","2025","04","28","18",11.9,,10.5,,"W","W",84,,"C  ",,0,,3,,7,
"252150120","GORZYÑ                        ","2025","04","29","06",8.5,,6.9,,"W","W",80,,"C  ",,0,,2,,7,
"252150120","GORZYÑ                        ","2025","04","29","12",21.3,,19.4,,"W","W",84,,"C  ",,0,,2,,7,
"252150120","GORZYÑ                        ","2025","04","29","18",15.9,,12.7,,"W","W",69,,"C  ",,0,,2,,7,
"252150120","GORZYÑ                        ","2025","04","30","06",9.9,,9.1,,"W","W",90,,"C  ",,0,,2,,7,
"252150120","GORZYÑ                        ","2025","04","30","12",22.0,,18.6,,"W","W",72,,"C  ",,0,,2,,7,
"252150120","GORZYÑ                        ","2025","04","30","18",17.8,,14.1,,"W","W",66,,"C  ",,0,,2,,7,
"252150270","BABIMOST                      ","2025","04","01","06",4.1,,3.3,,"W","W",88,,"N  ",,2,,1,,8,
"252150270","BABIMOST                      ","2025","04","01","12",12.7,,8.0,,"W","W",51,,"N  ",,3,,2,,8,
"252150270","BABIMOST                      ","2025","04","01","18",9.2,,6.8,,"W","W",71,,"NW ",,1,,4,,8,
"252150270","BABIMOST                      ","2025","04","02","06",3.9,,3.7,,"W","W",97,,"N  ",,3,,1,,7,
"252150270","BABIMOST                      ","2025","04","02","12",16.3,,10.1,,"W","W",44,,"ENE",,5,,1,,8,
"252150270","BABIMOST                      ","2025","04","02","18",11.2,,6.4,,"W","W",48,,"NNE",,2,,0,,8,
"252150270","BABIMOST                      ","2025","04","03","06",4.6,,3.5,,"W","W",84,,"N  ",,1,,1,,8,
"252150270","BABIMOST                      ","2025","04","03","12",18.0,,11.9,,"W","W",47,,"ENE",,4,,1,,8,
"252150270","BABIMOST                      ","2025","04","03","18",14.4,,9.7,,"W","W",54,,"C  ",,0,,0,,8,
"252150270","BABIMOST                      ","2025","04","04","06",4.5,,4.3,,"W","W",97,,"C  ",,0,,0,,7,
"252150270","BABIMOST                      ","2025","04","04","12",20.3,,13.1,,"W","W",42,,"SSE",,2,,1,,8,
"252150270","BABIMOST                      ","2025","04","04","18",17.5,,11.5,,"W","W",47,,"NW ",,2,,5,,8,
"252150270","BABIMOST                      ","2025","04","05","06",3.2,,1.2,,"W","W",69,,"N  ",,3,,8,,8,
"252150270","BABIMOST                      ","2025","04","05","12",9.2,,4.5,,"W","W",45,,"NNW",,5,,7,,8,
"252150270","BABIMOST                      ","2025","04","05","18",4.4,,0.6,,"W","W",46,,"N  ",,7,,1,,8,
"252150270","BABIMOST                      ","2025","04","06","06",0.3,,-2.2,,"L","W",58,,"NNW",,4,,4,,8,
"252150270","BABIMOST                      ","2025","04","06","12",5.0,,0.7,,"W","W",40,,"N  ",,6,,6,,8,
"252150270","BABIMOST                      ","2025","04","06","18",4.5,,0.6,,"W","W",44,,"NNW",,4,,3,,8,
"252150270","BABIMOST                      ","2025","04","07","06",4.1,,1.7,,"W","W",64,,"WNW",,2,,8,,8,
"252150270","BABIMOST                      ","2025","04","07","12",8.7,,5.6,,"W","W",62,,"WNW",,4,,8,,8,
"252150270","BABIMOST                      ","2025","04","07","18",7.3,,5.3,,"W","W",74,,"WSW",,1,,7,,8,
"252150270","BABIMOST                      ","2025","04","08","06",3.5,,2.5,,"W","W",85,,"N  ",,3,,0,,8,
"252150270","BABIMOST                      ","2025","04","08","12",10.1,,4.6,,"W","W",38,,"NW ",,3,,4,,8,
"252150270","BABIMOST                      ","2025","04","08","18",8.0,,3.6,,"W","W",46,,"NNW",,2,,1,,8,
"252150270","BABIMOST                      ","2025","04","09","06",1.1,,-0.3,,"W","W",76,,"SE ",,1,,6,,8,
"252150270","BABIMOST                      ","2025","04","09","12",12.2,,6.7,,"W","W",43,,"WSW",,5,,7,,8,
"252150270","BABIMOST                      ","2025","04","09","18",11.9,,7.3,,"W","W",51,,"WNW",,3,,7,,8,
"252150270","BABIMOST                      ","2025","04","10","06",4.4,,1.6,,"W","W",59,,"NE ",,2,,4,,8,
"252150270","BABIMOST                      ","2025","04","10","12",10.8,,4.8,,"W","W",35,,"NW ",,5,,7,,8,
"252150270","BABIMOST                      ","2025","04","10","18",11.2,,6.8,,"W","W",52,,"W  ",,2,,7,,8,
"252150270","BABIMOST                      ","2025","04","11","06",7.0,,4.9,,"W","W",72,,"W  ",,4,,8,,8,
"252150270","BABIMOST                      ","2025","04","11","12",10.3,,7.8,,"W","W",71,,"WNW",,6,,8,,8,
"252150270","BABIMOST                      ","2025","04","11","18",9.2,,7.9,,"W","W",84,,"W  ",,3,,8,,8,
"252150270","BABIMOST                      ","2025","04","12","06",9.1,,8.1,,"W","W",88,,"SW ",,1,,8,,7,
"252150270","BABIMOST                      ","2025","04","12","12",15.6,,11.4,,"W","W",60,,"WSW",,3,,7,,8,
"252150270","BABIMOST                      ","2025","04","12","18",13.6,,10.4,,"W","W",67,,"E  ",,2,,2,,8,
"252150270","BABIMOST                      ","2025","04","13","06",7.6,,7.0,,"W","W",92,,"ENE",,1,,1,,6,
"252150270","BABIMOST                      ","2025","04","13","12",20.7,,13.7,,"W","W",44,,"S  ",,4,,7,,8,
"252150270","BABIMOST                      ","2025","04","13","18",19.3,,12.6,,"W","W",45,,"SSW",,4,,2,,8,
"252150270","BABIMOST                      ","2025","04","14","06",15.0,,12.4,,"W","W",74,,"SW ",,2,,7,,8,
"252150270","BABIMOST                      ","2025","04","14","12",21.8,,15.0,,"W","W",47,,"SW ",,2,,6,,8,
"252150270","BABIMOST                      ","2025","04","14","18",19.0,,14.2,,"W","W",59,,"WSW",,1,,7,,8,
"252150270","BABIMOST                      ","2025","04","15","06",13.9,,11.9,,"W","W",79,,"E  ",,3,,7,,7,
"252150270","BABIMOST                      ","2025","04","15","12",19.0,,14.4,,"W","W",60,,"SE ",,6,,8,,8,
"252150270","BABIMOST                      ","2025","04","15","18",16.5,,13.4,,"W","W",71,,"SE ",,5,,8,,8,
"252150270","BABIMOST                      ","2025","04","16","06",14.7,,13.1,,"W","W",84,,"S  ",,2,,3,,8,
"252150270","BABIMOST                      ","2025","04","16","12",24.4,,17.0,,"W","W",47,,"SSW",,2,,3,,8,
"252150270","BABIMOST                      ","2025","04","16","18",22.0,,15.8,,"W","W",52,,"ENE",,2,,3,,8,
"252150270","BABIMOST                      ","2025","04","17","06",15.1,,12.4,,"W","W",73,,"E  ",,2,,7,,8,
"252150270","BABIMOST                      ","2025","04","17","12",26.7,,16.3,,"W","W",32,,"SSE",,6,,7,,8,
"252150270","BABIMOST                      ","2025","04","17","18",24.8,,14.9,,"W","W",32,,"SE ",,4,,6,,8,
"252150270","BABIMOST                      ","2025","04","18","06",15.3,,13.8,,"W","W",85,,"S  ",,2,,8,,7,
"252150270","BABIMOST                      ","2025","04","18","12",20.1,,15.2,,"W","W",59,,"WSW",,4,,7,,7,
"252150270","BABIMOST                      ","2025","04","18","18",14.5,,13.0,,"W","W",84,,"NNW",,3,,8,,7,
"252150270","BABIMOST                      ","2025","04","19","06",9.6,,8.9,,"W","W",91,,"SW ",,6,,8,,7,
"252150270","BABIMOST                      ","2025","04","19","12",11.7,,10.4,,"W","W",85,,"SSW",,2,,8,,8,
"252150270","BABIMOST                      ","2025","04","19","18",9.9,,9.0,,"W","W",89,,"C  ",,0,,8,,8,
"252150270","BABIMOST                      ","2025","04","20","06",10.3,,9.5,,"W","W",90,,"ENE",,2,,2,,7,
"252150270","BABIMOST                      ","2025","04","20","12",20.2,,14.7,,"W","W",55,,"SW ",,3,,4,,8,
"252150270","BABIMOST                      ","2025","04","20","18",17.5,,13.8,,"W","W",66,,"C  ",,0,,6,,8,
"252150270","BABIMOST                      ","2025","04","21","06",12.8,,11.0,,"W","W",80,,"E  ",,2,,7,,8,
"252150270","BABIMOST                      ","2025","04","21","12",20.5,,12.4,,"W","W",37,,"NNW",,3,,7,,8,
"252150270","BABIMOST                      ","2025","04","21","18",13.7,,13.2,,"W","W",95,,"N  ",,2,,7,,7,
"252150270","BABIMOST                      ","2025","04","22","06",11.3,,10.4,,"W","W",90,,"WSW",,3,,1,,8,
"252150270","BABIMOST                      ","2025","04","22","12",19.6,,13.7,,"W","W",51,,"WSW",,4,,6,,8,
"252150270","BABIMOST                      ","2025","04","22","18",13.6,,11.6,,"W","W",79,,"NW ",,1,,4,,8,
"252150270","BABIMOST                      ","2025","04","23","06",9.4,,9.2,,"W","W",98,,"SSW",,1,,2,,8,
"252150270","BABIMOST                      ","2025","04","23","12",19.5,,13.6,,"W","W",51,,"SSW",,1,,7,,8,
"252150270","BABIMOST                      ","2025","04","23","18",16.0,,12.4,,"W","W",66,,"NNE",,2,,6,,8,
"252150270","BABIMOST                      ","2025","04","24","06",10.7,,10.1,,"W","W",93,,"NNE",,2,,7,,6,
"252150270","BABIMOST                      ","2025","04","24","12",16.8,,13.4,,"W","W",68,,"ENE",,2,,8,,8,
"252150270","BABIMOST                      ","2025","04","24","18",15.5,,13.0,,"W","W",75,,"ENE",,2,,8,,8,
"252150270","BABIMOST                      ","2025","04","25","06",7.9,,6.5,,"W","W",82,,"N  ",,3,,7,,8,
"252150270","BABIMOST                      ","2025","04","25","12",15.4,,7.9,,"W","W",32,,"N  ",,5,,4,,8,
"252150270","BABIMOST                      ","2025","04","25","18",14.2,,8.6,,"W","W",45,,"ENE",,4,,5,,8,
"252150270","BABIMOST                      ","2025","04","26","06",5.4,,3.1,,"W","W",68,,"ENE",,4,,1,,8,
"252150270","BABIMOST                      ","2025","04","26","12",12.2,,6.2,,"W","W",38,,"NE ",,4,,0,,8,
"252150270","BABIMOST                      ","2025","04","26","18",10.4,,5.2,,"W","W",42,,"ENE",,2,,1,,8,
"252150270","BABIMOST                      ","2025","04","27","06",5.9,,3.0,,"W","W",60,,"ENE",,4,,2,,8,
"252150270","BABIMOST                      ","2025","04","27","12",14.7,,7.9,,"W","W",36,,"ENE",,5,,1,,8,
"252150270","BABIMOST                      ","2025","04","27","18",11.7,,7.1,,"W","W",51,,"ENE",,3,,1,,8,
"252150270","BABIMOST                      ","2025","04","28","06",5.2,,3.1,,"W","W",70,,"E  ",,1,,0,,8,
"252150270","BABIMOST                      ","2025","04","28","12",19.2,,10.0,,"W","W",27,,"WSW",,3,,1,,8,
"252150270","BABIMOST                      ","2025","04","28","18",16.6,,10.7,,"W","W",47,,"NW ",,1,,2,,8,
"252150270","BABIMOST                      ","2025","04","29","06",12.1,,7.8,,"W","W",54,,"WSW",,4,,3,,8,
"252150270","BABIMOST                      ","2025","04","29","12",22.1,,13.7,,"W","W",37,,"WSW",,4,,5,,8,
"252150270","BABIMOST                      ","2025","04","29","18",19.0,,14.3,,"W","W",59,,"NNW",,1,,7,,8,
"252150270","BABIMOST                      ","2025","04","30","06",10.4,,9.2,,"W","W",86,,"WSW",,1,,2,,8,
"252150270","BABIMOST                      ","2025","04","30","12",21.3,,14.4,,"W","W",46,,"NNW",,4,,7,,8,
"252150270","BABIMOST                      ","2025","04","30","18",19.6,,14.3,,"W","W",55,,"NW ",,2,,3,,8,
"252160230","WIELICHOWO                    ","2025","04","01","06",4.0,,,"8",,,,"8",,"8",,"8",0,,8,
"252160230","WIELICHOWO                    ","2025","04","01","12",12.1,,,"8",,,,"8",,"8",,"8",1,,8,
"252160230","WIELICHOWO                    ","2025","04","01","18",10.9,,,"8",,,,"8",,"8",,"8",3,,8,
"252160230","WIELICHOWO                    ","2025","04","02","06",4.4,,,"8",,,,"8",,"8",,"8",0,,8,
"252160230","WIELICHOWO                    ","2025","04","02","12",15.7,,,"8",,,,"8",,"8",,"8",0,,8,
"252160230","WIELICHOWO                    ","2025","04","02","18",12.5,,,"8",,,,"8",,"8",,"8",0,,8,
"252160230","WIELICHOWO                    ","2025","04","03","06",5.1,,,"8",,,,"8",,"8",,"8",0,,8,
"252160230","WIELICHOWO                    ","2025","04","03","12",15.8,,,"8",,,,"8",,"8",,"8",0,,8,
"252160230","WIELICHOWO                    ","2025","04","03","18",12.9,,,"8",,,,"8",,"8",,"8",0,,8,
"252160230","WIELICHOWO                    ","2025","04","04","06",5.9,,,"8",,,,"8",,"8",,"8",0,,8,
"252160230","WIELICHOWO                    ","2025","04","04","12",19.7,,,"8",,,,"8",,"8",,"8",0,,8,
"252160230","WIELICHOWO                    ","2025","04","04","18",16.7,,,"8",,,,"8",,"8",,"8",0,,8,
"252160230","WIELICHOWO                    ","2025","04","05","06",2.8,,,"8",,,,"8",,"8",,"8",7,,8,
"252160230","WIELICHOWO                    ","2025","04","05","12",9.1,,,"8",,,,"8",,"8",,"8",6,,8,
"252160230","WIELICHOWO                    ","2025","04","05","18",3.6,,,"8",,,,"8",,"8",,"8",0,,8,
"252160230","WIELICHOWO                    ","2025","04","06","06",-0.3,,,"8",,,,"8",,"8",,"8",7,,8,
"252160230","WIELICHOWO                    ","2025","04","06","12",4.5,,,"8",,,,"8",,"8",,"8",7,,8,
"252160230","WIELICHOWO                    ","2025","04","06","18",4.0,,,"8",,,,"8",,"8",,"8",2,,8,
"252160230","WIELICHOWO                    ","2025","04","07","06",4.0,,,"8",,,,"8",,"8",,"8",8,,8,
"252160230","WIELICHOWO                    ","2025","04","07","12",7.9,,,"8",,,,"8",,"8",,"8",8,,8,
"252160230","WIELICHOWO                    ","2025","04","07","18",5.8,,,"8",,,,"8",,"8",,"8",5,,8,
"252160230","WIELICHOWO                    ","2025","04","08","06",2.8,,,"8",,,,"8",,"8",,"8",0,,8,
"252160230","WIELICHOWO                    ","2025","04","08","12",9.3,,,"8",,,,"8",,"8",,"8",0,,8,
"252160230","WIELICHOWO                    ","2025","04","08","18",8.3,,,"8",,,,"8",,"8",,"8",0,,8,
"252160230","WIELICHOWO                    ","2025","04","09","06",-0.1,,,"8",,,,"8",,"8",,"8",0,,8,
"252160230","WIELICHOWO                    ","2025","04","09","12",11.1,,,"8",,,,"8",,"8",,"8",7,,8,
"252160230","WIELICHOWO                    ","2025","04","09","18",11.5,,,"8",,,,"8",,"8",,"8",8,,8,
"252160230","WIELICHOWO                    ","2025","04","10","06",3.8,,,"8",,,,"8",,"8",,"8",1,,8,
"252160230","WIELICHOWO                    ","2025","04","10","12",10.6,,,"8",,,,"8",,"8",,"8",0,,8,
"252160230","WIELICHOWO                    ","2025","04","10","18",9.7,,,"8",,,,"8",,"8",,"8",2,,8,
"252160230","WIELICHOWO                    ","2025","04","11","06",7.1,,,"8",,,,"8",,"8",,"8",8,,8,
"252160230","WIELICHOWO                    ","2025","04","11","12",10.3,,,"8",,,,"8",,"8",,"8",8,,8,
"252160230","WIELICHOWO                    ","2025","04","11","18",9.3,,,"8",,,,"8",,"8",,"8",8,,8,
"252160230","WIELICHOWO                    ","2025","04","12","06",8.7,,,"8",,,,"8",,"8",,"8",8,,8,
"252160230","WIELICHOWO                    ","2025","04","12","12",15.7,,,"8",,,,"8",,"8",,"8",7,,8,
"252160230","WIELICHOWO                    ","2025","04","12","18",13.5,,,"8",,,,"8",,"8",,"8",0,,8,
"252160230","WIELICHOWO                    ","2025","04","13","06",9.3,,,"8",,,,"8",,"8",,"8",0,,8,
"252160230","WIELICHOWO                    ","2025","04","13","12",20.7,,,"8",,,,"8",,"8",,"8",1,,8,
"252160230","WIELICHOWO                    ","2025","04","13","18",19.1,,,"8",,,,"8",,"8",,"8",8,,8,
"252160230","WIELICHOWO                    ","2025","04","14","06",12.5,,,"8",,,,"8",,"8",,"8",4,,8,
"252160230","WIELICHOWO                    ","2025","04","14","12",21.9,,,"8",,,,"8",,"8",,"8",2,,8,
"252160230","WIELICHOWO                    ","2025","04","14","18",17.3,,,"8",,,,"8",,"8",,"8",7,,8,
"252160230","WIELICHOWO                    ","2025","04","15","06",12.9,,,"8",,,,"8",,"8",,"8",0,,8,
"252160230","WIELICHOWO                    ","2025","04","15","12",18.9,,,"8",,,,"8",,"8",,"8",8,,8,
"252160230","WIELICHOWO                    ","2025","04","15","18",14.7,,,"8",,,,"8",,"8",,"8",8,,8,
"252160230","WIELICHOWO                    ","2025","04","16","06",14.1,,,"8",,,,"8",,"8",,"8",0,,8,
"252160230","WIELICHOWO                    ","2025","04","16","12",23.7,,,"8",,,,"8",,"8",,"8",0,,8,
"252160230","WIELICHOWO                    ","2025","04","16","18",20.3,,,"8",,,,"8",,"8",,"8",0,,8,
"252160230","WIELICHOWO                    ","2025","04","17","06",17.3,,,"8",,,,"8",,"8",,"8",5,,8,
"252160230","WIELICHOWO                    ","2025","04","17","12",26.3,,,"8",,,,"8",,"8",,"8",6,,8,
"252160230","WIELICHOWO                    ","2025","04","17","18",23.1,,,"8",,,,"8",,"8",,"8",2,,8,
"252160230","WIELICHOWO                    ","2025","04","18","06",18.2,,,"8",,,,"8",,"8",,"8",8,,8,
"252160230","WIELICHOWO                    ","2025","04","18","12",20.7,,,"8",,,,"8",,"8",,"8",6,,8,
"252160230","WIELICHOWO                    ","2025","04","18","18",17.1,,,"8",,,,"8",,"8",,"8",8,,8,
"252160230","WIELICHOWO                    ","2025","04","19","06",10.3,,,"8",,,,"8",,"8",,"8",8,,8,
"252160230","WIELICHOWO                    ","2025","04","19","12",10.9,,,"8",,,,"8",,"8",,"8",8,,8,
"252160230","WIELICHOWO                    ","2025","04","19","18",11.1,,,"8",,,,"8",,"8",,"8",8,,8,
"252160230","WIELICHOWO                    ","2025","04","20","06",11.7,,,"8",,,,"8",,"8",,"8",0,,8,
"252160230","WIELICHOWO                    ","2025","04","20","12",21.2,,,"8",,,,"8",,"8",,"8",0,,8,
"252160230","WIELICHOWO                    ","2025","04","20","18",16.9,,,"8",,,,"8",,"8",,"8",1,,8,
"252160230","WIELICHOWO                    ","2025","04","21","06",12.1,,,"8",,,,"8",,"8",,"8",1,,8,
"252160230","WIELICHOWO                    ","2025","04","21","12",20.4,,,"8",,,,"8",,"8",,"8",7,,8,
"252160230","WIELICHOWO                    ","2025","04","21","18",14.9,,,"8",,,,"8",,"8",,"8",7,,8,
"252160230","WIELICHOWO                    ","2025","04","22","06",11.7,,,"8",,,,"8",,"8",,"8",8,,4,
"252160230","WIELICHOWO                    ","2025","04","22","12",19.7,,,"8",,,,"8",,"8",,"8",2,,8,
"252160230","WIELICHOWO                    ","2025","04","22","18",13.1,,,"8",,,,"8",,"8",,"8",1,,8,
"252160230","WIELICHOWO                    ","2025","04","23","06",8.1,,,"8",,,,"8",,"8",,"8",3,,8,
"252160230","WIELICHOWO                    ","2025","04","23","12",18.7,,,"8",,,,"8",,"8",,"8",4,,8,
"252160230","WIELICHOWO                    ","2025","04","23","18",16.1,,,"8",,,,"8",,"8",,"8",2,,8,
"252160230","WIELICHOWO                    ","2025","04","24","06",11.1,,,"8",,,,"8",,"8",,"8",8,,8,
"252160230","WIELICHOWO                    ","2025","04","24","12",14.4,,,"8",,,,"8",,"8",,"8",8,,8,
"252160230","WIELICHOWO                    ","2025","04","24","18",13.3,,,"8",,,,"8",,"8",,"8",8,,7,
"252160230","WIELICHOWO                    ","2025","04","25","06",7.5,,,"8",,,,"8",,"8",,"8",8,,8,
"252160230","WIELICHOWO                    ","2025","04","25","12",14.5,,,"8",,,,"8",,"8",,"8",0,,8,
"252160230","WIELICHOWO                    ","2025","04","25","18",10.9,,,"8",,,,"8",,"8",,"8",0,,8,
"252160230","WIELICHOWO                    ","2025","04","26","06",5.4,,,"8",,,,"8",,"8",,"8",0,,8,
"252160230","WIELICHOWO                    ","2025","04","26","12",12.4,,,"8",,,,"8",,"8",,"8",0,,8,
"252160230","WIELICHOWO                    ","2025","04","26","18",9.5,,,"8",,,,"8",,"8",,"8",0,,8,
"252160230","WIELICHOWO                    ","2025","04","27","06",6.0,,,"8",,,,"8",,"8",,"8",0,,8,
"252160230","WIELICHOWO                    ","2025","04","27","12",13.7,,,"8",,,,"8",,"8",,"8",0,,8,
"252160230","WIELICHOWO                    ","2025","04","27","18",10.5,,,"8",,,,"8",,"8",,"8",0,,8,
"252160230","WIELICHOWO                    ","2025","04","28","06",7.7,,,"8",,,,"8",,"8",,"8",0,,8,
"252160230","WIELICHOWO                    ","2025","04","28","12",19.1,,,"8",,,,"8",,"8",,"8",0,,8,
"252160230","WIELICHOWO                    ","2025","04","28","18",15.5,,,"8",,,,"8",,"8",,"8",0,,8,
"252160230","WIELICHOWO                    ","2025","04","29","06",9.3,,,"8",,,,"8",,"8",,"8",0,,8,
"252160230","WIELICHOWO                    ","2025","04","29","12",22.1,,,"8",,,,"8",,"8",,"8",0,,8,
"252160230","WIELICHOWO                    ","2025","04","29","18",18.9,,,"8",,,,"8",,"8",,"8",0,,8,
"252160230","WIELICHOWO                    ","2025","04","30","06",12.3,,,"8",,,,"8",,"8",,"8",0,,8,
"252160230","WIELICHOWO                    ","2025","04","30","12",21.7,,,"8",,,,"8",,"8",,"8",0,,8,
"252160230","WIELICHOWO                    ","2025","04","30","18",19.1,,,"8",,,,"8",,"8",,"8",0,,8,
"252180080","KO£UDA WIELKA                 ","2025","04","01","06",1.1,,,"8",,,,"8",,"8",,"8",8,,7,
"252180080","KO£UDA WIELKA                 ","2025","04","01","12",13.9,,,"8",,,,"8",,"8",,"8",0,,7,
"252180080","KO£UDA WIELKA                 ","2025","04","01","18",9.7,,,"8",,,,"8",,"8",,"8",0,,7,
"252180080","KO£UDA WIELKA                 ","2025","04","02","06",4.7,,,"8",,,,"8",,"8",,"8",0,,7,
"252180080","KO£UDA WIELKA                 ","2025","04","02","12",13.7,,,"8",,,,"8",,"8",,"8",0,,7,
"252180080","KO£UDA WIELKA                 ","2025","04","02","18",9.3,,,"8",,,,"8",,"8",,"8",0,,7,
"252180080","KO£UDA WIELKA                 ","2025","04","03","06",1.2,,,"8",,,,"8",,"8",,"8",0,,7,
"252180080","KO£UDA WIELKA                 ","2025","04","03","12",17.9,,,"8",,,,"8",,"8",,"8",0,,7,
"252180080","KO£UDA WIELKA                 ","2025","04","03","18",8.9,,,"8",,,,"8",,"8",,"8",0,,7,
"252180080","KO£UDA WIELKA                 ","2025","04","04","06",3.0,,,"8",,,,"8",,"8",,"8",0,,7,
"252180080","KO£UDA WIELKA                 ","2025","04","04","12",17.9,,,"8",,,,"8",,"8",,"8",0,,7,
"252180080","KO£UDA WIELKA                 ","2025","04","04","18",14.5,,,"8",,,,"8",,"8",,"8",8,,7,
"252180080","KO£UDA WIELKA                 ","2025","04","05","06",3.4,,,"8",,,,"8",,"8",,"8",4,,7,
"252180080","KO£UDA WIELKA                 ","2025","04","05","12",4.1,,,"8",,,,"8",,"8",,"8",4,,7,
"252180080","KO£UDA WIELKA                 ","2025","04","05","18",0.4,,,"8",,,,"8",,"8",,"8",0,,7,
"252180080","KO£UDA WIELKA                 ","2025","04","06","06",-0.8,,,"8",,,,"8",,"8",,"8",3,,7,
"252180080","KO£UDA WIELKA                 ","2025","04","06","12",4.1,,,"8",,,,"8",,"8",,"8",3,,7,
"252180080","KO£UDA WIELKA                 ","2025","04","06","18",1.8,,,"8",,,,"8",,"8",,"8",0,,7,
"252180080","KO£UDA WIELKA                 ","2025","04","07","06",0.8,,,"8",,,,"8",,"8",,"8",8,,7,
"252180080","KO£UDA WIELKA                 ","2025","04","07","12",7.5,,,"8",,,,"8",,"8",,"8",8,,7,
"252180080","KO£UDA WIELKA                 ","2025","04","07","18",6.7,,,"8",,,,"8",,"8",,"8",8,,7,
"252180080","KO£UDA WIELKA                 ","2025","04","08","06",-0.2,,,"8",,,,"8",,"8",,"8",4,,7,
"252180080","KO£UDA WIELKA                 ","2025","04","08","12",8.3,,,"8",,,,"8",,"8",,"8",2,,7,
"252180080","KO£UDA WIELKA                 ","2025","04","08","18",5.7,,,"8",,,,"8",,"8",,"8",5,,7,
"252180080","KO£UDA WIELKA                 ","2025","04","09","06",-0.4,,,"8",,,,"8",,"8",,"8",8,,7,
"252180080","KO£UDA WIELKA                 ","2025","04","09","12",6.9,,,"8",,,,"8",,"8",,"8",8,,7,
"252180080","KO£UDA WIELKA                 ","2025","04","09","18",5.8,,,"8",,,,"8",,"8",,"8",8,,7,
"252180080","KO£UDA WIELKA                 ","2025","04","10","06",-0.5,,,"8",,,,"8",,"8",,"8",8,,7,
"252180080","KO£UDA WIELKA                 ","2025","04","10","12",8.9,,,"8",,,,"8",,"8",,"8",6,,7,
"252180080","KO£UDA WIELKA                 ","2025","04","10","18",6.9,,,"8",,,,"8",,"8",,"8",8,,7,
"252180080","KO£UDA WIELKA                 ","2025","04","11","06",7.1,,,"8",,,,"8",,"8",,"8",8,,7,
"252180080","KO£UDA WIELKA                 ","2025","04","11","12",8.3,,,"8",,,,"8",,"8",,"8",8,,7,
"252180080","KO£UDA WIELKA                 ","2025","04","11","18",7.7,,,"8",,,,"8",,"8",,"8",8,,7,
"252180080","KO£UDA WIELKA                 ","2025","04","12","06",2.2,,,"8",,,,"8",,"8",,"8",8,,7,
"252180080","KO£UDA WIELKA                 ","2025","04","12","12",14.9,,,"8",,,,"8",,"8",,"8",3,,7,
"252180080","KO£UDA WIELKA                 ","2025","04","12","18",10.1,,,"8",,,,"8",,"8",,"8",0,,7,
"252180080","KO£UDA WIELKA                 ","2025","04","13","06",5.1,,,"8",,,,"8",,"8",,"8",4,,7,
"252180080","KO£UDA WIELKA                 ","2025","04","13","12",18.3,,,"8",,,,"8",,"8",,"8",8,,7,
"252180080","KO£UDA WIELKA                 ","2025","04","13","18",15.7,,,"8",,,,"8",,"8",,"8",8,,7,
"252180080","KO£UDA WIELKA                 ","2025","04","14","06",11.7,,,"8",,,,"8",,"8",,"8",8,,7,
"252180080","KO£UDA WIELKA                 ","2025","04","14","12",21.2,,,"8",,,,"8",,"8",,"8",5,,7,
"252180080","KO£UDA WIELKA                 ","2025","04","14","18",17.3,,,"8",,,,"8",,"8",,"8",8,,7,
"252180080","KO£UDA WIELKA                 ","2025","04","15","06",12.5,,,"8",,,,"8",,"8",,"8",3,,7,
"252180080","KO£UDA WIELKA                 ","2025","04","15","12",18.9,,,"8",,,,"8",,"8",,"8",8,,7,
"252180080","KO£UDA WIELKA                 ","2025","04","15","18",15.1,,,"8",,,,"8",,"8",,"8",8,,7,
"252180080","KO£UDA WIELKA                 ","2025","04","16","06",12.7,,,"8",,,,"8",,"8",,"8",0,,7,
"252180080","KO£UDA WIELKA                 ","2025","04","16","12",21.7,,,"8",,,,"8",,"8",,"8",0,,7,
"252180080","KO£UDA WIELKA                 ","2025","04","16","18",19.5,,,"8",,,,"8",,"8",,"8",0,,7,
"252180080","KO£UDA WIELKA                 ","2025","04","17","06",14.7,,,"8",,,,"8",,"8",,"8",8,,7,
"252180080","KO£UDA WIELKA                 ","2025","04","17","12",26.9,,,"8",,,,"8",,"8",,"8",5,,7,
"252180080","KO£UDA WIELKA                 ","2025","04","17","18",19.4,,,"8",,,,"8",,"8",,"8",8,,7,
"252180080","KO£UDA WIELKA                 ","2025","04","18","06",16.4,,,"8",,,,"8",,"8",,"8",8,,7,
"252180080","KO£UDA WIELKA                 ","2025","04","18","12",21.1,,,"8",,,,"8",,"8",,"8",0,,7,
"252180080","KO£UDA WIELKA                 ","2025","04","18","18",18.9,,,"8",,,,"8",,"8",,"8",8,,7,
"252180080","KO£UDA WIELKA                 ","2025","04","19","06",11.3,,,"8",,,,"8",,"8",,"8",8,,7,
"252180080","KO£UDA WIELKA                 ","2025","04","19","12",13.3,,,"8",,,,"8",,"8",,"8",8,,7,
"252180080","KO£UDA WIELKA                 ","2025","04","19","18",12.7,,,"8",,,,"8",,"8",,"8",8,,7,
"252180080","KO£UDA WIELKA                 ","2025","04","20","06",9.9,,,"8",,,,"8",,"8",,"8",0,,7,
"252180080","KO£UDA WIELKA                 ","2025","04","20","12",20.3,,,"8",,,,"8",,"8",,"8",0,,7,
"252180080","KO£UDA WIELKA                 ","2025","04","20","18",19.3,,,"8",,,,"8",,"8",,"8",0,,7,
"252180080","KO£UDA WIELKA                 ","2025","04","21","06",11.9,,,"8",,,,"8",,"8",,"8",0,,7,
"252180080","KO£UDA WIELKA                 ","2025","04","21","12",21.9,,,"8",,,,"8",,"8",,"8",0,,7,
"252180080","KO£UDA WIELKA                 ","2025","04","21","18",19.1,,,"8",,,,"8",,"8",,"8",8,,7,
"252180080","KO£UDA WIELKA                 ","2025","04","22","06",10.3,,,"8",,,,"8",,"8",,"8",8,,7,
"252180080","KO£UDA WIELKA                 ","2025","04","22","12",13.9,,,"8",,,,"8",,"8",,"8",0,,7,
"252180080","KO£UDA WIELKA                 ","2025","04","22","18",13.7,,,"8",,,,"8",,"8",,"8",8,,7,
"252180080","KO£UDA WIELKA                 ","2025","04","23","06",10.3,,,"8",,,,"8",,"8",,"8",0,,7,
"252180080","KO£UDA WIELKA                 ","2025","04","23","12",19.3,,,"8",,,,"8",,"8",,"8",0,,7,
"252180080","KO£UDA WIELKA                 ","2025","04","23","18",14.1,,,"8",,,,"8",,"8",,"8",0,,7,
"252180080","KO£UDA WIELKA                 ","2025","04","24","06",9.5,,,"8",,,,"8",,"8",,"8",8,,7,
"252180080","KO£UDA WIELKA                 ","2025","04","24","12",14.1,,,"8",,,,"8",,"8",,"8",8,,7,
"252180080","KO£UDA WIELKA                 ","2025","04","24","18",11.1,,,"8",,,,"8",,"8",,"8",8,,7,
"252180080","KO£UDA WIELKA                 ","2025","04","25","06",4.9,,,"8",,,,"8",,"8",,"8",3,,7,
"252180080","KO£UDA WIELKA                 ","2025","04","25","12",13.1,,,"8",,,,"8",,"8",,"8",2,,7,
"252180080","KO£UDA WIELKA                 ","2025","04","25","18",8.3,,,"8",,,,"8",,"8",,"8",0,,7,
"252180080","KO£UDA WIELKA                 ","2025","04","26","06",2.8,,,"8",,,,"8",,"8",,"8",0,,7,
"252180080","KO£UDA WIELKA                 ","2025","04","26","12",11.1,,,"8",,,,"8",,"8",,"8",0,,7,
"252180080","KO£UDA WIELKA                 ","2025","04","26","18",10.7,,,"8",,,,"8",,"8",,"8",0,,7,
"252180080","KO£UDA WIELKA                 ","2025","04","27","06",3.4,,,"8",,,,"8",,"8",,"8",0,,7,
"252180080","KO£UDA WIELKA                 ","2025","04","27","12",14.1,,,"8",,,,"8",,"8",,"8",0,,7,
"252180080","KO£UDA WIELKA                 ","2025","04","27","18",13.7,,,"8",,,,"8",,"8",,"8",0,,7,
"252180080","KO£UDA WIELKA                 ","2025","04","28","06",4.7,,,"8",,,,"8",,"8",,"8",0,,7,
"252180080","KO£UDA WIELKA                 ","2025","04","28","12",17.7,,,"8",,,,"8",,"8",,"8",0,,7,
"252180080","KO£UDA WIELKA                 ","2025","04","28","18",17.1,,,"8",,,,"8",,"8",,"8",0,,7,
"252180080","KO£UDA WIELKA                 ","2025","04","29","06",13.4,,,"8",,,,"8",,"8",,"8",3,,7,
"252180080","KO£UDA WIELKA                 ","2025","04","29","12",18.7,,,"8",,,,"8",,"8",,"8",3,,7,
"252180080","KO£UDA WIELKA                 ","2025","04","29","18",16.7,,,"8",,,,"8",,"8",,"8",4,,7,
"252180080","KO£UDA WIELKA                 ","2025","04","30","06",5.5,,,"8",,,,"8",,"8",,"8",1,,7,
"252180080","KO£UDA WIELKA                 ","2025","04","30","12",19.1,,,"8",,,,"8",,"8",,"8",3,,7,
"252180080","KO£UDA WIELKA                 ","2025","04","30","18",13.7,,,"8",,,,"8",,"8",,"8",4,,7,
"252200120","LEGIONOWO                     ","2025","04","01","06",5.7,,,"8",,"W",,"8","NE ",,3,,,"8",,"8"
"252200120","LEGIONOWO                     ","2025","04","01","12",14.0,,,"8","W","W",,"8","NNE",,3,,,"8",,"8"
"252200120","LEGIONOWO                     ","2025","04","01","18",13.1,,,"8","W","W",,"8","NNE",,3,,,"8",,"8"
"252200120","LEGIONOWO                     ","2025","04","02","06",7.3,,,"8",,"W",,"8","NNE",,2,,,"8",,"8"
"252200120","LEGIONOWO                     ","2025","04","02","12",18.0,,,"8","W","W",,"8","NE ",,5,,,"8",,"8"
"252200120","LEGIONOWO                     ","2025","04","02","18",13.4,,,"8","W","W",,"8","NE ",,3,,,"8",,"8"
"252200120","LEGIONOWO                     ","2025","04","03","06",8.7,,,"8","W","W",,"8","NNE",,2,,,"8",,"8"
"252200120","LEGIONOWO                     ","2025","04","03","12",19.2,,,"8","W","W",,"8","NNE",,2,,,"8",,"8"
"252200120","LEGIONOWO                     ","2025","04","03","18",15.7,,,"8","W","W",,"8","NNE",,1,,,"8",,"8"
"252200120","LEGIONOWO                     ","2025","04","04","06",8.3,,,"8","W","W",,"8","WNW",,1,,,"8",,"8"
"252200120","LEGIONOWO                     ","2025","04","04","12",19.6,,,"8","W","W",,"8","NNW",,3,,,"8",,"8"
"252200120","LEGIONOWO                     ","2025","04","04","18",15.7,,,"8","W","W",,"8","W  ",,1,,,"8",,"8"
"252200120","LEGIONOWO                     ","2025","04","05","06",2.6,,,"8",,"W",,"8","N  ",,3,,,"8",,"8"
"252200120","LEGIONOWO                     ","2025","04","05","12",2.9,,,"8",,"W",,"8","N  ",,5,,,"8",,"8"
"252200120","LEGIONOWO                     ","2025","04","05","18",2.8,,,"8",,"W",,"8","NNW",,4,,,"8",,"8"
"252200120","LEGIONOWO                     ","2025","04","06","06",-0.4,,,"8",,"W",,"8","N  ",,4,,,"8",,"8"
"252200120","LEGIONOWO                     ","2025","04","06","12",4.6,,,"8",,"W",,"8","N  ",,4,,,"8",,"8"
"252200120","LEGIONOWO                     ","2025","04","06","18",2.5,,,"8",,"W",,"8","N  ",,3,,,"8",,"8"
"252200120","LEGIONOWO                     ","2025","04","07","06",-0.4,,,"8",,"W",,"8","NW ",,3,,,"8",,"8"
"252200120","LEGIONOWO                     ","2025","04","07","12",7.9,,,"8",,"W",,"8","NNW",,3,,,"8",,"8"
"252200120","LEGIONOWO                     ","2025","04","07","18",6.2,,,"8",,"W",,"8","WNW",,2,,,"8",,"8"
"252200120","LEGIONOWO                     ","2025","04","08","06",3.2,,,"8",,"W",,"8","N  ",,3,,,"8",,"8"
"252200120","LEGIONOWO                     ","2025","04","08","12",9.9,,,"8","W","W",,"8","NNW",,5,,,"8",,"8"
"252200120","LEGIONOWO                     ","2025","04","08","18",6.2,,,"8",,"W",,"8","NNW",,3,,,"8",,"8"
"252200120","LEGIONOWO                     ","2025","04","09","06",-0.5,,,"8",,"W",,"8","W  ",,2,,,"8",,"8"
"252200120","LEGIONOWO                     ","2025","04","09","12",6.6,,,"8",,"W",,"8","W  ",,5,,,"8",,"8"
"252200120","LEGIONOWO                     ","2025","04","09","18",7.4,,,"8",,"W",,"8","W  ",,4,,,"8",,"8"
"252200120","LEGIONOWO                     ","2025","04","10","06",0.4,,,"8",,"W",,"8","NW ",,4,,,"8",,"8"
"252200120","LEGIONOWO                     ","2025","04","10","12",3.2,,,"8",,"W",,"8","N  ",,5,,,"8",,"8"
"252200120","LEGIONOWO                     ","2025","04","10","18",3.7,,,"8",,"W",,"8","N  ",,1,,,"8",,"8"
"252200120","LEGIONOWO                     ","2025","04","11","06",5.3,,,"8",,"W",,"8","WNW",,2,,,"8",,"8"
"252200120","LEGIONOWO                     ","2025","04","11","12",7.6,,,"8",,"W",,"8","WNW",,3,,,"8",,"8"
"252200120","LEGIONOWO                     ","2025","04","11","18",9.0,,,"8","W","W",,"8","WNW",,2,,,"8",,"8"
"252200120","LEGIONOWO                     ","2025","04","12","06",4.5,,,"8",,"W",,"8","ENE",,1,,,"8",,"8"
"252200120","LEGIONOWO                     ","2025","04","12","12",14.8,,,"8","W","W",,"8","SSW",,3,,,"8",,"8"
"252200120","LEGIONOWO                     ","2025","04","12","18",11.8,,,"8","W","W",,"8","SSW",,1,,,"8",,"8"
"252200120","LEGIONOWO                     ","2025","04","13","06",8.2,,,"8","W","W",,"8","SE ",,1,,,"8",,"8"
"252200120","LEGIONOWO                     ","2025","04","13","12",20.5,,,"8","W","W",,"8","SSW",,3,,,"8",,"8"
"252200120","LEGIONOWO                     ","2025","04","13","18",17.3,,,"8","W","W",,"8","SE ",,1,,,"8",,"8"
"252200120","LEGIONOWO                     ","2025","04","14","06",14.5,,,"8","W","W",,"8","SSE",,2,,,"8",,"8"
"252200120","LEGIONOWO                     ","2025","04","14","12",22.3,,,"8","W","W",,"8","SW ",,2,,,"8",,"8"
"252200120","LEGIONOWO                     ","2025","04","14","18",18.8,,,"8","W","W",,"8","E  ",,1,,,"8",,"8"
"252200120","LEGIONOWO                     ","2025","04","15","06",13.4,,,"8","W","W",,"8","ESE",,2,,,"8",,"8"
"252200120","LEGIONOWO                     ","2025","04","15","12",20.6,,,"8","W","W",,"8","ESE",,4,,,"8",,"8"
"252200120","LEGIONOWO                     ","2025","04","15","18",14.4,,,"8","W","W",,"8","ESE",,3,,,"8",,"8"
"252200120","LEGIONOWO                     ","2025","04","16","06",12.5,,,"8","W","W",,"8","SE ",,2,,,"8",,"8"
"252200120","LEGIONOWO                     ","2025","04","16","12",21.7,,,"8","W","W",,"8","SSE",,3,,,"8",,"8"
"252200120","LEGIONOWO                     ","2025","04","16","18",20.5,,,"8","W","W",,"8","ESE",,2,,,"8",,"8"
"252200120","LEGIONOWO                     ","2025","04","17","06",15.8,,,"8","W","W",,"8","ESE",,1,,,"8",,"8"
"252200120","LEGIONOWO                     ","2025","04","17","12",28.5,,,"8","W","W",,"8","SE ",,3,,,"8",,"8"
"252200120","LEGIONOWO                     ","2025","04","17","18",23.9,,,"8","W","W",,"8","SE ",,1,,,"8",,"8"
"252200120","LEGIONOWO                     ","2025","04","18","06",18.8,,,"8","W","W",,"8","SSE",,2,,,"8",,"8"
"252200120","LEGIONOWO                     ","2025","04","18","12",26.1,,,"8","W","W",,"8","S  ",,2,,,"8",,"8"
"252200120","LEGIONOWO                     ","2025","04","18","18",21.8,,,"8","W","W",,"8","SSW",,3,,,"8",,"8"
"252200120","LEGIONOWO                     ","2025","04","19","06",12.7,,,"8","W","W",,"8","WSW",,3,,,"8",,"8"
"252200120","LEGIONOWO                     ","2025","04","19","12",18.5,,,"8","W","W",,"8","SW ",,4,,,"8",,"8"
"252200120","LEGIONOWO                     ","2025","04","19","18",16.6,,,"8","W","W",,"8","NW ",,1,,,"8",,"8"
"252200120","LEGIONOWO                     ","2025","04","20","06",15.5,,,"8","W","W",,"8","S  ",,1,,,"8",,"8"
"252200120","LEGIONOWO                     ","2025","04","20","12",22.0,,,"8","W","W",,"8","WSW",,3,,,"8",,"8"
"252200120","LEGIONOWO                     ","2025","04","20","18",19.4,,,"8","W","W",,"8","S  ",,1,,,"8",,"8"
"252200120","LEGIONOWO                     ","2025","04","21","06",15.8,,,"8","W","W",,"8","S  ",,1,,,"8",,"8"
"252200120","LEGIONOWO                     ","2025","04","21","12",25.0,,,"8","W","W",,"8","WSW",,2,,,"8",,"8"
"252200120","LEGIONOWO                     ","2025","04","21","18",20.4,,,"8","W","W",,"8","ENE",,1,,,"8",,"8"
"252200120","LEGIONOWO                     ","2025","04","22","06",14.5,,,"8","W","W",,"8","WNW",,2,,,"8",,"8"
"252200120","LEGIONOWO                     ","2025","04","22","12",19.0,,,"8","W","W",,"8","W  ",,3,,,"8",,"8"
"252200120","LEGIONOWO                     ","2025","04","22","18",17.1,,,"8","W","W",,"8","NW ",,1,,,"8",,"8"
"252200120","LEGIONOWO                     ","2025","04","23","06",12.5,,,"8","W","W",,"8","ENE",,2,,,"8",,"8"
"252200120","LEGIONOWO                     ","2025","04","23","12",21.1,,,"8","W","W",,"8","E  ",,2,,,"8",,"8"
"252200120","LEGIONOWO                     ","2025","04","23","18",17.1,,,"8","W","W",,"8","N  ",,1,,,"8",,"8"
"252200120","LEGIONOWO                     ","2025","04","24","06",13.3,,,"8","W","W",,"8","NNE",,1,,,"8",,"8"
"252200120","LEGIONOWO                     ","2025","04","24","12",21.1,,,"8","W","W",,"8","NNE",,2,,,"8",,"8"
"252200120","LEGIONOWO                     ","2025","04","24","18",18.2,,,"8","W","W",,"8","N  ",,1,,,"8",,"8"
"252200120","LEGIONOWO                     ","2025","04","25","06",9.5,,,"8","W","W",,"8","NNE",,3,,,"8",,"8"
"252200120","LEGIONOWO                     ","2025","04","25","12",16.0,,,"8","W","W",,"8","ENE",,4,,,"8",,"8"
"252200120","LEGIONOWO                     ","2025","04","25","18",12.4,,,"8","W","W",,"8","NNE",,2,,,"8",,"8"
"252200120","LEGIONOWO                     ","2025","04","26","06",5.7,,,"8",,"W",,"8","ENE",,3,,,"8",,"8"
"252200120","LEGIONOWO                     ","2025","04","26","12",12.6,,,"8","W","W",,"8","NE ",,3,,,"8",,"8"
"252200120","LEGIONOWO                     ","2025","04","26","18",9.2,,,"8","W","W",,"8","NNE",,1,,,"8",,"8"
"252200120","LEGIONOWO                     ","2025","04","27","06",6.3,,,"8",,"W",,"8","NE ",,2,,,"8",,"8"
"252200120","LEGIONOWO                     ","2025","04","27","12",13.2,,,"8","W","W",,"8","NW ",,1,,,"8",,"8"
"252200120","LEGIONOWO                     ","2025","04","27","18",10.4,,,"8","W","W",,"8","NE ",,1,,,"8",,"8"
"252200120","LEGIONOWO                     ","2025","04","28","06",9.2,,,"8","W","W",,"8","SSE",,1,,,"8",,"8"
"252200120","LEGIONOWO                     ","2025","04","28","12",17.8,,,"8","W","W",,"8","WSW",,3,,,"8",,"8"
"252200120","LEGIONOWO                     ","2025","04","28","18",15.5,,,"8","W","W",,"8","WNW",,1,,,"8",,"8"
"252200120","LEGIONOWO                     ","2025","04","29","06",10.8,,,"8","W","W",,"8","WSW",,4,,,"8",,"8"
"252200120","LEGIONOWO                     ","2025","04","29","12",19.5,,,"8","W","W",,"8","W  ",,5,,,"8",,"8"
"252200120","LEGIONOWO                     ","2025","04","29","18",18.5,,,"8","W","W",,"8","W  ",,2,,,"8",,"8"
"252200120","LEGIONOWO                     ","2025","04","30","06",11.5,,,"8","W","W",,"8","WNW",,1,,,"8",,"8"
"252200120","LEGIONOWO                     ","2025","04","30","12",20.1,,,"8","W","W",,"8","W  ",,4,,,"8",,"8"
"252200120","LEGIONOWO                     ","2025","04","30","18",18.7,,,"8","W","W",,"8","WSW",,2,,,"8",,"8"
"252200230","WARSZAWA-FILTRY               ","2025","04","01","06",6.4,,,"8",,"W",,"8","NW ",,3,,8,,6,
"252200230","WARSZAWA-FILTRY               ","2025","04","01","12",13.6,,,"8","W","W",,"8","NW ",,4,,5,,7,
"252200230","WARSZAWA-FILTRY               ","2025","04","01","18",13.0,,,"8","W","W",,"8","NNW",,2,,6,,7,
"252200230","WARSZAWA-FILTRY               ","2025","04","02","06",7.2,,,"8",,"W",,"8","NNW",,3,,0,,8,
"252200230","WARSZAWA-FILTRY               ","2025","04","02","12",16.7,,,"8","W","W",,"8","NNW",,4,,2,,8,
"252200230","WARSZAWA-FILTRY               ","2025","04","02","18",14.1,,,"8","W","W",,"8","NNW",,3,,6,,8,
"252200230","WARSZAWA-FILTRY               ","2025","04","03","06",8.4,,,"8","W","W",,"8","NNE",,2,,0,,8,
"252200230","WARSZAWA-FILTRY               ","2025","04","03","12",18.4,,,"8","W","W",,"8","NW ",,3,,0,,8,
"252200230","WARSZAWA-FILTRY               ","2025","04","03","18",15.6,,,"8","W","W",,"8","NNW",,1,,2,,7,
"252200230","WARSZAWA-FILTRY               ","2025","04","04","06",11.0,,,"8","W","W",,"8","W  ",,1,,2,,8,
"252200230","WARSZAWA-FILTRY               ","2025","04","04","12",19.7,,,"8","W","W",,"8","NW ",,5,,1,,8,
"252200230","WARSZAWA-FILTRY               ","2025","04","04","18",15.9,,,"8","W","W",,"8","W  ",,2,,4,,8,
"252200230","WARSZAWA-FILTRY               ","2025","04","05","06",2.8,,,"8",,"W",,"8","NW ",,5,,4,,7,
"252200230","WARSZAWA-FILTRY               ","2025","04","05","12",5.5,,,"8",,"W",,"8","W  ",,5,,8,,4,
"252200230","WARSZAWA-FILTRY               ","2025","04","05","18",2.7,,,"8",,"W",,"8","NW ",,5,,8,,6,
"252200230","WARSZAWA-FILTRY               ","2025","04","06","06",-0.3,,,"8",,"W",,"8","NW ",,6,,6,,7,
"252200230","WARSZAWA-FILTRY               ","2025","04","06","12",5.0,,,"8",,"W",,"8","NW ",,5,,4,,8,
"252200230","WARSZAWA-FILTRY               ","2025","04","06","18",2.7,,,"8",,"W",,"8","NW ",,3,,8,,7,
"252200230","WARSZAWA-FILTRY               ","2025","04","07","06",0.2,,,"8",,"W",,"8","WNW",,3,,1,,8,
"252200230","WARSZAWA-FILTRY               ","2025","04","07","12",8.0,,,"8",,"W",,"8","WNW",,6,,2,,8,
"252200230","WARSZAWA-FILTRY               ","2025","04","07","18",6.4,,,"8",,"W",,"8","W  ",,4,,5,,7,
"252200230","WARSZAWA-FILTRY               ","2025","04","08","06",2.9,,,"8",,"W",,"8","NW ",,5,,5,,7,
"252200230","WARSZAWA-FILTRY               ","2025","04","08","12",8.7,,,"8","W","W",,"8","NW ",,6,,4,,8,
"252200230","WARSZAWA-FILTRY               ","2025","04","08","18",6.6,,,"8",,"W",,"8","WNW",,3,,3,,8,
"252200230","WARSZAWA-FILTRY               ","2025","04","09","06",-0.2,,,"8",,"W",,"8","WSW",,3,,8,,7,
"252200230","WARSZAWA-FILTRY               ","2025","04","09","12",7.3,,,"8",,"W",,"8","WSW",,6,,8,,8,
"252200230","WARSZAWA-FILTRY               ","2025","04","09","18",7.9,,,"8",,"W",,"8","W  ",,6,,8,,7,
"252200230","WARSZAWA-FILTRY               ","2025","04","10","06",0.5,,,"8",,"W",,"8","NW ",,4,,2,,8,
"252200230","WARSZAWA-FILTRY               ","2025","04","10","12",2.8,,,"8",,"W",,"8","W  ",,4,,6,,8,
"252200230","WARSZAWA-FILTRY               ","2025","04","10","18",4.5,,,"8",,"W",,"8","NW ",,1,,8,,7,
"252200230","WARSZAWA-FILTRY               ","2025","04","11","06",6.3,,,"8",,"W",,"8","WSW",,4,,8,,6,
"252200230","WARSZAWA-FILTRY               ","2025","04","11","12",7.3,,,"8",,"W",,"8","WSW",,5,,8,,7,
"252200230","WARSZAWA-FILTRY               ","2025","04","11","18",8.6,,,"8","W","W",,"8","WSW",,4,,8,,7,
"252200230","WARSZAWA-FILTRY               ","2025","04","12","06",7.8,,,"8",,"W",,"8","WNW",,1,,0,,8,
"252200230","WARSZAWA-FILTRY               ","2025","04","12","12",14.8,,,"8","W","W",,"8","SW ",,3,,3,,8,
"252200230","WARSZAWA-FILTRY               ","2025","04","12","18",11.9,,,"8","W","W",,"8","SE ",,1,,7,,7,
"252200230","WARSZAWA-FILTRY               ","2025","04","13","06",9.0,,,"8","W","W",,"8","ESE",,2,,0,,8,
"252200230","WARSZAWA-FILTRY               ","2025","04","13","12",21.0,,,"8","W","W",,"8","SE ",,4,,0,,8,
"252200230","WARSZAWA-FILTRY               ","2025","04","13","18",17.7,,,"8","W","W",,"8","ESE",,3,,3,,8,
"252200230","WARSZAWA-FILTRY               ","2025","04","14","06",15.3,,,"8","W","W",,"8","SSE",,2,,2,,8,
"252200230","WARSZAWA-FILTRY               ","2025","04","14","12",22.5,,,"8","W","W",,"8","SW ",,3,,6,,8,
"252200230","WARSZAWA-FILTRY               ","2025","04","14","18",19.4,,,"8","W","W",,"8","E  ",,2,,7,,7,
"252200230","WARSZAWA-FILTRY               ","2025","04","15","06",13.3,,,"8","W","W",,"8","ESE",,4,,3,,7,
"252200230","WARSZAWA-FILTRY               ","2025","04","15","12",20.4,,,"8","W","W",,"8","E  ",,6,,6,,8,
"252200230","WARSZAWA-FILTRY               ","2025","04","15","18",13.7,,,"8","W","W",,"8","ESE",,5,,8,,7,
"252200230","WARSZAWA-FILTRY               ","2025","04","16","06",12.6,,,"8","W","W",,"8","ESE",,4,,8,,7,
"252200230","WARSZAWA-FILTRY               ","2025","04","16","12",22.0,,,"8","W","W",,"8","SE ",,4,,4,,8,
"252200230","WARSZAWA-FILTRY               ","2025","04","16","18",20.6,,,"8","W","W",,"8","E  ",,2,,0,,8,
"252200230","WARSZAWA-FILTRY               ","2025","04","17","06",16.2,,,"8","W","W",,"8","E  ",,2,,3,,8,
"252200230","WARSZAWA-FILTRY               ","2025","04","17","12",28.1,,,"8","W","W",,"8","ESE",,5,,3,,8,
"252200230","WARSZAWA-FILTRY               ","2025","04","17","18",22.7,,,"8","W","W",,"8","E  ",,2,,1,,8,
"252200230","WARSZAWA-FILTRY               ","2025","04","18","06",19.2,,,"8","W","W",,"8","ESE",,2,,7,,7,
"252200230","WARSZAWA-FILTRY               ","2025","04","18","12",26.0,,,"8","W","W",,"8","SE ",,3,,8,,7,
"252200230","WARSZAWA-FILTRY               ","2025","04","18","18",21.4,,,"8","W","W",,"8","SSE",,4,,8,,7,
"252200230","WARSZAWA-FILTRY               ","2025","04","19","06",12.8,,,"8","W","W",,"8","SSW",,2,,8,,7,
"252200230","WARSZAWA-FILTRY               ","2025","04","19","12",18.5,,,"8","W","W",,"8","SSE",,3,,6,,7,
"252200230","WARSZAWA-FILTRY               ","2025","04","19","18",16.4,,,"8","W","W",,"8","SW ",,1,,5,,7,
"252200230","WARSZAWA-FILTRY               ","2025","04","20","06",17.8,,,"8","W","W",,"8","SSE",,1,,1,,8,
"252200230","WARSZAWA-FILTRY               ","2025","04","20","12",22.7,,,"8","W","W",,"8","SE ",,4,,4,,8,
"252200230","WARSZAWA-FILTRY               ","2025","04","20","18",19.2,,,"8","W","W",,"8","ESE",,1,,4,,8,
"252200230","WARSZAWA-FILTRY               ","2025","04","21","06",16.3,,,"8","W","W",,"8","E  ",,1,,0,,8,
"252200230","WARSZAWA-FILTRY               ","2025","04","21","12",24.4,,,"8","W","W",,"8","SSW",,1,,1,,8,
"252200230","WARSZAWA-FILTRY               ","2025","04","21","18",20.7,,,"8","W","W",,"8","E  ",,2,,7,,8,
"252200230","WARSZAWA-FILTRY               ","2025","04","22","06",15.4,,,"8","W","W",,"8","SW ",,3,,0,,8,
"252200230","WARSZAWA-FILTRY               ","2025","04","22","12",18.8,,,"8","W","W",,"8","WSW",,3,,8,,8,
"252200230","WARSZAWA-FILTRY               ","2025","04","22","18",17.3,,,"8","W","W",,"8","W  ",,3,,2,,8,
"252200230","WARSZAWA-FILTRY               ","2025","04","23","06",14.2,,,"8","W","W",,"8","ENE",,2,,6,,8,
"252200230","WARSZAWA-FILTRY               ","2025","04","23","12",21.9,,,"8","W","W",,"8","SSW",,2,,3,,8,
"252200230","WARSZAWA-FILTRY               ","2025","04","23","18",18.5,,,"8","W","W",,"8","NE ",,2,,4,,7,
"252200230","WARSZAWA-FILTRY               ","2025","04","24","06",15.8,,,"8","W","W",,"8","NW ",,1,,6,,8,
"252200230","WARSZAWA-FILTRY               ","2025","04","24","12",21.2,,,"8","W","W",,"8","NW ",,3,,6,,8,
"252200230","WARSZAWA-FILTRY               ","2025","04","24","18",18.3,,,"8","W","W",,"8","NNW",,1,,8,,8,
"252200230","WARSZAWA-FILTRY               ","2025","04","25","06",8.9,,,"8","W","W",,"8","N  ",,2,,8,,6,
"252200230","WARSZAWA-FILTRY               ","2025","04","25","12",15.6,,,"8","W","W",,"8","N  ",,2,,6,,8,
"252200230","WARSZAWA-FILTRY               ","2025","04","25","18",13.1,,,"8","W","W",,"8","N  ",,2,,4,,8,
"252200230","WARSZAWA-FILTRY               ","2025","04","26","06",5.7,,,"8",,"W",,"8","NE ",,3,,0,,8,
"252200230","WARSZAWA-FILTRY               ","2025","04","26","12",11.9,,,"8","W","W",,"8","N  ",,3,,1,,8,
"252200230","WARSZAWA-FILTRY               ","2025","04","26","18",9.7,,,"8","W","W",,"8","NNW",,3,,1,,8,
"252200230","WARSZAWA-FILTRY               ","2025","04","27","06",6.3,,,"8",,"W",,"8","ENE",,2,,0,,8,
"252200230","WARSZAWA-FILTRY               ","2025","04","27","12",13.0,,,"8","W","W",,"8","NNW",,2,,1,,8,
"252200230","WARSZAWA-FILTRY               ","2025","04","27","18",10.9,,,"8","W","W",,"8","NNW",,1,,1,,8,
"252200230","WARSZAWA-FILTRY               ","2025","04","28","06",11.1,,,"8","W","W",,"8","SSE",,1,,0,,8,
"252200230","WARSZAWA-FILTRY               ","2025","04","28","12",17.9,,,"8","W","W",,"8","SSW",,3,,0,,8,
"252200230","WARSZAWA-FILTRY               ","2025","04","28","18",14.5,,,"8","W","W",,"8","W  ",,2,,0,,8,
"252200230","WARSZAWA-FILTRY               ","2025","04","29","06",12.9,,,"8","W","W",,"8","SW ",,4,,3,,7,
"252200230","WARSZAWA-FILTRY               ","2025","04","29","12",19.3,,,"8","W","W",,"8","WSW",,8,,6,,7,
"252200230","WARSZAWA-FILTRY               ","2025","04","29","18",18.2,,,"8","W","W",,"8","WSW",,3,,6,,7,
"252200230","WARSZAWA-FILTRY               ","2025","04","30","06",13.1,,,"8","W","W",,"8","WSW",,2,,0,,8,
"252200230","WARSZAWA-FILTRY               ","2025","04","30","12",20.2,,,"8","W","W",,"8","WSW",,5,,4,,8,
"252200230","WARSZAWA-FILTRY               ","2025","04","30","18",18.6,,,"8","W","W",,"8","SW ",,2,,7,,7,
"252210050","PU£TUSK                       ","2025","04","01","06",5.6,,,"8",,"W",,"8","NW ",,2,,,"8",,"8"
"252210050","PU£TUSK                       ","2025","04","01","12",14.7,,,"8","W","W",,"8","W  ",,3,,,"8",,"8"
"252210050","PU£TUSK                       ","2025","04","01","18",12.0,,,"8","W","W",,"8","NNW",,1,,,"8",,"8"
"252210050","PU£TUSK                       ","2025","04","02","06",6.0,,,"8",,"W",,"8","NNW",,1,,,"8",,"8"
"252210050","PU£TUSK                       ","2025","04","02","12",18.5,,,"8","W","W",,"8","N  ",,2,,,"8",,"8"
"252210050","PU£TUSK                       ","2025","04","02","18",11.8,,,"8","W","W",,"8","N  ",,1,,,"8",,"8"
"252210050","PU£TUSK                       ","2025","04","03","06",7.4,,,"8",,"W",,"8","N  ",,1,,,"8",,"8"
"252210050","PU£TUSK                       ","2025","04","03","12",19.3,,,"8","W","W",,"8","NNW",,2,,,"8",,"8"
"252210050","PU£TUSK                       ","2025","04","03","18",15.2,,,"8","W","W",,"8","C  ",,0,,,"8",,"8"
"252210050","PU£TUSK                       ","2025","04","04","06",6.9,,,"8",,"W",,"8","C  ",,0,,,"8",,"8"
"252210050","PU£TUSK                       ","2025","04","04","12",19.0,,,"8","W","W",,"8","SSW",,5,,,"8",,"8"
"252210050","PU£TUSK                       ","2025","04","04","18",13.8,,,"8","W","W",,"8","N  ",,1,,,"8",,"8"
"252210050","PU£TUSK                       ","2025","04","05","06",2.2,,,"8",,"W",,"8","W  ",,3,,,"8",,"8"
"252210050","PU£TUSK                       ","2025","04","05","12",4.7,,,"8",,"W",,"8","SW ",,6,,,"8",,"8"
"252210050","PU£TUSK                       ","2025","04","05","18",2.3,,,"8",,"W",,"8","WSW",,5,,,"8",,"8"
"252210050","PU£TUSK                       ","2025","04","06","06",-0.7,,,"8",,"W",,"8","NW ",,3,,,"8",,"8"
"252210050","PU£TUSK                       ","2025","04","06","12",5.4,,,"8",,"W",,"8","NNW",,3,,,"8",,"8"
"252210050","PU£TUSK                       ","2025","04","06","18",1.7,,,"8",,"W",,"8","WSW",,4,,,"8",,"8"
"252210050","PU£TUSK                       ","2025","04","07","06",-0.9,,,"8",,"W",,"8","SW ",,3,,,"8",,"8"
"252210050","PU£TUSK                       ","2025","04","07","12",7.9,,,"8",,"W",,"8","WSW",,5,,,"8",,"8"
"252210050","PU£TUSK                       ","2025","04","07","18",5.3,,,"8",,"W",,"8","SW ",,2,,,"8",,"8"
"252210050","PU£TUSK                       ","2025","04","08","06",2.4,,,"8",,"W",,"8","WSW",,4,,,"8",,"8"
"252210050","PU£TUSK                       ","2025","04","08","12",9.8,,,"8","W","W",,"8","W  ",,4,,,"8",,"8"
"252210050","PU£TUSK                       ","2025","04","08","18",4.3,,,"8",,"W",,"8","SW ",,2,,,"8",,"8"
"252210050","PU£TUSK                       ","2025","04","09","06",0.6,,,"8",,"W",,"8","SW ",,2,,,"8",,"8"
"252210050","PU£TUSK                       ","2025","04","09","12",8.1,,,"8","W","W",,"8","S  ",,5,,,"8",,"8"
"252210050","PU£TUSK                       ","2025","04","09","18",7.0,,,"8",,"W",,"8","SSW",,4,,,"8",,"8"
"252210050","PU£TUSK                       ","2025","04","10","06",-0.1,,,"8",,"W",,"8","WSW",,4,,,"8",,"8"
"252210050","PU£TUSK                       ","2025","04","10","12",4.8,,,"8",,"W",,"8","WSW",,6,,,"8",,"8"
"252210050","PU£TUSK                       ","2025","04","10","18",2.7,,,"8",,"W",,"8","SSW",,2,,,"8",,"8"
"252210050","PU£TUSK                       ","2025","04","11","06",3.9,,,"8",,"W",,"8","S  ",,1,,,"8",,"8"
"252210050","PU£TUSK                       ","2025","04","11","12",7.8,,,"8",,"W",,"8","SW ",,4,,,"8",,"8"
"252210050","PU£TUSK                       ","2025","04","11","18",8.7,,,"8","W","W",,"8","SW ",,2,,,"8",,"8"
"252210050","PU£TUSK                       ","2025","04","12","06",3.4,,,"8",,"W",,"8","S  ",,1,,,"8",,"8"
"252210050","PU£TUSK                       ","2025","04","12","12",13.8,,,"8","W","W",,"8","S  ",,3,,,"8",,"8"
"252210050","PU£TUSK                       ","2025","04","12","18",11.9,,,"8","W","W",,"8","SSE",,1,,,"8",,"8"
"252210050","PU£TUSK                       ","2025","04","13","06",7.2,,,"8",,"W",,"8","ESE",,1,,,"8",,"8"
"252210050","PU£TUSK                       ","2025","04","13","12",19.5,,,"8","W","W",,"8","ESE",,3,,,"8",,"8"
"252210050","PU£TUSK                       ","2025","04","13","18",16.5,,,"8","W","W",,"8","E  ",,2,,,"8",,"8"
"252210050","PU£TUSK                       ","2025","04","14","06",13.2,,,"8","W","W",,"8","ESE",,2,,,"8",,"8"
"252210050","PU£TUSK                       ","2025","04","14","12",21.1,,,"8","W","W",,"8","SSE",,2,,,"8",,"8"
"252210050","PU£TUSK                       ","2025","04","14","18",18.7,,,"8","W","W",,"8","ENE",,1,,,"8",,"8"
"252210050","PU£TUSK                       ","2025","04","15","06",13.2,,,"8","W","W",,"8","E  ",,3,,,"8",,"8"
"252210050","PU£TUSK                       ","2025","04","15","12",20.3,,,"8","W","W",,"8","ENE",,6,,,"8",,"8"
"252210050","PU£TUSK                       ","2025","04","15","18",14.8,,,"8","W","W",,"8","E  ",,5,,,"8",,"8"
"252210050","PU£TUSK                       ","2025","04","16","06",11.8,,,"8","W","W",,"8","E  ",,4,,,"8",,"8"
"252210050","PU£TUSK                       ","2025","04","16","12",21.0,,,"8","W","W",,"8","ESE",,2,,,"8",,"8"
"252210050","PU£TUSK                       ","2025","04","16","18",19.7,,,"8","W","W",,"8","E  ",,2,,,"8",,"8"
"252210050","PU£TUSK                       ","2025","04","17","06",15.4,,,"8","W","W",,"8","ESE",,2,,,"8",,"8"
"252210050","PU£TUSK                       ","2025","04","17","12",28.0,,,"8","W","W",,"8","ESE",,4,,,"8",,"8"
"252210050","PU£TUSK                       ","2025","04","17","18",23.2,,,"8","W","W",,"8","E  ",,1,,,"8",,"8"
"252210050","PU£TUSK                       ","2025","04","18","06",17.9,,,"8","W","W",,"8","ENE",,1,,,"8",,"8"
"252210050","PU£TUSK                       ","2025","04","18","12",25.7,,,"8","W","W",,"8","SE ",,2,,,"8",,"8"
"252210050","PU£TUSK                       ","2025","04","18","18",22.0,,,"8","W","W",,"8","SSE",,2,,,"8",,"8"
"252210050","PU£TUSK                       ","2025","04","19","06",12.6,,,"8","W","W",,"8","SE ",,2,,,"8",,"8"
"252210050","PU£TUSK                       ","2025","04","19","12",18.3,,,"8","W","W",,"8","SSE",,4,,,"8",,"8"
"252210050","PU£TUSK                       ","2025","04","19","18",15.0,,,"8","W","W",,"8","C  ",,0,,,"8",,"8"
"252210050","PU£TUSK                       ","2025","04","20","06",13.3,,,"8","W","W",,"8","ESE",,1,,,"8",,"8"
"252210050","PU£TUSK                       ","2025","04","20","12",22.7,,,"8","W","W",,"8","S  ",,1,,,"8",,"8"
"252210050","PU£TUSK                       ","2025","04","20","18",19.4,,,"8","W","W",,"8","ESE",,1,,,"8",,"8"
"252210050","PU£TUSK                       ","2025","04","21","06",13.6,,,"8","W","W",,"8","ESE",,1,,,"8",,"8"
"252210050","PU£TUSK                       ","2025","04","21","12",24.5,,,"8","W","W",,"8","SSW",,1,,,"8",,"8"
"252210050","PU£TUSK                       ","2025","04","21","18",20.0,,,"8","W","W",,"8","C  ",,0,,,"8",,"8"
"252210050","PU£TUSK                       ","2025","04","22","06",14.2,,,"8","W","W",,"8","WSW",,1,,,"8",,"8"
"252210050","PU£TUSK                       ","2025","04","22","12",18.0,,,"8","W","W",,"8","SSW",,3,,,"8",,"8"
"252210050","PU£TUSK                       ","2025","04","22","18",15.4,,,"8","W","W",,"8","SW ",,2,,,"8",,"8"
"252210050","PU£TUSK                       ","2025","04","23","06",10.6,,,"8","W","W",,"8","C  ",,0,,,"8",,"8"
"252210050","PU£TUSK                       ","2025","04","23","12",19.6,,,"8","W","W",,"8","SW ",,2,,,"8",,"8"
"252210050","PU£TUSK                       ","2025","04","23","18",16.4,,,"8","W","W",,"8","C  ",,0,,,"8",,"8"
"252210050","PU£TUSK                       ","2025","04","24","06",11.7,,,"8","W","W",,"8","C  ",,0,,,"8",,"8"
"252210050","PU£TUSK                       ","2025","04","24","12",17.5,,,"8","W","W",,"8","S  ",,1,,,"8",,"8"
"252210050","PU£TUSK                       ","2025","04","24","18",16.6,,,"8","W","W",,"8","NNW",,1,,,"8",,"8"
"252210050","PU£TUSK                       ","2025","04","25","06",9.4,,,"8","W","W",,"8","N  ",,1,,,"8",,"8"
"252210050","PU£TUSK                       ","2025","04","25","12",17.0,,,"8","W","W",,"8","N  ",,2,,,"8",,"8"
"252210050","PU£TUSK                       ","2025","04","25","18",11.0,,,"8","W","W",,"8","NNW",,1,,,"8",,"8"
"252210050","PU£TUSK                       ","2025","04","26","06",5.2,,,"8",,"W",,"8","NNE",,1,,,"8",,"8"
"252210050","PU£TUSK                       ","2025","04","26","12",12.3,,,"8","W","W",,"8","WSW",,1,,,"8",,"8"
"252210050","PU£TUSK                       ","2025","04","26","18",7.9,,,"8",,"W",,"8","C  ",,0,,,"8",,"8"
"252210050","PU£TUSK                       ","2025","04","27","06",4.7,,,"8",,"W",,"8","NE ",,1,,,"8",,"8"
"252210050","PU£TUSK                       ","2025","04","27","12",12.9,,,"8","W","W",,"8","WSW",,2,,,"8",,"8"
"252210050","PU£TUSK                       ","2025","04","27","18",10.5,,,"8","W","W",,"8","C  ",,0,,,"8",,"8"
"252210050","PU£TUSK                       ","2025","04","28","06",5.7,,,"8",,"W",,"8","C  ",,0,,,"8",,"8"
"252210050","PU£TUSK                       ","2025","04","28","12",17.5,,,"8","W","W",,"8","SW ",,2,,,"8",,"8"
"252210050","PU£TUSK                       ","2025","04","28","18",14.4,,,"8","W","W",,"8","SSE",,1,,,"8",,"8"
"252210050","PU£TUSK                       ","2025","04","29","06",11.3,,,"8","W","W",,"8","S  ",,3,,,"8",,"8"
"252210050","PU£TUSK                       ","2025","04","29","12",19.1,,,"8","W","W",,"8","SSW",,5,,,"8",,"8"
"252210050","PU£TUSK                       ","2025","04","29","18",16.1,,,"8","W","W",,"8","N  ",,1,,,"8",,"8"
"252210050","PU£TUSK                       ","2025","04","30","06",9.6,,,"8","W","W",,"8","S  ",,1,,,"8",,"8"
"252210050","PU£TUSK                       ","2025","04","30","12",19.8,,,"8","W","W",,"8","SSW",,4,,,"8",,"8"
"252210050","PU£TUSK                       ","2025","04","30","18",16.9,,,"8","W","W",,"8","S  ",,1,,,"8",,"8"
"252210170","WARSZAWA-OBSERWATORIUM II     ","2025","04","01","06",6.0,,,"8",,"W",,"8",,"8",,"8",,"8",,"8"
"252210170","WARSZAWA-OBSERWATORIUM II     ","2025","04","01","12",13.0,,,"8","W","W",,"8",,"8",,"8",,"8",,"8"
"252210170","WARSZAWA-OBSERWATORIUM II     ","2025","04","01","18",12.7,,,"8","W","W",,"8",,"8",,"8",,"8",,"8"
"252210170","WARSZAWA-OBSERWATORIUM II     ","2025","04","02","06",6.9,,,"8",,"W",,"8",,"8",,"8",,"8",,"8"
"252210170","WARSZAWA-OBSERWATORIUM II     ","2025","04","02","12",16.6,,,"8","W","W",,"8",,"8",,"8",,"8",,"8"
"252210170","WARSZAWA-OBSERWATORIUM II     ","2025","04","02","18",13.6,,,"8","W","W",,"8",,"8",,"8",,"8",,"8"
"252210170","WARSZAWA-OBSERWATORIUM II     ","2025","04","03","06",7.9,,,"8",,"W",,"8",,"8",,"8",,"8",,"8"
"252210170","WARSZAWA-OBSERWATORIUM II     ","2025","04","03","12",18.1,,,"8","W","W",,"8",,"8",,"8",,"8",,"8"
"252210170","WARSZAWA-OBSERWATORIUM II     ","2025","04","03","18",15.0,,,"8","W","W",,"8",,"8",,"8",,"8",,"8"
"252210170","WARSZAWA-OBSERWATORIUM II     ","2025","04","04","06",10.8,,,"8","W","W",,"8",,"8",,"8",,"8",,"8"
"252210170","WARSZAWA-OBSERWATORIUM II     ","2025","04","04","12",19.7,,,"8","W","W",,"8",,"8",,"8",,"8",,"8"
"252210170","WARSZAWA-OBSERWATORIUM II     ","2025","04","04","18",15.6,,,"8","W","W",,"8",,"8",,"8",,"8",,"8"
"252210170","WARSZAWA-OBSERWATORIUM II     ","2025","04","05","06",2.7,,,"8",,"W",,"8",,"8",,"8",,"8",,"8"
"252210170","WARSZAWA-OBSERWATORIUM II     ","2025","04","05","12",4.1,,,"8",,"W",,"8",,"8",,"8",,"8",,"8"
"252210170","WARSZAWA-OBSERWATORIUM II     ","2025","04","05","18",2.7,,,"8",,"W",,"8",,"8",,"8",,"8",,"8"
"252210170","WARSZAWA-OBSERWATORIUM II     ","2025","04","06","06",-0.4,,,"8",,"W",,"8",,"8",,"8",,"8",,"8"
"252210170","WARSZAWA-OBSERWATORIUM II     ","2025","04","06","12",4.0,,,"8",,"W",,"8",,"8",,"8",,"8",,"8"
"252210170","WARSZAWA-OBSERWATORIUM II     ","2025","04","06","18",2.3,,,"8",,"W",,"8",,"8",,"8",,"8",,"8"
"252210170","WARSZAWA-OBSERWATORIUM II     ","2025","04","07","06",0.2,,,"8",,"W",,"8",,"8",,"8",,"8",,"8"
"252210170","WARSZAWA-OBSERWATORIUM II     ","2025","04","07","12",8.1,,,"8","W","W",,"8",,"8",,"8",,"8",,"8"
"252210170","WARSZAWA-OBSERWATORIUM II     ","2025","04","07","18",6.0,,,"8",,"W",,"8",,"8",,"8",,"8",,"8"
"252210170","WARSZAWA-OBSERWATORIUM II     ","2025","04","08","06",3.2,,,"8",,"W",,"8",,"8",,"8",,"8",,"8"
"252210170","WARSZAWA-OBSERWATORIUM II     ","2025","04","08","12",9.3,,,"8","W","W",,"8",,"8",,"8",,"8",,"8"
"252210170","WARSZAWA-OBSERWATORIUM II     ","2025","04","08","18",6.2,,,"8",,"W",,"8",,"8",,"8",,"8",,"8"
"252210170","WARSZAWA-OBSERWATORIUM II     ","2025","04","09","06",0.5,,,"8",,"W",,"8",,"8",,"8",,"8",,"8"
"252210170","WARSZAWA-OBSERWATORIUM II     ","2025","04","09","12",6.9,,,"8",,"W",,"8",,"8",,"8",,"8",,"8"
"252210170","WARSZAWA-OBSERWATORIUM II     ","2025","04","09","18",7.4,,,"8",,"W",,"8",,"8",,"8",,"8",,"8"
"252210170","WARSZAWA-OBSERWATORIUM II     ","2025","04","10","06",0.7,,,"8",,"W",,"8",,"8",,"8",,"8",,"8"
"252210170","WARSZAWA-OBSERWATORIUM II     ","2025","04","10","12",3.8,,,"8",,"W",,"8",,"8",,"8",,"8",,"8"
"252210170","WARSZAWA-OBSERWATORIUM II     ","2025","04","10","18",3.9,,,"8",,"W",,"8",,"8",,"8",,"8",,"8"
"252210170","WARSZAWA-OBSERWATORIUM II     ","2025","04","11","06",5.9,,,"8",,"W",,"8",,"8",,"8",,"8",,"8"
"252210170","WARSZAWA-OBSERWATORIUM II     ","2025","04","11","12",7.3,,,"8",,"W",,"8",,"8",,"8",,"8",,"8"
"252210170","WARSZAWA-OBSERWATORIUM II     ","2025","04","11","18",8.3,,,"8","W","W",,"8",,"8",,"8",,"8",,"8"
"252210170","WARSZAWA-OBSERWATORIUM II     ","2025","04","12","06",5.1,,,"8",,"W",,"8",,"8",,"8",,"8",,"8"
"252210170","WARSZAWA-OBSERWATORIUM II     ","2025","04","12","12",14.3,,,"8","W","W",,"8",,"8",,"8",,"8",,"8"
"252210170","WARSZAWA-OBSERWATORIUM II     ","2025","04","12","18",11.5,,,"8","W","W",,"8",,"8",,"8",,"8",,"8"
"252210170","WARSZAWA-OBSERWATORIUM II     ","2025","04","13","06",7.6,,,"8",,"W",,"8",,"8",,"8",,"8",,"8"
"252210170","WARSZAWA-OBSERWATORIUM II     ","2025","04","13","12",20.4,,,"8","W","W",,"8",,"8",,"8",,"8",,"8"
"252210170","WARSZAWA-OBSERWATORIUM II     ","2025","04","13","18",16.0,,,"8","W","W",,"8",,"8",,"8",,"8",,"8"
"252210170","WARSZAWA-OBSERWATORIUM II     ","2025","04","14","06",14.6,,,"8","W","W",,"8",,"8",,"8",,"8",,"8"
"252210170","WARSZAWA-OBSERWATORIUM II     ","2025","04","14","12",22.6,,,"8","W","W",,"8",,"8",,"8",,"8",,"8"
"252210170","WARSZAWA-OBSERWATORIUM II     ","2025","04","14","18",18.3,,,"8","W","W",,"8",,"8",,"8",,"8",,"8"
"252210170","WARSZAWA-OBSERWATORIUM II     ","2025","04","15","06",13.0,,,"8","W","W",,"8",,"8",,"8",,"8",,"8"
"252210170","WARSZAWA-OBSERWATORIUM II     ","2025","04","15","12",19.6,,,"8","W","W",,"8",,"8",,"8",,"8",,"8"
"252210170","WARSZAWA-OBSERWATORIUM II     ","2025","04","15","18",13.0,,,"8","W","W",,"8",,"8",,"8",,"8",,"8"
"252210170","WARSZAWA-OBSERWATORIUM II     ","2025","04","16","06",12.3,,,"8","W","W",,"8",,"8",,"8",,"8",,"8"
"252210170","WARSZAWA-OBSERWATORIUM II     ","2025","04","16","12",21.4,,,"8","W","W",,"8",,"8",,"8",,"8",,"8"
"252210170","WARSZAWA-OBSERWATORIUM II     ","2025","04","16","18",18.7,,,"8","W","W",,"8",,"8",,"8",,"8",,"8"
"252210170","WARSZAWA-OBSERWATORIUM II     ","2025","04","17","06",15.4,,,"8","W","W",,"8",,"8",,"8",,"8",,"8"
"252210170","WARSZAWA-OBSERWATORIUM II     ","2025","04","17","12",27.2,,,"8","W","W",,"8",,"8",,"8",,"8",,"8"
"252210170","WARSZAWA-OBSERWATORIUM II     ","2025","04","17","18",20.9,,,"8","W","W",,"8",,"8",,"8",,"8",,"8"
"252210170","WARSZAWA-OBSERWATORIUM II     ","2025","04","18","06",17.8,,,"8","W","W",,"8",,"8",,"8",,"8",,"8"
"252210170","WARSZAWA-OBSERWATORIUM II     ","2025","04","18","12",25.4,,,"8","W","W",,"8",,"8",,"8",,"8",,"8"
"252210170","WARSZAWA-OBSERWATORIUM II     ","2025","04","18","18",18.4,,,"8","W","W",,"8",,"8",,"8",,"8",,"8"
"252210170","WARSZAWA-OBSERWATORIUM II     ","2025","04","19","06",12.7,,,"8","W","W",,"8",,"8",,"8",,"8",,"8"
"252210170","WARSZAWA-OBSERWATORIUM II     ","2025","04","19","12",18.8,,,"8","W","W",,"8",,"8",,"8",,"8",,"8"
"252210170","WARSZAWA-OBSERWATORIUM II     ","2025","04","19","18",15.7,,,"8","W","W",,"8",,"8",,"8",,"8",,"8"
"252210170","WARSZAWA-OBSERWATORIUM II     ","2025","04","20","06",14.7,,,"8","W","W",,"8",,"8",,"8",,"8",,"8"
"252210170","WARSZAWA-OBSERWATORIUM II     ","2025","04","20","12",22.6,,,"8","W","W",,"8",,"8",,"8",,"8",,"8"
"252210170","WARSZAWA-OBSERWATORIUM II     ","2025","04","20","18",17.6,,,"8","W","W",,"8",,"8",,"8",,"8",,"8"
"252210170","WARSZAWA-OBSERWATORIUM II     ","2025","04","21","06",13.6,,,"8","W","W",,"8",,"8",,"8",,"8",,"8"
"252210170","WARSZAWA-OBSERWATORIUM II     ","2025","04","21","12",23.4,,,"8","W","W",,"8",,"8",,"8",,"8",,"8"
"252210170","WARSZAWA-OBSERWATORIUM II     ","2025","04","21","18",19.7,,,"8","W","W",,"8",,"8",,"8",,"8",,"8"
"252210170","WARSZAWA-OBSERWATORIUM II     ","2025","04","22","06",14.8,,,"8","W","W",,"8",,"8",,"8",,"8",,"8"
"252210170","WARSZAWA-OBSERWATORIUM II     ","2025","04","22","12",18.7,,,"8","W","W",,"8",,"8",,"8",,"8",,"8"
"252210170","WARSZAWA-OBSERWATORIUM II     ","2025","04","22","18",16.7,,,"8","W","W",,"8",,"8",,"8",,"8",,"8"
"252210170","WARSZAWA-OBSERWATORIUM II     ","2025","04","23","06",12.8,,,"8","W","W",,"8",,"8",,"8",,"8",,"8"
"252210170","WARSZAWA-OBSERWATORIUM II     ","2025","04","23","12",21.4,,,"8","W","W",,"8",,"8",,"8",,"8",,"8"
"252210170","WARSZAWA-OBSERWATORIUM II     ","2025","04","23","18",16.8,,,"8","W","W",,"8",,"8",,"8",,"8",,"8"
"252210170","WARSZAWA-OBSERWATORIUM II     ","2025","04","24","06",14.3,,,"8","W","W",,"8",,"8",,"8",,"8",,"8"
"252210170","WARSZAWA-OBSERWATORIUM II     ","2025","04","24","12",21.4,,,"8","W","W",,"8",,"8",,"8",,"8",,"8"
"252210170","WARSZAWA-OBSERWATORIUM II     ","2025","04","24","18",17.5,,,"8","W","W",,"8",,"8",,"8",,"8",,"8"
"252210170","WARSZAWA-OBSERWATORIUM II     ","2025","04","25","06",8.9,,,"8","W","W",,"8",,"8",,"8",,"8",,"8"
"252210170","WARSZAWA-OBSERWATORIUM II     ","2025","04","25","12",15.0,,,"8","W","W",,"8",,"8",,"8",,"8",,"8"
"252210170","WARSZAWA-OBSERWATORIUM II     ","2025","04","25","18",12.4,,,"8","W","W",,"8",,"8",,"8",,"8",,"8"
"252210170","WARSZAWA-OBSERWATORIUM II     ","2025","04","26","06",4.9,,,"8",,"W",,"8",,"8",,"8",,"8",,"8"
"252210170","WARSZAWA-OBSERWATORIUM II     ","2025","04","26","12",12.4,,,"8","W","W",,"8",,"8",,"8",,"8",,"8"
"252210170","WARSZAWA-OBSERWATORIUM II     ","2025","04","26","18",8.9,,,"8","W","W",,"8",,"8",,"8",,"8",,"8"
"252210170","WARSZAWA-OBSERWATORIUM II     ","2025","04","27","06",4.5,,,"8",,"W",,"8",,"8",,"8",,"8",,"8"
"252210170","WARSZAWA-OBSERWATORIUM II     ","2025","04","27","12",13.2,,,"8","W","W",,"8",,"8",,"8",,"8",,"8"
"252210170","WARSZAWA-OBSERWATORIUM II     ","2025","04","27","18",9.5,,,"8","W","W",,"8",,"8",,"8",,"8",,"8"
"252210170","WARSZAWA-OBSERWATORIUM II     ","2025","04","28","06",7.0,,,"8",,"W",,"8",,"8",,"8",,"8",,"8"
"252210170","WARSZAWA-OBSERWATORIUM II     ","2025","04","28","12",17.6,,,"8","W","W",,"8",,"8",,"8",,"8",,"8"
"252210170","WARSZAWA-OBSERWATORIUM II     ","2025","04","28","18",14.0,,,"8","W","W",,"8",,"8",,"8",,"8",,"8"
"252210170","WARSZAWA-OBSERWATORIUM II     ","2025","04","29","06",12.5,,,"8","W","W",,"8",,"8",,"8",,"8",,"8"
"252210170","WARSZAWA-OBSERWATORIUM II     ","2025","04","29","12",18.9,,,"8","W","W",,"8",,"8",,"8",,"8",,"8"
"252210170","WARSZAWA-OBSERWATORIUM II     ","2025","04","29","18",17.7,,,"8","W","W",,"8",,"8",,"8",,"8",,"8"
"252210170","WARSZAWA-OBSERWATORIUM II     ","2025","04","30","06",11.2,,,"8","W","W",,"8",,"8",,"8",,"8",,"8"
"252210170","WARSZAWA-OBSERWATORIUM II     ","2025","04","30","12",19.7,,,"8","W","W",,"8",,"8",,"8",,"8",,"8"
"252210170","WARSZAWA-OBSERWATORIUM II     ","2025","04","30","18",17.2,,,"8","W","W",,"8",,"8",,"8",,"8",,"8"
"252220030","SZEPIETOWO                    ","2025","04","01","06",5.8,,,"8",,"U",,"8",,"8",,"8",8,,6,
"252220030","SZEPIETOWO                    ","2025","04","01","12",10.9,,,"8",,"U",,"8",,"8",,"8",6,,7,
"252220030","SZEPIETOWO                    ","2025","04","01","18",12.4,,,"8",,"U",,"8",,"8",,"8",8,,7,
"252220030","SZEPIETOWO                    ","2025","04","02","06",6.2,,,"8",,"U",,"8",,"8",,"8",1,,7,
"252220030","SZEPIETOWO                    ","2025","04","02","12",15.9,,,"8",,"U",,"8",,"8",,"8",1,,7,
"252220030","SZEPIETOWO                    ","2025","04","02","18",12.7,,,"8",,"U",,"8",,"8",,"8",3,,7,
"252220030","SZEPIETOWO                    ","2025","04","03","06",7.9,,,"8",,"U",,"8",,"8",,"8",2,,7,
"252220030","SZEPIETOWO                    ","2025","04","03","12",18.1,,,"8",,"U",,"8",,"8",,"8",2,,7,
"252220030","SZEPIETOWO                    ","2025","04","03","18",14.3,,,"8",,"U",,"8",,"8",,"8",2,,7,
"252220030","SZEPIETOWO                    ","2025","04","04","06",8.9,,,"8",,"U",,"8",,"8",,"8",2,,7,
"252220030","SZEPIETOWO                    ","2025","04","04","12",18.7,,,"8",,"U",,"8",,"8",,"8",3,,7,
"252220030","SZEPIETOWO                    ","2025","04","04","18",11.5,,,"8",,"U",,"8",,"8",,"8",3,,7,
"252220030","SZEPIETOWO                    ","2025","04","05","06",1.7,,,"8",,"U",,"8",,"8",,"8",8,,7,
"252220030","SZEPIETOWO                    ","2025","04","05","12",4.1,,,"8",,"U",,"8",,"8",,"8",4,,7,
"252220030","SZEPIETOWO                    ","2025","04","05","18",0.1,,,"8",,"U",,"8",,"8",,"8",8,,8,
"252220030","SZEPIETOWO                    ","2025","04","06","06",-2.8,,,"8",,"U",,"8",,"8",,"8",2,,7,
"252220030","SZEPIETOWO                    ","2025","04","06","12",2.1,,,"8",,"U",,"8",,"8",,"8",5,,7,
"252220030","SZEPIETOWO                    ","2025","04","06","18",0.8,,,"8",,"U",,"8",,"8",,"8",8,,7,
"252220030","SZEPIETOWO                    ","2025","04","07","06",-1.4,,,"8",,"U",,"8",,"8",,"8",2,,7,
"252220030","SZEPIETOWO                    ","2025","04","07","12",5.8,,,"8",,"U",,"8",,"8",,"8",5,,7,
"252220030","SZEPIETOWO                    ","2025","04","07","18",3.7,,,"8",,"U",,"8",,"8",,"8",8,,7,
"252220030","SZEPIETOWO                    ","2025","04","08","06",0.6,,,"8",,"U",,"8",,"8",,"8",3,,7,
"252220030","SZEPIETOWO                    ","2025","04","08","12",6.0,,,"8",,"U",,"8",,"8",,"8",6,,7,
"252220030","SZEPIETOWO                    ","2025","04","08","18",3.1,,,"8",,"U",,"8",,"8",,"8",5,,7,
"252220030","SZEPIETOWO                    ","2025","04","09","06",1.3,,,"8",,"U",,"8",,"8",,"8",4,,7,
"252220030","SZEPIETOWO                    ","2025","04","09","12",7.9,,,"8",,"U",,"8",,"8",,"8",5,,7,
"252220030","SZEPIETOWO                    ","2025","04","09","18",5.4,,,"8",,"U",,"8",,"8",,"8",8,,6,
"252220030","SZEPIETOWO                    ","2025","04","10","06",-0.8,,,"8",,"U",,"8",,"8",,"8",2,,7,
"252220030","SZEPIETOWO                    ","2025","04","10","12",3.7,,,"8",,"U",,"8",,"8",,"8",6,,7,
"252220030","SZEPIETOWO                    ","2025","04","10","18",1.7,,,"8",,"U",,"8",,"8",,"8",8,,7,
"252220030","SZEPIETOWO                    ","2025","04","11","06",0.0,,,"8",,"U",,"8",,"8",,"8",8,,5,
"252220030","SZEPIETOWO                    ","2025","04","11","12",4.6,,,"8",,"U",,"8",,"8",,"8",8,,4,
"252220030","SZEPIETOWO                    ","2025","04","11","18",6.8,,,"8",,"U",,"8",,"8",,"8",5,,7,
"252220030","SZEPIETOWO                    ","2025","04","12","06",1.0,,,"8",,"U",,"8",,"8",,"8",8,,7,
"252220030","SZEPIETOWO                    ","2025","04","12","12",11.7,,,"8",,"U",,"8",,"8",,"8",3,,7,
"252220030","SZEPIETOWO                    ","2025","04","12","18",10.7,,,"8",,"U",,"8",,"8",,"8",2,,7,
"252220030","SZEPIETOWO                    ","2025","04","13","06",6.0,,,"8",,"U",,"8",,"8",,"8",1,,7,
"252220030","SZEPIETOWO                    ","2025","04","13","12",17.7,,,"8",,"U",,"8",,"8",,"8",3,,7,
"252220030","SZEPIETOWO                    ","2025","04","13","18",14.5,,,"8",,"U",,"8",,"8",,"8",3,,7,
"252220030","SZEPIETOWO                    ","2025","04","14","06",11.5,,,"8",,"U",,"8",,"8",,"8",6,,7,
"252220030","SZEPIETOWO                    ","2025","04","14","12",20.2,,,"8",,"U",,"8",,"8",,"8",7,,7,
"252220030","SZEPIETOWO                    ","2025","04","14","18",15.7,,,"8",,"U",,"8",,"8",,"8",3,,7,
"252220030","SZEPIETOWO                    ","2025","04","15","06",11.1,,,"8",,"U",,"8",,"8",,"8",2,,7,
"252220030","SZEPIETOWO                    ","2025","04","15","12",18.7,,,"8",,"U",,"8",,"8",,"8",6,,7,
"252220030","SZEPIETOWO                    ","2025","04","15","18",15.7,,,"8",,"U",,"8",,"8",,"8",8,,7,
"252220030","SZEPIETOWO                    ","2025","04","16","06",9.9,,,"8",,"U",,"8",,"8",,"8",8,,6,
"252220030","SZEPIETOWO                    ","2025","04","16","12",16.3,,,"8",,"U",,"8",,"8",,"8",8,,7,
"252220030","SZEPIETOWO                    ","2025","04","16","18",16.7,,,"8",,"U",,"8",,"8",,"8",5,,7,
"252220030","SZEPIETOWO                    ","2025","04","17","06",14.9,,,"8",,"U",,"8",,"8",,"8",3,,6,
"252220030","SZEPIETOWO                    ","2025","04","17","12",25.0,,,"8",,"U",,"8",,"8",,"8",2,,7,
"252220030","SZEPIETOWO                    ","2025","04","17","18",21.8,,,"8",,"U",,"8",,"8",,"8",6,,7,
"252220030","SZEPIETOWO                    ","2025","04","18","06",14.9,,,"8",,"U",,"8",,"8",,"8",3,,7,
"252220030","SZEPIETOWO                    ","2025","04","18","12",25.4,,,"8",,"U",,"8",,"8",,"8",5,,7,
"252220030","SZEPIETOWO                    ","2025","04","18","18",19.3,,,"8",,"U",,"8",,"8",,"8",6,,7,
"252220030","SZEPIETOWO                    ","2025","04","19","06",14.1,,,"8",,"U",,"8",,"8",,"8",5,,7,
"252220030","SZEPIETOWO                    ","2025","04","19","12",18.9,,,"8",,"U",,"8",,"8",,"8",5,,7,
"252220030","SZEPIETOWO                    ","2025","04","19","18",16.1,,,"8",,"U",,"8",,"8",,"8",3,,7,
"252220030","SZEPIETOWO                    ","2025","04","20","06",12.7,,,"8",,"U",,"8",,"8",,"8",1,,7,
"252220030","SZEPIETOWO                    ","2025","04","20","12",21.5,,,"8",,"U",,"8",,"8",,"8",3,,7,
"252220030","SZEPIETOWO                    ","2025","04","20","18",15.3,,,"8",,"U",,"8",,"8",,"8",1,,7,
"252220030","SZEPIETOWO                    ","2025","04","21","06",12.9,,,"8",,"U",,"8",,"8",,"8",2,,7,
"252220030","SZEPIETOWO                    ","2025","04","21","12",23.2,,,"8",,"U",,"8",,"8",,"8",3,,7,
"252220030","SZEPIETOWO                    ","2025","04","21","18",19.7,,,"8",,"U",,"8",,"8",,"8",6,,7,
"252220030","SZEPIETOWO                    ","2025","04","22","06",16.9,,,"8",,"U",,"8",,"8",,"8",2,,7,
"252220030","SZEPIETOWO                    ","2025","04","22","12",25.0,,,"8",,"U",,"8",,"8",,"8",5,,7,
"252220030","SZEPIETOWO                    ","2025","04","22","18",17.1,,,"8",,"U",,"8",,"8",,"8",6,,7,
"252220030","SZEPIETOWO                    ","2025","04","23","06",10.9,,,"8",,"U",,"8",,"8",,"8",2,,6,
"252220030","SZEPIETOWO                    ","2025","04","23","12",17.9,,,"8",,"U",,"8",,"8",,"8",3,,7,
"252220030","SZEPIETOWO                    ","2025","04","23","18",16.9,,,"8",,"U",,"8",,"8",,"8",3,,7,
"252220030","SZEPIETOWO                    ","2025","04","24","06",12.3,,,"8",,"U",,"8",,"8",,"8",4,,7,
"252220030","SZEPIETOWO                    ","2025","04","24","12",20.2,,,"8",,"U",,"8",,"8",,"8",5,,7,
"252220030","SZEPIETOWO                    ","2025","04","24","18",17.1,,,"8",,"U",,"8",,"8",,"8",7,,7,
"252220030","SZEPIETOWO                    ","2025","04","25","06",8.5,,,"8",,"U",,"8",,"8",,"8",6,,7,
"252220030","SZEPIETOWO                    ","2025","04","25","12",13.7,,,"8",,"U",,"8",,"8",,"8",3,,7,
"252220030","SZEPIETOWO                    ","2025","04","25","18",10.1,,,"8",,"U",,"8",,"8",,"8",4,,7,
"252220030","SZEPIETOWO                    ","2025","04","26","06",5.2,,,"8",,"U",,"8",,"8",,"8",1,,7,
"252220030","SZEPIETOWO                    ","2025","04","26","12",10.1,,,"8",,"U",,"8",,"8",,"8",2,,7,
"252220030","SZEPIETOWO                    ","2025","04","26","18",7.9,,,"8",,"U",,"8",,"8",,"8",2,,7,
"252220030","SZEPIETOWO                    ","2025","04","27","06",3.9,,,"8",,"U",,"8",,"8",,"8",1,,7,
"252220030","SZEPIETOWO                    ","2025","04","27","12",10.5,,,"8",,"U",,"8",,"8",,"8",2,,7,
"252220030","SZEPIETOWO                    ","2025","04","27","18",9.1,,,"8",,"U",,"8",,"8",,"8",2,,7,
"252220030","SZEPIETOWO                    ","2025","04","28","06",6.8,,,"8",,"U",,"8",,"8",,"8",3,,7,
"252220030","SZEPIETOWO                    ","2025","04","28","12",16.1,,,"8",,"U",,"8",,"8",,"8",3,,7,
"252220030","SZEPIETOWO                    ","2025","04","28","18",13.1,,,"8",,"U",,"8",,"8",,"8",2,,7,
"252220030","SZEPIETOWO                    ","2025","04","29","06",10.5,,,"8",,"U",,"8",,"8",,"8",4,,7,
"252220030","SZEPIETOWO                    ","2025","04","29","12",18.2,,,"8",,"U",,"8",,"8",,"8",7,,7,
"252220030","SZEPIETOWO                    ","2025","04","29","18",13.9,,,"8",,"U",,"8",,"8",,"8",3,,7,
"252220030","SZEPIETOWO                    ","2025","04","30","06",6.2,,,"8",,"U",,"8",,"8",,"8",8,,3,
"252220030","SZEPIETOWO                    ","2025","04","30","12",17.9,,,"8",,"U",,"8",,"8",,"8",4,,7,
"252220030","SZEPIETOWO                    ","2025","04","30","18",16.9,,,"8",,"U",,"8",,"8",,"8",7,,7,
"253140060","GOLENIÓW                      ","2025","04","01","06",-0.1,,,"8",,,,"8","N  ",,1,,8,,2,
"253140060","GOLENIÓW                      ","2025","04","01","12",12.6,,,"8",,,,"8","N  ",,4,,4,,8,
"253140060","GOLENIÓW                      ","2025","04","01","18",7.1,,,"8",,,,"8","NNE",,2,,0,,8,
"253140060","GOLENIÓW                      ","2025","04","02","06",3.1,,,"8",,,,"8","N  ",,2,,8,,6,
"253140060","GOLENIÓW                      ","2025","04","02","12",14.1,,,"8",,,,"8","NE ",,4,,0,,8,
"253140060","GOLENIÓW                      ","2025","04","02","18",7.7,,,"8",,,,"8","NE ",,2,,0,,8,
"253140060","GOLENIÓW                      ","2025","04","03","06",4.9,,,"8",,,,"8","NE ",,1,,1,,8,
"253140060","GOLENIÓW                      ","2025","04","03","12",18.6,,,"8",,,,"8","NE ",,2,,2,,8,
"253140060","GOLENIÓW                      ","2025","04","03","18",13.2,,,"8",,,,"8","NNE",,3,,0,,8,
"253140060","GOLENIÓW                      ","2025","04","04","06",3.7,,,"8",,,,"8","N  ",,1,,0,,8,
"253140060","GOLENIÓW                      ","2025","04","04","12",18.8,,,"8",,,,"8","W  ",,3,,2,,8,
"253140060","GOLENIÓW                      ","2025","04","04","18",13.1,,,"8",,,,"8","N  ",,2,,6,,8,
"253140060","GOLENIÓW                      ","2025","04","05","06",2.1,,,"8",,,,"8","NW ",,1,,4,,8,
"253140060","GOLENIÓW                      ","2025","04","05","12",6.7,,,"8",,,,"8","NE ",,5,,4,,8,
"253140060","GOLENIÓW                      ","2025","04","05","18",2.7,,,"8",,,,"8","NE ",,3,,1,,8,
"253140060","GOLENIÓW                      ","2025","04","06","06",2.8,,,"8",,,,"8","NNE",,4,,6,,8,
"253140060","GOLENIÓW                      ","2025","04","06","12",6.8,,,"8",,,,"8","NE ",,5,,4,,8,
"253140060","GOLENIÓW                      ","2025","04","06","18",5.3,,,"8",,,,"8","NNW",,1,,8,,8,
"253140060","GOLENIÓW                      ","2025","04","07","06",5.6,,,"8",,,,"8","NW ",,2,,7,,8,
"253140060","GOLENIÓW                      ","2025","04","07","12",10.4,,,"8",,,,"8","NW ",,6,,6,,8,
"253140060","GOLENIÓW                      ","2025","04","07","18",5.9,,,"8",,,,"8","NNE",,1,,1,,8,
"253140060","GOLENIÓW                      ","2025","04","08","06",3.9,,,"8",,,,"8","ENE",,2,,2,,8,
"253140060","GOLENIÓW                      ","2025","04","08","12",11.2,,,"8",,,,"8","N  ",,4,,4,,8,
"253140060","GOLENIÓW                      ","2025","04","08","18",6.8,,,"8",,,,"8","NE ",,1,,2,,8,
"253140060","GOLENIÓW                      ","2025","04","09","06",3.8,,,"8",,,,"8","W  ",,1,,7,,8,
"253140060","GOLENIÓW                      ","2025","04","09","12",13.2,,,"8",,,,"8","NW ",,5,,6,,8,
"253140060","GOLENIÓW                      ","2025","04","09","18",9.9,,,"8",,,,"8","NNW",,5,,7,,8,
"253140060","GOLENIÓW                      ","2025","04","10","06",1.8,,,"8",,,,"8","SE ",,1,,1,,8,
"253140060","GOLENIÓW                      ","2025","04","10","12",10.6,,,"8",,,,"8","NW ",,7,,4,,8,
"253140060","GOLENIÓW                      ","2025","04","10","18",10.2,,,"8",,,,"8","W  ",,2,,4,,8,
"253140060","GOLENIÓW                      ","2025","04","11","06",8.2,,,"8",,,,"8","NW ",,7,,7,,8,
"253140060","GOLENIÓW                      ","2025","04","11","12",9.4,,,"8",,,,"8","NW ",,6,,7,,8,
"253140060","GOLENIÓW                      ","2025","04","11","18",10.1,,,"8",,,,"8","W  ",,2,,7,,8,
"253140060","GOLENIÓW                      ","2025","04","12","06",9.1,,,"8",,,,"8","WSW",,2,,8,,7,
"253140060","GOLENIÓW                      ","2025","04","12","12",14.8,,,"8",,,,"8","WSW",,4,,3,,8,
"253140060","GOLENIÓW                      ","2025","04","12","18",13.1,,,"8",,,,"8","NNE",,1,,3,,8,
"253140060","GOLENIÓW                      ","2025","04","13","06",3.0,,,"8",,,,"8","SE ",,4,,0,,7,
"253140060","GOLENIÓW                      ","2025","04","13","12",21.4,,,"8",,,,"8","S  ",,7,,1,,8,
"253140060","GOLENIÓW                      ","2025","04","13","18",18.9,,,"8",,,,"8","W  ",,3,,7,,8,
"253140060","GOLENIÓW                      ","2025","04","14","06",12.2,,,"8",,,,"8","SE ",,2,,7,,8,
"253140060","GOLENIÓW                      ","2025","04","14","12",19.7,,,"8",,,,"8","WSW",,5,,7,,8,
"253140060","GOLENIÓW                      ","2025","04","14","18",15.5,,,"8",,,,"8","NNE",,2,,2,,8,
"253140060","GOLENIÓW                      ","2025","04","15","06",14.1,,,"8",,,,"8","E  ",,2,,4,,8,
"253140060","GOLENIÓW                      ","2025","04","15","12",24.2,,,"8",,,,"8","SSE",,10,,5,,8,
"253140060","GOLENIÓW                      ","2025","04","15","18",18.5,,,"8",,,,"8","SSE",,6,,7,,8,
"253140060","GOLENIÓW                      ","2025","04","16","06",14.7,,,"8",,,,"8","SSE",,3,,3,,8,
"253140060","GOLENIÓW                      ","2025","04","16","12",22.4,,,"8",,,,"8","W  ",,3,,3,,8,
"253140060","GOLENIÓW                      ","2025","04","16","18",19.8,,,"8",,,,"8","NE ",,1,,3,,8,
"253140060","GOLENIÓW                      ","2025","04","17","06",17.9,,,"8",,,,"8","SE ",,4,,1,,8,
"253140060","GOLENIÓW                      ","2025","04","17","12",25.7,,,"8",,,,"8","S  ",,7,,2,,8,
"253140060","GOLENIÓW                      ","2025","04","17","18",22.6,,,"8",,,,"8","E  ",,1,,7,,8,
"253140060","GOLENIÓW                      ","2025","04","18","06",18.8,,,"8",,,,"8","S  ",,4,,7,,8,
"253140060","GOLENIÓW                      ","2025","04","18","12",15.1,,,"8",,,,"8","WSW",,3,,7,,7,
"253140060","GOLENIÓW                      ","2025","04","18","18",13.7,,,"8",,,,"8","W  ",,4,,8,,7,
"253140060","GOLENIÓW                      ","2025","04","19","06",9.4,,,"8",,,,"8","W  ",,2,,8,,5,
"253140060","GOLENIÓW                      ","2025","04","19","12",10.3,,,"8",,,,"8","SSW",,4,,7,,8,
"253140060","GOLENIÓW                      ","2025","04","19","18",8.4,,,"8",,,,"8","S  ",,3,,7,,7,
"253140060","GOLENIÓW                      ","2025","04","20","06",8.9,,,"8",,,,"8","S  ",,2,,1,,8,
"253140060","GOLENIÓW                      ","2025","04","20","12",17.5,,,"8",,,,"8","WSW",,3,,3,,8,
"253140060","GOLENIÓW                      ","2025","04","20","18",14.9,,,"8",,,,"8","E  ",,1,,3,,8,
"253140060","GOLENIÓW                      ","2025","04","21","06",8.3,,,"8",,,,"8","SE ",,1,,7,,8,
"253140060","GOLENIÓW                      ","2025","04","21","12",18.3,,,"8",,,,"8","WSW",,3,,7,,8,
"253140060","GOLENIÓW                      ","2025","04","21","18",14.3,,,"8",,,,"8","SE ",,2,,7,,8,
"253140060","GOLENIÓW                      ","2025","04","22","06",8.7,,,"8",,,,"8","ESE",,1,,3,,7,
"253140060","GOLENIÓW                      ","2025","04","22","12",17.9,,,"8",,,,"8","WNW",,3,,7,,8,
"253140060","GOLENIÓW                      ","2025","04","22","18",14.0,,,"8",,,,"8","SE ",,2,,5,,8,
"253140060","GOLENIÓW                      ","2025","04","23","06",10.2,,,"8",,,,"8","N  ",,1,,4,,7,
"253140060","GOLENIÓW                      ","2025","04","23","12",17.4,,,"8",,,,"8","SE ",,2,,7,,8,
"253140060","GOLENIÓW                      ","2025","04","23","18",13.8,,,"8",,,,"8","NNE",,3,,7,,8,
"253140060","GOLENIÓW                      ","2025","04","24","06",8.3,,,"8",,,,"8","NNE",,1,,3,,7,
"253140060","GOLENIÓW                      ","2025","04","24","12",16.4,,,"8",,,,"8","ENE",,2,,4,,8,
"253140060","GOLENIÓW                      ","2025","04","24","18",11.5,,,"8",,,,"8","N  ",,3,,3,,8,
"253140060","GOLENIÓW                      ","2025","04","25","06",6.4,,,"8",,,,"8","NE ",,3,,4,,8,
"253140060","GOLENIÓW                      ","2025","04","25","12",14.7,,,"8",,,,"8","NNE",,3,,2,,8,
"253140060","GOLENIÓW                      ","2025","04","25","18",10.1,,,"8",,,,"8","NE ",,4,,2,,8,
"253140060","GOLENIÓW                      ","2025","04","26","06",5.9,,,"8",,,,"8","E  ",,2,,0,,8,
"253140060","GOLENIÓW                      ","2025","04","26","12",13.3,,,"8",,,,"8","NE ",,4,,2,,8,
"253140060","GOLENIÓW                      ","2025","04","26","18",9.7,,,"8",,,,"8","NE ",,3,,0,,8,
"253140060","GOLENIÓW                      ","2025","04","27","06",6.7,,,"8",,,,"8","SE ",,6,,0,,8,
"253140060","GOLENIÓW                      ","2025","04","27","12",15.5,,,"8",,,,"8","E  ",,4,,0,,8,
"253140060","GOLENIÓW                      ","2025","04","27","18",13.7,,,"8",,,,"8","SSE",,2,,0,,8,
"253140060","GOLENIÓW                      ","2025","04","28","06",9.1,,,"8",,,,"8","SSE",,3,,0,,8,
"253140060","GOLENIÓW                      ","2025","04","28","12",18.7,,,"8",,,,"8","NW ",,3,,0,,8,
"253140060","GOLENIÓW                      ","2025","04","28","18",14.7,,,"8",,,,"8","WSW",,1,,3,,8,
"253140060","GOLENIÓW                      ","2025","04","29","06",11.7,,,"8",,,,"8","WNW",,4,,5,,8,
"253140060","GOLENIÓW                      ","2025","04","29","12",18.9,,,"8",,,,"8","WNW",,6,,5,,8,
"253140060","GOLENIÓW                      ","2025","04","29","18",15.3,,,"8",,,,"8","NW ",,3,,0,,8,
"253140060","GOLENIÓW                      ","2025","04","30","06",11.2,,,"8",,,,"8","WSW",,2,,5,,7,
"253140060","GOLENIÓW                      ","2025","04","30","12",19.5,,,"8",,,,"8","NW ",,4,,7,,8,
"253140060","GOLENIÓW                      ","2025","04","30","18",17.1,,,"8",,,,"8","N  ",,4,,3,,8,
"253170210","CHRZ¥STOWO                    ","2025","04","01","06",2.0,,,"8",,,,"8",,"8",,"8",6,,4,
"253170210","CHRZ¥STOWO                    ","2025","04","01","12",13.4,,,"8",,,,"8",,"8",,"8",2,,7,
"253170210","CHRZ¥STOWO                    ","2025","04","01","18",9.8,,,"8",,,,"8",,"8",,"8",3,,7,
"253170210","CHRZ¥STOWO                    ","2025","04","02","06",4.1,,,"8",,,,"8",,"8",,"8",0,,6,
"253170210","CHRZ¥STOWO                    ","2025","04","02","12",15.9,,,"8",,,,"8",,"8",,"8",0,,7,
"253170210","CHRZ¥STOWO                    ","2025","04","02","18",9.8,,,"8",,,,"8",,"8",,"8",1,,8,
"253170210","CHRZ¥STOWO                    ","2025","04","03","06",6.8,,,"8",,,,"8",,"8",,"8",1,,7,
"253170210","CHRZ¥STOWO                    ","2025","04","03","12",18.3,,,"8",,,,"8",,"8",,"8",0,,8,
"253170210","CHRZ¥STOWO                    ","2025","04","03","18",13.0,,,"8",,,,"8",,"8",,"8",0,,8,
"253170210","CHRZ¥STOWO                    ","2025","04","04","06",7.2,,,"8",,,,"8",,"8",,"8",0,,7,
"253170210","CHRZ¥STOWO                    ","2025","04","04","12",18.9,,,"8",,,,"8",,"8",,"8",2,,8,
"253170210","CHRZ¥STOWO                    ","2025","04","04","18",12.6,,,"8",,,,"8",,"8",,"8",6,,8,
"253170210","CHRZ¥STOWO                    ","2025","04","05","06",2.0,,,"8",,,,"8",,"8",,"8",3,,8,
"253170210","CHRZ¥STOWO                    ","2025","04","05","12",7.5,,,"8",,,,"8",,"8",,"8",4,,7,
"253170210","CHRZ¥STOWO                    ","2025","04","05","18",1.2,,,"8",,,,"8",,"8",,"8",4,,7,
"253170210","CHRZ¥STOWO                    ","2025","04","06","06",-0.2,,,"8",,,,"8",,"8",,"8",4,,8,
"253170210","CHRZ¥STOWO                    ","2025","04","06","12",3.5,,,"8",,,,"8",,"8",,"8",5,,8,
"253170210","CHRZ¥STOWO                    ","2025","04","06","18",3.7,,,"8",,,,"8",,"8",,"8",6,,8,
"253170210","CHRZ¥STOWO                    ","2025","04","07","06",3.1,,,"8",,,,"8",,"8",,"8",7,,7,
"253170210","CHRZ¥STOWO                    ","2025","04","07","12",8.1,,,"8",,,,"8",,"8",,"8",8,,8,
"253170210","CHRZ¥STOWO                    ","2025","04","07","18",7.1,,,"8",,,,"8",,"8",,"8",6,,8,
"253170210","CHRZ¥STOWO                    ","2025","04","08","06",1.9,,,"8",,,,"8",,"8",,"8",0,,7,
"253170210","CHRZ¥STOWO                    ","2025","04","08","12",9.1,,,"8",,,,"8",,"8",,"8",3,,7,
"253170210","CHRZ¥STOWO                    ","2025","04","08","18",5.3,,,"8",,,,"8",,"8",,"8",3,,7,
"253170210","CHRZ¥STOWO                    ","2025","04","09","06",0.4,,,"8",,,,"8",,"8",,"8",8,,7,
"253170210","CHRZ¥STOWO                    ","2025","04","09","12",7.3,,,"8",,,,"8",,"8",,"8",8,,7,
"253170210","CHRZ¥STOWO                    ","2025","04","09","18",5.4,,,"8",,,,"8",,"8",,"8",6,,7,
"253170210","CHRZ¥STOWO                    ","2025","04","10","06",1.8,,,"8",,,,"8",,"8",,"8",5,,7,
"253170210","CHRZ¥STOWO                    ","2025","04","10","12",7.7,,,"8",,,,"8",,"8",,"8",5,,7,
"253170210","CHRZ¥STOWO                    ","2025","04","10","18",7.5,,,"8",,,,"8",,"8",,"8",5,,7,
"253170210","CHRZ¥STOWO                    ","2025","04","11","06",7.1,,,"8",,,,"8",,"8",,"8",8,,7,
"253170210","CHRZ¥STOWO                    ","2025","04","11","12",8.9,,,"8",,,,"8",,"8",,"8",8,,7,
"253170210","CHRZ¥STOWO                    ","2025","04","11","18",7.6,,,"8",,,,"8",,"8",,"8",4,,7,
"253170210","CHRZ¥STOWO                    ","2025","04","12","06",5.3,,,"8",,,,"8",,"8",,"8",4,,5,
"253170210","CHRZ¥STOWO                    ","2025","04","12","12",14.0,,,"8",,,,"8",,"8",,"8",6,,7,
"253170210","CHRZ¥STOWO                    ","2025","04","12","18",11.8,,,"8",,,,"8",,"8",,"8",2,,7,
"253170210","CHRZ¥STOWO                    ","2025","04","13","06",7.1,,,"8",,,,"8",,"8",,"8",3,,5,
"253170210","CHRZ¥STOWO                    ","2025","04","13","12",18.5,,,"8",,,,"8",,"8",,"8",6,,7,
"253170210","CHRZ¥STOWO                    ","2025","04","13","18",16.3,,,"8",,,,"8",,"8",,"8",5,,7,
"253170210","CHRZ¥STOWO                    ","2025","04","14","06",11.9,,,"8",,,,"8",,"8",,"8",7,,7,
"253170210","CHRZ¥STOWO                    ","2025","04","14","12",20.6,,,"8",,,,"8",,"8",,"8",6,,7,
"253170210","CHRZ¥STOWO                    ","2025","04","14","18",16.0,,,"8",,,,"8",,"8",,"8",5,,7,
"253170210","CHRZ¥STOWO                    ","2025","04","15","06",11.4,,,"8",,,,"8",,"8",,"8",3,,5,
"253170210","CHRZ¥STOWO                    ","2025","04","15","12",20.3,,,"8",,,,"8",,"8",,"8",4,,7,
"253170210","CHRZ¥STOWO                    ","2025","04","15","18",15.2,,,"8",,,,"8",,"8",,"8",8,,7,
"253170210","CHRZ¥STOWO                    ","2025","04","16","06",13.0,,,"8",,,,"8",,"8",,"8",8,,6,
"253170210","CHRZ¥STOWO                    ","2025","04","16","12",21.4,,,"8",,,,"8",,"8",,"8",4,,7,
"253170210","CHRZ¥STOWO                    ","2025","04","16","18",19.8,,,"8",,,,"8",,"8",,"8",3,,7,
"253170210","CHRZ¥STOWO                    ","2025","04","17","06",15.0,,,"8",,,,"8",,"8",,"8",5,,6,
"253170210","CHRZ¥STOWO                    ","2025","04","17","12",26.7,,,"8",,,,"8",,"8",,"8",2,,7,
"253170210","CHRZ¥STOWO                    ","2025","04","17","18",20.8,,,"8",,,,"8",,"8",,"8",7,,7,
"253170210","CHRZ¥STOWO                    ","2025","04","18","06",19.0,,,"8",,,,"8",,"8",,"8",6,,7,
"253170210","CHRZ¥STOWO                    ","2025","04","18","12",22.6,,,"8",,,,"8",,"8",,"8",6,,8,
"253170210","CHRZ¥STOWO                    ","2025","04","18","18",20.4,,,"8",,,,"8",,"8",,"8",7,,8,
"253170210","CHRZ¥STOWO                    ","2025","04","19","06",11.0,,,"8",,,,"8",,"8",,"8",8,,6,
"253170210","CHRZ¥STOWO                    ","2025","04","19","12",12.2,,,"8",,,,"8",,"8",,"8",8,,7,
"253170210","CHRZ¥STOWO                    ","2025","04","19","18",11.0,,,"8",,,,"8",,"8",,"8",8,,7,
"253170210","CHRZ¥STOWO                    ","2025","04","20","06",12.4,,,"8",,,,"8",,"8",,"8",5,,7,
"253170210","CHRZ¥STOWO                    ","2025","04","20","12",19.3,,,"8",,,,"8",,"8",,"8",3,,8,
"253170210","CHRZ¥STOWO                    ","2025","04","20","18",18.3,,,"8",,,,"8",,"8",,"8",6,,7,
"253170210","CHRZ¥STOWO                    ","2025","04","21","06",10.8,,,"8",,,,"8",,"8",,"8",3,,7,
"253170210","CHRZ¥STOWO                    ","2025","04","21","12",19.2,,,"8",,,,"8",,"8",,"8",6,,8,
"253170210","CHRZ¥STOWO                    ","2025","04","21","18",16.1,,,"8",,,,"8",,"8",,"8",5,,7,
"253170210","CHRZ¥STOWO                    ","2025","04","22","06",11.0,,,"8",,,,"8",,"8",,"8",7,,6,
"253170210","CHRZ¥STOWO                    ","2025","04","22","12",16.9,,,"8",,,,"8",,"8",,"8",4,,7,
"253170210","CHRZ¥STOWO                    ","2025","04","22","18",14.9,,,"8",,,,"8",,"8",,"8",5,,7,
"253170210","CHRZ¥STOWO                    ","2025","04","23","06",10.5,,,"8",,,,"8",,"8",,"8",3,,5,
"253170210","CHRZ¥STOWO                    ","2025","04","23","12",16.8,,,"8",,,,"8",,"8",,"8",5,,7,
"253170210","CHRZ¥STOWO                    ","2025","04","23","18",15.1,,,"8",,,,"8",,"8",,"8",5,,7,
"253170210","CHRZ¥STOWO                    ","2025","04","24","06",8.9,,,"8",,,,"8",,"8",,"8",8,,4,
"253170210","CHRZ¥STOWO                    ","2025","04","24","12",15.7,,,"8",,,,"8",,"8",,"8",5,,7,
"253170210","CHRZ¥STOWO                    ","2025","04","24","18",11.8,,,"8",,,,"8",,"8",,"8",8,,7,
"253170210","CHRZ¥STOWO                    ","2025","04","25","06",4.9,,,"8",,,,"8",,"8",,"8",3,,7,
"253170210","CHRZ¥STOWO                    ","2025","04","25","12",14.0,,,"8",,,,"8",,"8",,"8",2,,8,
"253170210","CHRZ¥STOWO                    ","2025","04","25","18",9.3,,,"8",,,,"8",,"8",,"8",2,,8,
"253170210","CHRZ¥STOWO                    ","2025","04","26","06",3.7,,,"8",,,,"8",,"8",,"8",1,,8,
"253170210","CHRZ¥STOWO                    ","2025","04","26","12",10.5,,,"8",,,,"8",,"8",,"8",0,,8,
"253170210","CHRZ¥STOWO                    ","2025","04","26","18",7.8,,,"8",,,,"8",,"8",,"8",1,,8,
"253170210","CHRZ¥STOWO                    ","2025","04","27","06",4.7,,,"8",,,,"8",,"8",,"8",1,,7,
"253170210","CHRZ¥STOWO                    ","2025","04","27","12",11.8,,,"8",,,,"8",,"8",,"8",0,,8,
"253170210","CHRZ¥STOWO                    ","2025","04","27","18",10.8,,,"8",,,,"8",,"8",,"8",1,,7,
"253170210","CHRZ¥STOWO                    ","2025","04","28","06",6.7,,,"8",,,,"8",,"8",,"8",0,,7,
"253170210","CHRZ¥STOWO                    ","2025","04","28","12",16.5,,,"8",,,,"8",,"8",,"8",0,,8,
"253170210","CHRZ¥STOWO                    ","2025","04","28","18",15.1,,,"8",,,,"8",,"8",,"8",3,,7,
"253170210","CHRZ¥STOWO                    ","2025","04","29","06",8.9,,,"8",,,,"8",,"8",,"8",6,,7,
"253170210","CHRZ¥STOWO                    ","2025","04","29","12",19.8,,,"8",,,,"8",,"8",,"8",4,,8,
"253170210","CHRZ¥STOWO                    ","2025","04","29","18",14.2,,,"8",,,,"8",,"8",,"8",3,,8,
"253170210","CHRZ¥STOWO                    ","2025","04","30","06",9.2,,,"8",,,,"8",,"8",,"8",5,,7,
"253170210","CHRZ¥STOWO                    ","2025","04","30","12",20.2,,,"8",,,,"8",,"8",,"8",3,,8,
"253170210","CHRZ¥STOWO                    ","2025","04","30","18",16.0,,,"8",,,,"8",,"8",,"8",2,,8,
"253220330","MARIANOWO II                  ","2025","04","01","06",4.7,,4.6,,"W","W",99,,"N  ",,5,,8,,6,
"253220330","MARIANOWO II                  ","2025","04","01","12",10.7,,8.8,,"W","W",78,,"NNW",,4,,,"8",,"8"
"253220330","MARIANOWO II                  ","2025","04","01","18",10.0,,8.0,,"W","W",76,,"NNW",,4,,,"8",,"8"
"253220330","MARIANOWO II                  ","2025","04","02","06",6.7,,4.9,,"W","W",76,,"N  ",,7,,0,,8,
"253220330","MARIANOWO II                  ","2025","04","02","12",15.4,,7.8,,"W","W",31,,"NNE",,8,,,"8",,"8"
"253220330","MARIANOWO II                  ","2025","04","02","18",11.6,,6.6,,"W","W",46,,"NNE",,5,,,"8",,"8"
"253220330","MARIANOWO II                  ","2025","04","03","06",8.7,,6.8,,"W","W",76,,"NNE",,4,,0,,8,
"253220330","MARIANOWO II                  ","2025","04","03","12",17.9,,11.3,,"W","W",43,,"N  ",,4,,,"8",,"8"
"253220330","MARIANOWO II                  ","2025","04","03","18",14.2,,9.9,,"W","W",57,,"NNW",,2,,,"8",,"8"
"253220330","MARIANOWO II                  ","2025","04","04","06",6.2,,4.9,,"W","W",82,,"W  ",,1,,0,,8,
"253220330","MARIANOWO II                  ","2025","04","04","12",18.0,,10.8,,"W","W",39,,"NW ",,6,,,"8",,"8"
"253220330","MARIANOWO II                  ","2025","04","04","18",10.9,,6.8,,"W","W",54,,"N  ",,4,,,"8",,"8"
"253220330","MARIANOWO II                  ","2025","04","05","06",2.4,,1.0,,"W","W",77,,"NNW",,6,,6,,8,
"253220330","MARIANOWO II                  ","2025","04","05","12",4.1,,1.8,,"W","W",66,,"NNW",,8,,,"8",,"8"
"253220330","MARIANOWO II                  ","2025","04","05","18",-0.2,,-0.8,,"W","W",89,,"NNW",,8,,,"8",,"8"
"253220330","MARIANOWO II                  ","2025","04","06","06",-2.3,,-3.1,,"L","W",82,,"N  ",,7,,0,,8,
"253220330","MARIANOWO II                  ","2025","04","06","12",1.9,,-2.4,,"L","W",35,,"N  ",,8,,,"8",,"8"
"253220330","MARIANOWO II                  ","2025","04","06","18",0.1,,-3.2,,"L","W",44,,"N  ",,3,,,"8",,"8"
"253220330","MARIANOWO II                  ","2025","04","07","06",-1.3,,-2.0,,"L","W",86,,"NW ",,3,,0,,8,
"253220330","MARIANOWO II                  ","2025","04","07","12",6.0,,1.2,,"W","W",36,,"NNW",,6,,,"8",,"8"
"253220330","MARIANOWO II                  ","2025","04","07","18",4.3,,2.4,,"W","W",72,,"NNW",,3,,,"8",,"8"
"253220330","MARIANOWO II                  ","2025","04","08","06",1.6,,1.2,,"W","W",93,,"NNW",,4,,0,,8,
"253220330","MARIANOWO II                  ","2025","04","08","12",6.8,,1.6,,"W","W",34,,"NNW",,6,,,"8",,"8"
"253220330","MARIANOWO II                  ","2025","04","08","18",4.2,,0.6,,"W","W",48,,"NNW",,4,,,"8",,"8"
"253220330","MARIANOWO II                  ","2025","04","09","06",1.1,,0.0,,"L","W",82,,"WNW",,4,,6,,7,
"253220330","MARIANOWO II                  ","2025","04","09","12",8.5,,3.9,,"W","W",45,,"W  ",,4,,,"8",,"8"
"253220330","MARIANOWO II                  ","2025","04","09","18",4.8,,4.1,,"W","W",90,,"WNW",,5,,,"8",,"8"
"253220330","MARIANOWO II                  ","2025","04","10","06",-0.1,,-1.6,,"L","W",73,,"NW ",,4,,0,,8,
"253220330","MARIANOWO II                  ","2025","04","10","12",3.8,,0.6,,"W","W",53,,"NNW",,8,,,"8",,"8"
"253220330","MARIANOWO II                  ","2025","04","10","18",1.5,,-0.7,,"W","W",63,,"WNW",,3,,,"8",,"8"
"253220330","MARIANOWO II                  ","2025","04","11","06",0.9,,0.4,,"W","W",91,,"SW ",,2,,8,,5,
"253220330","MARIANOWO II                  ","2025","04","11","12",6.5,,5.9,,"W","W",92,,"WNW",,3,,,"8",,"8"
"253220330","MARIANOWO II                  ","2025","04","11","18",7.1,,3.8,,"W","W",57,,"NNW",,6,,,"8",,"8"
"253220330","MARIANOWO II                  ","2025","04","12","06",0.3,,-0.3,,"W","W",89,,"C  ",,0,,1,,8,
"253220330","MARIANOWO II                  ","2025","04","12","12",12.4,,7.7,,"W","W",51,,"SW ",,4,,,"8",,"8"
"253220330","MARIANOWO II                  ","2025","04","12","18",10.6,,7.4,,"W","W",63,,"SW ",,1,,,"8",,"8"
"253220330","MARIANOWO II                  ","2025","04","13","06",7.5,,6.0,,"W","W",80,,"S  ",,3,,0,,8,
"253220330","MARIANOWO II                  ","2025","04","13","12",17.4,,11.3,,"W","W",46,,"SSE",,4,,,"8",,"8"
"253220330","MARIANOWO II                  ","2025","04","13","18",15.3,,10.5,,"W","W",54,,"SE ",,2,,,"8",,"8"
"253220330","MARIANOWO II                  ","2025","04","14","06",11.8,,9.6,,"W","W",75,,"SSE",,3,,8,,7,
"253220330","MARIANOWO II                  ","2025","04","14","12",19.1,,12.8,,"W","W",47,,"SE ",,2,,,"8",,"8"
"253220330","MARIANOWO II                  ","2025","04","14","18",17.2,,12.8,,"W","W",60,,"SE ",,2,,,"8",,"8"
"253220330","MARIANOWO II                  ","2025","04","15","06",12.1,,12.0,,"W","W",99,,"SE ",,3,,0,,7,
"253220330","MARIANOWO II                  ","2025","04","15","12",18.6,,12.9,,"W","W",51,,"SE ",,5,,,"8",,"8"
"253220330","MARIANOWO II                  ","2025","04","15","18",17.0,,11.4,,"W","W",50,,"SE ",,3,,,"8",,"8"
"253220330","MARIANOWO II                  ","2025","04","16","06",10.3,,9.6,,"W","W",92,,"SE ",,3,,8,,6,
"253220330","MARIANOWO II                  ","2025","04","16","12",17.1,,14.2,,"W","W",73,,"SSE",,5,,,"8",,"8"
"253220330","MARIANOWO II                  ","2025","04","16","18",17.3,,14.7,,"W","W",76,,"SE ",,1,,,"8",,"8"
"253220330","MARIANOWO II                  ","2025","04","17","06",14.8,,12.8,,"W","W",80,,"SE ",,3,,1,,7,
"253220330","MARIANOWO II                  ","2025","04","17","12",24.6,,16.9,,"W","W",45,,"SSE",,3,,,"8",,"8"
"253220330","MARIANOWO II                  ","2025","04","17","18",21.6,,14.8,,"W","W",47,,"SE ",,2,,,"8",,"8"
"253220330","MARIANOWO II                  ","2025","04","18","06",16.3,,13.6,,"W","W",74,,"ESE",,3,,2,,7,
"253220330","MARIANOWO II                  ","2025","04","18","12",25.8,,17.8,,"W","W",45,,"WSW",,1,,,"8",,"8"
"253220330","MARIANOWO II                  ","2025","04","18","18",22.7,,16.7,,"W","W",54,,"SSE",,1,,,"8",,"8"
"253220330","MARIANOWO II                  ","2025","04","19","06",14.0,,13.3,,"W","W",93,,"SSW",,3,,7,,8,
"253220330","MARIANOWO II                  ","2025","04","19","12",17.8,,13.2,,"W","W",59,,"WSW",,4,,,"8",,"8"
"253220330","MARIANOWO II                  ","2025","04","19","18",15.6,,11.6,,"W","W",62,,"C  ",,0,,,"8",,"8"
"253220330","MARIANOWO II                  ","2025","04","20","06",13.0,,11.8,,"W","W",87,,"SE ",,1,,5,,8,
"253220330","MARIANOWO II                  ","2025","04","20","12",21.5,,13.5,,"W","W",39,,"SSE",,3,,,"8",,"8"
"253220330","MARIANOWO II                  ","2025","04","20","18",18.1,,12.5,,"W","W",51,,"SSE",,2,,,"8",,"8"
"253220330","MARIANOWO II                  ","2025","04","21","06",15.0,,12.0,,"W","W",70,,"SSE",,1,,0,,8,
"253220330","MARIANOWO II                  ","2025","04","21","12",23.1,,14.2,,"W","W",36,,"NNE",,1,,,"8",,"8"
"253220330","MARIANOWO II                  ","2025","04","21","18",18.6,,13.2,,"W","W",53,,"WSW",,1,,,"8",,"8"
"253220330","MARIANOWO II                  ","2025","04","22","06",15.7,,13.2,,"W","W",75,,"SE ",,3,,0,,8,
"253220330","MARIANOWO II                  ","2025","04","22","12",22.7,,15.4,,"W","W",45,,"W  ",,4,,,"8",,"8"
"253220330","MARIANOWO II                  ","2025","04","22","18",14.5,,11.3,,"W","W",68,,"NNW",,2,,,"8",,"8"
"253220330","MARIANOWO II                  ","2025","04","23","06",8.5,,8.3,,"W","W",97,,"WNW",,2,,1,,8,
"253220330","MARIANOWO II                  ","2025","04","23","12",17.9,,12.6,,"W","W",53,,"ENE",,1,,,"8",,"8"
"253220330","MARIANOWO II                  ","2025","04","23","18",15.5,,10.4,,"W","W",52,,"E  ",,2,,,"8",,"8"
"253220330","MARIANOWO II                  ","2025","04","24","06",12.8,,10.5,,"W","W",75,,"SSE",,3,,0,,8,
"253220330","MARIANOWO II                  ","2025","04","24","12",18.9,,12.6,,"W","W",47,,"WNW",,2,,,"8",,"8"
"253220330","MARIANOWO II                  ","2025","04","24","18",15.1,,12.1,,"W","W",70,,"N  ",,4,,,"8",,"8"
"253220330","MARIANOWO II                  ","2025","04","25","06",9.3,,7.1,,"W","W",73,,"NNE",,5,,7,,8,
"253220330","MARIANOWO II                  ","2025","04","25","12",14.2,,8.2,,"W","W",42,,"NNE",,5,,,"8",,"8"
"253220330","MARIANOWO II                  ","2025","04","25","18",10.0,,5.0,,"W","W",43,,"N  ",,4,,,"8",,"8"
"253220330","MARIANOWO II                  ","2025","04","26","06",5.0,,1.9,,"W","W",56,,"NE ",,6,,0,,8,
"253220330","MARIANOWO II                  ","2025","04","26","12",9.5,,3.7,,"W","W",34,,"N  ",,4,,,"8",,"8"
"253220330","MARIANOWO II                  ","2025","04","26","18",7.1,,2.6,,"W","W",43,,"N  ",,4,,,"8",,"8"
"253220330","MARIANOWO II                  ","2025","04","27","06",4.8,,2.6,,"W","W",68,,"ENE",,2,,0,,8,
"253220330","MARIANOWO II                  ","2025","04","27","12",10.2,,4.3,,"W","W",34,,"NNW",,2,,,"8",,"8"
"253220330","MARIANOWO II                  ","2025","04","27","18",9.1,,4.2,,"W","W",43,,"ENE",,1,,,"8",,"8"
"253220330","MARIANOWO II                  ","2025","04","28","06",7.9,,4.3,,"W","W",55,,"SW ",,2,,0,,8,
"253220330","MARIANOWO II                  ","2025","04","28","12",15.4,,7.3,,"W","W",27,,"WSW",,3,,,"8",,"8"
"253220330","MARIANOWO II                  ","2025","04","28","18",13.9,,7.0,,"W","W",33,,"C  ",,0,,,"8",,"8"
"253220330","MARIANOWO II                  ","2025","04","29","06",8.8,,6.4,,"W","W",70,,"SW ",,3,,6,,7,
"253220330","MARIANOWO II                  ","2025","04","29","12",18.3,,12.1,,"W","W",47,,"WNW",,5,,,"8",,"8"
"253220330","MARIANOWO II                  ","2025","04","29","18",12.8,,9.3,,"W","W",63,,"N  ",,3,,,"8",,"8"
"253220330","MARIANOWO II                  ","2025","04","30","06",5.6,,5.1,,"W","W",93,,"C  ",,0,,7,,6,
"253220330","MARIANOWO II                  ","2025","04","30","12",18.8,,10.8,,"W","W",34,,"WSW",,3,,,"8",,"8"
"253220330","MARIANOWO II                  ","2025","04","30","18",16.0,,11.0,,"W","W",53,,"NW ",,2,,,"8",,"8"
"254180090","GDAÑSK-RÊBIECHOWO             ","2025","04","01","06",3.9,,,"8",,"N",,"8","NW ",,2,,1,,8,
"254180090","GDAÑSK-RÊBIECHOWO             ","2025","04","01","12",7.4,,,"8","W","N",,"8","E  ",,5,,1,,8,
"254180090","GDAÑSK-RÊBIECHOWO             ","2025","04","01","18",4.4,,,"8",,"N",,"8","N  ",,3,,1,,8,
"254180090","GDAÑSK-RÊBIECHOWO             ","2025","04","02","06",6.0,,,"8","W","N",,"8","NNE",,3,,0,,8,
"254180090","GDAÑSK-RÊBIECHOWO             ","2025","04","02","12",11.6,,,"8","W","N",,"8","NNE",,5,,0,,9,
"254180090","GDAÑSK-RÊBIECHOWO             ","2025","04","02","18",7.2,,,"8","W","N",,"8","N  ",,3,,3,,9,
"254180090","GDAÑSK-RÊBIECHOWO             ","2025","04","03","06",7.6,,,"8","W","N",,"8","NNW",,3,,0,,9,
"254180090","GDAÑSK-RÊBIECHOWO             ","2025","04","03","12",16.4,,,"8","W","N",,"8","NE ",,4,,2,,9,
"254180090","GDAÑSK-RÊBIECHOWO             ","2025","04","03","18",10.6,,,"8","W","N",,"8","C  ",,0,,0,,8,
"254180090","GDAÑSK-RÊBIECHOWO             ","2025","04","04","06",9.3,,,"8","W","N",,"8","W  ",,3,,2,,9,
"254180090","GDAÑSK-RÊBIECHOWO             ","2025","04","04","12",12.1,,,"8","W","N",,"8","E  ",,5,,8,,9,
"254180090","GDAÑSK-RÊBIECHOWO             ","2025","04","04","18",3.3,,,"8",,"N",,"8","NNE",,2,,2,,8,
"254180090","GDAÑSK-RÊBIECHOWO             ","2025","04","05","06",3.0,,,"8",,"N",,"8","NNW",,4,,2,,8,
"254180090","GDAÑSK-RÊBIECHOWO             ","2025","04","05","12",3.1,,,"8",,"N",,"8","N  ",,11,,6,,8,
"254180090","GDAÑSK-RÊBIECHOWO             ","2025","04","05","18",0.9,,,"8",,"N",,"8","N  ",,11,,4,,9,
"254180090","GDAÑSK-RÊBIECHOWO             ","2025","04","06","06",0.5,,,"8",,"N",,"8","NNE",,6,,7,,9,
"254180090","GDAÑSK-RÊBIECHOWO             ","2025","04","06","12",2.3,,,"8",,"N",,"8","N  ",,7,,7,,8,
"254180090","GDAÑSK-RÊBIECHOWO             ","2025","04","06","18",1.3,,,"8",,"N",,"8","NW ",,5,,5,,8,
"254180090","GDAÑSK-RÊBIECHOWO             ","2025","04","07","06",2.1,,,"8",,"N",,"8","NW ",,2,,8,,8,
"254180090","GDAÑSK-RÊBIECHOWO             ","2025","04","07","12",8.1,,,"8","W","N",,"8","NW ",,6,,7,,8,
"254180090","GDAÑSK-RÊBIECHOWO             ","2025","04","07","18",4.7,,,"8",,"N",,"8","NW ",,5,,7,,8,
"254180090","GDAÑSK-RÊBIECHOWO             ","2025","04","08","06",2.3,,,"8",,"N",,"8","NW ",,4,,4,,8,
"254180090","GDAÑSK-RÊBIECHOWO             ","2025","04","08","12",7.2,,,"8","W","N",,"8","N  ",,7,,4,,8,
"254180090","GDAÑSK-RÊBIECHOWO             ","2025","04","08","18",3.4,,,"8",,"N",,"8","NW ",,4,,2,,8,
"254180090","GDAÑSK-RÊBIECHOWO             ","2025","04","09","06",3.6,,,"8",,"N",,"8","WNW",,4,,7,,8,
"254180090","GDAÑSK-RÊBIECHOWO             ","2025","04","09","12",11.1,,,"8","W","N",,"8","NW ",,9,,8,,8,
"254180090","GDAÑSK-RÊBIECHOWO             ","2025","04","09","18",5.9,,,"8","W","N",,"8","WNW",,6,,8,,8,
"254180090","GDAÑSK-RÊBIECHOWO             ","2025","04","10","06",-1.2,,,"8",,"N",,"8","WNW",,4,,4,,8,
"254180090","GDAÑSK-RÊBIECHOWO             ","2025","04","10","12",2.8,,,"8",,"N",,"8","NW ",,8,,7,,8,
"254180090","GDAÑSK-RÊBIECHOWO             ","2025","04","10","18",4.7,,,"8",,"N",,"8","WSW",,2,,7,,8,
"254180090","GDAÑSK-RÊBIECHOWO             ","2025","04","11","06",5.9,,,"8","W","N",,"8","WNW",,7,,8,,8,
"254180090","GDAÑSK-RÊBIECHOWO             ","2025","04","11","12",11.4,,,"8","W","N",,"8","NW ",,9,,5,,8,
"254180090","GDAÑSK-RÊBIECHOWO             ","2025","04","11","18",4.1,,,"8",,"N",,"8","E  ",,2,,1,,8,
"254180090","GDAÑSK-RÊBIECHOWO             ","2025","04","12","06",6.5,,,"8","W","N",,"8","W  ",,5,,7,,6,
"254180090","GDAÑSK-RÊBIECHOWO             ","2025","04","12","12",12.8,,,"8","W","N",,"8","WSW",,6,,7,,8,
"254180090","GDAÑSK-RÊBIECHOWO             ","2025","04","12","18",10.8,,,"8","W","N",,"8","SSW",,1,,3,,8,
"254180090","GDAÑSK-RÊBIECHOWO             ","2025","04","13","06",7.1,,,"8","W","N",,"8","SE ",,2,,4,,7,
"254180090","GDAÑSK-RÊBIECHOWO             ","2025","04","13","12",18.7,,,"8","W","N",,"8","SE ",,4,,4,,8,
"254180090","GDAÑSK-RÊBIECHOWO             ","2025","04","13","18",17.0,,,"8","W","N",,"8","S  ",,1,,7,,8,
"254180090","GDAÑSK-RÊBIECHOWO             ","2025","04","14","06",12.2,,,"8","W","N",,"8","WSW",,1,,8,,8,
"254180090","GDAÑSK-RÊBIECHOWO             ","2025","04","14","12",19.0,,,"8","W","N",,"8","SE ",,2,,7,,8,
"254180090","GDAÑSK-RÊBIECHOWO             ","2025","04","14","18",9.5,,,"8","W","N",,"8","C  ",,0,,4,,6,
"254180090","GDAÑSK-RÊBIECHOWO             ","2025","04","15","06",8.8,,,"8","W","N",,"8","E  ",,3,,7,,6,
"254180090","GDAÑSK-RÊBIECHOWO             ","2025","04","15","12",19.9,,,"8","W","N",,"8","ESE",,6,,3,,8,
"254180090","GDAÑSK-RÊBIECHOWO             ","2025","04","15","18",18.2,,,"8","W","N",,"8","SE ",,5,,8,,8,
"254180090","GDAÑSK-RÊBIECHOWO             ","2025","04","16","06",11.8,,,"8","W","N",,"8","SE ",,4,,8,,5,
"254180090","GDAÑSK-RÊBIECHOWO             ","2025","04","16","12",16.8,,,"8","W","N",,"8","WSW",,1,,7,,7,
"254180090","GDAÑSK-RÊBIECHOWO             ","2025","04","16","18",13.4,,,"8","W","N",,"8","E  ",,2,,1,,7,
"254180090","GDAÑSK-RÊBIECHOWO             ","2025","04","17","06",12.1,,,"8","W","N",,"8","SE ",,1,,7,,1,
"254180090","GDAÑSK-RÊBIECHOWO             ","2025","04","17","12",25.0,,,"8","W","N",,"8","SE ",,7,,5,,8,
"254180090","GDAÑSK-RÊBIECHOWO             ","2025","04","17","18",23.2,,,"8","W","N",,"8","SSE",,5,,6,,8,
"254180090","GDAÑSK-RÊBIECHOWO             ","2025","04","18","06",17.5,,,"8","W","N",,"8","SE ",,3,,7,,8,
"254180090","GDAÑSK-RÊBIECHOWO             ","2025","04","18","12",25.5,,,"8","W","N",,"8","S  ",,5,,7,,8,
"254180090","GDAÑSK-RÊBIECHOWO             ","2025","04","18","18",19.3,,,"8","W","N",,"8","S  ",,2,,5,,8,
"254180090","GDAÑSK-RÊBIECHOWO             ","2025","04","19","06",14.3,,,"8","W","N",,"8","S  ",,1,,8,,8,
"254180090","GDAÑSK-RÊBIECHOWO             ","2025","04","19","12",13.7,,,"8","W","N",,"8","S  ",,3,,7,,8,
"254180090","GDAÑSK-RÊBIECHOWO             ","2025","04","19","18",12.0,,,"8","W","N",,"8","SW ",,1,,8,,8,
"254180090","GDAÑSK-RÊBIECHOWO             ","2025","04","20","06",11.3,,,"8","W","N",,"8","C  ",,0,,7,,8,
"254180090","GDAÑSK-RÊBIECHOWO             ","2025","04","20","12",13.6,,,"8","W","N",,"8","ENE",,5,,7,,8,
"254180090","GDAÑSK-RÊBIECHOWO             ","2025","04","20","18",8.6,,,"8","W","N",,"8","ENE",,2,,1,,8,
"254180090","GDAÑSK-RÊBIECHOWO             ","2025","04","21","06",11.3,,,"8","W","N",,"8","C  ",,0,,3,,8,
"254180090","GDAÑSK-RÊBIECHOWO             ","2025","04","21","12",14.7,,,"8","W","N",,"8","ENE",,5,,6,,8,
"254180090","GDAÑSK-RÊBIECHOWO             ","2025","04","21","18",9.4,,,"8","W","N",,"8","ENE",,3,,6,,8,
"254180090","GDAÑSK-RÊBIECHOWO             ","2025","04","22","06",8.5,,,"8","W","N",,"8","N  ",,2,,7,,7,
"254180090","GDAÑSK-RÊBIECHOWO             ","2025","04","22","12",11.5,,,"8","W","N",,"8","WNW",,1,,7,,8,
"254180090","GDAÑSK-RÊBIECHOWO             ","2025","04","22","18",9.8,,,"8","W","N",,"8","E  ",,2,,1,,7,
"254180090","GDAÑSK-RÊBIECHOWO             ","2025","04","23","06",10.0,,,"8","W","N",,"8","WSW",,1,,7,,6,
"254180090","GDAÑSK-RÊBIECHOWO             ","2025","04","23","12",15.4,,,"8","W","N",,"8","SE ",,4,,5,,8,
"254180090","GDAÑSK-RÊBIECHOWO             ","2025","04","23","18",11.6,,,"8","W","N",,"8","ENE",,2,,7,,6,
"254180090","GDAÑSK-RÊBIECHOWO             ","2025","04","24","06",7.4,,,"8","W","N",,"8","N  ",,2,,8,,4,
"254180090","GDAÑSK-RÊBIECHOWO             ","2025","04","24","12",9.7,,,"8","W","N",,"8","NNE",,4,,7,,7,
"254180090","GDAÑSK-RÊBIECHOWO             ","2025","04","24","18",5.2,,,"8","W","N",,"8","N  ",,3,,8,,7,
"254180090","GDAÑSK-RÊBIECHOWO             ","2025","04","25","06",4.4,,,"8",,"N",,"8","NNE",,4,,7,,9,
"254180090","GDAÑSK-RÊBIECHOWO             ","2025","04","25","12",7.7,,,"8","W","N",,"8","ENE",,5,,1,,8,
"254180090","GDAÑSK-RÊBIECHOWO             ","2025","04","25","18",4.6,,,"8",,"N",,"8","NNE",,3,,1,,9,
"254180090","GDAÑSK-RÊBIECHOWO             ","2025","04","26","06",3.3,,,"8",,"N",,"8","NE ",,2,,4,,9,
"254180090","GDAÑSK-RÊBIECHOWO             ","2025","04","26","12",6.8,,,"8","W","N",,"8","ENE",,4,,1,,9,
"254180090","GDAÑSK-RÊBIECHOWO             ","2025","04","26","18",4.5,,,"8",,"N",,"8","NE ",,2,,1,,9,
"254180090","GDAÑSK-RÊBIECHOWO             ","2025","04","27","06",5.0,,,"8",,"N",,"8","E  ",,1,,5,,8,
"254180090","GDAÑSK-RÊBIECHOWO             ","2025","04","27","12",9.3,,,"8","W","N",,"8","ENE",,3,,2,,8,
"254180090","GDAÑSK-RÊBIECHOWO             ","2025","04","27","18",5.6,,,"8","W","N",,"8","E  ",,2,,4,,8,
"254180090","GDAÑSK-RÊBIECHOWO             ","2025","04","28","06",8.9,,,"8","W","N",,"8","WSW",,3,,6,,8,
"254180090","GDAÑSK-RÊBIECHOWO             ","2025","04","28","12",16.2,,,"8","W","N",,"8","WSW",,1,,7,,8,
"254180090","GDAÑSK-RÊBIECHOWO             ","2025","04","28","18",11.2,,,"8","W","N",,"8","C  ",,0,,7,,8,
"254180090","GDAÑSK-RÊBIECHOWO             ","2025","04","29","06",11.2,,,"8","W","N",,"8","WNW",,5,,7,,8,
"254180090","GDAÑSK-RÊBIECHOWO             ","2025","04","29","12",15.6,,,"8","W","N",,"8","WNW",,6,,5,,8,
"254180090","GDAÑSK-RÊBIECHOWO             ","2025","04","29","18",12.6,,,"8","W","N",,"8","WNW",,3,,3,,8,
"254180090","GDAÑSK-RÊBIECHOWO             ","2025","04","30","06",9.3,,,"8","W","N",,"8","W  ",,4,,7,,8,
"254180090","GDAÑSK-RÊBIECHOWO             ","2025","04","30","12",18.5,,,"8","W","N",,"8","WNW",,8,,5,,8,
"254180090","GDAÑSK-RÊBIECHOWO             ","2025","04","30","18",13.7,,,"8","W","N",,"8","W  ",,5,,6,,8,
"254200080","LIDZBARK WARMIÑSKI            ","2025","04","01","06",4.6,,4.2,,"W","N",93,,"NNW",,5,,8,,5,
"254200080","LIDZBARK WARMIÑSKI            ","2025","04","01","12",11.3,,8.7,,"W","N",69,,"N  ",,,"8",0,,7,
"254200080","LIDZBARK WARMIÑSKI            ","2025","04","01","18",5.2,,4.5,,"W","N",89,,"W  ",,2,,0,,7,
"254200080","LIDZBARK WARMIÑSKI            ","2025","04","02","06",2.4,,2.2,,"W","N",96,,"C  ",,0,,0,,5,
"254200080","LIDZBARK WARMIÑSKI            ","2025","04","02","12",15.4,,7.9,,"W","N",27,,"NNE",,5,,1,,7,
"254200080","LIDZBARK WARMIÑSKI            ","2025","04","02","18",9.1,,6.3,,"W","N",63,,"N  ",,,"8",0,,7,
"254200080","LIDZBARK WARMIÑSKI            ","2025","04","03","06",3.4,,3.2,,"W","N",97,,"C  ",,0,,0,,7,
"254200080","LIDZBARK WARMIÑSKI            ","2025","04","03","12",17.5,,12.8,,"W","N",55,,"N  ",,3,,0,,7,
"254200080","LIDZBARK WARMIÑSKI            ","2025","04","03","18",11.3,,8.3,,"W","N",64,,"NW ",,2,,8,,7,
"254200080","LIDZBARK WARMIÑSKI            ","2025","04","04","06",7.0,,5.1,,"W","N",73,,"WSW",,,"8",0,,7,
"254200080","LIDZBARK WARMIÑSKI            ","2025","04","04","12",15.6,,10.3,,"W","N",47,,"NW ",,,"8",3,,7,
"254200080","LIDZBARK WARMIÑSKI            ","2025","04","04","18",4.4,,2.8,,"W","N",74,,"NNW",,3,,1,,7,
"254200080","LIDZBARK WARMIÑSKI            ","2025","04","05","06",2.1,,1.0,,"W","N",80,,"NNW",,4,,8,,6,
"254200080","LIDZBARK WARMIÑSKI            ","2025","04","05","12",4.0,,1.6,,"W","N",61,,"NNW",,10,,8,,7,
"254200080","LIDZBARK WARMIÑSKI            ","2025","04","05","18",1.5,,-0.4,,"W","N",65,,"NNW",,8,,6,,7,
"254200080","LIDZBARK WARMIÑSKI            ","2025","04","06","06",-0.7,,-3.3,,"W","N",47,,"NNE",,8,,2,,7,
"254200080","LIDZBARK WARMIÑSKI            ","2025","04","06","12",3.4,,-0.3,,"W","N",39,,"NNW",,8,,6,,7,
"254200080","LIDZBARK WARMIÑSKI            ","2025","04","06","18",0.7,,-0.8,,"W","N",71,,"NNW",,5,,2,,7,
"254200080","LIDZBARK WARMIÑSKI            ","2025","04","07","06",-1.1,,-1.8,,"W","N",85,,"WSW",,1,,7,,7,
"254200080","LIDZBARK WARMIÑSKI            ","2025","04","07","12",5.8,,4.0,,"W","N",73,,"NW ",,,"8",8,,7,
"254200080","LIDZBARK WARMIÑSKI            ","2025","04","07","18",3.4,,2.2,,"W","N",80,,"NW ",,5,,1,,7,
"254200080","LIDZBARK WARMIÑSKI            ","2025","04","08","06",3.0,,2.4,,"W","N",90,,"N  ",,5,,6,,7,
"254200080","LIDZBARK WARMIÑSKI            ","2025","04","08","12",7.9,,2.6,,"W","N",30,,"NNW",,,"8",0,,7,
"254200080","LIDZBARK WARMIÑSKI            ","2025","04","08","18",0.7,,-1.0,,"W","N",67,,"NW ",,4,,0,,7,
"254200080","LIDZBARK WARMIÑSKI            ","2025","04","09","06",1.1,,0.8,,"W","N",94,,"WSW",,2,,8,,5,
"254200080","LIDZBARK WARMIÑSKI            ","2025","04","09","12",10.1,,5.7,,"W","N",46,,"W  ",,,"8",8,,7,
"254200080","LIDZBARK WARMIÑSKI            ","2025","04","09","18",3.4,,2.0,,"W","N",76,,"NNW",,9,,8,,6,
"254200080","LIDZBARK WARMIÑSKI            ","2025","04","10","06",0.3,,-0.6,,"W","N",82,,"NW ",,5,,8,,6,
"254200080","LIDZBARK WARMIÑSKI            ","2025","04","10","12",3.8,,1.8,,"W","N",67,,"NW ",,7,,8,,7,
"254200080","LIDZBARK WARMIÑSKI            ","2025","04","10","18",2.4,,0.2,,"W","N",61,,"WNW",,3,,8,,7,
"254200080","LIDZBARK WARMIÑSKI            ","2025","04","11","06",5.8,,5.3,,"W","N",92,,"WNW",,5,,8,,5,
"254200080","LIDZBARK WARMIÑSKI            ","2025","04","11","12",9.0,,7.1,,"W","N",75,,"WNW",,,"8",6,,7,
"254200080","LIDZBARK WARMIÑSKI            ","2025","04","11","18",4.8,,3.2,,"W","N",75,,"NNW",,5,,0,,7,
"254200080","LIDZBARK WARMIÑSKI            ","2025","04","12","06",3.4,,1.8,,"W","N",73,,"SSW",,1,,3,,7,
"254200080","LIDZBARK WARMIÑSKI            ","2025","04","12","12",14.6,,10.1,,"W","N",53,,"SW ",,,"8",6,,7,
"254200080","LIDZBARK WARMIÑSKI            ","2025","04","12","18",13.4,,11.1,,"W","N",74,,"W  ",,,"8",8,,7,
"254200080","LIDZBARK WARMIÑSKI            ","2025","04","13","06",8.3,,7.1,,"W","N",83,,"SSE",,,"8",0,,5,
"254200080","LIDZBARK WARMIÑSKI            ","2025","04","13","12",19.3,,13.0,,"W","N",45,,"SE ",,,"8",0,,7,
"254200080","LIDZBARK WARMIÑSKI            ","2025","04","13","18",16.9,,11.6,,"W","N",49,,"SE ",,,"8",2,,7,
"254200080","LIDZBARK WARMIÑSKI            ","2025","04","14","06",13.2,,12.4,,"W","N",91,,"WNW",,,"8",8,,5,
"254200080","LIDZBARK WARMIÑSKI            ","2025","04","14","12",20.6,,14.6,,"W","N",49,,"W  ",,2,,6,,7,
"254200080","LIDZBARK WARMIÑSKI            ","2025","04","14","18",15.9,,14.0,,"W","N",80,,"NNE",,2,,6,,7,
"254200080","LIDZBARK WARMIÑSKI            ","2025","04","15","06",11.1,,10.5,,"W","N",92,,"C  ",,0,,0,,5,
"254200080","LIDZBARK WARMIÑSKI            ","2025","04","15","12",21.4,,14.4,,"W","N",43,,"SE ",,5,,2,,7,
"254200080","LIDZBARK WARMIÑSKI            ","2025","04","15","18",18.1,,14.0,,"W","N",61,,"ESE",,2,,2,,7,
"254200080","LIDZBARK WARMIÑSKI            ","2025","04","16","06",11.9,,11.1,,"W","N",90,,"SE ",,,"8",8,,5,
"254200080","LIDZBARK WARMIÑSKI            ","2025","04","16","12",16.3,,14.4,,"W","N",80,,"SSE",,,"8",8,,5,
"254200080","LIDZBARK WARMIÑSKI            ","2025","04","16","18",18.9,,17.5,,"W","N",86,,"SE ",,,"8",6,,5,
"254200080","LIDZBARK WARMIÑSKI            ","2025","04","17","06",15.4,,14.0,,"W","N",85,,"SE ",,,"8",4,,5,
"254200080","LIDZBARK WARMIÑSKI            ","2025","04","17","12",27.0,,18.3,,"W","N",40,,"SSE",,4,,5,,5,
"254200080","LIDZBARK WARMIÑSKI            ","2025","04","17","18",23.4,,15.8,,"W","N",41,,"SE ",,1,,3,,5,
"254200080","LIDZBARK WARMIÑSKI            ","2025","04","18","06",16.9,,14.6,,"W","N",77,,"SSE",,,"8",2,,5,
"254200080","LIDZBARK WARMIÑSKI            ","2025","04","18","12",27.4,,18.7,,"W","N",40,,"SE ",,3,,3,,7,
"254200080","LIDZBARK WARMIÑSKI            ","2025","04","18","18",24.0,,17.1,,"W","N",47,,"C  ",,0,,6,,7,
"254200080","LIDZBARK WARMIÑSKI            ","2025","04","19","06",15.0,,14.0,,"W","N",89,,"S  ",,,"8",8,,5,
"254200080","LIDZBARK WARMIÑSKI            ","2025","04","19","12",18.3,,13.4,,"W","N",55,,"SSW",,4,,6,,7,
"254200080","LIDZBARK WARMIÑSKI            ","2025","04","19","18",14.8,,11.3,,"W","N",63,,"C  ",,0,,0,,7,
"254200080","LIDZBARK WARMIÑSKI            ","2025","04","20","06",13.0,,11.1,,"W","N",78,,"SE ",,,"8",6,,7,
"254200080","LIDZBARK WARMIÑSKI            ","2025","04","20","12",20.8,,13.4,,"W","N",39,,"SSW",,3,,6,,7,
"254200080","LIDZBARK WARMIÑSKI            ","2025","04","20","18",18.3,,13.2,,"W","N",53,,"C  ",,0,,5,,7,
"254200080","LIDZBARK WARMIÑSKI            ","2025","04","21","06",10.3,,9.7,,"W","N",92,,"NE ",,1,,1,,6,
"254200080","LIDZBARK WARMIÑSKI            ","2025","04","21","12",20.2,,15.4,,"W","N",58,,"NNW",,3,,3,,7,
"254200080","LIDZBARK WARMIÑSKI            ","2025","04","21","18",12.6,,8.9,,"W","N",58,,"NNE",,2,,3,,7,
"254200080","LIDZBARK WARMIÑSKI            ","2025","04","22","06",9.9,,8.7,,"W","N",84,,"N  ",,,"8",2,,7,
"254200080","LIDZBARK WARMIÑSKI            ","2025","04","22","12",14.0,,10.7,,"W","N",64,,"NNE",,,"8",8,,7,
"254200080","LIDZBARK WARMIÑSKI            ","2025","04","22","18",11.3,,9.5,,"W","N",78,,"WNW",,2,,0,,7,
"254200080","LIDZBARK WARMIÑSKI            ","2025","04","23","06",7.4,,7.3,,"W","N",99,,"N  ",,1,,8,,3,
"254200080","LIDZBARK WARMIÑSKI            ","2025","04","23","12",18.5,,13.2,,"W","N",51,,"NNE",,3,,4,,7,
"254200080","LIDZBARK WARMIÑSKI            ","2025","04","23","18",16.1,,13.0,,"W","N",68,,"C  ",,0,,8,,7,
"254200080","LIDZBARK WARMIÑSKI            ","2025","04","24","06",10.7,,10.5,,"W","N",97,,"N  ",,,"8",8,,5,
"254200080","LIDZBARK WARMIÑSKI            ","2025","04","24","12",16.1,,12.8,,"W","N",66,,"NNW",,,"8",6,,7,
"254200080","LIDZBARK WARMIÑSKI            ","2025","04","24","18",8.7,,7.7,,"W","N",86,,"N  ",,4,,8,,7,
"254200080","LIDZBARK WARMIÑSKI            ","2025","04","25","06",6.4,,5.5,,"W","N",87,,"N  ",,3,,8,,7,
"254200080","LIDZBARK WARMIÑSKI            ","2025","04","25","12",12.2,,7.1,,"W","N",42,,"NNE",,,"8",0,,7,
"254200080","LIDZBARK WARMIÑSKI            ","2025","04","25","18",5.8,,3.4,,"W","N",64,,"N  ",,5,,0,,7,
"254200080","LIDZBARK WARMIÑSKI            ","2025","04","26","06",3.2,,1.8,,"W","N",76,,"NE ",,4,,0,,7,
"254200080","LIDZBARK WARMIÑSKI            ","2025","04","26","12",9.7,,4.4,,"W","N",35,,"N  ",,,"8",0,,7,
"254200080","LIDZBARK WARMIÑSKI            ","2025","04","26","18",4.2,,2.6,,"W","N",74,,"N  ",,2,,0,,7,
"254200080","LIDZBARK WARMIÑSKI            ","2025","04","27","06",2.4,,1.8,,"W","N",89,,"NNW",,1,,0,,7,
"254200080","LIDZBARK WARMIÑSKI            ","2025","04","27","12",10.9,,5.5,,"W","N",36,,"NE ",,,"8",0,,7,
"254200080","LIDZBARK WARMIÑSKI            ","2025","04","27","18",8.5,,4.2,,"W","N",44,,"NNE",,2,,2,,7,
"254200080","LIDZBARK WARMIÑSKI            ","2025","04","28","06",2.4,,1.0,,"W","N",75,,"C  ",,0,,2,,7,
"254200080","LIDZBARK WARMIÑSKI            ","2025","04","28","12",16.9,,8.7,,"W","N",25,,"W  ",,2,,2,,7,
"254200080","LIDZBARK WARMIÑSKI            ","2025","04","28","18",14.8,,10.3,,"W","N",53,,"C  ",,0,,3,,7,
"254200080","LIDZBARK WARMIÑSKI            ","2025","04","29","06",11.1,,7.5,,"W","N",57,,"WSW",,,"8",6,,7,
"254200080","LIDZBARK WARMIÑSKI            ","2025","04","29","12",14.8,,11.5,,"W","N",65,,"WNW",,,"8",6,,7,
"254200080","LIDZBARK WARMIÑSKI            ","2025","04","29","18",11.3,,9.1,,"W","N",73,,"NW ",,3,,1,,7,
"254200080","LIDZBARK WARMIÑSKI            ","2025","04","30","06",9.5,,8.5,,"W","N",87,,"SSW",,,"8",8,,5,
"254200080","LIDZBARK WARMIÑSKI            ","2025","04","30","12",18.3,,12.4,,"W","N",46,,"W  ",,,"8",4,,7,
"254200080","LIDZBARK WARMIÑSKI            ","2025","04","30","18",12.4,,10.3,,"W","N",75,,"NW ",,3,,3,,7,
"254220090","OLECKO                        ","2025","04","01","06",5.1,,,"8",,"U",,"8",,"8",,"8",8,,7,
"254220090","OLECKO                        ","2025","04","01","12",11.8,,,"8",,"U",,"8",,"8",,"8",3,,8,
"254220090","OLECKO                        ","2025","04","01","18",12.0,,,"8",,"U",,"8",,"8",,"8",4,,8,
"254220090","OLECKO                        ","2025","04","02","06",5.3,,,"8",,"U",,"8",,"8",,"8",0,,8,
"254220090","OLECKO                        ","2025","04","02","12",14.1,,,"8",,"U",,"8",,"8",,"8",1,,8,
"254220090","OLECKO                        ","2025","04","02","18",11.6,,,"8",,"U",,"8",,"8",,"8",1,,8,
"254220090","OLECKO                        ","2025","04","03","06",7.7,,,"8",,"U",,"8",,"8",,"8",0,,8,
"254220090","OLECKO                        ","2025","04","03","12",17.4,,,"8",,"U",,"8",,"8",,"8",0,,8,
"254220090","OLECKO                        ","2025","04","03","18",13.8,,,"8",,"U",,"8",,"8",,"8",0,,8,
"254220090","OLECKO                        ","2025","04","04","06",8.1,,,"8",,"U",,"8",,"8",,"8",0,,8,
"254220090","OLECKO                        ","2025","04","04","12",16.4,,,"8",,"U",,"8",,"8",,"8",0,,8,
"254220090","OLECKO                        ","2025","04","04","18",8.1,,,"8",,"U",,"8",,"8",,"8",7,,7,
"254220090","OLECKO                        ","2025","04","05","06",-0.1,,,"8",,"U",,"8",,"8",,"8",8,,8,
"254220090","OLECKO                        ","2025","04","05","12",0.7,,,"8",,"U",,"8",,"8",,"8",8,,8,
"254220090","OLECKO                        ","2025","04","05","18",-1.1,,,"8",,"U",,"8",,"8",,"8",8,,7,
"254220090","OLECKO                        ","2025","04","06","06",-2.9,,,"8",,"U",,"8",,"8",,"8",1,,8,
"254220090","OLECKO                        ","2025","04","06","12",1.7,,,"8",,"U",,"8",,"8",,"8",3,,8,
"254220090","OLECKO                        ","2025","04","06","18",0.5,,,"8",,"U",,"8",,"8",,"8",3,,8,
"254220090","OLECKO                        ","2025","04","07","06",-1.7,,,"8",,"U",,"8",,"8",,"8",1,,8,
"254220090","OLECKO                        ","2025","04","07","12",4.9,,,"8",,"U",,"8",,"8",,"8",3,,8,
"254220090","OLECKO                        ","2025","04","07","18",3.8,,,"8",,"U",,"8",,"8",,"8",7,,8,
"254220090","OLECKO                        ","2025","04","08","06",0.3,,,"8",,"U",,"8",,"8",,"8",0,,8,
"254220090","OLECKO                        ","2025","04","08","12",4.9,,,"8",,"U",,"8",,"8",,"8",6,,8,
"254220090","OLECKO                        ","2025","04","08","18",3.3,,,"8",,"U",,"8",,"8",,"8",4,,8,
"254220090","OLECKO                        ","2025","04","09","06",1.9,,,"8",,"U",,"8",,"8",,"8",8,,8,
"254220090","OLECKO                        ","2025","04","09","12",8.9,,,"8",,"U",,"8",,"8",,"8",4,,8,
"254220090","OLECKO                        ","2025","04","09","18",2.6,,,"8",,"U",,"8",,"8",,"8",8,,8,
"254220090","OLECKO                        ","2025","04","10","06",-0.5,,,"8",,"U",,"8",,"8",,"8",1,,8,
"254220090","OLECKO                        ","2025","04","10","12",1.4,,,"8",,"U",,"8",,"8",,"8",8,,8,
"254220090","OLECKO                        ","2025","04","10","18",1.3,,,"8",,"U",,"8",,"8",,"8",8,,7,
"254220090","OLECKO                        ","2025","04","11","06",-0.1,,,"8",,"U",,"8",,"8",,"8",8,,8,
"254220090","OLECKO                        ","2025","04","11","12",5.1,,,"8",,"U",,"8",,"8",,"8",8,,8,
"254220090","OLECKO                        ","2025","04","11","18",5.7,,,"8",,"U",,"8",,"8",,"8",1,,8,
"254220090","OLECKO                        ","2025","04","12","06",0.1,,,"8",,"U",,"8",,"8",,"8",1,,8,
"254220090","OLECKO                        ","2025","04","12","12",12.2,,,"8",,"U",,"8",,"8",,"8",3,,8,
"254220090","OLECKO                        ","2025","04","12","18",12.4,,,"8",,"U",,"8",,"8",,"8",8,,8,
"254220090","OLECKO                        ","2025","04","13","06",8.5,,,"8",,"U",,"8",,"8",,"8",1,,8,
"254220090","OLECKO                        ","2025","04","13","12",16.1,,,"8",,"U",,"8",,"8",,"8",1,,8,
"254220090","OLECKO                        ","2025","04","13","18",15.0,,,"8",,"U",,"8",,"8",,"8",3,,8,
"254220090","OLECKO                        ","2025","04","14","06",11.2,,,"8",,"U",,"8",,"8",,"8",8,,8,
"254220090","OLECKO                        ","2025","04","14","12",16.6,,,"8",,"U",,"8",,"8",,"8",8,,8,
"254220090","OLECKO                        ","2025","04","14","18",15.5,,,"8",,"U",,"8",,"8",,"8",8,,7,
"254220090","OLECKO                        ","2025","04","15","06",11.5,,,"8",,"U",,"8",,"8",,"8",8,,8,
"254220090","OLECKO                        ","2025","04","15","12",19.7,,,"8",,"U",,"8",,"8",,"8",3,,8,
"254220090","OLECKO                        ","2025","04","15","18",17.4,,,"8",,"U",,"8",,"8",,"8",4,,8,
"254220090","OLECKO                        ","2025","04","16","06",9.3,,,"8",,"U",,"8",,"8",,"8",8,,8,
"254220090","OLECKO                        ","2025","04","16","12",15.1,,,"8",,"U",,"8",,"8",,"8",8,,8,
"254220090","OLECKO                        ","2025","04","16","18",16.3,,,"8",,"U",,"8",,"8",,"8",8,,7,
"254220090","OLECKO                        ","2025","04","17","06",14.3,,,"8",,"U",,"8",,"8",,"8",1,,8,
"254220090","OLECKO                        ","2025","04","17","12",25.5,,,"8",,"U",,"8",,"8",,"8",1,,8,
"254220090","OLECKO                        ","2025","04","17","18",21.2,,,"8",,"U",,"8",,"8",,"8",8,,7,
"254220090","OLECKO                        ","2025","04","18","06",16.7,,,"8",,"U",,"8",,"8",,"8",3,,8,
"254220090","OLECKO                        ","2025","04","18","12",27.2,,,"8",,"U",,"8",,"8",,"8",8,,8,
"254220090","OLECKO                        ","2025","04","18","18",22.6,,,"8",,"U",,"8",,"8",,"8",8,,8,
"254220090","OLECKO                        ","2025","04","19","06",14.5,,,"8",,"U",,"8",,"8",,"8",3,,8,
"254220090","OLECKO                        ","2025","04","19","12",16.1,,,"8",,"U",,"8",,"8",,"8",8,,8,
"254220090","OLECKO                        ","2025","04","19","18",16.1,,,"8",,"U",,"8",,"8",,"8",5,,8,
"254220090","OLECKO                        ","2025","04","20","06",12.4,,,"8",,"U",,"8",,"8",,"8",1,,8,
"254220090","OLECKO                        ","2025","04","20","12",20.9,,,"8",,"U",,"8",,"8",,"8",4,,8,
"254220090","OLECKO                        ","2025","04","20","18",18.0,,,"8",,"U",,"8",,"8",,"8",2,,8,
"254220090","OLECKO                        ","2025","04","21","06",13.2,,,"8",,"U",,"8",,"8",,"8",2,,8,
"254220090","OLECKO                        ","2025","04","21","12",22.4,,,"8",,"U",,"8",,"8",,"8",4,,8,
"254220090","OLECKO                        ","2025","04","21","18",19.5,,,"8",,"U",,"8",,"8",,"8",7,,8,
"254220090","OLECKO                        ","2025","04","22","06",13.9,,,"8",,"U",,"8",,"8",,"8",1,,8,
"254220090","OLECKO                        ","2025","04","22","12",22.4,,,"8",,"U",,"8",,"8",,"8",2,,8,
"254220090","OLECKO                        ","2025","04","22","18",11.8,,,"8",,"U",,"8",,"8",,"8",8,,8,
"254220090","OLECKO                        ","2025","04","23","06",7.7,,,"8",,"U",,"8",,"8",,"8",8,,8,
"254220090","OLECKO                        ","2025","04","23","12",16.7,,,"8",,"U",,"8",,"8",,"8",0,,8,
"254220090","OLECKO                        ","2025","04","23","18",15.7,,,"8",,"U",,"8",,"8",,"8",3,,8,
"254220090","OLECKO                        ","2025","04","24","06",10.8,,,"8",,"U",,"8",,"8",,"8",8,,8,
"254220090","OLECKO                        ","2025","04","24","12",18.8,,,"8",,"U",,"8",,"8",,"8",6,,8,
"254220090","OLECKO                        ","2025","04","24","18",13.1,,,"8",,"U",,"8",,"8",,"8",4,,8,
"254220090","OLECKO                        ","2025","04","25","06",7.3,,,"8",,"U",,"8",,"8",,"8",8,,8,
"254220090","OLECKO                        ","2025","04","25","12",12.2,,,"8",,"U",,"8",,"8",,"8",0,,8,
"254220090","OLECKO                        ","2025","04","25","18",8.5,,,"8",,"U",,"8",,"8",,"8",3,,8,
"254220090","OLECKO                        ","2025","04","26","06",3.1,,,"8",,"U",,"8",,"8",,"8",0,,8,
"254220090","OLECKO                        ","2025","04","26","12",9.9,,,"8",,"U",,"8",,"8",,"8",5,,8,
"254220090","OLECKO                        ","2025","04","26","18",7.1,,,"8",,"U",,"8",,"8",,"8",2,,8,
"254220090","OLECKO                        ","2025","04","27","06",3.9,,,"8",,"U",,"8",,"8",,"8",0,,8,
"254220090","OLECKO                        ","2025","04","27","12",10.2,,,"8",,"U",,"8",,"8",,"8",1,,8,
"254220090","OLECKO                        ","2025","04","27","18",9.9,,,"8",,"U",,"8",,"8",,"8",1,,8,
"254220090","OLECKO                        ","2025","04","28","06",5.7,,,"8",,"U",,"8",,"8",,"8",0,,8,
"254220090","OLECKO                        ","2025","04","28","12",14.7,,,"8",,"U",,"8",,"8",,"8",1,,8,
"254220090","OLECKO                        ","2025","04","28","18",13.2,,,"8",,"U",,"8",,"8",,"8",6,,8,
"254220090","OLECKO                        ","2025","04","29","06",10.8,,,"8",,"U",,"8",,"8",,"8",7,,8,
"254220090","OLECKO                        ","2025","04","29","12",14.5,,,"8",,"U",,"8",,"8",,"8",8,,8,
"254220090","OLECKO                        ","2025","04","29","18",12.2,,,"8",,"U",,"8",,"8",,"8",3,,8,
"254220090","OLECKO                        ","2025","04","30","06",7.3,,,"8",,"U",,"8",,"8",,"8",8,,8,
"254220090","OLECKO                        ","2025","04","30","12",17.9,,,"8",,"U",,"8",,"8",,"8",5,,8,
"254220090","OLECKO                        ","2025","04","30","18",12.4,,,"8",,"U",,"8",,"8",,"8",3,,8,
