"249180010","PSZCZYNA                      ","2025","03","01","06",0.9,,,"8",,"N",,"8","SSW",,1,,1,,6,
"249180010","PSZCZYNA                      ","2025","03","01","12",3.2,,,"8",,"N",,"8","W  ",,3,,6,,6,
"249180010","PSZCZYNA                      ","2025","03","01","18",2.4,,,"8",,"N",,"8","W  ",,2,,8,,6,
"249180010","PSZCZYNA                      ","2025","03","02","06",0.4,,,"8",,"N",,"8","WSW",,2,,3,,6,
"249180010","PSZCZYNA                      ","2025","03","02","12",5.0,,,"8",,"N",,"8","W  ",,3,,4,,7,
"249180010","PSZCZYNA                      ","2025","03","02","18",1.2,,,"8",,"N",,"8","WSW",,2,,1,,6,
"249180010","PSZCZYNA                      ","2025","03","03","06",2.0,,,"8",,"N",,"8","SW ",,2,,8,,6,
"249180010","PSZCZYNA                      ","2025","03","03","12",6.1,,,"8","W","N",,"8","W  ",,3,,7,,7,
"249180010","PSZCZYNA                      ","2025","03","03","18",1.4,,,"8",,"N",,"8","C  ",,0,,4,,6,
"249180010","PSZCZYNA                      ","2025","03","04","06",-0.6,,,"8",,"N",,"8","SW ",,1,,0,,6,
"249180010","PSZCZYNA                      ","2025","03","04","12",10.8,,,"8","W","N",,"8","WSW",,3,,1,,7,
"249180010","PSZCZYNA                      ","2025","03","04","18",6.3,,,"8","W","N",,"8","SW ",,2,,1,,7,
"249180010","PSZCZYNA                      ","2025","03","05","06",0.2,,,"8",,"N",,"8","WSW",,1,,0,,8,
"249180010","PSZCZYNA                      ","2025","03","05","12",15.4,,,"8","W","N",,"8","WSW",,5,,0,,8,
"249180010","PSZCZYNA                      ","2025","03","05","18",10.0,,,"8","W","N",,"8","SW ",,2,,0,,8,
"249180010","PSZCZYNA                      ","2025","03","06","06",-0.4,,,"8",,"N",,"8","C  ",,0,,0,,6,
"249180010","PSZCZYNA                      ","2025","03","06","12",20.7,,,"8","W","N",,"8","SW ",,3,,0,,8,
"249180010","PSZCZYNA                      ","2025","03","06","18",12.2,,,"8","W","N",,"8","C  ",,0,,0,,8,
"249180010","PSZCZYNA                      ","2025","03","07","06",2.3,,,"8",,"N",,"8","N  ",,1,,6,,8,
"249180010","PSZCZYNA                      ","2025","03","07","12",19.0,,,"8","W","N",,"8","SSW",,2,,3,,8,
"249180010","PSZCZYNA                      ","2025","03","07","18",10.8,,,"8","W","N",,"8","C  ",,0,,2,,8,
"249180010","PSZCZYNA                      ","2025","03","08","06",2.9,,,"8",,"N",,"8","NNE",,1,,0,,6,
"249180010","PSZCZYNA                      ","2025","03","08","12",19.0,,,"8","W","N",,"8","ESE",,2,,0,,8,
"249180010","PSZCZYNA                      ","2025","03","08","18",8.8,,,"8","W","N",,"8","E  ",,2,,0,,8,
"249180010","PSZCZYNA                      ","2025","03","09","06",4.5,,,"8",,"N",,"8","E  ",,1,,6,,8,
"249180010","PSZCZYNA                      ","2025","03","09","12",19.7,,,"8","W","N",,"8","S  ",,2,,2,,8,
"249180010","PSZCZYNA                      ","2025","03","09","18",12.3,,,"8","W","N",,"8","C  ",,0,,6,,8,
"249180010","PSZCZYNA                      ","2025","03","10","06",5.7,,,"8","W","N",,"8","E  ",,1,,4,,8,
"249180010","PSZCZYNA                      ","2025","03","10","12",18.7,,,"8","W","N",,"8","SW ",,4,,2,,8,
"249180010","PSZCZYNA                      ","2025","03","10","18",14.5,,,"8","W","N",,"8","SSW",,4,,6,,7,
"249180010","PSZCZYNA                      ","2025","03","11","06",8.1,,,"8","W","N",,"8","SW ",,2,,8,,6,
"249180010","PSZCZYNA                      ","2025","03","11","12",15.2,,,"8","W","N",,"8","SW ",,3,,6,,8,
"249180010","PSZCZYNA                      ","2025","03","11","18",10.0,,,"8","W","N",,"8","SW ",,1,,8,,7,
"249180010","PSZCZYNA                      ","2025","03","12","06",3.2,,,"8",,"N",,"8","C  ",,0,,3,,6,
"249180010","PSZCZYNA                      ","2025","03","12","12",16.9,,,"8","W","N",,"8","S  ",,3,,2,,8,
"249180010","PSZCZYNA                      ","2025","03","12","18",12.5,,,"8","W","N",,"8","S  ",,2,,8,,7,
"249180010","PSZCZYNA                      ","2025","03","13","06",1.8,,,"8",,"N",,"8","NE ",,1,,8,,5,
"249180010","PSZCZYNA                      ","2025","03","13","12",7.1,,,"8","W","N",,"8","ESE",,2,,8,,5,
"249180010","PSZCZYNA                      ","2025","03","13","18",2.6,,,"8",,"N",,"8","W  ",,4,,8,,5,
"249180010","PSZCZYNA                      ","2025","03","14","06",1.9,,,"8",,"N",,"8","C  ",,0,,8,,5,
"249180010","PSZCZYNA                      ","2025","03","14","12",4.3,,,"8",,"N",,"8","ENE",,2,,8,,4,
"249180010","PSZCZYNA                      ","2025","03","14","18",3.0,,,"8",,"N",,"8","NNW",,1,,8,,4,
"249180010","PSZCZYNA                      ","2025","03","15","06",1.8,,,"8",,"N",,"8","NE ",,2,,8,,4,
"249180010","PSZCZYNA                      ","2025","03","15","12",3.2,,,"8",,"N",,"8","ENE",,2,,4,,5,
"249180010","PSZCZYNA                      ","2025","03","15","18",-0.4,,,"8",,"N",,"8","ENE",,1,,6,,5,
"249180010","PSZCZYNA                      ","2025","03","16","06",-1.1,,,"8",,"N",,"8","ENE",,2,,8,,6,
"249180010","PSZCZYNA                      ","2025","03","16","12",3.5,,,"8",,"N",,"8","ESE",,3,,4,,7,
"249180010","PSZCZYNA                      ","2025","03","16","18",-0.2,,,"8",,"N",,"8","C  ",,0,,4,,6,
"249180010","PSZCZYNA                      ","2025","03","17","06",-2.6,,,"8",,"N",,"8","N  ",,2,,8,,5,
"249180010","PSZCZYNA                      ","2025","03","17","12",3.5,,,"8",,"N",,"8","N  ",,3,,6,,7,
"249180010","PSZCZYNA                      ","2025","03","17","18",-1.2,,,"8",,"N",,"8","C  ",,0,,6,,6,
"249180010","PSZCZYNA                      ","2025","03","18","06",-1.4,,,"8",,"N",,"8","W  ",,2,,7,,6,
"249180010","PSZCZYNA                      ","2025","03","18","12",4.7,,,"8",,"N",,"8","W  ",,3,,4,,8,
"249180010","PSZCZYNA                      ","2025","03","18","18",0.9,,,"8",,"N",,"8","SW ",,2,,4,,8,
"249180010","PSZCZYNA                      ","2025","03","19","06",-1.1,,,"8",,"N",,"8","SSW",,1,,3,,6,
"249180010","PSZCZYNA                      ","2025","03","19","12",9.3,,,"8","W","N",,"8","SW ",,3,,1,,8,
"249180010","PSZCZYNA                      ","2025","03","19","18",4.9,,,"8",,"N",,"8","C  ",,0,,4,,7,
"249180010","PSZCZYNA                      ","2025","03","20","06",-0.9,,,"8",,"N",,"8","SE ",,1,,2,,6,
"249180010","PSZCZYNA                      ","2025","03","20","12",13.7,,,"8","W","N",,"8","SW ",,3,,1,,8,
"249180010","PSZCZYNA                      ","2025","03","20","18",7.4,,,"8","W","N",,"8","WSW",,2,,4,,8,
"249180010","PSZCZYNA                      ","2025","03","21","06",1.1,,,"8",,"N",,"8","C  ",,0,,2,,6,
"249180010","PSZCZYNA                      ","2025","03","21","12",14.7,,,"8","W","N",,"8","WSW",,2,,1,,8,
"249180010","PSZCZYNA                      ","2025","03","21","18",8.1,,,"8","W","N",,"8","C  ",,0,,1,,8,
"249180010","PSZCZYNA                      ","2025","03","22","06",4.7,,,"8",,"N",,"8","ENE",,1,,0,,6,
"249180010","PSZCZYNA                      ","2025","03","22","12",14.9,,,"8","W","N",,"8","ENE",,3,,0,,8,
"249180010","PSZCZYNA                      ","2025","03","22","18",7.3,,,"8","W","N",,"8","ENE",,2,,1,,8,
"249180010","PSZCZYNA                      ","2025","03","23","06",5.3,,,"8","W","N",,"8","ENE",,1,,6,,6,
"249180010","PSZCZYNA                      ","2025","03","23","12",9.4,,,"8","W","N",,"8","E  ",,1,,6,,5,
"249180010","PSZCZYNA                      ","2025","03","23","18",8.0,,,"8","W","N",,"8","ENE",,1,,8,,4,
"249180010","PSZCZYNA                      ","2025","03","24","06",8.3,,,"8","W","N",,"8","W  ",,1,,8,,6,
"249180010","PSZCZYNA                      ","2025","03","24","12",12.0,,,"8","W","N",,"8","NW ",,2,,8,,7,
"249180010","PSZCZYNA                      ","2025","03","24","18",9.0,,,"8","W","N",,"8","C  ",,0,,8,,6,
"249180010","PSZCZYNA                      ","2025","03","25","06",6.5,,,"8","W","N",,"8","NW ",,1,,8,,4,
"249180010","PSZCZYNA                      ","2025","03","25","12",12.1,,,"8","W","N",,"8","SSW",,2,,1,,7,
"249180010","PSZCZYNA                      ","2025","03","25","18",9.0,,,"8","W","N",,"8","C  ",,0,,1,,7,
"249180010","PSZCZYNA                      ","2025","03","26","06",4.1,,,"8",,"N",,"8","SSW",,1,,0,,6,
"249180010","PSZCZYNA                      ","2025","03","26","12",14.9,,,"8","W","N",,"8","WNW",,3,,5,,7,
"249180010","PSZCZYNA                      ","2025","03","26","18",10.8,,,"8","W","N",,"8","NW ",,1,,8,,7,
"249180010","PSZCZYNA                      ","2025","03","27","06",6.9,,,"8","W","N",,"8","C  ",,0,,8,,6,
"249180010","PSZCZYNA                      ","2025","03","27","12",9.4,,,"8","W","N",,"8","N  ",,2,,8,,7,
"249180010","PSZCZYNA                      ","2025","03","27","18",7.4,,,"8","W","N",,"8","NNE",,1,,8,,6,
"249180010","PSZCZYNA                      ","2025","03","28","06",5.3,,,"8","W","N",,"8","ENE",,2,,5,,6,
"249180010","PSZCZYNA                      ","2025","03","28","12",11.5,,,"8","W","N",,"8","ENE",,4,,5,,7,
"249180010","PSZCZYNA                      ","2025","03","28","18",8.0,,,"8","W","N",,"8","E  ",,2,,6,,6,
"249180010","PSZCZYNA                      ","2025","03","29","06",8.8,,,"8","W","N",,"8","E  ",,1,,1,,6,
"249180010","PSZCZYNA                      ","2025","03","29","12",15.9,,,"8","W","N",,"8","E  ",,3,,1,,8,
"249180010","PSZCZYNA                      ","2025","03","29","18",8.1,,,"8","W","N",,"8","NE ",,1,,4,,8,
"249180010","PSZCZYNA                      ","2025","03","30","06",7.6,,,"8","W","N",,"8","WNW",,2,,7,,5,
"249180010","PSZCZYNA                      ","2025","03","30","12",12.7,,,"8","W","N",,"8","SW ",,3,,4,,7,
"249180010","PSZCZYNA                      ","2025","03","30","18",9.4,,,"8","W","N",,"8","C  ",,0,,6,,6,
"249180010","PSZCZYNA                      ","2025","03","31","06",7.1,,,"8","W","N",,"8","WNW",,2,,6,,6,
"249180010","PSZCZYNA                      ","2025","03","31","12",10.0,,,"8","W","N",,"8","N  ",,1,,4,,7,
"249180010","PSZCZYNA                      ","2025","03","31","18",7.2,,,"8","W","N",,"8","C  ",,0,,8,,6,
"249190560","JAB£ONKA                      ","2025","03","01","06",-3.7,,,"8",,"N",,"8","SW ",,1,,8,,3,
"249190560","JAB£ONKA                      ","2025","03","01","12",3.8,,,"8",,"N",,"8","WNW",,3,,8,,7,
"249190560","JAB£ONKA                      ","2025","03","01","18",0.3,,,"8",,"N",,"8","WNW",,3,,7,,7,
"249190560","JAB£ONKA                      ","2025","03","02","06",-0.8,,,"8",,"N",,"8","WNW",,1,,7,,7,
"249190560","JAB£ONKA                      ","2025","03","02","12",3.7,,,"8",,"N",,"8","W  ",,2,,1,,8,
"249190560","JAB£ONKA                      ","2025","03","02","18",-0.8,,,"8",,"N",,"8","WSW",,1,,0,,8,
"249190560","JAB£ONKA                      ","2025","03","03","06",-0.4,,,"8",,"N",,"8","C  ",,0,,7,,7,
"249190560","JAB£ONKA                      ","2025","03","03","12",6.6,,,"8","W","N",,"8","SW ",,2,,5,,7,
"249190560","JAB£ONKA                      ","2025","03","03","18",-0.2,,,"8",,"N",,"8","C  ",,0,,4,,7,
"249190560","JAB£ONKA                      ","2025","03","04","06",-7.0,,,"8",,"N",,"8","C  ",,0,,6,,5,
"249190560","JAB£ONKA                      ","2025","03","04","12",11.5,,,"8","W","N",,"8","SW ",,1,,0,,8,
"249190560","JAB£ONKA                      ","2025","03","04","18",-0.6,,,"8",,"N",,"8","NE ",,1,,0,,8,
"249190560","JAB£ONKA                      ","2025","03","05","06",-9.4,,,"8",,"N",,"8","C  ",,0,,1,,8,
"249190560","JAB£ONKA                      ","2025","03","05","12",14.5,,,"8","W","N",,"8","SW ",,2,,1,,8,
"249190560","JAB£ONKA                      ","2025","03","05","18",3.0,,,"8",,"N",,"8","NNE",,1,,1,,8,
"249190560","JAB£ONKA                      ","2025","03","06","06",-4.6,,,"8",,"N",,"8","NE ",,1,,1,,8,
"249190560","JAB£ONKA                      ","2025","03","06","12",16.9,,,"8","W","N",,"8","WSW",,2,,1,,8,
"249190560","JAB£ONKA                      ","2025","03","06","18",8.9,,,"8","W","N",,"8","W  ",,1,,0,,8,
"249190560","JAB£ONKA                      ","2025","03","07","06",-3.0,,,"8",,"N",,"8","C  ",,0,,8,,7,
"249190560","JAB£ONKA                      ","2025","03","07","12",13.3,,,"8","W","N",,"8","W  ",,1,,6,,7,
"249190560","JAB£ONKA                      ","2025","03","07","18",2.6,,,"8",,"N",,"8","C  ",,0,,2,,8,
"249190560","JAB£ONKA                      ","2025","03","08","06",-5.9,,,"8",,"N",,"8","C  ",,0,,4,,8,
"249190560","JAB£ONKA                      ","2025","03","08","12",17.0,,,"8","W","N",,"8","S  ",,1,,1,,8,
"249190560","JAB£ONKA                      ","2025","03","08","18",3.6,,,"8",,"N",,"8","E  ",,1,,0,,8,
"249190560","JAB£ONKA                      ","2025","03","09","06",-5.5,,,"8",,"N",,"8","C  ",,0,,2,,8,
"249190560","JAB£ONKA                      ","2025","03","09","12",15.5,,,"8","W","N",,"8","WNW",,2,,6,,7,
"249190560","JAB£ONKA                      ","2025","03","09","18",7.7,,,"8","W","N",,"8","NE ",,1,,7,,7,
"249190560","JAB£ONKA                      ","2025","03","10","06",-0.2,,,"8",,"N",,"8","ENE",,1,,5,,7,
"249190560","JAB£ONKA                      ","2025","03","10","12",16.0,,,"8","W","N",,"8","SW ",,3,,8,,7,
"249190560","JAB£ONKA                      ","2025","03","10","18",12.9,,,"8","W","N",,"8","SW ",,1,,8,,7,
"249190560","JAB£ONKA                      ","2025","03","11","06",7.5,,,"8","W","N",,"8","WSW",,1,,8,,7,
"249190560","JAB£ONKA                      ","2025","03","11","12",12.6,,,"8","W","N",,"8","WSW",,2,,8,,7,
"249190560","JAB£ONKA                      ","2025","03","11","18",6.9,,,"8","W","N",,"8","C  ",,0,,8,,7,
"249190560","JAB£ONKA                      ","2025","03","12","06",-1.0,,,"8",,"N",,"8","ENE",,1,,2,,8,
"249190560","JAB£ONKA                      ","2025","03","12","12",12.5,,,"8","W","N",,"8","SW ",,2,,4,,8,
"249190560","JAB£ONKA                      ","2025","03","12","18",9.7,,,"8","W","N",,"8","SSW",,1,,5,,8,
"249190560","JAB£ONKA                      ","2025","03","13","06",5.2,,,"8","W","N",,"8","C  ",,0,,7,,7,
"249190560","JAB£ONKA                      ","2025","03","13","12",9.8,,,"8","W","N",,"8","SW ",,1,,8,,7,
"249190560","JAB£ONKA                      ","2025","03","13","18",5.8,,,"8","W","N",,"8","WSW",,3,,8,,7,
"249190560","JAB£ONKA                      ","2025","03","14","06",2.6,,,"8",,"N",,"8","E  ",,1,,8,,7,
"249190560","JAB£ONKA                      ","2025","03","14","12",7.2,,,"8","W","N",,"8","E  ",,1,,8,,5,
"249190560","JAB£ONKA                      ","2025","03","14","18",4.1,,,"8",,"N",,"8","NNE",,2,,8,,5,
"249190560","JAB£ONKA                      ","2025","03","15","06",0.0,,,"8",,"N",,"8","NNE",,2,,8,,5,
"249190560","JAB£ONKA                      ","2025","03","15","12",0.3,,,"8",,"N",,"8","NE ",,3,,8,,5,
"249190560","JAB£ONKA                      ","2025","03","15","18",-0.8,,,"8",,"N",,"8","NE ",,3,,8,,7,
"249190560","JAB£ONKA                      ","2025","03","16","06",-2.1,,,"8",,"N",,"8","NNE",,2,,6,,7,
"249190560","JAB£ONKA                      ","2025","03","16","12",-1.0,,,"8",,"N",,"8","NNE",,3,,8,,7,
"249190560","JAB£ONKA                      ","2025","03","16","18",-1.8,,,"8",,"N",,"8","ENE",,1,,6,,7,
"249190560","JAB£ONKA                      ","2025","03","17","06",-3.3,,,"8",,"N",,"8","NNE",,1,,8,,5,
"249190560","JAB£ONKA                      ","2025","03","17","12",-1.8,,,"8",,"N",,"8","NE ",,3,,5,,8,
"249190560","JAB£ONKA                      ","2025","03","17","18",-4.2,,,"8",,"N",,"8","NE ",,2,,4,,8,
"249190560","JAB£ONKA                      ","2025","03","18","06",-14.1,,,"8","L","N",,"8","C  ",,0,,1,,8,
"249190560","JAB£ONKA                      ","2025","03","18","12",1.2,,,"8",,"N",,"8","W  ",,2,,1,,8,
"249190560","JAB£ONKA                      ","2025","03","18","18",-2.4,,,"8",,"N",,"8","C  ",,0,,1,,8,
"249190560","JAB£ONKA                      ","2025","03","19","06",-10.8,,,"8","L","N",,"8","C  ",,0,,1,,8,
"249190560","JAB£ONKA                      ","2025","03","19","12",6.8,,,"8","W","N",,"8","WSW",,2,,1,,8,
"249190560","JAB£ONKA                      ","2025","03","19","18",-0.1,,,"8",,"N",,"8","NE ",,1,,0,,8,
"249190560","JAB£ONKA                      ","2025","03","20","06",-7.5,,,"8",,"N",,"8","E  ",,1,,0,,8,
"249190560","JAB£ONKA                      ","2025","03","20","12",12.1,,,"8","W","N",,"8","WSW",,2,,1,,8,
"249190560","JAB£ONKA                      ","2025","03","20","18",3.3,,,"8",,"N",,"8","SW ",,1,,0,,8,
"249190560","JAB£ONKA                      ","2025","03","21","06",-5.8,,,"8",,"N",,"8","NNE",,1,,0,,8,
"249190560","JAB£ONKA                      ","2025","03","21","12",13.7,,,"8","W","N",,"8","WSW",,2,,0,,8,
"249190560","JAB£ONKA                      ","2025","03","21","18",6.1,,,"8","W","N",,"8","E  ",,1,,0,,8,
"249190560","JAB£ONKA                      ","2025","03","22","06",-5.8,,,"8",,"N",,"8","C  ",,0,,0,,8,
"249190560","JAB£ONKA                      ","2025","03","22","12",13.0,,,"8","W","N",,"8","NE ",,2,,1,,8,
"249190560","JAB£ONKA                      ","2025","03","22","18",6.8,,,"8","W","N",,"8","E  ",,1,,3,,8,
"249190560","JAB£ONKA                      ","2025","03","23","06",0.2,,,"8",,"N",,"8","C  ",,0,,6,,7,
"249190560","JAB£ONKA                      ","2025","03","23","12",9.9,,,"8","W","N",,"8","NE ",,2,,8,,7,
"249190560","JAB£ONKA                      ","2025","03","23","18",9.2,,,"8","W","N",,"8","WNW",,1,,8,,7,
"249190560","JAB£ONKA                      ","2025","03","24","06",2.0,,,"8",,"N",,"8","E  ",,1,,8,,7,
"249190560","JAB£ONKA                      ","2025","03","24","12",12.5,,,"8","W","N",,"8","W  ",,2,,8,,7,
"249190560","JAB£ONKA                      ","2025","03","24","18",7.4,,,"8","W","N",,"8","C  ",,0,,8,,5,
"249190560","JAB£ONKA                      ","2025","03","25","06",6.4,,,"8","W","N",,"8","NE ",,1,,8,,5,
"249190560","JAB£ONKA                      ","2025","03","25","12",12.1,,,"8","W","N",,"8","WNW",,1,,5,,8,
"249190560","JAB£ONKA                      ","2025","03","25","18",5.8,,,"8","W","N",,"8","C  ",,0,,2,,8,
"249190560","JAB£ONKA                      ","2025","03","26","06",-0.6,,,"8",,"N",,"8","C  ",,0,,8,,3,
"249190560","JAB£ONKA                      ","2025","03","26","12",13.3,,,"8","W","N",,"8","WNW",,1,,8,,7,
"249190560","JAB£ONKA                      ","2025","03","26","18",7.7,,,"8","W","N",,"8","C  ",,0,,4,,8,
"249190560","JAB£ONKA                      ","2025","03","27","06",5.6,,,"8","W","N",,"8","NNE",,1,,8,,7,
"249190560","JAB£ONKA                      ","2025","03","27","12",7.2,,,"8","W","N",,"8","N  ",,4,,8,,7,
"249190560","JAB£ONKA                      ","2025","03","27","18",5.5,,,"8","W","N",,"8","NNE",,2,,8,,7,
"249190560","JAB£ONKA                      ","2025","03","28","06",5.0,,,"8",,"N",,"8","ENE",,2,,8,,7,
"249190560","JAB£ONKA                      ","2025","03","28","12",8.7,,,"8","W","N",,"8","ESE",,3,,6,,7,
"249190560","JAB£ONKA                      ","2025","03","28","18",5.6,,,"8","W","N",,"8","NNE",,1,,6,,7,
"249190560","JAB£ONKA                      ","2025","03","29","06",3.4,,,"8",,"N",,"8","C  ",,0,,8,,7,
"249190560","JAB£ONKA                      ","2025","03","29","12",13.3,,,"8","W","N",,"8","ENE",,2,,8,,7,
"249190560","JAB£ONKA                      ","2025","03","29","18",9.3,,,"8","W","N",,"8","NE ",,2,,8,,7,
"249190560","JAB£ONKA                      ","2025","03","30","06",3.0,,,"8",,"N",,"8","C  ",,0,,2,,7,
"249190560","JAB£ONKA                      ","2025","03","30","12",9.6,,,"8","W","N",,"8","NNE",,1,,7,,7,
"249190560","JAB£ONKA                      ","2025","03","30","18",8.3,,,"8","W","N",,"8","WSW",,1,,8,,7,
"249190560","JAB£ONKA                      ","2025","03","31","06",4.4,,,"8",,"N",,"8","N  ",,1,,8,,7,
"249190560","JAB£ONKA                      ","2025","03","31","12",6.4,,,"8","W","N",,"8","NE ",,2,,8,,7,
"249190560","JAB£ONKA                      ","2025","03","31","18",4.3,,,"8",,"N",,"8","E  ",,1,,8,,7,
"249190670","POLANA CHOCHO£OWSKA           ","2025","03","01","06",-4.5,,,"8",,"N",,"8","C  ",,0,,3,,5,
"249190670","POLANA CHOCHO£OWSKA           ","2025","03","01","12",0.5,,,"8",,"N",,"8","E  ",,1,,6,,5,
"249190670","POLANA CHOCHO£OWSKA           ","2025","03","01","18",-2.4,,,"8",,"N",,"8","E  ",,1,,8,,3,
"249190670","POLANA CHOCHO£OWSKA           ","2025","03","02","06",-4.3,,,"8",,"N",,"8","E  ",,1,,8,,4,
"249190670","POLANA CHOCHO£OWSKA           ","2025","03","02","12",1.2,,,"8",,"N",,"8","E  ",,1,,1,,5,
"249190670","POLANA CHOCHO£OWSKA           ","2025","03","02","18",-5.5,,,"8",,"N",,"8","ESE",,1,,2,,5,
"249190670","POLANA CHOCHO£OWSKA           ","2025","03","03","06",-4.5,,,"8",,"N",,"8","S  ",,1,,3,,5,
"249190670","POLANA CHOCHO£OWSKA           ","2025","03","03","12",5.2,,,"8","W","N",,"8","NE ",,1,,1,,5,
"249190670","POLANA CHOCHO£OWSKA           ","2025","03","03","18",-1.2,,,"8",,"N",,"8","C  ",,0,,1,,5,
"249190670","POLANA CHOCHO£OWSKA           ","2025","03","04","06",-2.8,,,"8",,"N",,"8","C  ",,0,,2,,5,
"249190670","POLANA CHOCHO£OWSKA           ","2025","03","04","12",9.5,,,"8","W","N",,"8","C  ",,0,,0,,5,
"249190670","POLANA CHOCHO£OWSKA           ","2025","03","04","18",-1.6,,,"8",,"N",,"8","SSE",,1,,0,,5,
"249190670","POLANA CHOCHO£OWSKA           ","2025","03","05","06",-1.6,,,"8",,"N",,"8","C  ",,0,,0,,5,
"249190670","POLANA CHOCHO£OWSKA           ","2025","03","05","12",13.0,,,"8","W","N",,"8","C  ",,0,,0,,5,
"249190670","POLANA CHOCHO£OWSKA           ","2025","03","05","18",2.8,,,"8",,"N",,"8","ESE",,1,,0,,5,
"249190670","POLANA CHOCHO£OWSKA           ","2025","03","06","06",6.6,,,"8","W","N",,"8","E  ",,2,,0,,5,
"249190670","POLANA CHOCHO£OWSKA           ","2025","03","06","12",14.7,,,"8","W","N",,"8","E  ",,2,,0,,5,
"249190670","POLANA CHOCHO£OWSKA           ","2025","03","06","18",6.0,,,"8","W","N",,"8","E  ",,2,,0,,5,
"249190670","POLANA CHOCHO£OWSKA           ","2025","03","07","06",2.4,,,"8",,"N",,"8","C  ",,0,,5,,5,
"249190670","POLANA CHOCHO£OWSKA           ","2025","03","07","12",13.1,,,"8","W","N",,"8","C  ",,0,,5,,5,
"249190670","POLANA CHOCHO£OWSKA           ","2025","03","07","18",2.5,,,"8",,"N",,"8","C  ",,0,,3,,5,
"249190670","POLANA CHOCHO£OWSKA           ","2025","03","08","06",2.1,,,"8",,"N",,"8","C  ",,0,,3,,5,
"249190670","POLANA CHOCHO£OWSKA           ","2025","03","08","12",14.4,,,"8","W","N",,"8","NNE",,1,,0,,5,
"249190670","POLANA CHOCHO£OWSKA           ","2025","03","08","18",3.4,,,"8",,"N",,"8","ENE",,1,,3,,5,
"249190670","POLANA CHOCHO£OWSKA           ","2025","03","09","06",2.8,,,"8",,"N",,"8","ENE",,1,,5,,5,
"249190670","POLANA CHOCHO£OWSKA           ","2025","03","09","12",14.0,,,"8","W","N",,"8","NE ",,1,,4,,5,
"249190670","POLANA CHOCHO£OWSKA           ","2025","03","09","18",9.1,,,"8","W","N",,"8","ENE",,3,,5,,5,
"249190670","POLANA CHOCHO£OWSKA           ","2025","03","10","06",8.3,,,"8","W","N",,"8","NE ",,3,,6,,5,
"249190670","POLANA CHOCHO£OWSKA           ","2025","03","10","12",11.9,,,"8","W","N",,"8","NE ",,4,,4,,5,
"249190670","POLANA CHOCHO£OWSKA           ","2025","03","10","18",7.7,,,"8","W","N",,"8","ENE",,4,,5,,5,
"249190670","POLANA CHOCHO£OWSKA           ","2025","03","11","06",4.9,,,"8",,"N",,"8","ENE",,1,,3,,5,
"249190670","POLANA CHOCHO£OWSKA           ","2025","03","11","12",9.4,,,"8","W","N",,"8","NE ",,1,,5,,5,
"249190670","POLANA CHOCHO£OWSKA           ","2025","03","11","18",4.3,,,"8",,"N",,"8","C  ",,0,,8,,5,
"249190670","POLANA CHOCHO£OWSKA           ","2025","03","12","06",5.0,,,"8",,"N",,"8","ENE",,2,,1,,5,
"249190670","POLANA CHOCHO£OWSKA           ","2025","03","12","12",7.9,,,"8","W","N",,"8","ENE",,3,,5,,5,
"249190670","POLANA CHOCHO£OWSKA           ","2025","03","12","18",7.7,,,"8","W","N",,"8","ENE",,2,,7,,5,
"249190670","POLANA CHOCHO£OWSKA           ","2025","03","13","06",6.6,,,"8","W","N",,"8","NE ",,1,,8,,3,
"249190670","POLANA CHOCHO£OWSKA           ","2025","03","13","12",6.4,,,"8","W","N",,"8","NE ",,3,,8,,3,
"249190670","POLANA CHOCHO£OWSKA           ","2025","03","13","18",4.7,,,"8",,"N",,"8","ENE",,4,,6,,5,
"249190670","POLANA CHOCHO£OWSKA           ","2025","03","14","06",4.4,,,"8",,"N",,"8","SE ",,2,,8,,5,
"249190670","POLANA CHOCHO£OWSKA           ","2025","03","14","12",5.2,,,"8","W","N",,"8","E  ",,1,,8,,3,
"249190670","POLANA CHOCHO£OWSKA           ","2025","03","14","18",3.3,,,"8",,"N",,"8","C  ",,0,,8,,3,
"249190670","POLANA CHOCHO£OWSKA           ","2025","03","15","06",-0.6,,,"8",,"N",,"8","C  ",,0,,8,,2,
"249190670","POLANA CHOCHO£OWSKA           ","2025","03","15","12",-1.9,,,"8",,"N",,"8","NE ",,1,,8,,2,
"249190670","POLANA CHOCHO£OWSKA           ","2025","03","15","18",-3.6,,,"8",,"N",,"8","C  ",,0,,8,,5,
"249190670","POLANA CHOCHO£OWSKA           ","2025","03","16","06",-2.4,,,"8",,"N",,"8","C  ",,0,,0,,5,
"249190670","POLANA CHOCHO£OWSKA           ","2025","03","16","12",-1.5,,,"8",,"N",,"8","NE ",,1,,8,,3,
"249190670","POLANA CHOCHO£OWSKA           ","2025","03","16","18",-2.2,,,"8",,"N",,"8","C  ",,0,,8,,3,
"249190670","POLANA CHOCHO£OWSKA           ","2025","03","17","06",-4.1,,,"8",,"N",,"8","C  ",,0,,8,,3,
"249190670","POLANA CHOCHO£OWSKA           ","2025","03","17","12",-7.8,,,"8",,"N",,"8","ENE",,2,,8,,3,
"249190670","POLANA CHOCHO£OWSKA           ","2025","03","17","18",-8.3,,,"8",,"N",,"8","E  ",,2,,8,,3,
"249190670","POLANA CHOCHO£OWSKA           ","2025","03","18","06",-11.3,,,"8","L","N",,"8","C  ",,0,,0,,5,
"249190670","POLANA CHOCHO£OWSKA           ","2025","03","18","12",-2.2,,,"8",,"N",,"8","NNE",,1,,1,,5,
"249190670","POLANA CHOCHO£OWSKA           ","2025","03","18","18",-8.2,,,"8",,"N",,"8","C  ",,0,,1,,5,
"249190670","POLANA CHOCHO£OWSKA           ","2025","03","19","06",-5.5,,,"8",,"N",,"8","C  ",,0,,0,,5,
"249190670","POLANA CHOCHO£OWSKA           ","2025","03","19","12",3.9,,,"8",,"N",,"8","NE ",,2,,0,,5,
"249190670","POLANA CHOCHO£OWSKA           ","2025","03","19","18",-1.8,,,"8",,"N",,"8","C  ",,0,,0,,5,
"249190670","POLANA CHOCHO£OWSKA           ","2025","03","20","06",-2.3,,,"8",,"N",,"8","SE ",,1,,0,,5,
"249190670","POLANA CHOCHO£OWSKA           ","2025","03","20","12",9.4,,,"8","W","N",,"8","ENE",,1,,0,,5,
"249190670","POLANA CHOCHO£OWSKA           ","2025","03","20","18",-0.5,,,"8",,"N",,"8","C  ",,0,,1,,5,
"249190670","POLANA CHOCHO£OWSKA           ","2025","03","21","06",-0.2,,,"8",,"N",,"8","C  ",,0,,0,,5,
"249190670","POLANA CHOCHO£OWSKA           ","2025","03","21","12",9.6,,,"8","W","N",,"8","ENE",,1,,0,,5,
"249190670","POLANA CHOCHO£OWSKA           ","2025","03","21","18",1.0,,,"8",,"N",,"8","E  ",,1,,1,,5,
"249190670","POLANA CHOCHO£OWSKA           ","2025","03","22","06",1.6,,,"8",,"N",,"8","C  ",,0,,0,,5,
"249190670","POLANA CHOCHO£OWSKA           ","2025","03","22","12",9.6,,,"8","W","N",,"8","ENE",,2,,1,,5,
"249190670","POLANA CHOCHO£OWSKA           ","2025","03","22","18",4.5,,,"8",,"N",,"8","ENE",,2,,7,,5,
"249190670","POLANA CHOCHO£OWSKA           ","2025","03","23","06",5.4,,,"8","W","N",,"8","ENE",,5,,6,,5,
"249190670","POLANA CHOCHO£OWSKA           ","2025","03","23","12",6.4,,,"8","W","N",,"8","ENE",,2,,8,,4,
"249190670","POLANA CHOCHO£OWSKA           ","2025","03","23","18",6.2,,,"8","W","N",,"8","ENE",,2,,8,,4,
"249190670","POLANA CHOCHO£OWSKA           ","2025","03","24","06",5.2,,,"8","W","N",,"8","E  ",,1,,7,,5,
"249190670","POLANA CHOCHO£OWSKA           ","2025","03","24","12",9.0,,,"8","W","N",,"8","C  ",,0,,8,,5,
"249190670","POLANA CHOCHO£OWSKA           ","2025","03","24","18",4.7,,,"8",,"N",,"8","C  ",,0,,8,,3,
"249190670","POLANA CHOCHO£OWSKA           ","2025","03","25","06",3.4,,,"8",,"N",,"8","C  ",,0,,6,,3,
"249190670","POLANA CHOCHO£OWSKA           ","2025","03","25","12",9.0,,,"8","W","N",,"8","NNE",,1,,3,,5,
"249190670","POLANA CHOCHO£OWSKA           ","2025","03","25","18",3.4,,,"8",,"N",,"8","C  ",,0,,2,,5,
"249190670","POLANA CHOCHO£OWSKA           ","2025","03","26","06",2.4,,,"8",,"N",,"8","C  ",,0,,0,,5,
"249190670","POLANA CHOCHO£OWSKA           ","2025","03","26","12",8.4,,,"8","W","N",,"8","C  ",,0,,6,,5,
"249190670","POLANA CHOCHO£OWSKA           ","2025","03","26","18",6.3,,,"8","W","N",,"8","C  ",,0,,8,,5,
"249190670","POLANA CHOCHO£OWSKA           ","2025","03","27","06",2.2,,,"8",,"N",,"8","NNE",,2,,8,,1,
"249190670","POLANA CHOCHO£OWSKA           ","2025","03","27","12",2.5,,,"8",,"N",,"8","NNE",,1,,8,,1,
"249190670","POLANA CHOCHO£OWSKA           ","2025","03","27","18",2.6,,,"8",,"N",,"8","NNE",,1,,8,,1,
"249190670","POLANA CHOCHO£OWSKA           ","2025","03","28","06",0.6,,,"8",,"N",,"8","C  ",,0,,6,,5,
"249190670","POLANA CHOCHO£OWSKA           ","2025","03","28","12",8.5,,,"8","W","N",,"8","NNE",,1,,8,,5,
"249190670","POLANA CHOCHO£OWSKA           ","2025","03","28","18",3.4,,,"8",,"N",,"8","C  ",,0,,7,,5,
"249190670","POLANA CHOCHO£OWSKA           ","2025","03","29","06",6.4,,,"8","W","N",,"8","C  ",,0,,8,,5,
"249190670","POLANA CHOCHO£OWSKA           ","2025","03","29","12",7.5,,,"8","W","N",,"8","ENE",,1,,8,,5,
"249190670","POLANA CHOCHO£OWSKA           ","2025","03","29","18",5.3,,,"8","W","N",,"8","C  ",,0,,8,,5,
"249190670","POLANA CHOCHO£OWSKA           ","2025","03","30","06",4.7,,,"8",,"N",,"8","C  ",,0,,6,,5,
"249190670","POLANA CHOCHO£OWSKA           ","2025","03","30","12",4.6,,,"8",,"N",,"8","C  ",,0,,8,,5,
"249190670","POLANA CHOCHO£OWSKA           ","2025","03","30","18",5.2,,,"8","W","N",,"8","C  ",,0,,8,,5,
"249190670","POLANA CHOCHO£OWSKA           ","2025","03","31","06",0.8,,,"8",,"N",,"8","NNE",,1,,8,,3,
"249190670","POLANA CHOCHO£OWSKA           ","2025","03","31","12",1.0,,,"8",,"N",,"8","NNE",,1,,8,,3,
"249190670","POLANA CHOCHO£OWSKA           ","2025","03","31","18",0.8,,,"8",,"N",,"8","NNE",,2,,8,,3,
"249190890","RADZIECHOWY                   ","2025","03","01","06",-1.6,,-1.8,,"L","N",94,,"NW ",,1,,5,,6,
"249190890","RADZIECHOWY                   ","2025","03","01","12",2.9,,1.7,,"W","N",79,,"WNW",,4,,8,,6,
"249190890","RADZIECHOWY                   ","2025","03","01","18",1.4,,0.6,,"W","N",85,,"N  ",,1,,8,,5,
"249190890","RADZIECHOWY                   ","2025","03","02","06",0.6,,-0.4,,"W","N",81,,"N  ",,2,,8,,5,
"249190890","RADZIECHOWY                   ","2025","03","02","12",4.4,,1.8,,"W","N",59,,"NNE",,2,,2,,7,
"249190890","RADZIECHOWY                   ","2025","03","02","18",1.4,,-0.3,,"W","N",68,,"SSE",,1,,0,,7,
"249190890","RADZIECHOWY                   ","2025","03","03","06",1.5,,0.6,,"W","N",83,,"SSW",,1,,8,,6,
"249190890","RADZIECHOWY                   ","2025","03","03","12",7.8,,4.9,,"W","N",60,,"NNE",,2,,2,,7,
"249190890","RADZIECHOWY                   ","2025","03","03","18",1.8,,0.9,,"W","N",83,,"S  ",,2,,2,,6,
"249190890","RADZIECHOWY                   ","2025","03","04","06",-4.2,,-4.2,,"L","N",96,,"C  ",,0,,7,,3,
"249190890","RADZIECHOWY                   ","2025","03","04","12",11.4,,5.7,,"W","N",34,,"N  ",,2,,2,,7,
"249190890","RADZIECHOWY                   ","2025","03","04","18",2.7,,0.8,,"W","N",67,,"S  ",,1,,2,,7,
"249190890","RADZIECHOWY                   ","2025","03","05","06",-4.0,,-4.2,,"L","N",91,,"NW ",,1,,0,,6,
"249190890","RADZIECHOWY                   ","2025","03","05","12",17.0,,9.8,,"W","N",33,,"S  ",,4,,0,,8,
"249190890","RADZIECHOWY                   ","2025","03","05","18",11.8,,6.1,,"W","N",35,,"SSW",,3,,2,,7,
"249190890","RADZIECHOWY                   ","2025","03","06","06",4.9,,2.9,,"W","N",69,,"SE ",,1,,0,,8,
"249190890","RADZIECHOWY                   ","2025","03","06","12",19.9,,11.0,,"W","N",26,,"SSW",,5,,0,,8,
"249190890","RADZIECHOWY                   ","2025","03","06","18",11.0,,6.0,,"W","N",41,,"WSW",,2,,0,,7,
"249190890","RADZIECHOWY                   ","2025","03","07","06",0.3,,-0.9,,"W","N",76,,"E  ",,1,,8,,6,
"249190890","RADZIECHOWY                   ","2025","03","07","12",18.1,,10.0,,"W","N",28,,"S  ",,3,,0,,8,
"249190890","RADZIECHOWY                   ","2025","03","07","18",7.8,,4.0,,"W","N",48,,"E  ",,1,,0,,7,
"249190890","RADZIECHOWY                   ","2025","03","08","06",-2.6,,-3.0,,"L","N",89,,"WSW",,1,,0,,6,
"249190890","RADZIECHOWY                   ","2025","03","08","12",19.6,,11.0,,"W","N",28,,"SE ",,1,,0,,7,
"249190890","RADZIECHOWY                   ","2025","03","08","18",7.4,,4.1,,"W","N",54,,"SSW",,1,,0,,7,
"249190890","RADZIECHOWY                   ","2025","03","09","06",-1.0,,-1.6,,"L","N",87,,"C  ",,0,,5,,6,
"249190890","RADZIECHOWY                   ","2025","03","09","12",19.1,,10.2,,"W","N",24,,"SSE",,4,,7,,7,
"249190890","RADZIECHOWY                   ","2025","03","09","18",14.1,,8.8,,"W","N",44,,"NNE",,1,,8,,7,
"249190890","RADZIECHOWY                   ","2025","03","10","06",11.6,,6.8,,"W","N",44,,"S  ",,2,,5,,7,
"249190890","RADZIECHOWY                   ","2025","03","10","12",17.7,,13.8,,"W","N",63,,"S  ",,7,,5,,7,
"249190890","RADZIECHOWY                   ","2025","03","10","18",13.9,,10.4,,"W","N",62,,"SSW",,4,,8,,7,
"249190890","RADZIECHOWY                   ","2025","03","11","06",8.8,,6.6,,"W","N",71,,"SSW",,5,,7,,6,
"249190890","RADZIECHOWY                   ","2025","03","11","12",13.9,,9.6,,"W","N",54,,"SW ",,4,,7,,7,
"249190890","RADZIECHOWY                   ","2025","03","11","18",10.0,,7.6,,"W","N",69,,"SSE",,2,,8,,7,
"249190890","RADZIECHOWY                   ","2025","03","12","06",5.1,,4.1,,"W","N",84,,"SSW",,1,,2,,6,
"249190890","RADZIECHOWY                   ","2025","03","12","12",15.3,,10.6,,"W","N",52,,"SSW",,5,,4,,7,
"249190890","RADZIECHOWY                   ","2025","03","12","18",12.0,,9.4,,"W","N",69,,"S  ",,1,,5,,7,
"249190890","RADZIECHOWY                   ","2025","03","13","06",9.3,,8.5,,"W","N",89,,"WNW",,1,,7,,5,
"249190890","RADZIECHOWY                   ","2025","03","13","12",11.3,,10.0,,"W","N",84,,"WSW",,2,,7,,5,
"249190890","RADZIECHOWY                   ","2025","03","13","18",3.2,,2.8,,"W","N",93,,"N  ",,4,,8,,4,
"249190890","RADZIECHOWY                   ","2025","03","14","06",1.7,,1.2,,"W","N",91,,"C  ",,0,,8,,4,
"249190890","RADZIECHOWY                   ","2025","03","14","12",5.3,,4.9,,"W","N",94,,"NNE",,1,,8,,4,
"249190890","RADZIECHOWY                   ","2025","03","14","18",4.1,,3.9,,"W","N",97,,"NNW",,4,,8,,4,
"249190890","RADZIECHOWY                   ","2025","03","15","06",1.2,,0.8,,"W","N",92,,"NNE",,4,,8,,4,
"249190890","RADZIECHOWY                   ","2025","03","15","12",1.5,,1.0,,"W","N",91,,"NE ",,4,,8,,4,
"249190890","RADZIECHOWY                   ","2025","03","15","18",0.4,,0.2,,"W","N",96,,"NNE",,4,,8,,4,
"249190890","RADZIECHOWY                   ","2025","03","16","06",-0.8,,-1.2,,"L","N",91,,"N  ",,2,,8,,5,
"249190890","RADZIECHOWY                   ","2025","03","16","12",1.5,,0.2,,"W","N",76,,"N  ",,2,,8,,6,
"249190890","RADZIECHOWY                   ","2025","03","16","18",-1.8,,-2.5,,"L","N",83,,"C  ",,0,,2,,6,
"249190890","RADZIECHOWY                   ","2025","03","17","06",-2.0,,-2.5,,"L","N",87,,"C  ",,0,,8,,5,
"249190890","RADZIECHOWY                   ","2025","03","17","12",0.3,,-2.0,,"L","N",57,,"N  ",,5,,7,,7,
"249190890","RADZIECHOWY                   ","2025","03","17","18",-2.4,,-4.0,,"L","N",63,,"N  ",,3,,4,,7,
"249190890","RADZIECHOWY                   ","2025","03","18","06",-8.3,,-9.0,,"L","N",72,,"SE ",,1,,0,,6,
"249190890","RADZIECHOWY                   ","2025","03","18","12",2.9,,0.0,,"W","N",51,,"W  ",,2,,1,,8,
"249190890","RADZIECHOWY                   ","2025","03","18","18",-1.2,,-2.8,,"L","N",66,,"SSW",,1,,1,,7,
"249190890","RADZIECHOWY                   ","2025","03","19","06",-5.8,,-6.0,,"L","N",89,,"NNW",,1,,0,,6,
"249190890","RADZIECHOWY                   ","2025","03","19","12",10.0,,4.1,,"W","N",29,,"SSW",,3,,0,,8,
"249190890","RADZIECHOWY                   ","2025","03","19","18",5.1,,2.1,,"W","N",54,,"SSW",,1,,0,,7,
"249190890","RADZIECHOWY                   ","2025","03","20","06",0.6,,-1.5,,"W","N",60,,"S  ",,3,,0,,8,
"249190890","RADZIECHOWY                   ","2025","03","20","12",13.7,,7.0,,"W","N",30,,"WSW",,4,,0,,8,
"249190890","RADZIECHOWY                   ","2025","03","20","18",6.3,,2.5,,"W","N",45,,"SSW",,2,,0,,7,
"249190890","RADZIECHOWY                   ","2025","03","21","06",0.0,,-1.0,,"W","N",80,,"NNE",,1,,0,,6,
"249190890","RADZIECHOWY                   ","2025","03","21","12",16.0,,10.0,,"W","N",41,,"SW ",,2,,0,,8,
"249190890","RADZIECHOWY                   ","2025","03","21","18",6.6,,4.2,,"W","N",65,,"SW ",,1,,0,,7,
"249190890","RADZIECHOWY                   ","2025","03","22","06",0.0,,-1.1,,"W","N",78,,"C  ",,0,,0,,6,
"249190890","RADZIECHOWY                   ","2025","03","22","12",14.9,,9.3,,"W","N",43,,"N  ",,1,,3,,8,
"249190890","RADZIECHOWY                   ","2025","03","22","18",11.4,,6.8,,"W","N",46,,"SW ",,2,,5,,7,
"249190890","RADZIECHOWY                   ","2025","03","23","06",6.1,,5.4,,"W","N",89,,"NNW",,1,,8,,6,
"249190890","RADZIECHOWY                   ","2025","03","23","12",12.6,,9.5,,"W","N",65,,"SSW",,4,,8,,7,
"249190890","RADZIECHOWY                   ","2025","03","23","18",11.6,,9.0,,"W","N",69,,"SSW",,1,,7,,7,
"249190890","RADZIECHOWY                   ","2025","03","24","06",9.8,,8.5,,"W","N",83,,"SSE",,1,,7,,6,
"249190890","RADZIECHOWY                   ","2025","03","24","12",11.8,,10.6,,"W","N",85,,"NNW",,3,,8,,6,
"249190890","RADZIECHOWY                   ","2025","03","24","18",8.8,,8.8,,"W","N",100,,"C  ",,0,,8,,3,
"249190890","RADZIECHOWY                   ","2025","03","25","06",7.3,,7.1,,"W","N",97,,"N  ",,1,,8,,3,
"249190890","RADZIECHOWY                   ","2025","03","25","12",12.3,,10.4,,"W","N",78,,"NNE",,2,,4,,7,
"249190890","RADZIECHOWY                   ","2025","03","25","18",7.6,,5.3,,"W","N",68,,"SW ",,2,,1,,7,
"249190890","RADZIECHOWY                   ","2025","03","26","06",0.4,,0.0,,"W","N",92,,"C  ",,0,,0,,6,
"249190890","RADZIECHOWY                   ","2025","03","26","12",12.6,,10.0,,"W","N",70,,"N  ",,2,,8,,6,
"249190890","RADZIECHOWY                   ","2025","03","26","18",10.3,,8.4,,"W","N",76,,"NNW",,2,,8,,6,
"249190890","RADZIECHOWY                   ","2025","03","27","06",6.4,,5.9,,"W","N",92,,"NNW",,2,,8,,5,
"249190890","RADZIECHOWY                   ","2025","03","27","12",8.6,,7.0,,"W","N",78,,"N  ",,2,,7,,6,
"249190890","RADZIECHOWY                   ","2025","03","27","18",6.6,,5.5,,"W","N",84,,"N  ",,1,,8,,5,
"249190890","RADZIECHOWY                   ","2025","03","28","06",5.7,,4.9,,"W","N",88,,"NNW",,1,,4,,6,
"249190890","RADZIECHOWY                   ","2025","03","28","12",12.2,,9.5,,"W","N",68,,"NE ",,3,,5,,7,
"249190890","RADZIECHOWY                   ","2025","03","28","18",7.6,,6.4,,"W","N",83,,"NW ",,2,,7,,6,
"249190890","RADZIECHOWY                   ","2025","03","29","06",6.8,,6.0,,"W","N",88,,"ESE",,1,,6,,6,
"249190890","RADZIECHOWY                   ","2025","03","29","12",14.1,,11.0,,"W","N",66,,"NW ",,4,,8,,7,
"249190890","RADZIECHOWY                   ","2025","03","29","18",11.7,,8.4,,"W","N",61,,"NW ",,1,,8,,7,
"249190890","RADZIECHOWY                   ","2025","03","30","06",7.1,,5.3,,"W","N",74,,"C  ",,0,,8,,6,
"249190890","RADZIECHOWY                   ","2025","03","30","12",12.1,,8.8,,"W","N",62,,"S  ",,3,,5,,7,
"249190890","RADZIECHOWY                   ","2025","03","30","18",9.2,,7.2,,"W","N",74,,"SW ",,1,,8,,6,
"249190890","RADZIECHOWY                   ","2025","03","31","06",5.4,,4.7,,"W","N",89,,"NNW",,2,,8,,6,
"249190890","RADZIECHOWY                   ","2025","03","31","12",9.6,,7.2,,"W","N",69,,"NNE",,2,,8,,7,
"249190890","RADZIECHOWY                   ","2025","03","31","18",6.8,,5.9,,"W","N",87,,"NNE",,1,,8,,6,
"249200020","£AZY                          ","2025","03","01","06",-0.3,,,"8",,"N",,"8","SSW",,2,,8,,6,
"249200020","£AZY                          ","2025","03","01","12",5.3,,,"8","W","N",,"8","W  ",,5,,8,,6,
"249200020","£AZY                          ","2025","03","01","18",1.5,,,"8",,"N",,"8","W  ",,3,,8,,6,
"249200020","£AZY                          ","2025","03","02","06",1.4,,,"8",,"N",,"8","WNW",,1,,8,,6,
"249200020","£AZY                          ","2025","03","02","12",3.3,,,"8",,"N",,"8","W  ",,5,,7,,6,
"249200020","£AZY                          ","2025","03","02","18",0.3,,,"8",,"N",,"8","S  ",,1,,6,,6,
"249200020","£AZY                          ","2025","03","03","06",2.6,,,"8",,"N",,"8","WSW",,3,,8,,6,
"249200020","£AZY                          ","2025","03","03","12",5.8,,,"8","W","N",,"8","W  ",,5,,6,,6,
"249200020","£AZY                          ","2025","03","03","18",2.7,,,"8",,"N",,"8","SW ",,2,,2,,6,
"249200020","£AZY                          ","2025","03","04","06",2.1,,,"8",,"N",,"8","SW ",,3,,8,,5,
"249200020","£AZY                          ","2025","03","04","12",9.6,,,"8","W","N",,"8","WNW",,5,,6,,6,
"249200020","£AZY                          ","2025","03","04","18",5.4,,,"8","W","N",,"8","SSW",,2,,1,,6,
"249200020","£AZY                          ","2025","03","05","06",-3.2,,,"8",,"N",,"8","SSW",,2,,1,,6,
"249200020","£AZY                          ","2025","03","05","12",15.9,,,"8","W","N",,"8","WSW",,3,,2,,6,
"249200020","£AZY                          ","2025","03","05","18",7.6,,,"8","W","N",,"8","SSW",,2,,0,,6,
"249200020","£AZY                          ","2025","03","06","06",1.1,,,"8",,"N",,"8","SSW",,2,,1,,6,
"249200020","£AZY                          ","2025","03","06","12",21.8,,,"8","W","N",,"8","SSW",,2,,0,,6,
"249200020","£AZY                          ","2025","03","06","18",15.2,,,"8","W","N",,"8","SSW",,3,,0,,6,
"249200020","£AZY                          ","2025","03","07","06",5.3,,,"8","W","N",,"8","S  ",,3,,8,,6,
"249200020","£AZY                          ","2025","03","07","12",18.9,,,"8","W","N",,"8","ESE",,2,,6,,6,
"249200020","£AZY                          ","2025","03","07","18",8.9,,,"8","W","N",,"8","S  ",,2,,2,,6,
"249200020","£AZY                          ","2025","03","08","06",-1.0,,,"8",,"N",,"8","S  ",,1,,2,,5,
"249200020","£AZY                          ","2025","03","08","12",18.1,,,"8","W","N",,"8","NNE",,1,,1,,6,
"249200020","£AZY                          ","2025","03","08","18",8.1,,,"8","W","N",,"8","SSE",,1,,5,,6,
"249200020","£AZY                          ","2025","03","09","06",-0.9,,,"8",,"N",,"8","SSW",,1,,5,,6,
"249200020","£AZY                          ","2025","03","09","12",17.6,,,"8","W","N",,"8","NNE",,1,,2,,6,
"249200020","£AZY                          ","2025","03","09","18",14.5,,,"8","W","N",,"8","SSE",,4,,7,,6,
"249200020","£AZY                          ","2025","03","10","06",8.9,,,"8","W","N",,"8","SSE",,3,,6,,6,
"249200020","£AZY                          ","2025","03","10","12",20.1,,,"8","W","N",,"8","C  ",,0,,3,,6,
"249200020","£AZY                          ","2025","03","10","18",16.9,,,"8","W","N",,"8","S  ",,2,,8,,6,
"249200020","£AZY                          ","2025","03","11","06",11.0,,,"8","W","N",,"8","SSW",,3,,8,,6,
"249200020","£AZY                          ","2025","03","11","12",15.5,,,"8","W","N",,"8","SSW",,4,,8,,6,
"249200020","£AZY                          ","2025","03","11","18",10.5,,,"8","W","N",,"8","S  ",,1,,8,,6,
"249200020","£AZY                          ","2025","03","12","06",6.6,,,"8","W","N",,"8","SE ",,3,,3,,6,
"249200020","£AZY                          ","2025","03","12","12",15.6,,,"8","W","N",,"8","SE ",,2,,7,,6,
"249200020","£AZY                          ","2025","03","12","18",13.5,,,"8","W","N",,"8","SSE",,6,,3,,6,
"249200020","£AZY                          ","2025","03","13","06",11.5,,,"8","W","N",,"8","SSE",,3,,7,,6,
"249200020","£AZY                          ","2025","03","13","12",11.4,,,"8","W","N",,"8","SSE",,1,,8,,6,
"249200020","£AZY                          ","2025","03","13","18",6.4,,,"8","W","N",,"8","W  ",,5,,8,,6,
"249200020","£AZY                          ","2025","03","14","06",2.4,,,"8",,"N",,"8","C  ",,0,,8,,6,
"249200020","£AZY                          ","2025","03","14","12",6.2,,,"8","W","N",,"8","ENE",,3,,8,,6,
"249200020","£AZY                          ","2025","03","14","18",4.4,,,"8",,"N",,"8","NNW",,3,,8,,6,
"249200020","£AZY                          ","2025","03","15","06",1.1,,,"8",,"N",,"8","NNE",,3,,8,,6,
"249200020","£AZY                          ","2025","03","15","12",1.5,,,"8",,"N",,"8","NE ",,3,,8,,6,
"249200020","£AZY                          ","2025","03","15","18",0.1,,,"8",,"N",,"8","NNE",,2,,8,,6,
"249200020","£AZY                          ","2025","03","16","06",-0.8,,,"8",,"N",,"8","ENE",,1,,8,,6,
"249200020","£AZY                          ","2025","03","16","12",0.7,,,"8",,"N",,"8","E  ",,1,,8,,6,
"249200020","£AZY                          ","2025","03","16","18",-0.4,,,"8",,"N",,"8","SSW",,1,,0,,6,
"249200020","£AZY                          ","2025","03","17","06",0.1,,,"8",,"N",,"8","NW ",,4,,8,,2,
"249200020","£AZY                          ","2025","03","17","12",2.4,,,"8",,"N",,"8","NNW",,5,,6,,6,
"249200020","£AZY                          ","2025","03","17","18",-0.5,,,"8",,"N",,"8","NNW",,1,,1,,6,
"249200020","£AZY                          ","2025","03","18","06",-4.7,,,"8",,"N",,"8","SW ",,2,,0,,6,
"249200020","£AZY                          ","2025","03","18","12",3.7,,,"8",,"N",,"8","W  ",,3,,2,,6,
"249200020","£AZY                          ","2025","03","18","18",1.9,,,"8",,"N",,"8","SW ",,2,,1,,6,
"249200020","£AZY                          ","2025","03","19","06",-0.8,,,"8",,"N",,"8","SSW",,3,,0,,6,
"249200020","£AZY                          ","2025","03","19","12",8.0,,,"8","W","N",,"8","WNW",,3,,0,,6,
"249200020","£AZY                          ","2025","03","19","18",2.7,,,"8",,"N",,"8","S  ",,2,,0,,6,
"249200020","£AZY                          ","2025","03","20","06",-2.2,,,"8",,"N",,"8","SSE",,1,,0,,5,
"249200020","£AZY                          ","2025","03","20","12",12.5,,,"8","W","N",,"8","WNW",,4,,0,,6,
"249200020","£AZY                          ","2025","03","20","18",6.4,,,"8","W","N",,"8","S  ",,1,,0,,6,
"249200020","£AZY                          ","2025","03","21","06",1.9,,,"8",,"N",,"8","SSE",,3,,1,,6,
"249200020","£AZY                          ","2025","03","21","12",14.3,,,"8","W","N",,"8","SW ",,1,,1,,6,
"249200020","£AZY                          ","2025","03","21","18",8.3,,,"8","W","N",,"8","SSE",,1,,1,,6,
"249200020","£AZY                          ","2025","03","22","06",1.0,,,"8",,"N",,"8","NW ",,1,,0,,6,
"249200020","£AZY                          ","2025","03","22","12",14.0,,,"8","W","N",,"8","ENE",,5,,0,,6,
"249200020","£AZY                          ","2025","03","22","18",11.9,,,"8","W","N",,"8","SE ",,4,,2,,6,
"249200020","£AZY                          ","2025","03","23","06",8.2,,,"8","W","N",,"8","ESE",,3,,7,,6,
"249200020","£AZY                          ","2025","03","23","12",11.8,,,"8","W","N",,"8","SE ",,2,,8,,6,
"249200020","£AZY                          ","2025","03","23","18",11.3,,,"8","W","N",,"8","SE ",,6,,7,,6,
"249200020","£AZY                          ","2025","03","24","06",9.3,,,"8","W","N",,"8","C  ",,0,,8,,6,
"249200020","£AZY                          ","2025","03","24","12",13.6,,,"8","W","N",,"8","NW ",,3,,8,,6,
"249200020","£AZY                          ","2025","03","24","18",10.3,,,"8","W","N",,"8","NNW",,2,,8,,6,
"249200020","£AZY                          ","2025","03","25","06",6.8,,,"8","W","N",,"8","C  ",,0,,8,,5,
"249200020","£AZY                          ","2025","03","25","12",10.4,,,"8","W","N",,"8","SE ",,2,,7,,6,
"249200020","£AZY                          ","2025","03","25","18",7.5,,,"8","W","N",,"8","SSE",,2,,6,,6,
"249200020","£AZY                          ","2025","03","26","06",2.0,,,"8",,"N",,"8","SSW",,1,,1,,6,
"249200020","£AZY                          ","2025","03","26","12",15.6,,,"8","W","N",,"8","C  ",,0,,2,,6,
"249200020","£AZY                          ","2025","03","26","18",12.4,,,"8","W","N",,"8","NW ",,1,,7,,6,
"249200020","£AZY                          ","2025","03","27","06",7.1,,,"8","W","N",,"8","C  ",,0,,8,,6,
"249200020","£AZY                          ","2025","03","27","12",8.9,,,"8","W","N",,"8","N  ",,3,,8,,6,
"249200020","£AZY                          ","2025","03","27","18",8.2,,,"8","W","N",,"8","NW ",,1,,8,,6,
"249200020","£AZY                          ","2025","03","28","06",4.5,,,"8",,"N",,"8","NNE",,1,,8,,5,
"249200020","£AZY                          ","2025","03","28","12",13.3,,,"8","W","N",,"8","ENE",,4,,6,,6,
"249200020","£AZY                          ","2025","03","28","18",11.9,,,"8","W","N",,"8","E  ",,3,,6,,6,
"249200020","£AZY                          ","2025","03","29","06",5.0,,,"8",,"N",,"8","C  ",,0,,7,,6,
"249200020","£AZY                          ","2025","03","29","12",15.7,,,"8","W","N",,"8","ENE",,4,,6,,6,
"249200020","£AZY                          ","2025","03","29","18",13.0,,,"8","W","N",,"8","C  ",,0,,8,,6,
"249200020","£AZY                          ","2025","03","30","06",5.3,,,"8","W","N",,"8","WNW",,2,,3,,6,
"249200020","£AZY                          ","2025","03","30","12",11.8,,,"8","W","N",,"8","SW ",,4,,8,,6,
"249200020","£AZY                          ","2025","03","30","18",10.3,,,"8","W","N",,"8","WSW",,3,,8,,6,
"249200020","£AZY                          ","2025","03","31","06",6.5,,,"8","W","N",,"8","WNW",,2,,8,,6,
"249200020","£AZY                          ","2025","03","31","12",8.5,,,"8","W","N",,"8","W  ",,2,,8,,6,
"249200020","£AZY                          ","2025","03","31","18",8.7,,,"8","W","N",,"8","WNW",,1,,8,,6,
"249200130","JASTRZÊBIA                    ","2025","03","01","06",-3.8,,,"8",,"N",,"8","NE ",,2,,4,,5,
"249200130","JASTRZÊBIA                    ","2025","03","01","12",8.0,,,"8","W","N",,"8","NW ",,2,,6,,6,
"249200130","JASTRZÊBIA                    ","2025","03","01","18",1.6,,,"8",,"N",,"8","WNW",,2,,8,,5,
"249200130","JASTRZÊBIA                    ","2025","03","02","06",1.2,,,"8",,"N",,"8","WNW",,2,,8,,5,
"249200130","JASTRZÊBIA                    ","2025","03","02","12",2.8,,,"8",,"N",,"8","NW ",,2,,6,,6,
"249200130","JASTRZÊBIA                    ","2025","03","02","18",1.1,,,"8",,"N",,"8","W  ",,2,,8,,5,
"249200130","JASTRZÊBIA                    ","2025","03","03","06",1.8,,,"8",,"N",,"8","W  ",,2,,8,,6,
"249200130","JASTRZÊBIA                    ","2025","03","03","12",6.4,,,"8","W","N",,"8","WNW",,2,,4,,6,
"249200130","JASTRZÊBIA                    ","2025","03","03","18",0.4,,,"8",,"N",,"8","C  ",,0,,2,,6,
"249200130","JASTRZÊBIA                    ","2025","03","04","06",-4.0,,,"8",,"N",,"8","C  ",,0,,4,,5,
"249200130","JASTRZÊBIA                    ","2025","03","04","12",11.4,,,"8","W","N",,"8","NW ",,2,,1,,6,
"249200130","JASTRZÊBIA                    ","2025","03","04","18",1.2,,,"8",,"N",,"8","C  ",,0,,1,,6,
"249200130","JASTRZÊBIA                    ","2025","03","05","06",-5.8,,,"8",,"N",,"8","C  ",,0,,1,,5,
"249200130","JASTRZÊBIA                    ","2025","03","05","12",16.6,,,"8","W","N",,"8","WSW",,2,,1,,6,
"249200130","JASTRZÊBIA                    ","2025","03","05","18",3.7,,,"8",,"N",,"8","C  ",,0,,1,,6,
"249200130","JASTRZÊBIA                    ","2025","03","06","06",-3.4,,,"8",,"N",,"8","C  ",,0,,1,,6,
"249200130","JASTRZÊBIA                    ","2025","03","06","12",18.2,,,"8","W","N",,"8","SE ",,4,,1,,6,
"249200130","JASTRZÊBIA                    ","2025","03","06","18",12.0,,,"8","W","N",,"8","SE ",,2,,1,,6,
"249200130","JASTRZÊBIA                    ","2025","03","07","06",-2.6,,,"8",,"N",,"8","C  ",,0,,2,,6,
"249200130","JASTRZÊBIA                    ","2025","03","07","12",18.6,,,"8","W","N",,"8","WSW",,1,,4,,6,
"249200130","JASTRZÊBIA                    ","2025","03","07","18",7.3,,,"8","W","N",,"8","C  ",,0,,4,,6,
"249200130","JASTRZÊBIA                    ","2025","03","08","06",-2.6,,,"8",,"N",,"8","C  ",,0,,2,,5,
"249200130","JASTRZÊBIA                    ","2025","03","08","12",18.6,,,"8","W","N",,"8","C  ",,0,,1,,6,
"249200130","JASTRZÊBIA                    ","2025","03","08","18",5.2,,,"8","W","N",,"8","WNW",,1,,1,,6,
"249200130","JASTRZÊBIA                    ","2025","03","09","06",-3.4,,,"8",,"N",,"8","C  ",,0,,2,,5,
"249200130","JASTRZÊBIA                    ","2025","03","09","12",19.6,,,"8","W","N",,"8","ENE",,2,,2,,6,
"249200130","JASTRZÊBIA                    ","2025","03","09","18",12.2,,,"8","W","N",,"8","C  ",,0,,6,,6,
"249200130","JASTRZÊBIA                    ","2025","03","10","06",1.0,,,"8",,"N",,"8","C  ",,0,,4,,6,
"249200130","JASTRZÊBIA                    ","2025","03","10","12",19.2,,,"8","W","N",,"8","SE ",,4,,2,,6,
"249200130","JASTRZÊBIA                    ","2025","03","10","18",15.4,,,"8","W","N",,"8","S  ",,2,,7,,6,
"249200130","JASTRZÊBIA                    ","2025","03","11","06",11.2,,,"8","W","N",,"8","SW ",,1,,7,,6,
"249200130","JASTRZÊBIA                    ","2025","03","11","12",16.8,,,"8","W","N",,"8","WSW",,2,,4,,6,
"249200130","JASTRZÊBIA                    ","2025","03","11","18",10.6,,,"8","W","N",,"8","C  ",,0,,7,,6,
"249200130","JASTRZÊBIA                    ","2025","03","12","06",1.6,,,"8",,"N",,"8","C  ",,0,,1,,5,
"249200130","JASTRZÊBIA                    ","2025","03","12","12",15.8,,,"8","W","N",,"8","SSE",,3,,4,,6,
"249200130","JASTRZÊBIA                    ","2025","03","12","18",11.8,,,"8","W","N",,"8","SE ",,3,,2,,6,
"249200130","JASTRZÊBIA                    ","2025","03","13","06",10.4,,,"8","W","N",,"8","SE ",,3,,6,,6,
"249200130","JASTRZÊBIA                    ","2025","03","13","12",10.6,,,"8","W","N",,"8","ESE",,1,,7,,6,
"249200130","JASTRZÊBIA                    ","2025","03","13","18",10.4,,,"8","W","N",,"8","WNW",,3,,4,,6,
"249200130","JASTRZÊBIA                    ","2025","03","14","06",2.4,,,"8",,"N",,"8","C  ",,0,,8,,6,
"249200130","JASTRZÊBIA                    ","2025","03","14","12",7.2,,,"8","W","N",,"8","ESE",,2,,7,,6,
"249200130","JASTRZÊBIA                    ","2025","03","14","18",5.2,,,"8","W","N",,"8","NW ",,2,,8,,6,
"249200130","JASTRZÊBIA                    ","2025","03","15","06",1.2,,,"8",,"N",,"8","NE ",,1,,8,,5,
"249200130","JASTRZÊBIA                    ","2025","03","15","12",0.8,,,"8",,"N",,"8","NE ",,1,,8,,5,
"249200130","JASTRZÊBIA                    ","2025","03","15","18",0.2,,,"8",,"N",,"8","NNE",,2,,8,,5,
"249200130","JASTRZÊBIA                    ","2025","03","16","06",-0.8,,,"8",,"N",,"8","N  ",,1,,7,,5,
"249200130","JASTRZÊBIA                    ","2025","03","16","12",0.4,,,"8",,"N",,"8","NNW",,1,,7,,6,
"249200130","JASTRZÊBIA                    ","2025","03","16","18",-1.2,,,"8",,"N",,"8","C  ",,0,,2,,6,
"249200130","JASTRZÊBIA                    ","2025","03","17","06",0.2,,,"8",,"N",,"8","WNW",,1,,8,,4,
"249200130","JASTRZÊBIA                    ","2025","03","17","12",1.6,,,"8",,"N",,"8","NNW",,3,,4,,6,
"249200130","JASTRZÊBIA                    ","2025","03","17","18",-1.8,,,"8",,"N",,"8","NW ",,1,,2,,6,
"249200130","JASTRZÊBIA                    ","2025","03","18","06",-8.2,,,"8",,"N",,"8","C  ",,0,,1,,5,
"249200130","JASTRZÊBIA                    ","2025","03","18","12",3.4,,,"8",,"N",,"8","NW ",,3,,1,,6,
"249200130","JASTRZÊBIA                    ","2025","03","18","18",-2.2,,,"8",,"N",,"8","C  ",,0,,1,,6,
"249200130","JASTRZÊBIA                    ","2025","03","19","06",-4.6,,,"8",,"N",,"8","C  ",,0,,1,,5,
"249200130","JASTRZÊBIA                    ","2025","03","19","12",8.5,,,"8","W","N",,"8","WSW",,2,,1,,6,
"249200130","JASTRZÊBIA                    ","2025","03","19","18",-0.6,,,"8",,"N",,"8","W  ",,1,,1,,6,
"249200130","JASTRZÊBIA                    ","2025","03","20","06",-4.2,,,"8",,"N",,"8","C  ",,0,,1,,5,
"249200130","JASTRZÊBIA                    ","2025","03","20","12",13.4,,,"8","W","N",,"8","SE ",,2,,0,,6,
"249200130","JASTRZÊBIA                    ","2025","03","20","18",8.2,,,"8","W","N",,"8","S  ",,3,,1,,6,
"249200130","JASTRZÊBIA                    ","2025","03","21","06",-2.8,,,"8",,"N",,"8","C  ",,0,,1,,5,
"249200130","JASTRZÊBIA                    ","2025","03","21","12",14.8,,,"8","W","N",,"8","WNW",,1,,1,,6,
"249200130","JASTRZÊBIA                    ","2025","03","21","18",3.4,,,"8",,"N",,"8","C  ",,0,,1,,6,
"249200130","JASTRZÊBIA                    ","2025","03","22","06",-2.2,,,"8",,"N",,"8","C  ",,0,,1,,5,
"249200130","JASTRZÊBIA                    ","2025","03","22","12",14.2,,,"8","W","N",,"8","E  ",,3,,1,,6,
"249200130","JASTRZÊBIA                    ","2025","03","22","18",8.4,,,"8","W","N",,"8","C  ",,0,,6,,6,
"249200130","JASTRZÊBIA                    ","2025","03","23","06",8.2,,,"8","W","N",,"8","SE ",,4,,4,,6,
"249200130","JASTRZÊBIA                    ","2025","03","23","12",11.0,,,"8","W","N",,"8","SE ",,3,,8,,6,
"249200130","JASTRZÊBIA                    ","2025","03","23","18",9.6,,,"8","W","N",,"8","SSE",,2,,2,,6,
"249200130","JASTRZÊBIA                    ","2025","03","24","06",6.4,,,"8","W","N",,"8","C  ",,0,,4,,5,
"249200130","JASTRZÊBIA                    ","2025","03","24","12",13.6,,,"8","W","N",,"8","N  ",,2,,6,,6,
"249200130","JASTRZÊBIA                    ","2025","03","24","18",9.6,,,"8","W","N",,"8","C  ",,0,,8,,5,
"249200130","JASTRZÊBIA                    ","2025","03","25","06",6.5,,,"8","W","N",,"8","C  ",,0,,8,,2,
"249200130","JASTRZÊBIA                    ","2025","03","25","12",8.6,,,"8","W","N",,"8","SE ",,2,,7,,5,
"249200130","JASTRZÊBIA                    ","2025","03","25","18",5.2,,,"8","W","N",,"8","C  ",,0,,2,,6,
"249200130","JASTRZÊBIA                    ","2025","03","26","06",0.4,,,"8",,"N",,"8","C  ",,0,,8,,3,
"249200130","JASTRZÊBIA                    ","2025","03","26","12",16.4,,,"8","W","N",,"8","ESE",,1,,2,,6,
"249200130","JASTRZÊBIA                    ","2025","03","26","18",8.8,,,"8","W","N",,"8","WNW",,1,,7,,6,
"249200130","JASTRZÊBIA                    ","2025","03","27","06",7.4,,,"8","W","N",,"8","C  ",,0,,8,,6,
"249200130","JASTRZÊBIA                    ","2025","03","27","12",9.5,,,"8","W","N",,"8","NNW",,2,,7,,6,
"249200130","JASTRZÊBIA                    ","2025","03","27","18",7.8,,,"8","W","N",,"8","C  ",,0,,8,,6,
"249200130","JASTRZÊBIA                    ","2025","03","28","06",5.4,,,"8","W","N",,"8","ENE",,1,,7,,6,
"249200130","JASTRZÊBIA                    ","2025","03","28","12",10.8,,,"8","W","N",,"8","ESE",,3,,7,,6,
"249200130","JASTRZÊBIA                    ","2025","03","28","18",11.1,,,"8","W","N",,"8","C  ",,0,,6,,6,
"249200130","JASTRZÊBIA                    ","2025","03","29","06",3.5,,,"8",,"N",,"8","C  ",,0,,2,,6,
"249200130","JASTRZÊBIA                    ","2025","03","29","12",15.4,,,"8","W","N",,"8","SE ",,3,,6,,6,
"249200130","JASTRZÊBIA                    ","2025","03","29","18",10.4,,,"8","W","N",,"8","C  ",,0,,7,,6,
"249200130","JASTRZÊBIA                    ","2025","03","30","06",2.5,,,"8",,"N",,"8","C  ",,0,,2,,5,
"249200130","JASTRZÊBIA                    ","2025","03","30","12",12.6,,,"8","W","N",,"8","NW ",,2,,6,,6,
"249200130","JASTRZÊBIA                    ","2025","03","30","18",9.8,,,"8","W","N",,"8","NW ",,1,,8,,6,
"249200130","JASTRZÊBIA                    ","2025","03","31","06",6.6,,,"8","W","N",,"8","NW ",,2,,6,,6,
"249200130","JASTRZÊBIA                    ","2025","03","31","12",9.8,,,"8","W","N",,"8","WNW",,2,,7,,6,
"249200130","JASTRZÊBIA                    ","2025","03","31","18",7.8,,,"8","W","N",,"8","C  ",,0,,7,,6,
"249200180","LIMANOWA                      ","2025","03","01","06",-1.0,,-1.4,,"W","W",92,,"C  ",,0,,7,,8,
"249200180","LIMANOWA                      ","2025","03","01","12",3.5,,2.1,,"W","W",78,,"NW ",,4,,7,,8,
"249200180","LIMANOWA                      ","2025","03","01","18",0.3,,0.1,,"W","W",96,,"WNW",,4,,8,,4,
"249200180","LIMANOWA                      ","2025","03","02","06",-0.1,,-0.4,,"L","W",95,,"WNW",,5,,8,,4,
"249200180","LIMANOWA                      ","2025","03","02","12",2.9,,1.0,,"W","W",70,,"WNW",,5,,7,,8,
"249200180","LIMANOWA                      ","2025","03","02","18",-0.3,,-1.1,,"L","W",85,,"WNW",,2,,1,,8,
"249200180","LIMANOWA                      ","2025","03","03","06",1.1,,-0.1,,"L","W",81,,"NW ",,3,,8,,8,
"249200180","LIMANOWA                      ","2025","03","03","12",5.1,,2.5,,"W","W",63,,"NW ",,5,,4,,8,
"249200180","LIMANOWA                      ","2025","03","03","18",2.0,,0.5,,"W","W",75,,"W  ",,2,,1,,8,
"249200180","LIMANOWA                      ","2025","03","04","06",0.8,,-0.2,,"W","W",83,,"SW ",,2,,6,,8,
"249200180","LIMANOWA                      ","2025","03","04","12",10.2,,3.9,,"W","W",30,,"NW ",,4,,4,,8,
"249200180","LIMANOWA                      ","2025","03","04","18",6.3,,1.5,,"W","W",37,,"WSW",,3,,1,,8,
"249200180","LIMANOWA                      ","2025","03","05","06",3.7,,-1.2,,"L","W",33,,"SSW",,2,,3,,8,
"249200180","LIMANOWA                      ","2025","03","05","12",15.4,,6.0,,"W","W",17,,"WSW",,3,,3,,8,
"249200180","LIMANOWA                      ","2025","03","05","18",12.4,,5.7,,"W","W",32,,"WNW",,3,,3,,8,
"249200180","LIMANOWA                      ","2025","03","06","06",3.9,,1.1,,"W","W",58,,"SE ",,3,,1,,8,
"249200180","LIMANOWA                      ","2025","03","06","12",18.2,,9.9,,"W","W",31,,"N  ",,3,,0,,8,
"249200180","LIMANOWA                      ","2025","03","06","18",13.5,,5.8,,"W","W",26,,"S  ",,2,,1,,8,
"249200180","LIMANOWA                      ","2025","03","07","06",6.7,,2.1,,"W","W",41,,"SE ",,2,,7,,8,
"249200180","LIMANOWA                      ","2025","03","07","12",16.6,,7.7,,"W","W",23,,"SSE",,3,,5,,8,
"249200180","LIMANOWA                      ","2025","03","07","18",11.9,,5.4,,"W","W",33,,"SE ",,1,,5,,8,
"249200180","LIMANOWA                      ","2025","03","08","06",5.2,,2.0,,"W","W",55,,"E  ",,1,,3,,8,
"249200180","LIMANOWA                      ","2025","03","08","12",18.2,,8.9,,"W","W",24,,"ESE",,2,,1,,8,
"249200180","LIMANOWA                      ","2025","03","08","18",12.5,,6.1,,"W","W",35,,"S  ",,2,,3,,8,
"249200180","LIMANOWA                      ","2025","03","09","06",7.0,,2.6,,"W","W",44,,"SE ",,3,,5,,8,
"249200180","LIMANOWA                      ","2025","03","09","12",17.8,,9.0,,"W","W",27,,"ESE",,3,,5,,8,
"249200180","LIMANOWA                      ","2025","03","09","18",14.1,,6.4,,"W","W",27,,"SSE",,3,,7,,8,
"249200180","LIMANOWA                      ","2025","03","10","06",7.9,,3.9,,"W","W",50,,"ESE",,4,,6,,8,
"249200180","LIMANOWA                      ","2025","03","10","12",18.9,,10.4,,"W","W",31,,"S  ",,4,,4,,8,
"249200180","LIMANOWA                      ","2025","03","10","18",13.8,,8.5,,"W","W",47,,"S  ",,5,,8,,8,
"249200180","LIMANOWA                      ","2025","03","11","06",9.6,,7.0,,"W","W",69,,"WSW",,5,,7,,8,
"249200180","LIMANOWA                      ","2025","03","11","12",14.6,,9.2,,"W","W",48,,"WSW",,3,,7,,8,
"249200180","LIMANOWA                      ","2025","03","11","18",10.9,,7.7,,"W","W",64,,"WSW",,1,,8,,8,
"249200180","LIMANOWA                      ","2025","03","12","06",5.9,,4.7,,"W","W",83,,"SE ",,3,,3,,8,
"249200180","LIMANOWA                      ","2025","03","12","12",14.4,,9.1,,"W","W",48,,"S  ",,3,,7,,8,
"249200180","LIMANOWA                      ","2025","03","12","18",11.1,,7.9,,"W","W",64,,"S  ",,5,,4,,8,
"249200180","LIMANOWA                      ","2025","03","13","06",9.0,,8.0,,"W","W",87,,"SE ",,6,,7,,8,
"249200180","LIMANOWA                      ","2025","03","13","12",10.5,,8.3,,"W","W",74,,"S  ",,3,,7,,8,
"249200180","LIMANOWA                      ","2025","03","13","18",9.2,,6.7,,"W","W",70,,"W  ",,5,,7,,8,
"249200180","LIMANOWA                      ","2025","03","14","06",2.2,,1.6,,"W","W",90,,"E  ",,2,,8,,6,
"249200180","LIMANOWA                      ","2025","03","14","12",6.4,,4.7,,"W","W",77,,"E  ",,4,,8,,8,
"249200180","LIMANOWA                      ","2025","03","14","18",4.0,,3.8,,"W","W",97,,"NNW",,4,,8,,4,
"249200180","LIMANOWA                      ","2025","03","15","06",-0.3,,-0.4,,"L","W",98,,"NNE",,3,,8,,4,
"249200180","LIMANOWA                      ","2025","03","15","12",0.1,,-0.2,,"L","W",95,,"ENE",,2,,8,,4,
"249200180","LIMANOWA                      ","2025","03","15","18",-0.9,,-1.0,,"L","W",97,,"NE ",,4,,8,,4,
"249200180","LIMANOWA                      ","2025","03","16","06",-2.2,,-2.2,,"L","W",98,,"NW ",,1,,8,,4,
"249200180","LIMANOWA                      ","2025","03","16","12",-1.8,,-2.0,,"L","W",94,,"NW ",,2,,8,,4,
"249200180","LIMANOWA                      ","2025","03","16","18",-1.8,,-2.2,,"L","W",91,,"S  ",,1,,2,,6,
"249200180","LIMANOWA                      ","2025","03","17","06",-1.4,,-1.5,,"L","W",97,,"NW ",,3,,8,,4,
"249200180","LIMANOWA                      ","2025","03","17","12",-0.4,,-3.3,,"L","W",49,,"N  ",,5,,7,,8,
"249200180","LIMANOWA                      ","2025","03","17","18",-2.3,,-4.4,,"L","W",58,,"N  ",,4,,3,,8,
"249200180","LIMANOWA                      ","2025","03","18","06",-7.9,,-8.3,,"L","W",82,,"C  ",,0,,1,,8,
"249200180","LIMANOWA                      ","2025","03","18","12",1.6,,-1.6,,"L","W",50,,"WNW",,4,,3,,8,
"249200180","LIMANOWA                      ","2025","03","18","18",-0.7,,-3.2,,"L","W",55,,"W  ",,2,,2,,8,
"249200180","LIMANOWA                      ","2025","03","19","06",-2.0,,-4.0,,"L","W",60,,"ESE",,1,,0,,8,
"249200180","LIMANOWA                      ","2025","03","19","12",6.7,,1.6,,"W","W",35,,"WNW",,2,,0,,8,
"249200180","LIMANOWA                      ","2025","03","19","18",4.1,,1.0,,"W","W",55,,"C  ",,0,,2,,8,
"249200180","LIMANOWA                      ","2025","03","20","06",0.2,,-2.0,,"L","W",62,,"SE ",,2,,0,,8,
"249200180","LIMANOWA                      ","2025","03","20","12",12.2,,5.3,,"W","W",30,,"SSE",,2,,0,,8,
"249200180","LIMANOWA                      ","2025","03","20","18",8.3,,3.8,,"W","W",45,,"SW ",,1,,1,,8,
"249200180","LIMANOWA                      ","2025","03","21","06",2.0,,-0.8,,"W","W",55,,"SSE",,3,,1,,8,
"249200180","LIMANOWA                      ","2025","03","21","12",13.1,,6.4,,"W","W",33,,"N  ",,2,,1,,8,
"249200180","LIMANOWA                      ","2025","03","21","18",8.6,,4.5,,"W","W",50,,"S  ",,2,,1,,8,
"249200180","LIMANOWA                      ","2025","03","22","06",2.0,,0.1,,"W","W",69,,"SE ",,1,,0,,8,
"249200180","LIMANOWA                      ","2025","03","22","12",13.1,,6.8,,"W","W",37,,"E  ",,5,,2,,8,
"249200180","LIMANOWA                      ","2025","03","22","18",9.4,,4.1,,"W","W",39,,"SE ",,4,,7,,8,
"249200180","LIMANOWA                      ","2025","03","23","06",5.6,,4.9,,"W","W",90,,"E  ",,4,,7,,8,
"249200180","LIMANOWA                      ","2025","03","23","12",10.3,,7.8,,"W","W",71,,"ESE",,3,,8,,8,
"249200180","LIMANOWA                      ","2025","03","23","18",9.6,,7.3,,"W","W",72,,"S  ",,5,,6,,8,
"249200180","LIMANOWA                      ","2025","03","24","06",7.8,,6.5,,"W","W",83,,"E  ",,3,,7,,8,
"249200180","LIMANOWA                      ","2025","03","24","12",13.2,,10.1,,"W","W",67,,"N  ",,3,,8,,8,
"249200180","LIMANOWA                      ","2025","03","24","18",9.2,,8.8,,"W","W",95,,"WSW",,2,,8,,8,
"249200180","LIMANOWA                      ","2025","03","25","06",6.1,,6.1,,"W","W",100,,"NNW",,1,,8,,2,
"249200180","LIMANOWA                      ","2025","03","25","12",7.1,,6.4,,"W","W",91,,"SE ",,2,,8,,4,
"249200180","LIMANOWA                      ","2025","03","25","18",6.2,,5.5,,"W","W",90,,"SE ",,1,,2,,8,
"249200180","LIMANOWA                      ","2025","03","26","06",4.1,,3.8,,"W","W",95,,"SE ",,2,,0,,5,
"249200180","LIMANOWA                      ","2025","03","26","12",14.1,,8.9,,"W","W",49,,"SSE",,2,,6,,8,
"249200180","LIMANOWA                      ","2025","03","26","18",10.0,,7.8,,"W","W",74,,"WSW",,2,,6,,8,
"249200180","LIMANOWA                      ","2025","03","27","06",5.6,,4.9,,"W","W",90,,"NNW",,2,,8,,6,
"249200180","LIMANOWA                      ","2025","03","27","12",6.7,,5.5,,"W","W",84,,"N  ",,3,,8,,8,
"249200180","LIMANOWA                      ","2025","03","27","18",6.3,,5.1,,"W","W",83,,"WSW",,1,,8,,8,
"249200180","LIMANOWA                      ","2025","03","28","06",4.7,,4.0,,"W","W",90,,"ESE",,4,,8,,6,
"249200180","LIMANOWA                      ","2025","03","28","12",7.6,,6.2,,"W","W",82,,"ESE",,4,,8,,8,
"249200180","LIMANOWA                      ","2025","03","28","18",6.9,,5.9,,"W","W",86,,"S  ",,2,,7,,8,
"249200180","LIMANOWA                      ","2025","03","29","06",7.4,,6.4,,"W","W",87,,"ESE",,4,,5,,8,
"249200180","LIMANOWA                      ","2025","03","29","12",13.2,,10.0,,"W","W",66,,"E  ",,4,,8,,8,
"249200180","LIMANOWA                      ","2025","03","29","18",10.3,,8.0,,"W","W",73,,"ESE",,2,,8,,8,
"249200180","LIMANOWA                      ","2025","03","30","06",5.8,,5.2,,"W","W",91,,"C  ",,0,,7,,8,
"249200180","LIMANOWA                      ","2025","03","30","12",10.2,,7.7,,"W","W",71,,"WNW",,3,,7,,6,
"249200180","LIMANOWA                      ","2025","03","30","18",8.9,,6.7,,"W","W",73,,"NW ",,3,,8,,8,
"249200180","LIMANOWA                      ","2025","03","31","06",4.7,,3.8,,"W","W",87,,"NNW",,2,,8,,8,
"249200180","LIMANOWA                      ","2025","03","31","12",6.8,,5.4,,"W","W",81,,"NW ",,3,,8,,8,
"249200180","LIMANOWA                      ","2025","03","31","18",5.4,,4.8,,"W","W",91,,"NNW",,1,,8,,8,
"249200260","£¥CKO                         ","2025","03","01","06",-1.8,,,"8",,"W",,"8","WNW",,2,,2,,6,
"249200260","£¥CKO                         ","2025","03","01","12",6.7,,,"8",,"W",,"8","WNW",,4,,4,,7,
"249200260","£¥CKO                         ","2025","03","01","18",1.8,,,"8",,"W",,"8","W  ",,1,,8,,5,
"249200260","£¥CKO                         ","2025","03","02","06",1.8,,,"8",,"W",,"8","WSW",,3,,7,,6,
"249200260","£¥CKO                         ","2025","03","02","12",4.5,,,"8",,"W",,"8","WNW",,3,,7,,7,
"249200260","£¥CKO                         ","2025","03","02","18",-0.4,,,"8",,"W",,"8","C  ",,0,,8,,6,
"249200260","£¥CKO                         ","2025","03","03","06",2.6,,,"8",,"W",,"8","WNW",,1,,7,,7,
"249200260","£¥CKO                         ","2025","03","03","12",7.7,,,"8",,"W",,"8","NW ",,3,,2,,7,
"249200260","£¥CKO                         ","2025","03","03","18",2.2,,,"8",,"W",,"8","C  ",,0,,4,,6,
"249200260","£¥CKO                         ","2025","03","04","06",-3.2,,,"8",,"W",,"8","C  ",,0,,3,,6,
"249200260","£¥CKO                         ","2025","03","04","12",13.3,,,"8","W","W",,"8","NW ",,3,,0,,7,
"249200260","£¥CKO                         ","2025","03","04","18",2.0,,,"8",,"W",,"8","NW ",,1,,1,,4,
"249200260","£¥CKO                         ","2025","03","05","06",-2.2,,,"8",,"W",,"8","NW ",,2,,0,,7,
"249200260","£¥CKO                         ","2025","03","05","12",17.8,,,"8","W","W",,"8","SW ",,3,,0,,7,
"249200260","£¥CKO                         ","2025","03","05","18",6.4,,,"8",,"W",,"8","WNW",,2,,4,,6,
"249200260","£¥CKO                         ","2025","03","06","06",0.5,,,"8",,"W",,"8","WNW",,2,,0,,7,
"249200260","£¥CKO                         ","2025","03","06","12",20.1,,,"8","W","W",,"8","SSW",,2,,0,,7,
"249200260","£¥CKO                         ","2025","03","06","18",7.8,,,"8",,"W",,"8","NW ",,2,,0,,6,
"249200260","£¥CKO                         ","2025","03","07","06",1.4,,,"8",,"W",,"8","WNW",,2,,4,,6,
"249200260","£¥CKO                         ","2025","03","07","12",17.8,,,"8","W","W",,"8","SE ",,1,,2,,7,
"249200260","£¥CKO                         ","2025","03","07","18",5.5,,,"8",,"W",,"8","NW ",,1,,6,,6,
"249200260","£¥CKO                         ","2025","03","08","06",0.0,,,"8",,"W",,"8","NW ",,2,,0,,7,
"249200260","£¥CKO                         ","2025","03","08","12",19.9,,,"8","W","W",,"8","ENE",,1,,1,,7,
"249200260","£¥CKO                         ","2025","03","08","18",7.5,,,"8",,"W",,"8","NW ",,1,,2,,6,
"249200260","£¥CKO                         ","2025","03","09","06",0.0,,,"8",,"W",,"8","WNW",,3,,3,,7,
"249200260","£¥CKO                         ","2025","03","09","12",19.8,,,"8","W","W",,"8","SW ",,2,,5,,6,
"249200260","£¥CKO                         ","2025","03","09","18",11.3,,,"8","W","W",,"8","NW ",,2,,7,,7,
"249200260","£¥CKO                         ","2025","03","10","06",0.6,,,"8",,"W",,"8","C  ",,0,,4,,7,
"249200260","£¥CKO                         ","2025","03","10","12",20.4,,,"8","W","W",,"8","SW ",,1,,7,,7,
"249200260","£¥CKO                         ","2025","03","10","18",14.5,,,"8","W","W",,"8","C  ",,0,,8,,6,
"249200260","£¥CKO                         ","2025","03","11","06",11.1,,,"8","W","W",,"8","SW ",,2,,4,,7,
"249200260","£¥CKO                         ","2025","03","11","12",15.1,,,"8","W","W",,"8","W  ",,2,,6,,7,
"249200260","£¥CKO                         ","2025","03","11","18",10.4,,,"8","W","W",,"8","C  ",,0,,8,,6,
"249200260","£¥CKO                         ","2025","03","12","06",2.4,,,"8",,"W",,"8","C  ",,0,,1,,7,
"249200260","£¥CKO                         ","2025","03","12","12",17.2,,,"8","W","W",,"8","SW ",,2,,4,,7,
"249200260","£¥CKO                         ","2025","03","12","18",12.3,,,"8","W","W",,"8","WSW",,3,,1,,7,
"249200260","£¥CKO                         ","2025","03","13","06",7.5,,,"8",,"W",,"8","SSW",,1,,7,,7,
"249200260","£¥CKO                         ","2025","03","13","12",13.1,,,"8","W","W",,"8","SSW",,3,,6,,7,
"249200260","£¥CKO                         ","2025","03","13","18",10.2,,,"8","W","W",,"8","W  ",,4,,6,,7,
"249200260","£¥CKO                         ","2025","03","14","06",3.7,,,"8",,"W",,"8","ESE",,1,,7,,5,
"249200260","£¥CKO                         ","2025","03","14","12",8.5,,,"8","W","W",,"8","E  ",,1,,7,,5,
"249200260","£¥CKO                         ","2025","03","14","18",5.9,,,"8",,"W",,"8","SSE",,1,,8,,5,
"249200260","£¥CKO                         ","2025","03","15","06",0.6,,,"8",,"W",,"8","NE ",,1,,8,,5,
"249200260","£¥CKO                         ","2025","03","15","12",1.0,,,"8",,"W",,"8","E  ",,2,,7,,6,
"249200260","£¥CKO                         ","2025","03","15","18",0.4,,,"8",,"W",,"8","NNE",,1,,8,,5,
"249200260","£¥CKO                         ","2025","03","16","06",-0.6,,,"8",,"W",,"8","E  ",,1,,7,,6,
"249200260","£¥CKO                         ","2025","03","16","12",0.4,,,"8",,"W",,"8","S  ",,1,,8,,6,
"249200260","£¥CKO                         ","2025","03","16","18",-0.3,,,"8",,"W",,"8","C  ",,0,,1,,6,
"249200260","£¥CKO                         ","2025","03","17","06",-0.8,,,"8",,"W",,"8","C  ",,0,,8,,5,
"249200260","£¥CKO                         ","2025","03","17","12",2.0,,,"8",,"W",,"8","NW ",,5,,6,,6,
"249200260","£¥CKO                         ","2025","03","17","18",-2.8,,,"8",,"W",,"8","N  ",,2,,2,,6,
"249200260","£¥CKO                         ","2025","03","18","06",-8.0,,,"8","L","W",,"8","WNW",,2,,0,,6,
"249200260","£¥CKO                         ","2025","03","18","12",3.3,,,"8",,"W",,"8","NW ",,3,,2,,6,
"249200260","£¥CKO                         ","2025","03","18","18",-1.8,,,"8",,"W",,"8","C  ",,0,,1,,6,
"249200260","£¥CKO                         ","2025","03","19","06",-4.8,,,"8",,"W",,"8","W  ",,2,,0,,6,
"249200260","£¥CKO                         ","2025","03","19","12",8.9,,,"8","W","W",,"8","S  ",,1,,0,,7,
"249200260","£¥CKO                         ","2025","03","19","18",2.0,,,"8",,"W",,"8","NW ",,1,,1,,6,
"249200260","£¥CKO                         ","2025","03","20","06",-1.6,,,"8",,"W",,"8","WNW",,1,,0,,7,
"249200260","£¥CKO                         ","2025","03","20","12",13.7,,,"8","W","W",,"8","WSW",,2,,0,,7,
"249200260","£¥CKO                         ","2025","03","20","18",7.2,,,"8",,"W",,"8","WNW",,1,,1,,6,
"249200260","£¥CKO                         ","2025","03","21","06",0.0,,,"8",,"W",,"8","WNW",,1,,0,,7,
"249200260","£¥CKO                         ","2025","03","21","12",15.3,,,"8","W","W",,"8","ESE",,1,,0,,7,
"249200260","£¥CKO                         ","2025","03","21","18",6.7,,,"8",,"W",,"8","WNW",,1,,1,,6,
"249200260","£¥CKO                         ","2025","03","22","06",-1.0,,,"8",,"W",,"8","C  ",,0,,0,,6,
"249200260","£¥CKO                         ","2025","03","22","12",15.4,,,"8","W","W",,"8","SE ",,4,,2,,7,
"249200260","£¥CKO                         ","2025","03","22","18",10.0,,,"8","W","W",,"8","SSE",,1,,3,,6,
"249200260","£¥CKO                         ","2025","03","23","06",7.7,,,"8",,"W",,"8","WNW",,1,,8,,7,
"249200260","£¥CKO                         ","2025","03","23","12",11.6,,,"8","W","W",,"8","ESE",,3,,7,,7,
"249200260","£¥CKO                         ","2025","03","23","18",10.2,,,"8","W","W",,"8","WNW",,1,,4,,6,
"249200260","£¥CKO                         ","2025","03","24","06",6.1,,,"8",,"W",,"8","S  ",,1,,6,,6,
"249200260","£¥CKO                         ","2025","03","24","12",14.9,,,"8","W","W",,"8","SSW",,1,,7,,7,
"249200260","£¥CKO                         ","2025","03","24","18",8.9,,,"8","W","W",,"8","C  ",,0,,8,,6,
"249200260","£¥CKO                         ","2025","03","25","06",7.3,,,"8",,"W",,"8","ESE",,1,,8,,3,
"249200260","£¥CKO                         ","2025","03","25","12",8.5,,,"8","W","W",,"8","SE ",,1,,7,,6,
"249200260","£¥CKO                         ","2025","03","25","18",7.1,,,"8",,"W",,"8","C  ",,0,,4,,6,
"249200260","£¥CKO                         ","2025","03","26","06",2.8,,,"8",,"W",,"8","NW ",,2,,4,,4,
"249200260","£¥CKO                         ","2025","03","26","12",14.5,,,"8","W","W",,"8","C  ",,0,,6,,6,
"249200260","£¥CKO                         ","2025","03","26","18",10.2,,,"8","W","W",,"8","C  ",,0,,8,,6,
"249200260","£¥CKO                         ","2025","03","27","06",7.5,,,"8",,"W",,"8","NNW",,1,,7,,6,
"249200260","£¥CKO                         ","2025","03","27","12",8.3,,,"8","W","W",,"8","NNW",,3,,8,,5,
"249200260","£¥CKO                         ","2025","03","27","18",7.1,,,"8",,"W",,"8","C  ",,0,,8,,6,
"249200260","£¥CKO                         ","2025","03","28","06",6.5,,,"8",,"W",,"8","NE ",,3,,8,,4,
"249200260","£¥CKO                         ","2025","03","28","12",8.1,,,"8","W","W",,"8","E  ",,2,,8,,4,
"249200260","£¥CKO                         ","2025","03","28","18",5.9,,,"8",,"W",,"8","C  ",,0,,8,,5,
"249200260","£¥CKO                         ","2025","03","29","06",5.3,,,"8",,"W",,"8","C  ",,0,,4,,5,
"249200260","£¥CKO                         ","2025","03","29","12",13.7,,,"8","W","W",,"8","C  ",,0,,4,,6,
"249200260","£¥CKO                         ","2025","03","29","18",10.2,,,"8","W","W",,"8","NNW",,1,,8,,5,
"249200260","£¥CKO                         ","2025","03","30","06",7.5,,,"8",,"W",,"8","W  ",,1,,4,,6,
"249200260","£¥CKO                         ","2025","03","30","12",10.8,,,"8","W","W",,"8","W  ",,3,,8,,5,
"249200260","£¥CKO                         ","2025","03","30","18",9.4,,,"8","W","W",,"8","C  ",,0,,8,,6,
"249200260","£¥CKO                         ","2025","03","31","06",5.2,,,"8",,"W",,"8","SW ",,1,,8,,4,
"249200260","£¥CKO                         ","2025","03","31","12",8.3,,,"8","W","W",,"8","NW ",,1,,8,,6,
"249200260","£¥CKO                         ","2025","03","31","18",6.1,,,"8",,"W",,"8","C  ",,0,,8,,4,
"249200370","KROŒCIENKO                    ","2025","03","01","06",-1.4,,,"8",,"W",,"8","C  ",,0,,8,,4,
"249200370","KROŒCIENKO                    ","2025","03","01","12",8.2,,,"8","W","W",,"8","WNW",,4,,3,,6,
"249200370","KROŒCIENKO                    ","2025","03","01","18",2.5,,,"8",,"W",,"8","WNW",,3,,8,,6,
"249200370","KROŒCIENKO                    ","2025","03","02","06",0.2,,,"8",,"W",,"8","N  ",,1,,8,,6,
"249200370","KROŒCIENKO                    ","2025","03","02","12",4.8,,,"8",,"W",,"8","W  ",,5,,2,,6,
"249200370","KROŒCIENKO                    ","2025","03","02","18",1.0,,,"8",,"W",,"8","SW ",,1,,0,,6,
"249200370","KROŒCIENKO                    ","2025","03","03","06",1.4,,,"8",,"W",,"8","WSW",,1,,5,,6,
"249200370","KROŒCIENKO                    ","2025","03","03","12",7.8,,,"8",,"W",,"8","SW ",,3,,2,,6,
"249200370","KROŒCIENKO                    ","2025","03","03","18",1.2,,,"8",,"W",,"8","C  ",,0,,0,,6,
"249200370","KROŒCIENKO                    ","2025","03","04","06",-3.6,,,"8",,"W",,"8","C  ",,0,,0,,6,
"249200370","KROŒCIENKO                    ","2025","03","04","12",12.0,,,"8","W","W",,"8","W  ",,2,,0,,6,
"249200370","KROŒCIENKO                    ","2025","03","04","18",1.5,,,"8",,"W",,"8","C  ",,0,,0,,6,
"249200370","KROŒCIENKO                    ","2025","03","05","06",-4.9,,,"8",,"W",,"8","SSE",,1,,0,,6,
"249200370","KROŒCIENKO                    ","2025","03","05","12",15.1,,,"8","W","W",,"8","S  ",,1,,0,,6,
"249200370","KROŒCIENKO                    ","2025","03","05","18",4.8,,,"8",,"W",,"8","C  ",,0,,0,,6,
"249200370","KROŒCIENKO                    ","2025","03","06","06",-2.8,,,"8",,"W",,"8","SSE",,1,,0,,6,
"249200370","KROŒCIENKO                    ","2025","03","06","12",19.3,,,"8","W","W",,"8","WSW",,1,,0,,6,
"249200370","KROŒCIENKO                    ","2025","03","06","18",8.6,,,"8","W","W",,"8","SSE",,1,,0,,6,
"249200370","KROŒCIENKO                    ","2025","03","07","06",-0.2,,,"8",,"W",,"8","SSE",,1,,7,,6,
"249200370","KROŒCIENKO                    ","2025","03","07","12",18.2,,,"8","W","W",,"8","C  ",,0,,0,,6,
"249200370","KROŒCIENKO                    ","2025","03","07","18",5.8,,,"8",,"W",,"8","SSE",,1,,0,,6,
"249200370","KROŒCIENKO                    ","2025","03","08","06",-2.6,,,"8",,"W",,"8","S  ",,1,,1,,6,
"249200370","KROŒCIENKO                    ","2025","03","08","12",18.9,,,"8","W","W",,"8","C  ",,0,,0,,6,
"249200370","KROŒCIENKO                    ","2025","03","08","18",6.5,,,"8",,"W",,"8","C  ",,0,,0,,6,
"249200370","KROŒCIENKO                    ","2025","03","09","06",-1.6,,,"8",,"W",,"8","SSE",,1,,2,,6,
"249200370","KROŒCIENKO                    ","2025","03","09","12",19.1,,,"8","W","W",,"8","C  ",,0,,3,,6,
"249200370","KROŒCIENKO                    ","2025","03","09","18",12.0,,,"8","W","W",,"8","ESE",,1,,7,,6,
"249200370","KROŒCIENKO                    ","2025","03","10","06",2.6,,,"8",,"W",,"8","C  ",,0,,4,,6,
"249200370","KROŒCIENKO                    ","2025","03","10","12",20.2,,,"8","W","W",,"8","SSE",,3,,4,,6,
"249200370","KROŒCIENKO                    ","2025","03","10","18",14.7,,,"8","W","W",,"8","SSE",,5,,7,,6,
"249200370","KROŒCIENKO                    ","2025","03","11","06",8.8,,,"8","W","W",,"8","S  ",,1,,3,,6,
"249200370","KROŒCIENKO                    ","2025","03","11","12",16.0,,,"8","W","W",,"8","SW ",,1,,5,,6,
"249200370","KROŒCIENKO                    ","2025","03","11","18",10.0,,,"8","W","W",,"8","SE ",,1,,8,,6,
"249200370","KROŒCIENKO                    ","2025","03","12","06",1.0,,,"8",,"W",,"8","C  ",,0,,7,,6,
"249200370","KROŒCIENKO                    ","2025","03","12","12",16.2,,,"8","W","W",,"8","SSE",,3,,4,,6,
"249200370","KROŒCIENKO                    ","2025","03","12","18",11.0,,,"8","W","W",,"8","SSE",,4,,2,,6,
"249200370","KROŒCIENKO                    ","2025","03","13","06",10.0,,,"8","W","W",,"8","SSE",,2,,5,,6,
"249200370","KROŒCIENKO                    ","2025","03","13","12",12.0,,,"8","W","W",,"8","SSE",,4,,4,,6,
"249200370","KROŒCIENKO                    ","2025","03","13","18",9.2,,,"8","W","W",,"8","WSW",,2,,2,,6,
"249200370","KROŒCIENKO                    ","2025","03","14","06",3.2,,,"8",,"W",,"8","NNE",,1,,8,,6,
"249200370","KROŒCIENKO                    ","2025","03","14","12",9.2,,,"8","W","W",,"8","NNW",,4,,8,,6,
"249200370","KROŒCIENKO                    ","2025","03","14","18",7.0,,,"8",,"W",,"8","N  ",,4,,8,,6,
"249200370","KROŒCIENKO                    ","2025","03","15","06",0.6,,,"8",,"W",,"8","N  ",,1,,8,,6,
"249200370","KROŒCIENKO                    ","2025","03","15","12",1.0,,,"8",,"W",,"8","N  ",,1,,8,,6,
"249200370","KROŒCIENKO                    ","2025","03","15","18",0.4,,,"8",,"W",,"8","NNE",,1,,8,,6,
"249200370","KROŒCIENKO                    ","2025","03","16","06",-0.8,,,"8",,"W",,"8","NNW",,1,,8,,6,
"249200370","KROŒCIENKO                    ","2025","03","16","12",0.5,,,"8",,"W",,"8","N  ",,1,,8,,6,
"249200370","KROŒCIENKO                    ","2025","03","16","18",0.0,,,"8",,"W",,"8","NNE",,1,,6,,6,
"249200370","KROŒCIENKO                    ","2025","03","17","06",-1.8,,,"8",,"W",,"8","C  ",,0,,8,,6,
"249200370","KROŒCIENKO                    ","2025","03","17","12",-0.2,,,"8",,"W",,"8","NNW",,5,,6,,6,
"249200370","KROŒCIENKO                    ","2025","03","17","18",-3.0,,,"8",,"W",,"8","C  ",,0,,0,,6,
"249200370","KROŒCIENKO                    ","2025","03","18","06",-11.6,,,"8","L","W",,"8","C  ",,0,,0,,6,
"249200370","KROŒCIENKO                    ","2025","03","18","12",1.8,,,"8",,"W",,"8","W  ",,2,,0,,6,
"249200370","KROŒCIENKO                    ","2025","03","18","18",-2.1,,,"8",,"W",,"8","C  ",,0,,0,,6,
"249200370","KROŒCIENKO                    ","2025","03","19","06",-7.2,,,"8","L","W",,"8","C  ",,0,,0,,6,
"249200370","KROŒCIENKO                    ","2025","03","19","12",8.2,,,"8","W","W",,"8","SW ",,1,,0,,6,
"249200370","KROŒCIENKO                    ","2025","03","19","18",0.0,,,"8",,"W",,"8","SSE",,1,,0,,6,
"249200370","KROŒCIENKO                    ","2025","03","20","06",-4.0,,,"8",,"W",,"8","SSE",,1,,0,,6,
"249200370","KROŒCIENKO                    ","2025","03","20","12",13.3,,,"8","W","W",,"8","SSW",,1,,0,,6,
"249200370","KROŒCIENKO                    ","2025","03","20","18",3.0,,,"8",,"W",,"8","S  ",,1,,0,,6,
"249200370","KROŒCIENKO                    ","2025","03","21","06",-3.4,,,"8",,"W",,"8","S  ",,1,,0,,6,
"249200370","KROŒCIENKO                    ","2025","03","21","12",13.9,,,"8","W","W",,"8","WNW",,3,,0,,6,
"249200370","KROŒCIENKO                    ","2025","03","21","18",5.0,,,"8",,"W",,"8","C  ",,0,,0,,6,
"249200370","KROŒCIENKO                    ","2025","03","22","06",-2.4,,,"8",,"W",,"8","SSE",,1,,0,,6,
"249200370","KROŒCIENKO                    ","2025","03","22","12",14.7,,,"8","W","W",,"8","ESE",,2,,0,,6,
"249200370","KROŒCIENKO                    ","2025","03","22","18",10.2,,,"8","W","W",,"8","SE ",,3,,1,,6,
"249200370","KROŒCIENKO                    ","2025","03","23","06",8.2,,,"8","W","W",,"8","SE ",,3,,8,,6,
"249200370","KROŒCIENKO                    ","2025","03","23","12",11.0,,,"8","W","W",,"8","SE ",,4,,8,,6,
"249200370","KROŒCIENKO                    ","2025","03","23","18",9.8,,,"8","W","W",,"8","SSE",,2,,4,,6,
"249200370","KROŒCIENKO                    ","2025","03","24","06",6.2,,,"8",,"W",,"8","C  ",,0,,7,,6,
"249200370","KROŒCIENKO                    ","2025","03","24","12",14.5,,,"8","W","W",,"8","C  ",,0,,7,,6,
"249200370","KROŒCIENKO                    ","2025","03","24","18",8.2,,,"8","W","W",,"8","C  ",,0,,8,,6,
"249200370","KROŒCIENKO                    ","2025","03","25","06",7.4,,,"8",,"W",,"8","C  ",,0,,8,,6,
"249200370","KROŒCIENKO                    ","2025","03","25","12",9.2,,,"8","W","W",,"8","NNW",,3,,8,,6,
"249200370","KROŒCIENKO                    ","2025","03","25","18",6.5,,,"8",,"W",,"8","C  ",,0,,4,,6,
"249200370","KROŒCIENKO                    ","2025","03","26","06",3.0,,,"8",,"W",,"8","WSW",,1,,8,,4,
"249200370","KROŒCIENKO                    ","2025","03","26","12",15.3,,,"8","W","W",,"8","C  ",,0,,4,,6,
"249200370","KROŒCIENKO                    ","2025","03","26","18",10.0,,,"8","W","W",,"8","C  ",,0,,7,,6,
"249200370","KROŒCIENKO                    ","2025","03","27","06",7.2,,,"8",,"W",,"8","WNW",,3,,8,,6,
"249200370","KROŒCIENKO                    ","2025","03","27","12",8.5,,,"8","W","W",,"8","N  ",,1,,8,,6,
"249200370","KROŒCIENKO                    ","2025","03","27","18",7.6,,,"8",,"W",,"8","NNE",,1,,8,,6,
"249200370","KROŒCIENKO                    ","2025","03","28","06",5.8,,,"8",,"W",,"8","N  ",,4,,8,,6,
"249200370","KROŒCIENKO                    ","2025","03","28","12",8.0,,,"8",,"W",,"8","NNW",,4,,8,,6,
"249200370","KROŒCIENKO                    ","2025","03","28","18",6.0,,,"8",,"W",,"8","C  ",,0,,8,,6,
"249200370","KROŒCIENKO                    ","2025","03","29","06",4.6,,,"8",,"W",,"8","C  ",,0,,4,,6,
"249200370","KROŒCIENKO                    ","2025","03","29","12",14.4,,,"8","W","W",,"8","C  ",,0,,5,,6,
"249200370","KROŒCIENKO                    ","2025","03","29","18",8.8,,,"8","W","W",,"8","C  ",,0,,7,,6,
"249200370","KROŒCIENKO                    ","2025","03","30","06",4.6,,,"8",,"W",,"8","C  ",,0,,8,,6,
"249200370","KROŒCIENKO                    ","2025","03","30","12",10.2,,,"8","W","W",,"8","C  ",,0,,8,,6,
"249200370","KROŒCIENKO                    ","2025","03","30","18",9.0,,,"8","W","W",,"8","C  ",,0,,8,,6,
"249200370","KROŒCIENKO                    ","2025","03","31","06",5.0,,,"8",,"W",,"8","C  ",,0,,8,,6,
"249200370","KROŒCIENKO                    ","2025","03","31","12",8.3,,,"8","W","W",,"8","NNW",,3,,8,,6,
"249200370","KROŒCIENKO                    ","2025","03","31","18",5.4,,,"8",,"W",,"8","C  ",,0,,8,,6,
"249200420","NIEDZICA                      ","2025","03","01","06",-2.4,,,"8",,"W",,"8","C  ",,0,,8,,3,
"249200420","NIEDZICA                      ","2025","03","01","12",5.6,,,"8",,"W",,"8","W  ",,3,,6,,7,
"249200420","NIEDZICA                      ","2025","03","01","18",1.1,,,"8",,"W",,"8","C  ",,0,,8,,7,
"249200420","NIEDZICA                      ","2025","03","02","06",-0.1,,,"8",,"W",,"8","W  ",,2,,8,,7,
"249200420","NIEDZICA                      ","2025","03","02","12",4.2,,,"8",,"W",,"8","WSW",,2,,3,,8,
"249200420","NIEDZICA                      ","2025","03","02","18",0.5,,,"8",,"W",,"8","WNW",,1,,2,,8,
"249200420","NIEDZICA                      ","2025","03","03","06",1.0,,,"8",,"W",,"8","W  ",,1,,5,,8,
"249200420","NIEDZICA                      ","2025","03","03","12",7.0,,,"8",,"W",,"8","WSW",,3,,3,,8,
"249200420","NIEDZICA                      ","2025","03","03","18",2.5,,,"8",,"W",,"8","C  ",,0,,2,,8,
"249200420","NIEDZICA                      ","2025","03","04","06",-4.8,,,"8",,"W",,"8","C  ",,0,,4,,8,
"249200420","NIEDZICA                      ","2025","03","04","12",10.9,,,"8","W","W",,"8","NW ",,2,,2,,8,
"249200420","NIEDZICA                      ","2025","03","04","18",3.2,,,"8",,"W",,"8","C  ",,0,,2,,8,
"249200420","NIEDZICA                      ","2025","03","05","06",-6.5,,,"8","L","W",,"8","C  ",,0,,1,,8,
"249200420","NIEDZICA                      ","2025","03","05","12",13.3,,,"8","W","W",,"8","ENE",,1,,1,,8,
"249200420","NIEDZICA                      ","2025","03","05","18",5.8,,,"8",,"W",,"8","C  ",,0,,0,,8,
"249200420","NIEDZICA                      ","2025","03","06","06",-4.2,,,"8",,"W",,"8","C  ",,0,,1,,8,
"249200420","NIEDZICA                      ","2025","03","06","12",17.9,,,"8","W","W",,"8","SE ",,1,,2,,8,
"249200420","NIEDZICA                      ","2025","03","06","18",7.6,,,"8",,"W",,"8","W  ",,2,,0,,8,
"249200420","NIEDZICA                      ","2025","03","07","06",-2.6,,,"8",,"W",,"8","C  ",,0,,5,,8,
"249200420","NIEDZICA                      ","2025","03","07","12",15.6,,,"8","W","W",,"8","ESE",,1,,5,,8,
"249200420","NIEDZICA                      ","2025","03","07","18",8.6,,,"8","W","W",,"8","W  ",,3,,3,,8,
"249200420","NIEDZICA                      ","2025","03","08","06",-3.9,,,"8",,"W",,"8","C  ",,0,,2,,8,
"249200420","NIEDZICA                      ","2025","03","08","12",16.9,,,"8","W","W",,"8","SSE",,1,,2,,8,
"249200420","NIEDZICA                      ","2025","03","08","18",8.0,,,"8",,"W",,"8","WSW",,2,,2,,8,
"249200420","NIEDZICA                      ","2025","03","09","06",-3.2,,,"8",,"W",,"8","C  ",,0,,4,,8,
"249200420","NIEDZICA                      ","2025","03","09","12",16.7,,,"8","W","W",,"8","C  ",,0,,4,,8,
"249200420","NIEDZICA                      ","2025","03","09","18",14.0,,,"8","W","W",,"8","SE ",,2,,5,,8,
"249200420","NIEDZICA                      ","2025","03","10","06",2.1,,,"8",,"W",,"8","W  ",,2,,4,,8,
"249200420","NIEDZICA                      ","2025","03","10","12",19.0,,,"8","W","W",,"8","NW ",,1,,5,,8,
"249200420","NIEDZICA                      ","2025","03","10","18",12.2,,,"8","W","W",,"8","NNE",,1,,8,,8,
"249200420","NIEDZICA                      ","2025","03","11","06",4.7,,,"8",,"W",,"8","C  ",,0,,3,,8,
"249200420","NIEDZICA                      ","2025","03","11","12",13.7,,,"8","W","W",,"8","WNW",,1,,6,,7,
"249200420","NIEDZICA                      ","2025","03","11","18",9.8,,,"8","W","W",,"8","SE ",,1,,8,,7,
"249200420","NIEDZICA                      ","2025","03","12","06",-1.0,,,"8",,"W",,"8","C  ",,0,,2,,8,
"249200420","NIEDZICA                      ","2025","03","12","12",14.5,,,"8","W","W",,"8","SE ",,3,,5,,8,
"249200420","NIEDZICA                      ","2025","03","12","18",10.2,,,"8","W","W",,"8","SE ",,3,,4,,8,
"249200420","NIEDZICA                      ","2025","03","13","06",9.2,,,"8","W","W",,"8","SSE",,2,,6,,7,
"249200420","NIEDZICA                      ","2025","03","13","12",10.7,,,"8","W","W",,"8","ESE",,3,,5,,8,
"249200420","NIEDZICA                      ","2025","03","13","18",8.3,,,"8","W","W",,"8","W  ",,3,,1,,8,
"249200420","NIEDZICA                      ","2025","03","14","06",3.3,,,"8",,"W",,"8","C  ",,0,,6,,7,
"249200420","NIEDZICA                      ","2025","03","14","12",10.8,,,"8","W","W",,"8","SE ",,3,,6,,7,
"249200420","NIEDZICA                      ","2025","03","14","18",7.3,,,"8",,"W",,"8","C  ",,0,,8,,7,
"249200420","NIEDZICA                      ","2025","03","15","06",0.3,,,"8",,"W",,"8","C  ",,0,,8,,4,
"249200420","NIEDZICA                      ","2025","03","15","12",1.0,,,"8",,"W",,"8","E  ",,1,,8,,7,
"249200420","NIEDZICA                      ","2025","03","15","18",-0.4,,,"8",,"W",,"8","E  ",,1,,8,,7,
"249200420","NIEDZICA                      ","2025","03","16","06",-1.2,,,"8",,"W",,"8","ENE",,3,,8,,7,
"249200420","NIEDZICA                      ","2025","03","16","12",0.3,,,"8",,"W",,"8","ENE",,2,,8,,7,
"249200420","NIEDZICA                      ","2025","03","16","18",-0.6,,,"8",,"W",,"8","C  ",,0,,8,,7,
"249200420","NIEDZICA                      ","2025","03","17","06",-2.2,,,"8",,"W",,"8","NNE",,1,,8,,5,
"249200420","NIEDZICA                      ","2025","03","17","12",0.4,,,"8",,"W",,"8","S  ",,1,,8,,7,
"249200420","NIEDZICA                      ","2025","03","17","18",-3.4,,,"8",,"W",,"8","C  ",,0,,4,,8,
"249200420","NIEDZICA                      ","2025","03","18","06",-11.4,,,"8","L","W",,"8","C  ",,0,,1,,8,
"249200420","NIEDZICA                      ","2025","03","18","12",2.2,,,"8",,"W",,"8","W  ",,2,,2,,8,
"249200420","NIEDZICA                      ","2025","03","18","18",-1.2,,,"8",,"W",,"8","C  ",,0,,0,,8,
"249200420","NIEDZICA                      ","2025","03","19","06",-9.4,,,"8","L","W",,"8","C  ",,0,,0,,8,
"249200420","NIEDZICA                      ","2025","03","19","12",6.4,,,"8",,"W",,"8","ENE",,2,,2,,8,
"249200420","NIEDZICA                      ","2025","03","19","18",2.3,,,"8",,"W",,"8","C  ",,0,,0,,8,
"249200420","NIEDZICA                      ","2025","03","20","06",-6.6,,,"8","L","W",,"8","C  ",,0,,0,,8,
"249200420","NIEDZICA                      ","2025","03","20","12",11.3,,,"8","W","W",,"8","ESE",,1,,0,,8,
"249200420","NIEDZICA                      ","2025","03","20","18",4.6,,,"8",,"W",,"8","W  ",,2,,0,,8,
"249200420","NIEDZICA                      ","2025","03","21","06",-5.1,,,"8","L","W",,"8","C  ",,0,,0,,8,
"249200420","NIEDZICA                      ","2025","03","21","12",12.7,,,"8","W","W",,"8","NNE",,1,,0,,8,
"249200420","NIEDZICA                      ","2025","03","21","18",6.4,,,"8",,"W",,"8","WSW",,1,,0,,8,
"249200420","NIEDZICA                      ","2025","03","22","06",-3.5,,,"8",,"W",,"8","C  ",,0,,0,,8,
"249200420","NIEDZICA                      ","2025","03","22","12",13.9,,,"8","W","W",,"8","SE ",,4,,3,,8,
"249200420","NIEDZICA                      ","2025","03","22","18",9.3,,,"8","W","W",,"8","ESE",,4,,5,,8,
"249200420","NIEDZICA                      ","2025","03","23","06",4.8,,,"8",,"W",,"8","SSE",,2,,6,,8,
"249200420","NIEDZICA                      ","2025","03","23","12",9.6,,,"8","W","W",,"8","SE ",,5,,6,,8,
"249200420","NIEDZICA                      ","2025","03","23","18",8.6,,,"8","W","W",,"8","SE ",,4,,5,,8,
"249200420","NIEDZICA                      ","2025","03","24","06",4.0,,,"8",,"W",,"8","C  ",,0,,6,,7,
"249200420","NIEDZICA                      ","2025","03","24","12",12.7,,,"8","W","W",,"8","E  ",,1,,6,,7,
"249200420","NIEDZICA                      ","2025","03","24","18",8.2,,,"8","W","W",,"8","C  ",,0,,8,,7,
"249200420","NIEDZICA                      ","2025","03","25","06",7.1,,,"8",,"W",,"8","C  ",,0,,8,,5,
"249200420","NIEDZICA                      ","2025","03","25","12",9.2,,,"8","W","W",,"8","ESE",,1,,4,,7,
"249200420","NIEDZICA                      ","2025","03","25","18",6.9,,,"8",,"W",,"8","C  ",,0,,3,,8,
"249200420","NIEDZICA                      ","2025","03","26","06",1.6,,,"8",,"W",,"8","WSW",,1,,8,,3,
"249200420","NIEDZICA                      ","2025","03","26","12",15.1,,,"8","W","W",,"8","NE ",,1,,6,,7,
"249200420","NIEDZICA                      ","2025","03","26","18",11.0,,,"8","W","W",,"8","C  ",,0,,8,,7,
"249200420","NIEDZICA                      ","2025","03","27","06",6.8,,,"8",,"W",,"8","C  ",,0,,8,,7,
"249200420","NIEDZICA                      ","2025","03","27","12",7.9,,,"8",,"W",,"8","E  ",,1,,8,,7,
"249200420","NIEDZICA                      ","2025","03","27","18",6.3,,,"8",,"W",,"8","C  ",,0,,8,,7,
"249200420","NIEDZICA                      ","2025","03","28","06",5.4,,,"8",,"W",,"8","E  ",,1,,8,,7,
"249200420","NIEDZICA                      ","2025","03","28","12",7.9,,,"8",,"W",,"8","ENE",,3,,8,,7,
"249200420","NIEDZICA                      ","2025","03","28","18",6.8,,,"8",,"W",,"8","C  ",,0,,4,,8,
"249200420","NIEDZICA                      ","2025","03","29","06",4.6,,,"8",,"W",,"8","WSW",,1,,5,,7,
"249200420","NIEDZICA                      ","2025","03","29","12",12.1,,,"8","W","W",,"8","ESE",,2,,8,,7,
"249200420","NIEDZICA                      ","2025","03","29","18",9.5,,,"8","W","W",,"8","C  ",,0,,6,,8,
"249200420","NIEDZICA                      ","2025","03","30","06",3.5,,,"8",,"W",,"8","C  ",,0,,8,,5,
"249200420","NIEDZICA                      ","2025","03","30","12",9.4,,,"8","W","W",,"8","W  ",,1,,8,,7,
"249200420","NIEDZICA                      ","2025","03","30","18",8.3,,,"8","W","W",,"8","C  ",,0,,8,,7,
"249200420","NIEDZICA                      ","2025","03","31","06",4.6,,,"8",,"W",,"8","C  ",,0,,8,,7,
"249200420","NIEDZICA                      ","2025","03","31","12",6.2,,,"8",,"W",,"8","C  ",,0,,8,,7,
"249200420","NIEDZICA                      ","2025","03","31","18",4.5,,,"8",,"W",,"8","C  ",,0,,8,,7,
"249200480","BUKOWINA TATRZAÑSKA           ","2025","03","01","06",-3.4,,,"8",,"N",,"8","WSW",,2,,4,,7,
"249200480","BUKOWINA TATRZAÑSKA           ","2025","03","01","12",2.0,,,"8",,"N",,"8","WNW",,4,,8,,5,
"249200480","BUKOWINA TATRZAÑSKA           ","2025","03","01","18",-1.7,,,"8",,"N",,"8","WNW",,4,,8,,5,
"249200480","BUKOWINA TATRZAÑSKA           ","2025","03","02","06",-2.8,,,"8",,"N",,"8","NW ",,3,,8,,5,
"249200480","BUKOWINA TATRZAÑSKA           ","2025","03","02","12",0.8,,,"8",,"N",,"8","WNW",,3,,5,,5,
"249200480","BUKOWINA TATRZAÑSKA           ","2025","03","02","18",-1.4,,,"8",,"N",,"8","W  ",,2,,0,,5,
"249200480","BUKOWINA TATRZAÑSKA           ","2025","03","03","06",-1.4,,,"8",,"N",,"8","WNW",,4,,6,,5,
"249200480","BUKOWINA TATRZAÑSKA           ","2025","03","03","12",3.4,,,"8",,"N",,"8","NW ",,3,,2,,5,
"249200480","BUKOWINA TATRZAÑSKA           ","2025","03","03","18",2.0,,,"8",,"N",,"8","W  ",,3,,1,,5,
"249200480","BUKOWINA TATRZAÑSKA           ","2025","03","04","06",-2.4,,,"8",,"N",,"8","C  ",,0,,6,,5,
"249200480","BUKOWINA TATRZAÑSKA           ","2025","03","04","12",8.2,,,"8","W","N",,"8","NW ",,5,,2,,5,
"249200480","BUKOWINA TATRZAÑSKA           ","2025","03","04","18",4.4,,,"8",,"N",,"8","W  ",,3,,1,,5,
"249200480","BUKOWINA TATRZAÑSKA           ","2025","03","05","06",0.0,,,"8",,"N",,"8","WSW",,3,,1,,7,
"249200480","BUKOWINA TATRZAÑSKA           ","2025","03","05","12",12.6,,,"8","W","N",,"8","NW ",,5,,1,,7,
"249200480","BUKOWINA TATRZAÑSKA           ","2025","03","05","18",7.1,,,"8","W","N",,"8","SW ",,1,,1,,7,
"249200480","BUKOWINA TATRZAÑSKA           ","2025","03","06","06",4.1,,,"8",,"N",,"8","C  ",,0,,0,,7,
"249200480","BUKOWINA TATRZAÑSKA           ","2025","03","06","12",15.7,,,"8","W","N",,"8","N  ",,2,,0,,7,
"249200480","BUKOWINA TATRZAÑSKA           ","2025","03","06","18",9.7,,,"8","W","N",,"8","C  ",,0,,0,,7,
"249200480","BUKOWINA TATRZAÑSKA           ","2025","03","07","06",3.5,,,"8",,"N",,"8","C  ",,0,,8,,5,
"249200480","BUKOWINA TATRZAÑSKA           ","2025","03","07","12",13.3,,,"8","W","N",,"8","N  ",,1,,6,,5,
"249200480","BUKOWINA TATRZAÑSKA           ","2025","03","07","18",9.0,,,"8","W","N",,"8","C  ",,0,,1,,5,
"249200480","BUKOWINA TATRZAÑSKA           ","2025","03","08","06",6.1,,,"8","W","N",,"8","SW ",,2,,2,,7,
"249200480","BUKOWINA TATRZAÑSKA           ","2025","03","08","12",14.3,,,"8","W","N",,"8","NNE",,2,,0,,7,
"249200480","BUKOWINA TATRZAÑSKA           ","2025","03","08","18",10.4,,,"8","W","N",,"8","C  ",,0,,2,,7,
"249200480","BUKOWINA TATRZAÑSKA           ","2025","03","09","06",6.2,,,"8","W","N",,"8","SW ",,1,,3,,7,
"249200480","BUKOWINA TATRZAÑSKA           ","2025","03","09","12",13.8,,,"8","W","N",,"8","NNE",,1,,6,,7,
"249200480","BUKOWINA TATRZAÑSKA           ","2025","03","09","18",11.5,,,"8","W","N",,"8","SSW",,2,,7,,7,
"249200480","BUKOWINA TATRZAÑSKA           ","2025","03","10","06",7.8,,,"8","W","N",,"8","NNE",,1,,6,,5,
"249200480","BUKOWINA TATRZAÑSKA           ","2025","03","10","12",15.2,,,"8","W","N",,"8","W  ",,4,,2,,5,
"249200480","BUKOWINA TATRZAÑSKA           ","2025","03","10","18",11.0,,,"8","W","N",,"8","S  ",,2,,7,,5,
"249200480","BUKOWINA TATRZAÑSKA           ","2025","03","11","06",5.2,,,"8","W","N",,"8","SW ",,3,,6,,5,
"249200480","BUKOWINA TATRZAÑSKA           ","2025","03","11","12",11.0,,,"8","W","N",,"8","NNW",,1,,7,,5,
"249200480","BUKOWINA TATRZAÑSKA           ","2025","03","11","18",7.3,,,"8","W","N",,"8","C  ",,0,,8,,5,
"249200480","BUKOWINA TATRZAÑSKA           ","2025","03","12","06",2.6,,,"8",,"N",,"8","C  ",,0,,3,,7,
"249200480","BUKOWINA TATRZAÑSKA           ","2025","03","12","12",11.4,,,"8","W","N",,"8","WSW",,4,,6,,7,
"249200480","BUKOWINA TATRZAÑSKA           ","2025","03","12","18",10.1,,,"8","W","N",,"8","S  ",,2,,7,,7,
"249200480","BUKOWINA TATRZAÑSKA           ","2025","03","13","06",5.8,,,"8","W","N",,"8","C  ",,0,,7,,5,
"249200480","BUKOWINA TATRZAÑSKA           ","2025","03","13","12",8.8,,,"8","W","N",,"8","WSW",,4,,8,,5,
"249200480","BUKOWINA TATRZAÑSKA           ","2025","03","13","18",6.4,,,"8","W","N",,"8","NW ",,7,,2,,5,
"249200480","BUKOWINA TATRZAÑSKA           ","2025","03","14","06",1.1,,,"8",,"N",,"8","C  ",,0,,8,,8,
"249200480","BUKOWINA TATRZAÑSKA           ","2025","03","14","12",7.2,,,"8","W","N",,"8","SE ",,1,,8,,5,
"249200480","BUKOWINA TATRZAÑSKA           ","2025","03","14","18",4.0,,,"8",,"N",,"8","NW ",,4,,8,,5,
"249200480","BUKOWINA TATRZAÑSKA           ","2025","03","15","06",-1.2,,,"8",,"N",,"8","C  ",,0,,8,,5,
"249200480","BUKOWINA TATRZAÑSKA           ","2025","03","15","12",-1.5,,,"8",,"N",,"8","E  ",,1,,8,,5,
"249200480","BUKOWINA TATRZAÑSKA           ","2025","03","15","18",-2.8,,,"8",,"N",,"8","ENE",,1,,8,,5,
"249200480","BUKOWINA TATRZAÑSKA           ","2025","03","16","06",-3.1,,,"8",,"N",,"8","C  ",,0,,7,,5,
"249200480","BUKOWINA TATRZAÑSKA           ","2025","03","16","12",-1.2,,,"8",,"N",,"8","NNE",,2,,8,,5,
"249200480","BUKOWINA TATRZAÑSKA           ","2025","03","16","18",-2.6,,,"8",,"N",,"8","NW ",,1,,8,,5,
"249200480","BUKOWINA TATRZAÑSKA           ","2025","03","17","06",-2.8,,,"8",,"N",,"8","W  ",,3,,8,,5,
"249200480","BUKOWINA TATRZAÑSKA           ","2025","03","17","12",-4.6,,,"8",,"N",,"8","NNW",,4,,7,,5,
"249200480","BUKOWINA TATRZAÑSKA           ","2025","03","17","18",-6.1,,,"8",,"N",,"8","N  ",,1,,7,,5,
"249200480","BUKOWINA TATRZAÑSKA           ","2025","03","18","06",-10.6,,,"8","L","N",,"8","C  ",,0,,0,,7,
"249200480","BUKOWINA TATRZAÑSKA           ","2025","03","18","12",-2.3,,,"8",,"N",,"8","NW ",,3,,2,,7,
"249200480","BUKOWINA TATRZAÑSKA           ","2025","03","18","18",-3.8,,,"8",,"N",,"8","WSW",,1,,0,,7,
"249200480","BUKOWINA TATRZAÑSKA           ","2025","03","19","06",-6.3,,,"8",,"N",,"8","C  ",,0,,0,,7,
"249200480","BUKOWINA TATRZAÑSKA           ","2025","03","19","12",3.6,,,"8",,"N",,"8","NNW",,1,,0,,7,
"249200480","BUKOWINA TATRZAÑSKA           ","2025","03","19","18",2.8,,,"8",,"N",,"8","C  ",,0,,0,,7,
"249200480","BUKOWINA TATRZAÑSKA           ","2025","03","20","06",-2.9,,,"8",,"N",,"8","C  ",,0,,0,,7,
"249200480","BUKOWINA TATRZAÑSKA           ","2025","03","20","12",8.0,,,"8","W","N",,"8","N  ",,1,,0,,7,
"249200480","BUKOWINA TATRZAÑSKA           ","2025","03","20","18",6.0,,,"8","W","N",,"8","C  ",,0,,0,,7,
"249200480","BUKOWINA TATRZAÑSKA           ","2025","03","21","06",0.0,,,"8",,"N",,"8","C  ",,0,,0,,7,
"249200480","BUKOWINA TATRZAÑSKA           ","2025","03","21","12",10.0,,,"8","W","N",,"8","N  ",,4,,0,,7,
"249200480","BUKOWINA TATRZAÑSKA           ","2025","03","21","18",7.5,,,"8","W","N",,"8","C  ",,0,,0,,7,
"249200480","BUKOWINA TATRZAÑSKA           ","2025","03","22","06",2.0,,,"8",,"N",,"8","C  ",,0,,0,,7,
"249200480","BUKOWINA TATRZAÑSKA           ","2025","03","22","12",11.6,,,"8","W","N",,"8","NNE",,2,,3,,7,
"249200480","BUKOWINA TATRZAÑSKA           ","2025","03","22","18",6.6,,,"8","W","N",,"8","C  ",,0,,6,,7,
"249200480","BUKOWINA TATRZAÑSKA           ","2025","03","23","06",1.8,,,"8",,"N",,"8","C  ",,0,,8,,5,
"249200480","BUKOWINA TATRZAÑSKA           ","2025","03","23","12",8.7,,,"8","W","N",,"8","C  ",,0,,8,,5,
"249200480","BUKOWINA TATRZAÑSKA           ","2025","03","23","18",8.4,,,"8","W","N",,"8","S  ",,3,,8,,5,
"249200480","BUKOWINA TATRZAÑSKA           ","2025","03","24","06",4.8,,,"8",,"N",,"8","C  ",,0,,8,,5,
"249200480","BUKOWINA TATRZAÑSKA           ","2025","03","24","12",9.8,,,"8","W","N",,"8","C  ",,0,,8,,5,
"249200480","BUKOWINA TATRZAÑSKA           ","2025","03","24","18",6.4,,,"8","W","N",,"8","W  ",,1,,8,,5,
"249200480","BUKOWINA TATRZAÑSKA           ","2025","03","25","06",4.8,,,"8",,"N",,"8","C  ",,0,,8,,5,
"249200480","BUKOWINA TATRZAÑSKA           ","2025","03","25","12",8.2,,,"8","W","N",,"8","NNW",,2,,7,,5,
"249200480","BUKOWINA TATRZAÑSKA           ","2025","03","25","18",6.6,,,"8","W","N",,"8","C  ",,0,,4,,5,
"249200480","BUKOWINA TATRZAÑSKA           ","2025","03","26","06",4.3,,,"8",,"N",,"8","C  ",,0,,0,,7,
"249200480","BUKOWINA TATRZAÑSKA           ","2025","03","26","12",11.2,,,"8","W","N",,"8","W  ",,1,,4,,7,
"249200480","BUKOWINA TATRZAÑSKA           ","2025","03","26","18",9.2,,,"8","W","N",,"8","C  ",,0,,8,,7,
"249200480","BUKOWINA TATRZAÑSKA           ","2025","03","27","06",3.4,,,"8",,"N",,"8","NW ",,2,,8,,5,
"249200480","BUKOWINA TATRZAÑSKA           ","2025","03","27","12",5.2,,,"8","W","N",,"8","NNE",,2,,8,,5,
"249200480","BUKOWINA TATRZAÑSKA           ","2025","03","27","18",3.8,,,"8",,"N",,"8","C  ",,0,,8,,5,
"249200480","BUKOWINA TATRZAÑSKA           ","2025","03","28","06",2.8,,,"8",,"N",,"8","ENE",,2,,8,,5,
"249200480","BUKOWINA TATRZAÑSKA           ","2025","03","28","12",5.2,,,"8","W","N",,"8","ENE",,2,,8,,5,
"249200480","BUKOWINA TATRZAÑSKA           ","2025","03","28","18",5.3,,,"8","W","N",,"8","C  ",,0,,8,,5,
"249200480","BUKOWINA TATRZAÑSKA           ","2025","03","29","06",4.8,,,"8",,"N",,"8","C  ",,0,,7,,5,
"249200480","BUKOWINA TATRZAÑSKA           ","2025","03","29","12",10.5,,,"8","W","N",,"8","ENE",,1,,8,,5,
"249200480","BUKOWINA TATRZAÑSKA           ","2025","03","29","18",7.0,,,"8","W","N",,"8","NE ",,1,,8,,5,
"249200480","BUKOWINA TATRZAÑSKA           ","2025","03","30","06",5.0,,,"8",,"N",,"8","NW ",,3,,3,,7,
"249200480","BUKOWINA TATRZAÑSKA           ","2025","03","30","12",6.7,,,"8","W","N",,"8","C  ",,0,,8,,7,
"249200480","BUKOWINA TATRZAÑSKA           ","2025","03","30","18",6.8,,,"8","W","N",,"8","WNW",,3,,8,,7,
"249200480","BUKOWINA TATRZAÑSKA           ","2025","03","31","06",1.6,,,"8",,"N",,"8","WNW",,2,,8,,5,
"249200480","BUKOWINA TATRZAÑSKA           ","2025","03","31","12",2.5,,,"8",,"N",,"8","NW ",,2,,8,,5,
"249200480","BUKOWINA TATRZAÑSKA           ","2025","03","31","18",1.8,,,"8",,"N",,"8","SW ",,1,,8,,5,
"249200550","DOLINA PIÊCIU STAWÓW          ","2025","03","01","06",-9.6,,,"8",,"N",,"8","S  ",,4,,3,,7,
"249200550","DOLINA PIÊCIU STAWÓW          ","2025","03","01","12",-4.8,,,"8",,"N",,"8","SW ",,4,,4,,8,
"249200550","DOLINA PIÊCIU STAWÓW          ","2025","03","01","18",-6.6,,,"8",,"N",,"8","NNW",,7,,8,,2,
"249200550","DOLINA PIÊCIU STAWÓW          ","2025","03","02","06",-8.2,,,"8",,"N",,"8","NNE",,2,,8,,3,
"249200550","DOLINA PIÊCIU STAWÓW          ","2025","03","02","12",-5.2,,,"8",,"N",,"8","SE ",,1,,5,,8,
"249200550","DOLINA PIÊCIU STAWÓW          ","2025","03","02","18",-6.2,,,"8",,"N",,"8","E  ",,1,,0,,8,
"249200550","DOLINA PIÊCIU STAWÓW          ","2025","03","03","06",-4.4,,,"8",,"N",,"8","C  ",,0,,3,,8,
"249200550","DOLINA PIÊCIU STAWÓW          ","2025","03","03","12",2.8,,,"8",,"N",,"8","SSW",,1,,2,,8,
"249200550","DOLINA PIÊCIU STAWÓW          ","2025","03","03","18",0.8,,,"8",,"N",,"8","SSE",,1,,0,,8,
"249200550","DOLINA PIÊCIU STAWÓW          ","2025","03","04","06",1.4,,,"8",,"N",,"8","SSE",,2,,3,,8,
"249200550","DOLINA PIÊCIU STAWÓW          ","2025","03","04","12",3.6,,,"8",,"N",,"8","S  ",,4,,3,,8,
"249200550","DOLINA PIÊCIU STAWÓW          ","2025","03","04","18",0.4,,,"8",,"N",,"8","SSW",,5,,2,,8,
"249200550","DOLINA PIÊCIU STAWÓW          ","2025","03","05","06",1.6,,,"8",,"N",,"8","SW ",,5,,2,,8,
"249200550","DOLINA PIÊCIU STAWÓW          ","2025","03","05","12",6.2,,,"8","W","N",,"8","SSW",,5,,2,,8,
"249200550","DOLINA PIÊCIU STAWÓW          ","2025","03","05","18",2.2,,,"8",,"N",,"8","SSW",,5,,2,,8,
"249200550","DOLINA PIÊCIU STAWÓW          ","2025","03","06","06",2.8,,,"8",,"N",,"8","SSW",,7,,0,,8,
"249200550","DOLINA PIÊCIU STAWÓW          ","2025","03","06","12",7.7,,,"8","W","N",,"8","SW ",,11,,0,,8,
"249200550","DOLINA PIÊCIU STAWÓW          ","2025","03","06","18",7.2,,,"8","W","N",,"8","SSW",,10,,1,,8,
"249200550","DOLINA PIÊCIU STAWÓW          ","2025","03","07","06",2.8,,,"8",,"N",,"8","SSW",,7,,6,,8,
"249200550","DOLINA PIÊCIU STAWÓW          ","2025","03","07","12",8.1,,,"8","W","N",,"8","SW ",,2,,6,,8,
"249200550","DOLINA PIÊCIU STAWÓW          ","2025","03","07","18",3.2,,,"8",,"N",,"8","SSW",,3,,3,,8,
"249200550","DOLINA PIÊCIU STAWÓW          ","2025","03","08","06",-0.2,,,"8",,"N",,"8","SSW",,4,,3,,8,
"249200550","DOLINA PIÊCIU STAWÓW          ","2025","03","08","12",7.1,,,"8","W","N",,"8","SSW",,3,,2,,8,
"249200550","DOLINA PIÊCIU STAWÓW          ","2025","03","08","18",2.6,,,"8",,"N",,"8","SSW",,3,,4,,8,
"249200550","DOLINA PIÊCIU STAWÓW          ","2025","03","09","06",2.9,,,"8",,"N",,"8","SSW",,4,,4,,8,
"249200550","DOLINA PIÊCIU STAWÓW          ","2025","03","09","12",9.2,,,"8","W","N",,"8","S  ",,2,,3,,8,
"249200550","DOLINA PIÊCIU STAWÓW          ","2025","03","09","18",5.2,,,"8","W","N",,"8","WSW",,6,,6,,8,
"249200550","DOLINA PIÊCIU STAWÓW          ","2025","03","10","06",3.8,,,"8",,"N",,"8","WSW",,10,,4,,8,
"249200550","DOLINA PIÊCIU STAWÓW          ","2025","03","10","12",5.3,,,"8","W","N",,"8","SW ",,11,,4,,8,
"249200550","DOLINA PIÊCIU STAWÓW          ","2025","03","10","18",3.2,,,"8",,"N",,"8","WSW",,6,,8,,7,
"249200550","DOLINA PIÊCIU STAWÓW          ","2025","03","11","06",0.2,,,"8",,"N",,"8","SW ",,8,,6,,8,
"249200550","DOLINA PIÊCIU STAWÓW          ","2025","03","11","12",3.2,,,"8",,"N",,"8","SW ",,7,,7,,7,
"249200550","DOLINA PIÊCIU STAWÓW          ","2025","03","11","18",1.3,,,"8",,"N",,"8","S  ",,5,,8,,8,
"249200550","DOLINA PIÊCIU STAWÓW          ","2025","03","12","06",0.6,,,"8",,"N",,"8","SW ",,5,,4,,8,
"249200550","DOLINA PIÊCIU STAWÓW          ","2025","03","12","12",2.8,,,"8",,"N",,"8","WSW",,8,,7,,8,
"249200550","DOLINA PIÊCIU STAWÓW          ","2025","03","12","18",2.3,,,"8",,"N",,"8","S  ",,10,,8,,8,
"249200550","DOLINA PIÊCIU STAWÓW          ","2025","03","13","06",2.4,,,"8",,"N",,"8","W  ",,6,,8,,6,
"249200550","DOLINA PIÊCIU STAWÓW          ","2025","03","13","12",1.8,,,"8",,"N",,"8","SW ",,7,,8,,6,
"249200550","DOLINA PIÊCIU STAWÓW          ","2025","03","13","18",0.3,,,"8",,"N",,"8","SSW",,13,,7,,7,
"249200550","DOLINA PIÊCIU STAWÓW          ","2025","03","14","06",-0.6,,,"8",,"N",,"8","SW ",,6,,8,,7,
"249200550","DOLINA PIÊCIU STAWÓW          ","2025","03","14","12",0.8,,,"8",,"N",,"8","SW ",,3,,8,,5,
"249200550","DOLINA PIÊCIU STAWÓW          ","2025","03","14","18",0.8,,,"8",,"N",,"8","WSW",,5,,8,,5,
"249200550","DOLINA PIÊCIU STAWÓW          ","2025","03","15","06",-4.2,,,"8",,"N",,"8","NNE",,1,,8,,3,
"249200550","DOLINA PIÊCIU STAWÓW          ","2025","03","15","12",-3.6,,,"8",,"N",,"8","N  ",,1,,8,,3,
"249200550","DOLINA PIÊCIU STAWÓW          ","2025","03","15","18",-3.8,,,"8",,"N",,"8","C  ",,0,,7,,7,
"249200550","DOLINA PIÊCIU STAWÓW          ","2025","03","16","06",-5.2,,,"8",,"N",,"8","SSW",,1,,3,,8,
"249200550","DOLINA PIÊCIU STAWÓW          ","2025","03","16","12",-1.7,,,"8",,"N",,"8","N  ",,1,,8,,3,
"249200550","DOLINA PIÊCIU STAWÓW          ","2025","03","16","18",-4.0,,,"8",,"N",,"8","C  ",,0,,7,,5,
"249200550","DOLINA PIÊCIU STAWÓW          ","2025","03","17","06",-7.6,,,"8",,"N",,"8","E  ",,5,,8,,3,
"249200550","DOLINA PIÊCIU STAWÓW          ","2025","03","17","12",-12.0,,,"8","L","N",,"8","ESE",,7,,8,,3,
"249200550","DOLINA PIÊCIU STAWÓW          ","2025","03","17","18",-12.4,,,"8","L","N",,"8","ENE",,13,,8,,3,
"249200550","DOLINA PIÊCIU STAWÓW          ","2025","03","18","06",-13.8,,,"8","L","N",,"8","ENE",,4,,1,,7,
"249200550","DOLINA PIÊCIU STAWÓW          ","2025","03","18","12",-5.6,,,"8",,"N",,"8","C  ",,0,,1,,8,
"249200550","DOLINA PIÊCIU STAWÓW          ","2025","03","18","18",-11.2,,,"8","L","N",,"8","SW ",,3,,0,,8,
"249200550","DOLINA PIÊCIU STAWÓW          ","2025","03","19","06",-6.2,,,"8",,"N",,"8","SSE",,1,,0,,8,
"249200550","DOLINA PIÊCIU STAWÓW          ","2025","03","19","12",0.2,,,"8",,"N",,"8","S  ",,1,,0,,8,
"249200550","DOLINA PIÊCIU STAWÓW          ","2025","03","19","18",-3.4,,,"8",,"N",,"8","SW ",,1,,0,,8,
"249200550","DOLINA PIÊCIU STAWÓW          ","2025","03","20","06",-1.4,,,"8",,"N",,"8","SSW",,4,,0,,8,
"249200550","DOLINA PIÊCIU STAWÓW          ","2025","03","20","12",4.0,,,"8",,"N",,"8","SSW",,5,,0,,8,
"249200550","DOLINA PIÊCIU STAWÓW          ","2025","03","20","18",1.2,,,"8",,"N",,"8","SW ",,5,,0,,8,
"249200550","DOLINA PIÊCIU STAWÓW          ","2025","03","21","06",-3.0,,,"8",,"N",,"8","S  ",,2,,0,,7,
"249200550","DOLINA PIÊCIU STAWÓW          ","2025","03","21","12",5.0,,,"8",,"N",,"8","S  ",,2,,1,,8,
"249200550","DOLINA PIÊCIU STAWÓW          ","2025","03","21","18",-0.6,,,"8",,"N",,"8","SW ",,2,,0,,7,
"249200550","DOLINA PIÊCIU STAWÓW          ","2025","03","22","06",-3.6,,,"8",,"N",,"8","SSW",,3,,0,,7,
"249200550","DOLINA PIÊCIU STAWÓW          ","2025","03","22","12",4.0,,,"8",,"N",,"8","SW ",,2,,2,,8,
"249200550","DOLINA PIÊCIU STAWÓW          ","2025","03","22","18",0.0,,,"8",,"N",,"8","S  ",,3,,7,,6,
"249200550","DOLINA PIÊCIU STAWÓW          ","2025","03","23","06",1.4,,,"8",,"N",,"8","SW ",,8,,8,,6,
"249200550","DOLINA PIÊCIU STAWÓW          ","2025","03","23","12",1.6,,,"8",,"N",,"8","SW ",,9,,8,,6,
"249200550","DOLINA PIÊCIU STAWÓW          ","2025","03","23","18",2.0,,,"8",,"N",,"8","SW ",,8,,8,,6,
"249200550","DOLINA PIÊCIU STAWÓW          ","2025","03","24","06",2.0,,,"8",,"N",,"8","SSW",,8,,7,,7,
"249200550","DOLINA PIÊCIU STAWÓW          ","2025","03","24","12",3.8,,,"8",,"N",,"8","SW ",,3,,8,,7,
"249200550","DOLINA PIÊCIU STAWÓW          ","2025","03","24","18",1.2,,,"8",,"N",,"8","C  ",,0,,8,,0,
"249200550","DOLINA PIÊCIU STAWÓW          ","2025","03","25","06",0.4,,,"8",,"N",,"8","NNE",,2,,8,,3,
"249200550","DOLINA PIÊCIU STAWÓW          ","2025","03","25","12",4.0,,,"8",,"N",,"8","SE ",,3,,3,,5,
"249200550","DOLINA PIÊCIU STAWÓW          ","2025","03","25","18",1.0,,,"8",,"N",,"8","S  ",,1,,8,,3,
"249200550","DOLINA PIÊCIU STAWÓW          ","2025","03","26","06",0.4,,,"8",,"N",,"8","S  ",,3,,0,,7,
"249200550","DOLINA PIÊCIU STAWÓW          ","2025","03","26","12",3.6,,,"8",,"N",,"8","SW ",,1,,8,,8,
"249200550","DOLINA PIÊCIU STAWÓW          ","2025","03","26","18",2.2,,,"8",,"N",,"8","ENE",,1,,8,,6,
"249200550","DOLINA PIÊCIU STAWÓW          ","2025","03","27","06",-0.4,,,"8",,"N",,"8","SSW",,2,,8,,1,
"249200550","DOLINA PIÊCIU STAWÓW          ","2025","03","27","12",0.0,,,"8",,"N",,"8","NNE",,3,,8,,1,
"249200550","DOLINA PIÊCIU STAWÓW          ","2025","03","27","18",-1.4,,,"8",,"N",,"8","NE ",,2,,8,,0,
"249200550","DOLINA PIÊCIU STAWÓW          ","2025","03","28","06",-0.2,,,"8",,"N",,"8","SSW",,3,,2,,7,
"249200550","DOLINA PIÊCIU STAWÓW          ","2025","03","28","12",6.7,,,"8","W","N",,"8","N  ",,2,,7,,7,
"249200550","DOLINA PIÊCIU STAWÓW          ","2025","03","28","18",3.8,,,"8",,"N",,"8","C  ",,0,,4,,5,
"249200550","DOLINA PIÊCIU STAWÓW          ","2025","03","29","06",3.8,,,"8",,"N",,"8","NE ",,2,,8,,8,
"249200550","DOLINA PIÊCIU STAWÓW          ","2025","03","29","12",4.4,,,"8",,"N",,"8","NNE",,2,,8,,5,
"249200550","DOLINA PIÊCIU STAWÓW          ","2025","03","29","18",1.8,,,"8",,"N",,"8","WSW",,1,,2,,7,
"249200550","DOLINA PIÊCIU STAWÓW          ","2025","03","30","06",0.4,,,"8",,"N",,"8","SE ",,3,,8,,7,
"249200550","DOLINA PIÊCIU STAWÓW          ","2025","03","30","12",0.8,,,"8",,"N",,"8","N  ",,2,,8,,5,
"249200550","DOLINA PIÊCIU STAWÓW          ","2025","03","30","18",1.0,,,"8",,"N",,"8","C  ",,0,,8,,6,
"249200550","DOLINA PIÊCIU STAWÓW          ","2025","03","31","06",-3.2,,,"8",,"N",,"8","E  ",,3,,8,,2,
"249200550","DOLINA PIÊCIU STAWÓW          ","2025","03","31","12",-2.0,,,"8",,"N",,"8","NE ",,3,,8,,2,
"249200550","DOLINA PIÊCIU STAWÓW          ","2025","03","31","18",-2.8,,,"8",,"N",,"8","NE ",,6,,8,,3,
"249200920","PIWNICZNA                     ","2025","03","01","06",-1.2,,,"8",,"W",,"8","C  ",,0,,8,,2,
"249200920","PIWNICZNA                     ","2025","03","01","12",8.3,,,"8","W","W",,"8","WSW",,2,,0,,6,
"249200920","PIWNICZNA                     ","2025","03","01","18",1.8,,,"8",,"W",,"8","NNW",,2,,8,,6,
"249200920","PIWNICZNA                     ","2025","03","02","06",0.8,,,"8",,"W",,"8","N  ",,2,,8,,5,
"249200920","PIWNICZNA                     ","2025","03","02","12",4.2,,,"8",,"W",,"8","NNW",,3,,2,,6,
"249200920","PIWNICZNA                     ","2025","03","02","18",-0.6,,,"8",,"W",,"8","C  ",,0,,0,,6,
"249200920","PIWNICZNA                     ","2025","03","03","06",1.8,,,"8",,"W",,"8","N  ",,1,,4,,6,
"249200920","PIWNICZNA                     ","2025","03","03","12",7.4,,,"8",,"W",,"8","NNW",,2,,1,,6,
"249200920","PIWNICZNA                     ","2025","03","03","18",0.2,,,"8",,"W",,"8","C  ",,0,,0,,6,
"249200920","PIWNICZNA                     ","2025","03","04","06",-3.4,,,"8",,"W",,"8","C  ",,0,,0,,6,
"249200920","PIWNICZNA                     ","2025","03","04","12",12.4,,,"8","W","W",,"8","NW ",,1,,0,,6,
"249200920","PIWNICZNA                     ","2025","03","04","18",0.8,,,"8",,"W",,"8","C  ",,0,,0,,6,
"249200920","PIWNICZNA                     ","2025","03","05","06",-4.2,,,"8",,"W",,"8","S  ",,1,,0,,6,
"249200920","PIWNICZNA                     ","2025","03","05","12",16.1,,,"8","W","W",,"8","SE ",,3,,0,,6,
"249200920","PIWNICZNA                     ","2025","03","05","18",5.4,,,"8",,"W",,"8","SSE",,2,,0,,6,
"249200920","PIWNICZNA                     ","2025","03","06","06",-0.8,,,"8",,"W",,"8","SE ",,2,,0,,6,
"249200920","PIWNICZNA                     ","2025","03","06","12",18.1,,,"8","W","W",,"8","SE ",,3,,0,,6,
"249200920","PIWNICZNA                     ","2025","03","06","18",6.2,,,"8",,"W",,"8","S  ",,1,,0,,6,
"249200920","PIWNICZNA                     ","2025","03","07","06",0.2,,,"8",,"W",,"8","S  ",,1,,6,,6,
"249200920","PIWNICZNA                     ","2025","03","07","12",18.3,,,"8","W","W",,"8","SE ",,2,,0,,6,
"249200920","PIWNICZNA                     ","2025","03","07","18",7.1,,,"8",,"W",,"8","C  ",,0,,0,,6,
"249200920","PIWNICZNA                     ","2025","03","08","06",-1.2,,,"8",,"W",,"8","S  ",,1,,0,,6,
"249200920","PIWNICZNA                     ","2025","03","08","12",20.5,,,"8","W","W",,"8","SSE",,1,,0,,6,
"249200920","PIWNICZNA                     ","2025","03","08","18",5.8,,,"8",,"W",,"8","C  ",,0,,0,,6,
"249200920","PIWNICZNA                     ","2025","03","09","06",-0.2,,,"8",,"W",,"8","S  ",,1,,2,,6,
"249200920","PIWNICZNA                     ","2025","03","09","12",19.5,,,"8","W","W",,"8","SE ",,2,,0,,6,
"249200920","PIWNICZNA                     ","2025","03","09","18",10.9,,,"8","W","W",,"8","SSE",,1,,1,,6,
"249200920","PIWNICZNA                     ","2025","03","10","06",2.2,,,"8",,"W",,"8","C  ",,0,,3,,6,
"249200920","PIWNICZNA                     ","2025","03","10","12",18.1,,,"8","W","W",,"8","SSE",,3,,2,,6,
"249200920","PIWNICZNA                     ","2025","03","10","18",14.4,,,"8","W","W",,"8","SE ",,2,,6,,6,
"249200920","PIWNICZNA                     ","2025","03","11","06",7.2,,,"8",,"W",,"8","C  ",,0,,4,,6,
"249200920","PIWNICZNA                     ","2025","03","11","12",16.1,,,"8","W","W",,"8","S  ",,3,,6,,6,
"249200920","PIWNICZNA                     ","2025","03","11","18",8.8,,,"8","W","W",,"8","SSE",,1,,8,,6,
"249200920","PIWNICZNA                     ","2025","03","12","06",5.4,,,"8",,"W",,"8","C  ",,0,,7,,6,
"249200920","PIWNICZNA                     ","2025","03","12","12",14.2,,,"8","W","W",,"8","SSE",,3,,3,,6,
"249200920","PIWNICZNA                     ","2025","03","12","18",10.2,,,"8","W","W",,"8","ESE",,4,,6,,6,
"249200920","PIWNICZNA                     ","2025","03","13","06",9.5,,,"8","W","W",,"8","SSE",,2,,8,,6,
"249200920","PIWNICZNA                     ","2025","03","13","12",10.9,,,"8","W","W",,"8","SE ",,1,,8,,6,
"249200920","PIWNICZNA                     ","2025","03","13","18",8.5,,,"8","W","W",,"8","NW ",,1,,1,,6,
"249200920","PIWNICZNA                     ","2025","03","14","06",2.2,,,"8",,"W",,"8","C  ",,0,,8,,6,
"249200920","PIWNICZNA                     ","2025","03","14","12",9.8,,,"8","W","W",,"8","SE ",,2,,8,,6,
"249200920","PIWNICZNA                     ","2025","03","14","18",6.2,,,"8",,"W",,"8","NNW",,3,,8,,6,
"249200920","PIWNICZNA                     ","2025","03","15","06",0.6,,,"8",,"W",,"8","N  ",,2,,8,,5,
"249200920","PIWNICZNA                     ","2025","03","15","12",0.8,,,"8",,"W",,"8","NNW",,2,,8,,6,
"249200920","PIWNICZNA                     ","2025","03","15","18",0.4,,,"8",,"W",,"8","NNW",,1,,8,,6,
"249200920","PIWNICZNA                     ","2025","03","16","06",-1.2,,,"8",,"W",,"8","N  ",,3,,8,,6,
"249200920","PIWNICZNA                     ","2025","03","16","12",-0.4,,,"8",,"W",,"8","N  ",,3,,6,,6,
"249200920","PIWNICZNA                     ","2025","03","16","18",-0.8,,,"8",,"W",,"8","NNW",,1,,0,,6,
"249200920","PIWNICZNA                     ","2025","03","17","06",-2.6,,,"8",,"W",,"8","C  ",,0,,8,,5,
"249200920","PIWNICZNA                     ","2025","03","17","12",0.8,,,"8",,"W",,"8","NNW",,4,,6,,6,
"249200920","PIWNICZNA                     ","2025","03","17","18",-2.8,,,"8",,"W",,"8","C  ",,0,,0,,6,
"249200920","PIWNICZNA                     ","2025","03","18","06",-11.9,,,"8","L","W",,"8","C  ",,0,,0,,6,
"249200920","PIWNICZNA                     ","2025","03","18","12",2.2,,,"8",,"W",,"8","NNW",,3,,0,,6,
"249200920","PIWNICZNA                     ","2025","03","18","18",-2.4,,,"8",,"W",,"8","C  ",,0,,0,,6,
"249200920","PIWNICZNA                     ","2025","03","19","06",-6.6,,,"8","L","W",,"8","C  ",,0,,0,,6,
"249200920","PIWNICZNA                     ","2025","03","19","12",8.8,,,"8","W","W",,"8","E  ",,1,,0,,6,
"249200920","PIWNICZNA                     ","2025","03","19","18",-0.4,,,"8",,"W",,"8","C  ",,0,,0,,6,
"249200920","PIWNICZNA                     ","2025","03","20","06",-3.2,,,"8",,"W",,"8","C  ",,0,,0,,6,
"249200920","PIWNICZNA                     ","2025","03","20","12",12.2,,,"8","W","W",,"8","ESE",,3,,0,,6,
"249200920","PIWNICZNA                     ","2025","03","20","18",1.4,,,"8",,"W",,"8","C  ",,0,,0,,6,
"249200920","PIWNICZNA                     ","2025","03","21","06",-3.6,,,"8",,"W",,"8","C  ",,0,,0,,6,
"249200920","PIWNICZNA                     ","2025","03","21","12",14.8,,,"8","W","W",,"8","S  ",,2,,0,,6,
"249200920","PIWNICZNA                     ","2025","03","21","18",5.8,,,"8",,"W",,"8","C  ",,0,,0,,6,
"249200920","PIWNICZNA                     ","2025","03","22","06",-1.4,,,"8",,"W",,"8","C  ",,0,,0,,6,
"249200920","PIWNICZNA                     ","2025","03","22","12",15.2,,,"8","W","W",,"8","SE ",,3,,0,,6,
"249200920","PIWNICZNA                     ","2025","03","22","18",9.9,,,"8","W","W",,"8","SSE",,1,,0,,6,
"249200920","PIWNICZNA                     ","2025","03","23","06",7.9,,,"8",,"W",,"8","SSE",,3,,8,,6,
"249200920","PIWNICZNA                     ","2025","03","23","12",9.9,,,"8","W","W",,"8","SE ",,5,,8,,6,
"249200920","PIWNICZNA                     ","2025","03","23","18",9.3,,,"8","W","W",,"8","SE ",,4,,8,,6,
"249200920","PIWNICZNA                     ","2025","03","24","06",7.2,,,"8",,"W",,"8","C  ",,0,,6,,6,
"249200920","PIWNICZNA                     ","2025","03","24","12",13.2,,,"8","W","W",,"8","SE ",,3,,8,,6,
"249200920","PIWNICZNA                     ","2025","03","24","18",9.7,,,"8","W","W",,"8","N  ",,1,,8,,5,
"249200920","PIWNICZNA                     ","2025","03","25","06",7.9,,,"8",,"W",,"8","C  ",,0,,8,,5,
"249200920","PIWNICZNA                     ","2025","03","25","12",9.3,,,"8","W","W",,"8","NNW",,2,,7,,6,
"249200920","PIWNICZNA                     ","2025","03","25","18",6.6,,,"8",,"W",,"8","C  ",,0,,5,,6,
"249200920","PIWNICZNA                     ","2025","03","26","06",3.8,,,"8",,"W",,"8","ESE",,1,,8,,3,
"249200920","PIWNICZNA                     ","2025","03","26","12",15.4,,,"8","W","W",,"8","ENE",,1,,4,,6,
"249200920","PIWNICZNA                     ","2025","03","26","18",8.9,,,"8","W","W",,"8","C  ",,0,,8,,6,
"249200920","PIWNICZNA                     ","2025","03","27","06",7.2,,,"8",,"W",,"8","NNW",,1,,8,,6,
"249200920","PIWNICZNA                     ","2025","03","27","12",8.5,,,"8","W","W",,"8","N  ",,3,,6,,6,
"249200920","PIWNICZNA                     ","2025","03","27","18",7.7,,,"8",,"W",,"8","NNW",,2,,8,,6,
"249200920","PIWNICZNA                     ","2025","03","28","06",4.8,,,"8",,"W",,"8","WNW",,1,,8,,6,
"249200920","PIWNICZNA                     ","2025","03","28","12",8.3,,,"8","W","W",,"8","NW ",,1,,6,,6,
"249200920","PIWNICZNA                     ","2025","03","28","18",5.6,,,"8",,"W",,"8","C  ",,0,,2,,6,
"249200920","PIWNICZNA                     ","2025","03","29","06",4.4,,,"8",,"W",,"8","C  ",,0,,4,,3,
"249200920","PIWNICZNA                     ","2025","03","29","12",12.4,,,"8","W","W",,"8","SE ",,3,,6,,6,
"249200920","PIWNICZNA                     ","2025","03","29","18",9.9,,,"8","W","W",,"8","C  ",,0,,2,,6,
"249200920","PIWNICZNA                     ","2025","03","30","06",3.6,,,"8",,"W",,"8","C  ",,0,,4,,6,
"249200920","PIWNICZNA                     ","2025","03","30","12",10.7,,,"8","W","W",,"8","NNW",,2,,8,,6,
"249200920","PIWNICZNA                     ","2025","03","30","18",7.2,,,"8",,"W",,"8","C  ",,0,,6,,6,
"249200920","PIWNICZNA                     ","2025","03","31","06",5.8,,,"8",,"W",,"8","NNW",,2,,8,,6,
"249200920","PIWNICZNA                     ","2025","03","31","12",7.4,,,"8",,"W",,"8","NNW",,4,,8,,6,
"249200920","PIWNICZNA                     ","2025","03","31","18",6.2,,,"8",,"W",,"8","N  ",,1,,8,,6,
"249200930","PORONIN                       ","2025","03","01","06",-6.1,,-6.0,,"L","W",96,,"E  ",,1,,4,,7,
"249200930","PORONIN                       ","2025","03","01","12",3.6,,1.1,,"W","W",62,,"WSW",,4,,6,,7,
"249200930","PORONIN                       ","2025","03","01","18",-0.5,,-0.8,,"L","W",94,,"WSW",,2,,8,,3,
"249200930","PORONIN                       ","2025","03","02","06",-1.8,,-2.4,,"L","W",87,,"WSW",,2,,7,,6,
"249200930","PORONIN                       ","2025","03","02","12",2.4,,0.0,,"W","W",62,,"WNW",,3,,1,,7,
"249200930","PORONIN                       ","2025","03","02","18",-2.3,,-3.3,,"L","W",78,,"C  ",,0,,0,,7,
"249200930","PORONIN                       ","2025","03","03","06",-0.4,,-1.0,,"L","W",89,,"WSW",,2,,4,,7,
"249200930","PORONIN                       ","2025","03","03","12",5.3,,2.8,,"W","W",65,,"WNW",,3,,2,,7,
"249200930","PORONIN                       ","2025","03","03","18",-0.7,,-1.5,,"L","W",85,,"ENE",,2,,1,,7,
"249200930","PORONIN                       ","2025","03","04","06",-6.5,,-6.5,,"L","W",94,,"C  ",,0,,4,,7,
"249200930","PORONIN                       ","2025","03","04","12",10.2,,2.6,,"W","W",18,,"W  ",,4,,2,,7,
"249200930","PORONIN                       ","2025","03","04","18",-2.0,,-3.4,,"L","W",71,,"ENE",,1,,1,,7,
"249200930","PORONIN                       ","2025","03","05","06",-8.4,,-8.4,,"L","W",92,,"ESE",,2,,0,,7,
"249200930","PORONIN                       ","2025","03","05","12",14.2,,5.7,,"W","W",21,,"WNW",,4,,1,,7,
"249200930","PORONIN                       ","2025","03","05","18",0.8,,-1.0,,"L","W",70,,"ENE",,2,,0,,7,
"249200930","PORONIN                       ","2025","03","06","06",-5.3,,-5.4,,"L","W",93,,"E  ",,1,,0,,7,
"249200930","PORONIN                       ","2025","03","06","12",17.3,,7.8,,"W","W",21,,"NE ",,3,,0,,7,
"249200930","PORONIN                       ","2025","03","06","18",3.1,,0.1,,"W","W",54,,"NE ",,2,,0,,7,
"249200930","PORONIN                       ","2025","03","07","06",-2.7,,-3.4,,"L","W",83,,"ESE",,2,,6,,7,
"249200930","PORONIN                       ","2025","03","07","12",14.6,,6.8,,"W","W",27,,"N  ",,2,,5,,7,
"249200930","PORONIN                       ","2025","03","07","18",1.5,,-0.5,,"W","W",67,,"ENE",,1,,2,,7,
"249200930","PORONIN                       ","2025","03","08","06",-3.3,,-3.7,,"L","W",89,,"ENE",,2,,1,,7,
"249200930","PORONIN                       ","2025","03","08","12",16.1,,7.2,,"W","W",22,,"S  ",,1,,1,,7,
"249200930","PORONIN                       ","2025","03","08","18",2.0,,0.0,,"W","W",67,,"E  ",,1,,2,,7,
"249200930","PORONIN                       ","2025","03","09","06",-3.7,,-4.0,,"L","W",90,,"ESE",,2,,4,,7,
"249200930","PORONIN                       ","2025","03","09","12",11.5,,6.2,,"W","W",43,,"C  ",,0,,5,,7,
"249200930","PORONIN                       ","2025","03","09","18",5.1,,2.4,,"W","W",62,,"E  ",,2,,7,,7,
"249200930","PORONIN                       ","2025","03","10","06",6.7,,4.2,,"W","W",67,,"NE ",,1,,6,,7,
"249200930","PORONIN                       ","2025","03","10","12",15.6,,11.2,,"W","W",58,,,"8",,"8",4,,7,
"249200930","PORONIN                       ","2025","03","10","18",12.0,,7.8,,"W","W",55,,,"8",,"8",6,,7,
"249200930","PORONIN                       ","2025","03","11","06",3.6,,2.3,,"W","W",80,,,"8",,"8",3,,7,
"249200930","PORONIN                       ","2025","03","11","12",12.6,,7.4,,"W","W",46,,,"8",,"8",4,,7,
"249200930","PORONIN                       ","2025","03","11","18",6.3,,4.4,,"W","W",74,,,"8",,"8",7,,7,
"249200930","PORONIN                       ","2025","03","12","06",-2.5,,-2.6,,"L","W",96,,,"8",,"8",2,,7,
"249200930","PORONIN                       ","2025","03","12","12",12.4,,8.2,,"W","W",56,,,"8",,"8",4,,7,
"249200930","PORONIN                       ","2025","03","12","18",11.1,,7.0,,"W","W",55,,,"8",,"8",7,,7,
"249200930","PORONIN                       ","2025","03","13","06",4.8,,4.4,,"W","W",94,,,"8",,"8",6,,7,
"249200930","PORONIN                       ","2025","03","13","12",10.6,,8.3,,"W","W",73,,,"8",,"8",7,,7,
"249200930","PORONIN                       ","2025","03","13","18",7.6,,4.5,,"W","W",60,,,"8",,"8",3,,7,
"249200930","PORONIN                       ","2025","03","14","06",1.6,,1.2,,"W","W",93,,,"8",,"8",8,,6,
"249200930","PORONIN                       ","2025","03","14","12",8.1,,7.0,,"W","W",86,,,"8",,"8",8,,6,
"249200930","PORONIN                       ","2025","03","14","18",5.1,,4.6,,"W","W",93,,,"8",,"8",8,,3,
"249200930","PORONIN                       ","2025","03","15","06",0.0,,-0.2,,"W","W",96,,,"8",,"8",8,,2,
"249200930","PORONIN                       ","2025","03","15","12",-0.8,,-1.4,,"L","W",88,,,"8",,"8",8,,3,
"249200930","PORONIN                       ","2025","03","15","18",-1.7,,-2.0,,"L","W",93,,,"8",,"8",8,,3,
"249200930","PORONIN                       ","2025","03","16","06",-2.4,,-2.7,,"L","W",92,,,"8",,"8",4,,6,
"249200930","PORONIN                       ","2025","03","16","12",-0.3,,-1.0,,"L","W",87,,,"8",,"8",8,,6,
"249200930","PORONIN                       ","2025","03","16","18",-1.2,,-1.6,,"L","W",91,,,"8",,"8",8,,3,
"249200930","PORONIN                       ","2025","03","17","06",-3.6,,-3.6,,"L","W",96,,,"8",,"8",8,,2,
"249200930","PORONIN                       ","2025","03","17","12",-2.7,,-4.2,,"L","W",68,,,"8",,"8",4,,7,
"249200930","PORONIN                       ","2025","03","17","18",-7.3,,-7.8,,"L","W",81,,,"8",,"8",6,,7,
"249200930","PORONIN                       ","2025","03","18","06",-14.0,,-14.0,,"L","W",87,,,"8",,"8",0,,7,
"249200930","PORONIN                       ","2025","03","18","12",-0.8,,-5.0,,"L","W",26,,"WSW",,2,,1,,7,
"249200930","PORONIN                       ","2025","03","18","18",-4.5,,-5.2,,"L","W",81,,"E  ",,1,,0,,7,
"249200930","PORONIN                       ","2025","03","19","06",-10.4,,-10.4,,"L","W",90,,"E  ",,1,,0,,7,
"249200930","PORONIN                       ","2025","03","19","12",5.3,,0.8,,"W","W",38,,"SW ",,2,,0,,7,
"249200930","PORONIN                       ","2025","03","19","18",-1.0,,-2.4,,"L","W",73,,"E  ",,1,,0,,7,
"249200930","PORONIN                       ","2025","03","20","06",-7.2,,-7.3,,"L","W",91,,"E  ",,1,,0,,7,
"249200930","PORONIN                       ","2025","03","20","12",10.3,,4.8,,"W","W",39,,"NW ",,1,,0,,7,
"249200930","PORONIN                       ","2025","03","20","18",0.6,,-1.3,,"L","W",68,,"E  ",,2,,0,,7,
"249200930","PORONIN                       ","2025","03","21","06",-4.5,,-4.8,,"L","W",89,,"E  ",,1,,0,,7,
"249200930","PORONIN                       ","2025","03","21","12",11.8,,6.0,,"W","W",39,,"W  ",,3,,1,,7,
"249200930","PORONIN                       ","2025","03","21","18",2.2,,0.0,,"W","W",65,,"E  ",,2,,0,,7,
"249200930","PORONIN                       ","2025","03","22","06",-2.6,,-2.9,,"L","W",91,,"ESE",,1,,0,,8,
"249200930","PORONIN                       ","2025","03","22","12",12.1,,5.8,,"W","W",35,,"NNE",,2,,3,,7,
"249200930","PORONIN                       ","2025","03","22","18",5.7,,2.8,,"W","W",60,,"NE ",,2,,5,,7,
"249200930","PORONIN                       ","2025","03","23","06",0.2,,-0.2,,"W","W",93,,"ENE",,1,,7,,7,
"249200930","PORONIN                       ","2025","03","23","12",10.1,,6.8,,"W","W",62,,"WSW",,2,,7,,7,
"249200930","PORONIN                       ","2025","03","23","18",9.3,,6.4,,"W","W",65,,"WSW",,4,,8,,7,
"249200930","PORONIN                       ","2025","03","24","06",2.6,,2.2,,"W","W",94,,"ESE",,1,,7,,7,
"249200930","PORONIN                       ","2025","03","24","12",11.1,,8.0,,"W","W",65,,"E  ",,1,,8,,7,
"249200930","PORONIN                       ","2025","03","24","18",6.9,,6.4,,"W","W",93,,"C  ",,0,,8,,3,
"249200930","PORONIN                       ","2025","03","25","06",5.0,,4.6,,"W","W",94,,"C  ",,0,,8,,2,
"249200930","PORONIN                       ","2025","03","25","12",9.8,,7.4,,"W","W",71,,"ESE",,1,,6,,7,
"249200930","PORONIN                       ","2025","03","25","18",5.7,,5.0,,"W","W",90,,"ENE",,1,,4,,7,
"249200930","PORONIN                       ","2025","03","26","06",-0.3,,-0.5,,"L","W",96,,"E  ",,1,,1,,7,
"249200930","PORONIN                       ","2025","03","27","06",4.6,,4.4,,"W","W",97,,,"8",,"8",8,,3,
"249200930","PORONIN                       ","2025","03","27","12",6.3,,4.8,,"W","W",79,,,"8",,"8",8,,3,
"249200930","PORONIN                       ","2025","03","27","18",5.0,,3.8,,"W","W",83,,"ENE",,2,,8,,3,
"249200930","PORONIN                       ","2025","03","28","06",3.0,,1.9,,"W","W",83,,"ENE",,2,,7,,6,
"249200930","PORONIN                       ","2025","03","28","12",6.7,,5.4,,"W","W",82,,"ENE",,4,,8,,3,
"249200930","PORONIN                       ","2025","03","28","18",5.6,,4.8,,"W","W",89,,"ENE",,1,,3,,7,
"249200930","PORONIN                       ","2025","03","29","06",4.9,,4.2,,"W","W",90,,"C  ",,0,,7,,6,
"249200930","PORONIN                       ","2025","03","29","12",11.4,,7.8,,"W","W",60,,"ENE",,4,,8,,7,
"249200930","PORONIN                       ","2025","03","29","18",8.0,,6.2,,"W","W",77,,"E  ",,1,,4,,7,
"249200930","PORONIN                       ","2025","03","30","06",7.0,,5.6,,"W","W",81,,"NNW",,2,,4,,7,
"249200930","PORONIN                       ","2025","03","30","12",7.6,,5.8,,"W","W",77,,"W  ",,3,,8,,6,
"249200930","PORONIN                       ","2025","03","30","18",7.9,,5.5,,"W","W",69,,"WNW",,2,,8,,3,
"249200930","PORONIN                       ","2025","03","31","06",2.2,,2.0,,"W","W",97,,"C  ",,0,,8,,3,
"249200930","PORONIN                       ","2025","03","31","12",4.0,,3.4,,"W","W",91,,"E  ",,1,,8,,3,
"249200930","PORONIN                       ","2025","03","31","18",2.8,,2.5,,"W","W",95,,"E  ",,1,,8,,2,
"249200980","MSZANA DOLNA                  ","2025","03","01","06",-2.6,,-2.9,,"L","W",91,,"C  ",,0,,8,,7,
"249200980","MSZANA DOLNA                  ","2025","03","01","12",4.3,,2.3,,"W","W",70,,"NW ",,3,,8,,7,
"249200980","MSZANA DOLNA                  ","2025","03","01","18",0.4,,0.2,,"W","W",96,,"N  ",,1,,8,,6,
"249200980","MSZANA DOLNA                  ","2025","03","02","06",0.2,,-0.3,,"L","W",91,,"SW ",,2,,8,,7,
"249200980","MSZANA DOLNA                  ","2025","03","02","12",4.4,,2.4,,"W","W",71,,"W  ",,2,,4,,7,
"249200980","MSZANA DOLNA                  ","2025","03","02","18",-1.0,,-1.5,,"L","W",90,,"SW ",,1,,3,,6,
"249200980","MSZANA DOLNA                  ","2025","03","03","06",0.7,,0.5,,"W","W",96,,"SSW",,1,,8,,7,
"249200980","MSZANA DOLNA                  ","2025","03","03","12",5.7,,2.9,,"W","W",61,,"W  ",,3,,3,,8,
"249200980","MSZANA DOLNA                  ","2025","03","03","18",-0.8,,-1.8,,"L","W",81,,"SSW",,2,,4,,6,
"249200980","MSZANA DOLNA                  ","2025","03","04","06",-3.6,,-3.8,,"L","W",92,,"SSW",,1,,3,,7,
"249200980","MSZANA DOLNA                  ","2025","03","04","12",11.1,,3.8,,"W","W",23,,"WSW",,3,,3,,8,
"249200980","MSZANA DOLNA                  ","2025","03","04","18",1.0,,-1.4,,"L","W",61,,"SSW",,2,,1,,6,
"249200980","MSZANA DOLNA                  ","2025","03","05","06",-2.8,,-4.0,,"L","W",73,,"S  ",,2,,1,,8,
"249200980","MSZANA DOLNA                  ","2025","03","05","12",10.6,,3.2,,"W","W",21,,"SSW",,4,,1,,8,
"249200980","MSZANA DOLNA                  ","2025","03","05","18",8.4,,3.8,,"W","W",44,,"S  ",,5,,1,,6,
"249200980","MSZANA DOLNA                  ","2025","03","06","06",4.7,,2.5,,"W","W",68,,"C  ",,0,,1,,8,
"249200980","MSZANA DOLNA                  ","2025","03","06","12",19.0,,9.0,,"W","W",21,,"SSW",,6,,1,,8,
"249200980","MSZANA DOLNA                  ","2025","03","06","18",12.0,,5.0,,"W","W",28,,"S  ",,2,,1,,6,
"249200980","MSZANA DOLNA                  ","2025","03","07","06",0.8,,-0.4,,"W","W",79,,"S  ",,2,,6,,8,
"249200980","MSZANA DOLNA                  ","2025","03","07","12",17.6,,7.1,,"W","W",14,,"WNW",,1,,3,,8,
"249200980","MSZANA DOLNA                  ","2025","03","07","18",4.3,,0.5,,"W","W",45,,"SSW",,3,,3,,7,
"249200980","MSZANA DOLNA                  ","2025","03","08","06",-1.4,,-1.7,,"L","W",93,,"S  ",,2,,3,,8,
"249200980","MSZANA DOLNA                  ","2025","03","08","12",18.7,,11.0,,"W","W",36,,"S  ",,2,,1,,8,
"249200980","MSZANA DOLNA                  ","2025","03","08","18",6.8,,2.3,,"W","W",42,,"C  ",,0,,3,,7,
"249200980","MSZANA DOLNA                  ","2025","03","09","06",0.0,,-0.7,,"L","W",88,,"SSW",,2,,3,,8,
"249200980","MSZANA DOLNA                  ","2025","03","09","12",18.9,,8.0,,"W","W",15,,"S  ",,3,,3,,8,
"249200980","MSZANA DOLNA                  ","2025","03","09","18",10.4,,5.2,,"W","W",42,,"SSW",,3,,4,,7,
"249200980","MSZANA DOLNA                  ","2025","03","10","06",0.9,,0.2,,"W","W",88,,"SSW",,2,,4,,8,
"249200980","MSZANA DOLNA                  ","2025","03","10","12",18.4,,10.3,,"W","W",33,,"S  ",,5,,5,,8,
"249200980","MSZANA DOLNA                  ","2025","03","10","18",14.4,,10.0,,"W","W",56,,"S  ",,6,,8,,6,
"249200980","MSZANA DOLNA                  ","2025","03","11","06",9.2,,7.8,,"W","W",83,,"SSW",,7,,7,,8,
"249200980","MSZANA DOLNA                  ","2025","03","11","12",12.9,,7.8,,"W","W",48,,"WSW",,5,,8,,8,
"249200980","MSZANA DOLNA                  ","2025","03","11","18",10.3,,5.9,,"W","W",50,,"S  ",,2,,8,,7,
"249200980","MSZANA DOLNA                  ","2025","03","12","06",3.9,,3.5,,"W","W",94,,"ESE",,1,,3,,8,
"249200980","MSZANA DOLNA                  ","2025","03","12","12",14.9,,9.9,,"W","W",52,,"SSW",,6,,5,,8,
"249200980","MSZANA DOLNA                  ","2025","03","12","18",10.6,,6.6,,"W","W",55,,"C  ",,0,,4,,7,
"249200980","MSZANA DOLNA                  ","2025","03","13","06",7.4,,6.6,,"W","W",89,,"SSW",,2,,6,,7,
"249200980","MSZANA DOLNA                  ","2025","03","13","12",11.4,,10.9,,"W","W",94,,"ENE",,1,,8,,7,
"249200980","MSZANA DOLNA                  ","2025","03","13","18",7.8,,5.0,,"W","W",64,,"SW ",,8,,8,,6,
"249200980","MSZANA DOLNA                  ","2025","03","14","06",3.3,,2.6,,"W","W",89,,"NE ",,1,,8,,7,
"249200980","MSZANA DOLNA                  ","2025","03","14","12",5.7,,4.5,,"W","W",83,,"N  ",,2,,8,,7,
"249200980","MSZANA DOLNA                  ","2025","03","14","18",3.6,,3.4,,"W","W",97,,"NNW",,3,,8,,6,
"249200980","MSZANA DOLNA                  ","2025","03","15","06",-0.1,,-0.6,,"L","W",91,,"NNE",,4,,8,,6,
"249200980","MSZANA DOLNA                  ","2025","03","15","12",0.1,,-0.3,,"L","W",93,,"NNE",,4,,8,,6,
"249200980","MSZANA DOLNA                  ","2025","03","15","18",-0.7,,-1.1,,"L","W",92,,"NNE",,4,,8,,6,
"249200980","MSZANA DOLNA                  ","2025","03","16","06",-1.4,,-1.6,,"L","W",95,,"NE ",,3,,8,,7,
"249200980","MSZANA DOLNA                  ","2025","03","16","12",-0.4,,-0.7,,"L","W",94,,"NW ",,2,,8,,7,
"249200980","MSZANA DOLNA                  ","2025","03","16","18",-1.6,,-2.0,,"L","W",91,,"SW ",,1,,8,,6,
"249200980","MSZANA DOLNA                  ","2025","03","17","06",-2.8,,-3.0,,"L","W",93,,"WNW",,1,,8,,6,
"249200980","MSZANA DOLNA                  ","2025","03","17","12",0.0,,-2.9,,"L","W",50,,"N  ",,3,,6,,7,
"249200980","MSZANA DOLNA                  ","2025","03","17","18",-3.4,,-5.3,,"L","W",58,,"N  ",,2,,3,,6,
"249200980","MSZANA DOLNA                  ","2025","03","18","06",-10.7,,-10.7,,"L","W",90,,"S  ",,1,,1,,7,
"249200980","MSZANA DOLNA                  ","2025","03","18","12",2.2,,-1.1,,"L","W",50,,"S  ",,3,,1,,8,
"249200980","MSZANA DOLNA                  ","2025","03","18","18",-4.2,,-5.5,,"L","W",69,,"S  ",,2,,1,,6,
"249200980","MSZANA DOLNA                  ","2025","03","19","06",-6.1,,-6.4,,"L","W",87,,"S  ",,1,,1,,8,
"249200980","MSZANA DOLNA                  ","2025","03","19","12",8.9,,3.2,,"W","W",33,,"S  ",,2,,1,,8,
"249200980","MSZANA DOLNA                  ","2025","03","19","18",2.0,,-0.3,,"L","W",65,,"SSW",,1,,1,,6,
"249200980","MSZANA DOLNA                  ","2025","03","20","06",-1.5,,-2.7,,"L","W",76,,"S  ",,1,,1,,8,
"249200980","MSZANA DOLNA                  ","2025","03","20","12",13.6,,5.3,,"W","W",21,,"SSW",,5,,1,,8,
"249200980","MSZANA DOLNA                  ","2025","03","20","18",5.0,,1.0,,"W","W",44,,"SSW",,1,,1,,6,
"249200980","MSZANA DOLNA                  ","2025","03","21","06",-0.6,,-2.0,,"L","W",74,,"C  ",,0,,1,,8,
"249200980","MSZANA DOLNA                  ","2025","03","21","12",14.3,,6.7,,"W","W",28,,"W  ",,2,,1,,8,
"249200980","MSZANA DOLNA                  ","2025","03","21","18",7.2,,3.8,,"W","W",56,,"C  ",,0,,1,,6,
"249200980","MSZANA DOLNA                  ","2025","03","22","06",-2.0,,-2.3,,"L","W",92,,"SSW",,1,,1,,8,
"249200980","MSZANA DOLNA                  ","2025","03","22","12",14.5,,7.2,,"W","W",31,,"ESE",,5,,2,,8,
"249200980","MSZANA DOLNA                  ","2025","03","22","18",9.9,,4.3,,"W","W",37,,"E  ",,4,,8,,6,
"249200980","MSZANA DOLNA                  ","2025","03","23","06",3.0,,2.3,,"W","W",89,,"SSW",,3,,7,,8,
"249200980","MSZANA DOLNA                  ","2025","03","23","12",11.7,,7.8,,"W","W",58,,"SE ",,3,,8,,8,
"249200980","MSZANA DOLNA                  ","2025","03","23","18",9.7,,8.2,,"W","W",82,,"SSE",,1,,8,,6,
"249200980","MSZANA DOLNA                  ","2025","03","24","06",7.1,,6.4,,"W","W",91,,"NNE",,1,,7,,8,
"249200980","MSZANA DOLNA                  ","2025","03","24","12",12.7,,9.5,,"W","W",66,,"N  ",,2,,8,,7,
"249200980","MSZANA DOLNA                  ","2025","03","24","18",8.8,,7.9,,"W","W",89,,"W  ",,2,,8,,6,
"249200980","MSZANA DOLNA                  ","2025","03","25","06",6.5,,6.2,,"W","W",96,,"NNE",,1,,8,,5,
"249200980","MSZANA DOLNA                  ","2025","03","25","12",11.0,,8.4,,"W","W",70,,"N  ",,3,,5,,8,
"249200980","MSZANA DOLNA                  ","2025","03","25","18",7.1,,6.0,,"W","W",85,,"NNE",,1,,8,,6,
"249200980","MSZANA DOLNA                  ","2025","03","26","06",0.6,,0.2,,"W","W",93,,"S  ",,1,,8,,4,
"249200980","MSZANA DOLNA                  ","2025","03","26","12",14.3,,9.4,,"W","W",52,,"N  ",,1,,5,,8,
"249200980","MSZANA DOLNA                  ","2025","03","26","18",10.1,,7.6,,"W","W",71,,"S  ",,1,,8,,6,
"249200980","MSZANA DOLNA                  ","2025","03","27","06",6.4,,5.6,,"W","W",89,,"NNW",,2,,8,,7,
"249200980","MSZANA DOLNA                  ","2025","03","27","12",7.3,,6.0,,"W","W",83,,"NNE",,2,,8,,8,
"249200980","MSZANA DOLNA                  ","2025","03","27","18",6.6,,5.8,,"W","W",89,,"N  ",,2,,8,,6,
"249200980","MSZANA DOLNA                  ","2025","03","28","06",6.4,,5.2,,"W","W",84,,"NNE",,4,,7,,7,
"249200980","MSZANA DOLNA                  ","2025","03","28","12",8.6,,6.5,,"W","W",74,,"ENE",,5,,4,,8,
"249200980","MSZANA DOLNA                  ","2025","03","28","18",7.0,,5.5,,"W","W",80,,"NE ",,1,,3,,6,
"249200980","MSZANA DOLNA                  ","2025","03","29","06",5.3,,5.0,,"W","W",96,,"SSW",,1,,6,,8,
"249200980","MSZANA DOLNA                  ","2025","03","29","12",13.9,,11.3,,"W","W",73,,"NNE",,4,,7,,8,
"249200980","MSZANA DOLNA                  ","2025","03","29","18",10.6,,7.8,,"W","W",68,,"NNW",,2,,8,,6,
"249200980","MSZANA DOLNA                  ","2025","03","30","06",3.4,,2.7,,"W","W",89,,"N  ",,1,,8,,7,
"249200980","MSZANA DOLNA                  ","2025","03","30","12",9.3,,7.4,,"W","W",77,,"NNW",,2,,6,,8,
"249200980","MSZANA DOLNA                  ","2025","03","30","18",9.0,,7.2,,"W","W",78,,"NE ",,1,,8,,6,
"249200980","MSZANA DOLNA                  ","2025","03","31","06",4.8,,4.4,,"W","W",94,,"C  ",,0,,8,,7,
"249200980","MSZANA DOLNA                  ","2025","03","31","12",7.2,,5.9,,"W","W",83,,"NNW",,1,,8,,7,
"249200980","MSZANA DOLNA                  ","2025","03","31","18",5.2,,4.8,,"W","W",94,,"SSW",,1,,8,,6,
"249220150","SOLINA-JAWOR                  ","2025","03","01","06",0.2,,,"8",,"N",,"8","C  ",,0,,8,,1,
"249220150","SOLINA-JAWOR                  ","2025","03","01","12",5.4,,,"8","W","N",,"8","WNW",,1,,6,,8,
"249220150","SOLINA-JAWOR                  ","2025","03","01","18",2.3,,,"8",,"N",,"8","WNW",,1,,8,,5,
"249220150","SOLINA-JAWOR                  ","2025","03","02","06",-0.4,,,"8",,"N",,"8","NW ",,1,,8,,4,
"249220150","SOLINA-JAWOR                  ","2025","03","02","12",0.4,,,"8",,"N",,"8","WNW",,1,,8,,5,
"249220150","SOLINA-JAWOR                  ","2025","03","02","18",-0.2,,,"8",,"N",,"8","NW ",,2,,8,,4,
"249220150","SOLINA-JAWOR                  ","2025","03","03","06",-0.3,,,"8",,"N",,"8","WNW",,1,,8,,4,
"249220150","SOLINA-JAWOR                  ","2025","03","03","12",2.6,,,"8",,"N",,"8","W  ",,3,,8,,7,
"249220150","SOLINA-JAWOR                  ","2025","03","03","18",0.8,,,"8",,"N",,"8","WSW",,1,,3,,4,
"249220150","SOLINA-JAWOR                  ","2025","03","04","06",1.7,,,"8",,"N",,"8","WSW",,2,,8,,5,
"249220150","SOLINA-JAWOR                  ","2025","03","04","12",9.3,,,"8","W","N",,"8","WSW",,3,,5,,8,
"249220150","SOLINA-JAWOR                  ","2025","03","04","18",4.5,,,"8",,"N",,"8","SW ",,1,,3,,5,
"249220150","SOLINA-JAWOR                  ","2025","03","05","06",-1.0,,,"8",,"N",,"8","C  ",,0,,0,,5,
"249220150","SOLINA-JAWOR                  ","2025","03","05","12",13.2,,,"8","W","N",,"8","SW ",,3,,2,,8,
"249220150","SOLINA-JAWOR                  ","2025","03","05","18",8.6,,,"8","W","N",,"8","SSW",,5,,6,,7,
"249220150","SOLINA-JAWOR                  ","2025","03","06","06",2.1,,,"8",,"N",,"8","C  ",,0,,0,,7,
"249220150","SOLINA-JAWOR                  ","2025","03","06","12",16.4,,,"8","W","N",,"8","S  ",,3,,0,,8,
"249220150","SOLINA-JAWOR                  ","2025","03","06","18",11.4,,,"8","W","N",,"8","S  ",,3,,0,,7,
"249220150","SOLINA-JAWOR                  ","2025","03","07","06",0.4,,,"8",,"N",,"8","C  ",,0,,6,,7,
"249220150","SOLINA-JAWOR                  ","2025","03","07","12",18.7,,,"8","W","N",,"8","WSW",,2,,4,,8,
"249220150","SOLINA-JAWOR                  ","2025","03","07","18",9.5,,,"8","W","N",,"8","C  ",,0,,5,,7,
"249220150","SOLINA-JAWOR                  ","2025","03","08","06",-1.6,,,"8",,"N",,"8","SE ",,1,,2,,7,
"249220150","SOLINA-JAWOR                  ","2025","03","08","12",18.4,,,"8","W","N",,"8","SSW",,1,,0,,8,
"249220150","SOLINA-JAWOR                  ","2025","03","08","18",12.3,,,"8","W","N",,"8","C  ",,0,,0,,7,
"249220150","SOLINA-JAWOR                  ","2025","03","09","06",-0.4,,,"8",,"N",,"8","C  ",,0,,4,,4,
"249220150","SOLINA-JAWOR                  ","2025","03","09","12",18.9,,,"8","W","N",,"8","S  ",,3,,6,,8,
"249220150","SOLINA-JAWOR                  ","2025","03","09","18",12.3,,,"8","W","N",,"8","C  ",,0,,8,,7,
"249220150","SOLINA-JAWOR                  ","2025","03","10","06",11.2,,,"8","W","N",,"8","SSE",,3,,8,,5,
"249220150","SOLINA-JAWOR                  ","2025","03","10","12",16.1,,,"8","W","N",,"8","S  ",,4,,5,,8,
"249220150","SOLINA-JAWOR                  ","2025","03","10","18",14.6,,,"8","W","N",,"8","S  ",,3,,8,,7,
"249220150","SOLINA-JAWOR                  ","2025","03","11","06",9.7,,,"8","W","N",,"8","SSW",,2,,3,,7,
"249220150","SOLINA-JAWOR                  ","2025","03","11","12",14.2,,,"8","W","N",,"8","SSW",,3,,8,,8,
"249220150","SOLINA-JAWOR                  ","2025","03","11","18",11.3,,,"8","W","N",,"8","S  ",,3,,8,,7,
"249220150","SOLINA-JAWOR                  ","2025","03","12","06",8.7,,,"8","W","N",,"8","SSW",,1,,8,,7,
"249220150","SOLINA-JAWOR                  ","2025","03","12","12",12.5,,,"8","W","N",,"8","SW ",,5,,6,,8,
"249220150","SOLINA-JAWOR                  ","2025","03","12","18",11.7,,,"8","W","N",,"8","SSE",,1,,3,,7,
"249220150","SOLINA-JAWOR                  ","2025","03","13","06",9.1,,,"8","W","N",,"8","E  ",,2,,8,,5,
"249220150","SOLINA-JAWOR                  ","2025","03","13","12",10.8,,,"8","W","N",,"8","SW ",,4,,8,,4,
"249220150","SOLINA-JAWOR                  ","2025","03","13","18",9.7,,,"8","W","N",,"8","SW ",,4,,8,,7,
"249220150","SOLINA-JAWOR                  ","2025","03","14","06",3.6,,,"8",,"N",,"8","C  ",,0,,8,,5,
"249220150","SOLINA-JAWOR                  ","2025","03","14","12",11.5,,,"8","W","N",,"8","SSE",,1,,8,,7,
"249220150","SOLINA-JAWOR                  ","2025","03","14","18",9.1,,,"8","W","N",,"8","ESE",,2,,8,,5,
"249220150","SOLINA-JAWOR                  ","2025","03","15","06",0.8,,,"8",,"N",,"8","NNE",,1,,8,,3,
"249220150","SOLINA-JAWOR                  ","2025","03","15","12",0.0,,,"8",,"N",,"8","NE ",,2,,8,,1,
"249220150","SOLINA-JAWOR                  ","2025","03","15","18",-0.6,,,"8",,"N",,"8","NNE",,1,,8,,1,
"249220150","SOLINA-JAWOR                  ","2025","03","16","06",-1.4,,,"8",,"N",,"8","NE ",,2,,8,,4,
"249220150","SOLINA-JAWOR                  ","2025","03","16","12",-0.2,,,"8",,"N",,"8","NE ",,1,,8,,3,
"249220150","SOLINA-JAWOR                  ","2025","03","16","18",-0.4,,,"8",,"N",,"8","C  ",,0,,8,,4,
"249220150","SOLINA-JAWOR                  ","2025","03","17","06",-1.8,,,"8",,"N",,"8","NNW",,1,,8,,4,
"249220150","SOLINA-JAWOR                  ","2025","03","17","12",-0.6,,,"8",,"N",,"8","N  ",,4,,5,,8,
"249220150","SOLINA-JAWOR                  ","2025","03","17","18",-3.5,,,"8",,"N",,"8","NNE",,3,,4,,7,
"249220150","SOLINA-JAWOR                  ","2025","03","18","06",-7.0,,,"8",,"N",,"8","C  ",,0,,0,,7,
"249220150","SOLINA-JAWOR                  ","2025","03","18","12",1.1,,,"8",,"N",,"8","W  ",,2,,2,,8,
"249220150","SOLINA-JAWOR                  ","2025","03","18","18",-0.3,,,"8",,"N",,"8","SW ",,1,,5,,7,
"249220150","SOLINA-JAWOR                  ","2025","03","19","06",-3.5,,,"8",,"N",,"8","C  ",,0,,0,,7,
"249220150","SOLINA-JAWOR                  ","2025","03","19","12",7.0,,,"8","W","N",,"8","SW ",,3,,0,,8,
"249220150","SOLINA-JAWOR                  ","2025","03","19","18",1.6,,,"8",,"N",,"8","C  ",,0,,0,,7,
"249220150","SOLINA-JAWOR                  ","2025","03","20","06",-0.9,,,"8",,"N",,"8","C  ",,0,,0,,7,
"249220150","SOLINA-JAWOR                  ","2025","03","20","12",10.5,,,"8","W","N",,"8","SW ",,3,,0,,8,
"249220150","SOLINA-JAWOR                  ","2025","03","20","18",6.6,,,"8","W","N",,"8","SSW",,3,,0,,7,
"249220150","SOLINA-JAWOR                  ","2025","03","21","06",-0.4,,,"8",,"N",,"8","C  ",,0,,0,,7,
"249220150","SOLINA-JAWOR                  ","2025","03","21","12",12.3,,,"8","W","N",,"8","SW ",,3,,0,,8,
"249220150","SOLINA-JAWOR                  ","2025","03","21","18",6.0,,,"8","W","N",,"8","C  ",,0,,0,,7,
"249220150","SOLINA-JAWOR                  ","2025","03","22","06",-0.8,,,"8",,"N",,"8","C  ",,0,,0,,7,
"249220150","SOLINA-JAWOR                  ","2025","03","22","12",13.2,,,"8","W","N",,"8","NW ",,1,,0,,8,
"249220150","SOLINA-JAWOR                  ","2025","03","22","18",10.5,,,"8","W","N",,"8","C  ",,0,,8,,7,
"249220150","SOLINA-JAWOR                  ","2025","03","23","06",5.3,,,"8","W","N",,"8","C  ",,0,,8,,5,
"249220150","SOLINA-JAWOR                  ","2025","03","23","12",10.3,,,"8","W","N",,"8","S  ",,2,,8,,7,
"249220150","SOLINA-JAWOR                  ","2025","03","23","18",9.1,,,"8","W","N",,"8","S  ",,1,,8,,7,
"249220150","SOLINA-JAWOR                  ","2025","03","24","06",9.4,,,"8","W","N",,"8","SSW",,3,,8,,5,
"249220150","SOLINA-JAWOR                  ","2025","03","24","12",11.7,,,"8","W","N",,"8","SW ",,1,,8,,7,
"249220150","SOLINA-JAWOR                  ","2025","03","24","18",10.2,,,"8","W","N",,"8","S  ",,1,,8,,7,
"249220150","SOLINA-JAWOR                  ","2025","03","25","06",6.0,,,"8","W","N",,"8","C  ",,0,,8,,4,
"249220150","SOLINA-JAWOR                  ","2025","03","25","12",8.4,,,"8","W","N",,"8","N  ",,1,,8,,7,
"249220150","SOLINA-JAWOR                  ","2025","03","25","18",6.1,,,"8","W","N",,"8","C  ",,0,,6,,5,
"249220150","SOLINA-JAWOR                  ","2025","03","26","06",0.8,,,"8",,"N",,"8","C  ",,0,,8,,1,
"249220150","SOLINA-JAWOR                  ","2025","03","26","12",14.6,,,"8","W","N",,"8","NNE",,3,,0,,8,
"249220150","SOLINA-JAWOR                  ","2025","03","26","18",11.3,,,"8","W","N",,"8","E  ",,3,,2,,7,
"249220150","SOLINA-JAWOR                  ","2025","03","27","06",1.1,,,"8",,"N",,"8","C  ",,0,,8,,4,
"249220150","SOLINA-JAWOR                  ","2025","03","27","12",8.4,,,"8","W","N",,"8","N  ",,3,,8,,4,
"249220150","SOLINA-JAWOR                  ","2025","03","27","18",8.1,,,"8","W","N",,"8","C  ",,0,,8,,5,
"249220150","SOLINA-JAWOR                  ","2025","03","28","06",5.7,,,"8","W","N",,"8","ENE",,3,,8,,3,
"249220150","SOLINA-JAWOR                  ","2025","03","28","12",10.7,,,"8","W","N",,"8","ENE",,6,,8,,5,
"249220150","SOLINA-JAWOR                  ","2025","03","28","18",10.0,,,"8","W","N",,"8","E  ",,3,,8,,6,
"249220150","SOLINA-JAWOR                  ","2025","03","29","06",4.5,,,"8",,"N",,"8","C  ",,0,,0,,5,
"249220150","SOLINA-JAWOR                  ","2025","03","29","12",14.4,,,"8","W","N",,"8","ENE",,3,,8,,7,
"249220150","SOLINA-JAWOR                  ","2025","03","29","18",10.0,,,"8","W","N",,"8","E  ",,1,,8,,7,
"249220150","SOLINA-JAWOR                  ","2025","03","30","06",4.2,,,"8",,"N",,"8","C  ",,0,,8,,7,
"249220150","SOLINA-JAWOR                  ","2025","03","30","12",12.1,,,"8","W","N",,"8","WNW",,1,,8,,8,
"249220150","SOLINA-JAWOR                  ","2025","03","30","18",9.1,,,"8","W","N",,"8","C  ",,0,,8,,5,
"249220150","SOLINA-JAWOR                  ","2025","03","31","06",5.0,,,"8",,"N",,"8","C  ",,0,,8,,4,
"249220150","SOLINA-JAWOR                  ","2025","03","31","12",7.4,,,"8","W","N",,"8","NNW",,2,,8,,7,
"249220150","SOLINA-JAWOR                  ","2025","03","31","18",6.1,,,"8","W","N",,"8","C  ",,0,,8,,5,
"249220180","KOMAÑCZA                      ","2025","03","01","06",-1.0,,-1.0,,"W","W",100,,"NNW",,1,,8,,4,
"249220180","KOMAÑCZA                      ","2025","03","01","12",5.7,,3.3,,"W","W",67,,"NE ",,2,,2,,6,
"249220180","KOMAÑCZA                      ","2025","03","01","18",1.8,,0.9,,"W","W",85,,"NNW",,1,,8,,4,
"249220180","KOMAÑCZA                      ","2025","03","02","06",0.2,,-0.2,,"L","W",93,,"NW ",,3,,8,,4,
"249220180","KOMAÑCZA                      ","2025","03","02","12",0.6,,-0.2,,"W","W",86,,"NW ",,4,,8,,6,
"249220180","KOMAÑCZA                      ","2025","03","02","18",0.0,,-1.0,,"W","W",82,,"N  ",,2,,8,,4,
"249220180","KOMAÑCZA                      ","2025","03","03","06",0.4,,0.0,,"W","W",93,,"NW ",,2,,8,,4,
"249220180","KOMAÑCZA                      ","2025","03","03","12",3.4,,2.0,,"W","W",78,,"W  ",,3,,8,,6,
"249220180","KOMAÑCZA                      ","2025","03","03","18",-1.2,,-1.8,,"W","W",88,,"NW ",,1,,3,,4,
"249220180","KOMAÑCZA                      ","2025","03","04","06",-3.8,,-4.0,,"L","W",92,,"C  ",,0,,2,,6,
"249220180","KOMAÑCZA                      ","2025","03","04","12",7.9,,4.1,,"W","W",53,,"SW ",,4,,2,,6,
"249220180","KOMAÑCZA                      ","2025","03","04","18",3.2,,1.5,,"W","W",74,,"WNW",,1,,0,,4,
"249220180","KOMAÑCZA                      ","2025","03","05","06",-3.2,,-3.4,,"L","W",93,,"C  ",,0,,0,,6,
"249220180","KOMAÑCZA                      ","2025","03","05","12",10.7,,5.3,,"W","W",41,,"SW ",,4,,0,,6,
"249220180","KOMAÑCZA                      ","2025","03","05","18",5.7,,3.0,,"W","W",63,,"E  ",,1,,0,,6,
"249220180","KOMAÑCZA                      ","2025","03","06","06",-1.1,,-2.6,,"L","W",71,,"NW ",,2,,0,,6,
"249220180","KOMAÑCZA                      ","2025","03","06","12",15.2,,7.6,,"W","W",30,,"S  ",,3,,0,,6,
"249220180","KOMAÑCZA                      ","2025","03","06","18",9.7,,5.1,,"W","W",47,,"SSE",,1,,0,,6,
"249220180","KOMAÑCZA                      ","2025","03","07","06",-0.8,,-1.0,,"W","W",96,,"NW ",,1,,3,,6,
"249220180","KOMAÑCZA                      ","2025","03","07","12",17.2,,7.2,,"W","W",17,,"SSE",,4,,0,,6,
"249220180","KOMAÑCZA                      ","2025","03","07","18",4.7,,1.6,,"W","W",56,,"WNW",,2,,0,,6,
"249220180","KOMAÑCZA                      ","2025","03","08","06",-5.4,,-5.7,,"L","W",88,,"NNW",,1,,0,,6,
"249220180","KOMAÑCZA                      ","2025","03","08","12",18.2,,7.9,,"W","W",17,,"SSE",,3,,0,,6,
"249220180","KOMAÑCZA                      ","2025","03","08","18",4.5,,1.9,,"W","W",62,,"NW ",,1,,0,,6,
"249220180","KOMAÑCZA                      ","2025","03","09","06",-5.2,,-5.5,,"L","W",88,,"NW ",,1,,3,,6,
"249220180","KOMAÑCZA                      ","2025","03","09","12",17.2,,7.5,,"W","W",19,,"S  ",,3,,0,,6,
"249220180","KOMAÑCZA                      ","2025","03","09","18",6.1,,2.4,,"W","W",50,,"NW ",,1,,4,,6,
"249220180","KOMAÑCZA                      ","2025","03","10","06",9.5,,4.0,,"W","W",37,,"SE ",,3,,7,,6,
"249220180","KOMAÑCZA                      ","2025","03","10","12",15.8,,8.2,,"W","W",32,,"SSE",,6,,2,,6,
"249220180","KOMAÑCZA                      ","2025","03","10","18",13.3,,7.9,,"W","W",46,,"SE ",,3,,8,,6,
"249220180","KOMAÑCZA                      ","2025","03","11","06",8.5,,7.2,,"W","W",84,,"SE ",,2,,1,,6,
"249220180","KOMAÑCZA                      ","2025","03","11","12",12.9,,8.6,,"W","W",55,,"SSE",,4,,4,,6,
"249220180","KOMAÑCZA                      ","2025","03","11","18",9.9,,8.2,,"W","W",80,,"SW ",,2,,8,,6,
"249220180","KOMAÑCZA                      ","2025","03","12","06",7.3,,7.2,,"W","W",99,,"NW ",,1,,8,,6,
"249220180","KOMAÑCZA                      ","2025","03","12","12",10.7,,8.7,,"W","W",77,,"S  ",,3,,4,,6,
"249220180","KOMAÑCZA                      ","2025","03","12","18",9.9,,8.8,,"W","W",87,,"SE ",,2,,6,,6,
"249220180","KOMAÑCZA                      ","2025","03","13","06",8.3,,8.0,,"W","W",96,,"ESE",,1,,8,,6,
"249220180","KOMAÑCZA                      ","2025","03","13","12",10.7,,9.5,,"W","W",86,,"S  ",,3,,8,,6,
"249220180","KOMAÑCZA                      ","2025","03","13","18",9.5,,8.0,,"W","W",82,,"WSW",,3,,3,,6,
"249220180","KOMAÑCZA                      ","2025","03","14","06",3.2,,2.4,,"W","W",87,,"C  ",,0,,7,,6,
"249220180","KOMAÑCZA                      ","2025","03","14","12",10.9,,9.0,,"W","W",78,,"S  ",,3,,6,,6,
"249220180","KOMAÑCZA                      ","2025","03","14","18",9.1,,8.8,,"W","W",96,,"NE ",,1,,8,,3,
"249220180","KOMAÑCZA                      ","2025","03","15","06",0.8,,0.6,,"W","W",96,,"N  ",,2,,8,,5,
"249220180","KOMAÑCZA                      ","2025","03","15","12",0.8,,0.4,,"W","W",93,,"NNE",,2,,8,,6,
"249220180","KOMAÑCZA                      ","2025","03","15","18",-0.4,,-0.8,,"W","W",93,,"N  ",,2,,8,,2,
"249220180","KOMAÑCZA                      ","2025","03","16","06",-1.2,,-1.4,,"L","W",95,,"NNE",,2,,8,,6,
"249220180","KOMAÑCZA                      ","2025","03","16","12",0.2,,-0.4,,"L","W",90,,"NNE",,2,,8,,6,
"249220180","KOMAÑCZA                      ","2025","03","16","18",-1.8,,-2.0,,"L","W",94,,"C  ",,0,,6,,2,
"249220180","KOMAÑCZA                      ","2025","03","17","06",-4.4,,-4.7,,"L","W",89,,"N  ",,1,,8,,6,
"249220180","KOMAÑCZA                      ","2025","03","17","12",-0.6,,-2.6,,"L","W",64,,"N  ",,3,,5,,6,
"249220180","KOMAÑCZA                      ","2025","03","17","18",-4.0,,-5.3,,"L","W",69,,"NNW",,2,,8,,6,
"249220180","KOMAÑCZA                      ","2025","03","18","06",-12.2,,-12.2,,"L","W",89,,"C  ",,0,,0,,6,
"249220180","KOMAÑCZA                      ","2025","03","18","12",1.6,,-1.9,,"W","W",43,,"NNW",,4,,3,,6,
"249220180","KOMAÑCZA                      ","2025","03","18","18",-2.8,,-3.9,,"L","W",75,,"NNW",,1,,0,,6,
"249220180","KOMAÑCZA                      ","2025","03","19","06",-8.8,,-9.1,,"L","W",84,,"C  ",,0,,0,,6,
"249220180","KOMAÑCZA                      ","2025","03","19","12",5.9,,0.6,,"W","W",30,,"SSW",,3,,0,,6,
"249220180","KOMAÑCZA                      ","2025","03","19","18",-1.0,,-2.3,,"W","W",75,,"NW ",,1,,0,,4,
"249220180","KOMAÑCZA                      ","2025","03","20","06",-1.4,,-3.0,,"L","W",69,,"SSE",,1,,0,,6,
"249220180","KOMAÑCZA                      ","2025","03","20","12",8.9,,2.7,,"W","W",28,,"SSE",,4,,0,,6,
"249220180","KOMAÑCZA                      ","2025","03","20","18",4.0,,0.5,,"W","W",49,,"NE ",,1,,0,,6,
"249220180","KOMAÑCZA                      ","2025","03","21","06",-3.4,,-3.4,,"L","W",97,,"NW ",,1,,0,,6,
"249220180","KOMAÑCZA                      ","2025","03","21","12",10.9,,4.7,,"W","W",33,,"SW ",,3,,0,,6,
"249220180","KOMAÑCZA                      ","2025","03","21","18",1.6,,-0.2,,"W","W",70,,"NW ",,1,,0,,4,
"249220180","KOMAÑCZA                      ","2025","03","22","06",-5.6,,-5.9,,"L","W",88,,"C  ",,0,,0,,6,
"249220180","KOMAÑCZA                      ","2025","03","22","12",12.9,,5.6,,"W","W",28,,"ESE",,3,,0,,6,
"249220180","KOMAÑCZA                      ","2025","03","22","18",6.9,,3.7,,"W","W",58,,"NW ",,1,,6,,6,
"249220180","KOMAÑCZA                      ","2025","03","23","06",6.5,,5.9,,"W","W",92,,"SSE",,1,,8,,6,
"249220180","KOMAÑCZA                      ","2025","03","23","12",10.3,,7.8,,"W","W",71,,"SSE",,5,,7,,6,
"249220180","KOMAÑCZA                      ","2025","03","23","18",8.9,,8.0,,"W","W",89,,"SSE",,3,,8,,4,
"249220180","KOMAÑCZA                      ","2025","03","24","06",8.1,,7.4,,"W","W",91,,"SE ",,5,,8,,6,
"249220180","KOMAÑCZA                      ","2025","03","24","12",8.9,,8.8,,"W","W",99,,"SSW",,2,,8,,6,
"249220180","KOMAÑCZA                      ","2025","03","24","18",9.1,,8.8,,"W","W",96,,"C  ",,0,,8,,2,
"249220180","KOMAÑCZA                      ","2025","03","25","06",6.1,,6.0,,"W","W",99,,"NNW",,1,,8,,6,
"249220180","KOMAÑCZA                      ","2025","03","25","12",8.7,,7.1,,"W","W",80,,"N  ",,2,,5,,6,
"249220180","KOMAÑCZA                      ","2025","03","25","18",4.9,,4.1,,"W","W",88,,"NW ",,1,,5,,4,
"249220180","KOMAÑCZA                      ","2025","03","26","06",0.8,,0.6,,"W","W",96,,"NW ",,1,,8,,6,
"249220180","KOMAÑCZA                      ","2025","03","26","12",13.8,,9.2,,"W","W",54,,"WNW",,2,,5,,6,
"249220180","KOMAÑCZA                      ","2025","03","26","18",5.7,,5.2,,"W","W",93,,"NW ",,1,,0,,4,
"249220180","KOMAÑCZA                      ","2025","03","27","06",0.0,,-0.2,,"W","W",96,,"C  ",,0,,8,,4,
"249220180","KOMAÑCZA                      ","2025","03","27","12",7.7,,7.0,,"W","W",91,,"N  ",,2,,8,,6,
"249220180","KOMAÑCZA                      ","2025","03","27","18",5.7,,5.0,,"W","W",90,,"NNE",,1,,6,,2,
"249220180","KOMAÑCZA                      ","2025","03","28","06",5.3,,4.8,,"W","W",93,,"NNE",,2,,8,,5,
"249220180","KOMAÑCZA                      ","2025","03","28","12",12.7,,9.1,,"W","W",62,,"NE ",,3,,4,,6,
"249220180","KOMAÑCZA                      ","2025","03","28","18",9.9,,8.0,,"W","W",77,,"NNE",,2,,2,,4,
"249220180","KOMAÑCZA                      ","2025","03","29","06",1.2,,1.0,,"W","W",97,,"C  ",,0,,4,,5,
"249220180","KOMAÑCZA                      ","2025","03","29","12",12.3,,7.9,,"W","W",53,,"ESE",,2,,8,,6,
"249220180","KOMAÑCZA                      ","2025","03","29","18",7.7,,7.0,,"W","W",91,,"NW ",,1,,6,,2,
"249220180","KOMAÑCZA                      ","2025","03","30","06",2.6,,2.4,,"W","W",97,,"C  ",,0,,6,,6,
"249220180","KOMAÑCZA                      ","2025","03","30","12",12.7,,9.0,,"W","W",61,,"WSW",,1,,8,,6,
"249220180","KOMAÑCZA                      ","2025","03","30","18",8.3,,6.5,,"W","W",77,,"C  ",,0,,8,,4,
"249220180","KOMAÑCZA                      ","2025","03","31","06",5.1,,4.8,,"W","W",96,,"N  ",,2,,8,,6,
"249220180","KOMAÑCZA                      ","2025","03","31","12",6.9,,6.0,,"W","W",88,,"N  ",,2,,8,,6,
"249220180","KOMAÑCZA                      ","2025","03","31","18",5.9,,5.6,,"W","W",96,,"NE ",,1,,8,,2,
"250180580","DRONIOWICE                    ","2025","03","01","06",0.8,,0.6,,"W","N",96,,"WSW",,3,,8,,4,
"250180580","DRONIOWICE                    ","2025","03","01","12",2.5,,1.9,,"W","N",89,,"NW ",,3,,8,,5,
"250180580","DRONIOWICE                    ","2025","03","01","18",1.6,,1.3,,"W","N",94,,"WNW",,4,,8,,4,
"250180580","DRONIOWICE                    ","2025","03","02","06",0.0,,-0.6,,"L","N",88,,"NNW",,3,,8,,5,
"250180580","DRONIOWICE                    ","2025","03","02","12",4.1,,2.7,,"W","N",77,,"NW ",,3,,5,,6,
"250180580","DRONIOWICE                    ","2025","03","02","18",1.4,,1.0,,"W","N",92,,"WNW",,4,,8,,4,
"250180580","DRONIOWICE                    ","2025","03","03","06",2.6,,2.0,,"W","N",89,,"W  ",,3,,8,,5,
"250180580","DRONIOWICE                    ","2025","03","03","12",5.3,,3.3,,"W","N",69,,"WNW",,6,,8,,7,
"250180580","DRONIOWICE                    ","2025","03","03","18",-0.1,,-0.7,,"W","N",88,,"SW ",,2,,8,,5,
"250180580","DRONIOWICE                    ","2025","03","04","06",-1.2,,-1.7,,"W","N",89,,"SW ",,2,,5,,6,
"250180580","DRONIOWICE                    ","2025","03","04","12",9.7,,6.0,,"W","N",53,,"WNW",,5,,3,,7,
"250180580","DRONIOWICE                    ","2025","03","04","18",3.3,,1.0,,"W","N",61,,"SW ",,2,,5,,7,
"250180580","DRONIOWICE                    ","2025","03","05","06",0.3,,-1.5,,"W","N",65,,"SW ",,3,,3,,7,
"250180580","DRONIOWICE                    ","2025","03","05","12",15.3,,7.0,,"W","N",20,,"WSW",,5,,2,,8,
"250180580","DRONIOWICE                    ","2025","03","05","18",3.9,,1.7,,"W","N",64,,"SW ",,2,,4,,7,
"250180580","DRONIOWICE                    ","2025","03","06","06",5.8,,3.5,,"W","N",65,,"S  ",,1,,1,,8,
"250180580","DRONIOWICE                    ","2025","03","06","12",19.2,,10.1,,"W","N",23,,"WSW",,6,,1,,8,
"250180580","DRONIOWICE                    ","2025","03","06","18",12.6,,7.0,,"W","N",38,,"SW ",,2,,4,,7,
"250180580","DRONIOWICE                    ","2025","03","07","06",0.8,,0.2,,"W","N",88,,"C  ",,0,,6,,5,
"250180580","DRONIOWICE                    ","2025","03","07","12",18.0,,9.9,,"W","N",28,,"SW ",,4,,1,,8,
"250180580","DRONIOWICE                    ","2025","03","07","18",7.3,,4.9,,"W","N",66,,"SE ",,2,,5,,7,
"250180580","DRONIOWICE                    ","2025","03","08","06",0.6,,-0.2,,"W","N",84,,"C  ",,0,,3,,6,
"250180580","DRONIOWICE                    ","2025","03","08","12",19.8,,10.7,,"W","N",24,,"SSE",,3,,3,,7,
"250180580","DRONIOWICE                    ","2025","03","08","18",6.8,,3.9,,"W","N",58,,"ESE",,2,,7,,7,
"250180580","DRONIOWICE                    ","2025","03","09","06",1.6,,0.7,,"W","N",83,,"C  ",,0,,6,,5,
"250180580","DRONIOWICE                    ","2025","03","09","12",18.6,,10.4,,"W","N",28,,"SSE",,2,,5,,7,
"250180580","DRONIOWICE                    ","2025","03","09","18",12.9,,7.6,,"W","N",42,,"SE ",,2,,6,,7,
"250180580","DRONIOWICE                    ","2025","03","10","06",10.1,,6.1,,"W","N",50,,"SSE",,3,,4,,7,
"250180580","DRONIOWICE                    ","2025","03","10","12",17.9,,10.2,,"W","N",31,,"WSW",,5,,3,,7,
"250180580","DRONIOWICE                    ","2025","03","10","18",13.9,,9.8,,"W","N",56,,"SW ",,2,,8,,7,
"250180580","DRONIOWICE                    ","2025","03","11","06",8.7,,7.9,,"W","N",89,,"SW ",,3,,8,,5,
"250180580","DRONIOWICE                    ","2025","03","11","12",13.7,,10.0,,"W","N",60,,"SW ",,3,,8,,7,
"250180580","DRONIOWICE                    ","2025","03","11","18",10.1,,8.0,,"W","N",73,,"SSW",,1,,8,,6,
"250180580","DRONIOWICE                    ","2025","03","12","06",8.0,,6.8,,"W","N",83,,"S  ",,2,,6,,5,
"250180580","DRONIOWICE                    ","2025","03","12","12",17.2,,11.0,,"W","N",42,,"SSW",,3,,5,,7,
"250180580","DRONIOWICE                    ","2025","03","12","18",9.0,,8.5,,"W","N",93,,"WNW",,9,,8,,4,
"250180580","DRONIOWICE                    ","2025","03","13","06",6.7,,6.7,,"W","N",100,,"C  ",,0,,8,,3,
"250180580","DRONIOWICE                    ","2025","03","13","12",8.1,,7.9,,"W","N",97,,"NW ",,2,,8,,4,
"250180580","DRONIOWICE                    ","2025","03","13","18",1.7,,1.3,,"W","N",93,,"W  ",,9,,8,,4,
"250180580","DRONIOWICE                    ","2025","03","14","06",0.0,,-0.2,,"W","N",96,,"SE ",,1,,8,,4,
"250180580","DRONIOWICE                    ","2025","03","14","12",3.8,,3.2,,"W","N",90,,"E  ",,3,,8,,4,
"250180580","DRONIOWICE                    ","2025","03","14","18",2.2,,2.1,,"W","N",98,,"NE ",,2,,8,,4,
"250180580","DRONIOWICE                    ","2025","03","15","06",1.4,,0.8,,"W","N",89,,"E  ",,3,,8,,8,
"250180580","DRONIOWICE                    ","2025","03","15","12",4.9,,2.4,,"W","N",61,,"E  ",,5,,5,,7,
"250180580","DRONIOWICE                    ","2025","03","15","18",-0.5,,-1.5,,"W","N",79,,"ENE",,1,,6,,6,
"250180580","DRONIOWICE                    ","2025","03","16","06",-3.1,,-3.2,,"L","N",95,,"ENE",,1,,3,,6,
"250180580","DRONIOWICE                    ","2025","03","16","12",8.1,,2.8,,"W","N",30,,"E  ",,2,,1,,8,
"250180580","DRONIOWICE                    ","2025","03","16","18",1.6,,-0.1,,"W","N",69,,"W  ",,1,,5,,7,
"250180580","DRONIOWICE                    ","2025","03","17","06",-1.7,,-2.2,,"L","N",88,,"NE ",,4,,7,,5,
"250180580","DRONIOWICE                    ","2025","03","17","12",1.4,,-0.3,,"W","N",68,,"NE ",,5,,8,,7,
"250180580","DRONIOWICE                    ","2025","03","17","18",-1.6,,-2.6,,"L","N",78,,"N  ",,2,,5,,6,
"250180580","DRONIOWICE                    ","2025","03","18","06",-3.8,,-3.8,,"L","N",96,,"WSW",,2,,2,,6,
"250180580","DRONIOWICE                    ","2025","03","18","12",4.3,,0.9,,"W","N",46,,"WNW",,5,,2,,8,
"250180580","DRONIOWICE                    ","2025","03","18","18",-1.0,,-2.5,,"L","N",69,,"WSW",,1,,5,,7,
"250180580","DRONIOWICE                    ","2025","03","19","06",-2.1,,-3.0,,"L","N",79,,"S  ",,1,,1,,6,
"250180580","DRONIOWICE                    ","2025","03","19","12",9.5,,4.4,,"W","N",36,,"SW ",,3,,1,,8,
"250180580","DRONIOWICE                    ","2025","03","19","18",2.8,,1.6,,"W","N",79,,"C  ",,0,,5,,6,
"250180580","DRONIOWICE                    ","2025","03","20","06",1.8,,0.0,,"W","N",67,,"SW ",,4,,1,,8,
"250180580","DRONIOWICE                    ","2025","03","20","12",12.5,,6.4,,"W","N",33,,"WSW",,5,,1,,8,
"250180580","DRONIOWICE                    ","2025","03","20","18",7.1,,3.4,,"W","N",48,,"SW ",,2,,6,,7,
"250180580","DRONIOWICE                    ","2025","03","21","06",3.2,,1.5,,"W","N",71,,"E  ",,1,,4,,6,
"250180580","DRONIOWICE                    ","2025","03","21","12",14.3,,7.3,,"W","N",29,,"NW ",,2,,1,,8,
"250180580","DRONIOWICE                    ","2025","03","21","18",7.2,,4.5,,"W","N",62,,"C  ",,0,,5,,7,
"250180580","DRONIOWICE                    ","2025","03","22","06",2.8,,1.7,,"W","N",81,,"E  ",,1,,3,,6,
"250180580","DRONIOWICE                    ","2025","03","22","12",15.5,,8.3,,"W","N",30,,"SE ",,6,,1,,8,
"250180580","DRONIOWICE                    ","2025","03","22","18",10.2,,5.0,,"W","N",37,,"ESE",,5,,5,,7,
"250180580","DRONIOWICE                    ","2025","03","23","06",5.8,,4.4,,"W","N",79,,"ESE",,4,,7,,6,
"250180580","DRONIOWICE                    ","2025","03","23","12",8.9,,8.3,,"W","N",92,,"ESE",,4,,8,,4,
"250180580","DRONIOWICE                    ","2025","03","23","18",8.6,,8.2,,"W","N",94,,"ESE",,3,,8,,4,
"250180580","DRONIOWICE                    ","2025","03","24","06",8.1,,7.9,,"W","N",97,,"W  ",,4,,8,,4,
"250180580","DRONIOWICE                    ","2025","03","24","12",9.9,,9.0,,"W","N",88,,"N  ",,2,,8,,5,
"250180580","DRONIOWICE                    ","2025","03","24","18",7.8,,7.3,,"W","N",93,,"NNE",,2,,8,,4,
"250180580","DRONIOWICE                    ","2025","03","25","06",4.8,,4.8,,"W","N",100,,"C  ",,0,,8,,1,
"250180580","DRONIOWICE                    ","2025","03","25","12",12.6,,9.6,,"W","N",66,,"WNW",,1,,4,,7,
"250180580","DRONIOWICE                    ","2025","03","25","18",6.7,,4.8,,"W","N",72,,"ENE",,1,,5,,6,
"250180580","DRONIOWICE                    ","2025","03","26","06",4.1,,3.8,,"W","N",95,,"C  ",,0,,5,,5,
"250180580","DRONIOWICE                    ","2025","03","26","12",12.7,,10.1,,"W","N",70,,"NNW",,3,,7,,6,
"250180580","DRONIOWICE                    ","2025","03","26","18",8.0,,6.6,,"W","N",80,,"NNE",,2,,7,,6,
"250180580","DRONIOWICE                    ","2025","03","27","06",6.1,,5.5,,"W","N",91,,"C  ",,0,,8,,4,
"250180580","DRONIOWICE                    ","2025","03","27","12",7.8,,6.4,,"W","N",80,,"NNE",,2,,8,,5,
"250180580","DRONIOWICE                    ","2025","03","27","18",7.2,,5.5,,"W","N",76,,"NNE",,1,,8,,6,
"250180580","DRONIOWICE                    ","2025","03","28","06",4.4,,3.8,,"W","N",90,,"NE ",,1,,2,,6,
"250180580","DRONIOWICE                    ","2025","03","28","12",14.4,,9.9,,"W","N",53,,"NE ",,3,,3,,7,
"250180580","DRONIOWICE                    ","2025","03","28","18",11.4,,8.4,,"W","N",64,,"NE ",,2,,5,,7,
"250180580","DRONIOWICE                    ","2025","03","29","06",6.8,,6.2,,"W","N",91,,"E  ",,1,,5,,6,
"250180580","DRONIOWICE                    ","2025","03","29","12",17.1,,11.6,,"W","N",48,,"E  ",,3,,7,,7,
"250180580","DRONIOWICE                    ","2025","03","29","18",10.1,,7.6,,"W","N",68,,"N  ",,1,,5,,7,
"250180580","DRONIOWICE                    ","2025","03","30","06",4.8,,4.1,,"W","N",89,,"W  ",,1,,6,,5,
"250180580","DRONIOWICE                    ","2025","03","30","12",8.9,,6.5,,"W","N",68,,"SW ",,3,,8,,7,
"250180580","DRONIOWICE                    ","2025","03","30","18",8.3,,6.1,,"W","N",70,,"SW ",,1,,8,,6,
"250180580","DRONIOWICE                    ","2025","03","31","06",6.0,,5.4,,"W","N",91,,"NNW",,2,,8,,4,
"250180580","DRONIOWICE                    ","2025","03","31","12",9.7,,7.1,,"W","N",67,,"N  ",,1,,7,,7,
"250180580","DRONIOWICE                    ","2025","03","31","18",8.0,,6.0,,"W","N",72,,"NNE",,1,,8,,6,
"250190390","KRAKÓW-OBSERWATORIUM          ","2025","03","01","06",1.2,,0.8,,"W","W",93,,"W  ",,1,,6,,6,
"250190390","KRAKÓW-OBSERWATORIUM          ","2025","03","01","12",4.5,,2.8,,"W","W",75,,"W  ",,5,,8,,7,
"250190390","KRAKÓW-OBSERWATORIUM          ","2025","03","01","18",2.8,,1.6,,"W","W",81,,"WNW",,2,,8,,7,
"250190390","KRAKÓW-OBSERWATORIUM          ","2025","03","02","06",1.8,,0.6,,"W","W",80,,"W  ",,2,,8,,8,
"250190390","KRAKÓW-OBSERWATORIUM          ","2025","03","02","12",3.6,,1.3,,"W","W",65,,"WNW",,4,,7,,8,
"250190390","KRAKÓW-OBSERWATORIUM          ","2025","03","02","18",2.6,,0.8,,"W","W",71,,"W  ",,1,,7,,8,
"250190390","KRAKÓW-OBSERWATORIUM          ","2025","03","03","06",2.7,,1.8,,"W","W",86,,"WSW",,1,,8,,8,
"250190390","KRAKÓW-OBSERWATORIUM          ","2025","03","03","12",6.5,,3.6,,"W","W",61,,"W  ",,4,,7,,8,
"250190390","KRAKÓW-OBSERWATORIUM          ","2025","03","03","18",3.1,,1.6,,"W","W",77,,"W  ",,1,,3,,8,
"250190390","KRAKÓW-OBSERWATORIUM          ","2025","03","04","06",-0.8,,-1.1,,"W","W",94,,"SSE",,1,,6,,6,
"250190390","KRAKÓW-OBSERWATORIUM          ","2025","03","04","12",10.8,,5.2,,"W","W",39,,"W  ",,3,,3,,9,
"250190390","KRAKÓW-OBSERWATORIUM          ","2025","03","04","18",6.7,,2.3,,"W","W",43,,"W  ",,2,,1,,9,
"250190390","KRAKÓW-OBSERWATORIUM          ","2025","03","05","06",-1.3,,-2.5,,"W","W",77,,"C  ",,0,,1,,9,
"250190390","KRAKÓW-OBSERWATORIUM          ","2025","03","05","12",15.5,,6.0,,"W","W",16,,"W  ",,4,,1,,9,
"250190390","KRAKÓW-OBSERWATORIUM          ","2025","03","05","18",10.0,,4.7,,"W","W",40,,"W  ",,1,,0,,8,
"250190390","KRAKÓW-OBSERWATORIUM          ","2025","03","06","06",0.0,,-0.6,,"W","W",89,,"C  ",,0,,0,,9,
"250190390","KRAKÓW-OBSERWATORIUM          ","2025","03","06","12",22.6,,10.4,,"W","W",15,,"WNW",,1,,0,,9,
"250190390","KRAKÓW-OBSERWATORIUM          ","2025","03","06","18",13.7,,6.1,,"W","W",27,,"S  ",,1,,0,,9,
"250190390","KRAKÓW-OBSERWATORIUM          ","2025","03","07","06",2.0,,0.6,,"W","W",77,,"C  ",,0,,7,,9,
"250190390","KRAKÓW-OBSERWATORIUM          ","2025","03","07","12",19.0,,8.7,,"W","W",19,,"S  ",,2,,7,,9,
"250190390","KRAKÓW-OBSERWATORIUM          ","2025","03","07","18",12.6,,5.4,,"W","W",28,,"E  ",,1,,1,,9,
"250190390","KRAKÓW-OBSERWATORIUM          ","2025","03","08","06",1.4,,0.1,,"W","W",78,,"C  ",,0,,1,,8,
"250190390","KRAKÓW-OBSERWATORIUM          ","2025","03","08","12",19.6,,8.6,,"W","W",16,,"S  ",,2,,0,,8,
"250190390","KRAKÓW-OBSERWATORIUM          ","2025","03","08","18",12.0,,6.0,,"W","W",37,,"E  ",,1,,2,,8,
"250190390","KRAKÓW-OBSERWATORIUM          ","2025","03","09","06",2.5,,1.2,,"W","W",79,,"C  ",,0,,6,,6,
"250190390","KRAKÓW-OBSERWATORIUM          ","2025","03","09","12",19.1,,9.5,,"W","W",24,,"ENE",,2,,5,,8,
"250190390","KRAKÓW-OBSERWATORIUM          ","2025","03","09","18",13.7,,7.6,,"W","W",40,,"NW ",,1,,7,,8,
"250190390","KRAKÓW-OBSERWATORIUM          ","2025","03","10","06",6.2,,3.8,,"W","W",67,,"NE ",,1,,3,,8,
"250190390","KRAKÓW-OBSERWATORIUM          ","2025","03","10","12",21.3,,11.2,,"W","W",25,,"S  ",,3,,3,,9,
"250190390","KRAKÓW-OBSERWATORIUM          ","2025","03","10","18",16.5,,10.3,,"W","W",44,,"S  ",,3,,8,,8,
"250190390","KRAKÓW-OBSERWATORIUM          ","2025","03","11","06",10.0,,8.5,,"W","W",82,,"SW ",,1,,7,,8,
"250190390","KRAKÓW-OBSERWATORIUM          ","2025","03","11","12",15.1,,9.6,,"W","W",48,,"W  ",,3,,7,,8,
"250190390","KRAKÓW-OBSERWATORIUM          ","2025","03","11","18",12.1,,8.6,,"W","W",62,,"WSW",,1,,8,,8,
"250190390","KRAKÓW-OBSERWATORIUM          ","2025","03","12","06",4.2,,3.8,,"W","W",94,,"C  ",,0,,1,,8,
"250190390","KRAKÓW-OBSERWATORIUM          ","2025","03","12","12",16.8,,10.5,,"W","W",44,,"SSE",,1,,7,,8,
"250190390","KRAKÓW-OBSERWATORIUM          ","2025","03","12","18",13.5,,8.9,,"W","W",53,,"SSE",,2,,3,,8,
"250190390","KRAKÓW-OBSERWATORIUM          ","2025","03","13","06",10.5,,8.5,,"W","W",77,,"NE ",,1,,7,,8,
"250190390","KRAKÓW-OBSERWATORIUM          ","2025","03","13","12",11.4,,10.8,,"W","W",93,,"SE ",,1,,8,,7,
"250190390","KRAKÓW-OBSERWATORIUM          ","2025","03","13","18",4.6,,3.8,,"W","W",88,,"W  ",,5,,8,,7,
"250190390","KRAKÓW-OBSERWATORIUM          ","2025","03","14","06",3.0,,2.4,,"W","W",90,,"SSE",,1,,8,,8,
"250190390","KRAKÓW-OBSERWATORIUM          ","2025","03","14","12",4.6,,3.9,,"W","W",90,,"ENE",,3,,8,,7,
"250190390","KRAKÓW-OBSERWATORIUM          ","2025","03","14","18",4.1,,3.7,,"W","W",94,,"N  ",,2,,8,,6,
"250190390","KRAKÓW-OBSERWATORIUM          ","2025","03","15","06",1.9,,0.8,,"W","W",82,,"ENE",,4,,8,,8,
"250190390","KRAKÓW-OBSERWATORIUM          ","2025","03","15","12",2.0,,1.2,,"W","W",87,,"E  ",,3,,8,,7,
"250190390","KRAKÓW-OBSERWATORIUM          ","2025","03","15","18",1.5,,0.4,,"W","W",81,,"E  ",,2,,8,,8,
"250190390","KRAKÓW-OBSERWATORIUM          ","2025","03","16","06",-0.2,,-1.1,,"L","W",84,,"ENE",,2,,8,,8,
"250190390","KRAKÓW-OBSERWATORIUM          ","2025","03","16","12",2.5,,0.2,,"W","W",63,,"ESE",,2,,6,,8,
"250190390","KRAKÓW-OBSERWATORIUM          ","2025","03","16","18",0.9,,-0.3,,"L","W",80,,"W  ",,1,,0,,8,
"250190390","KRAKÓW-OBSERWATORIUM          ","2025","03","17","06",0.6,,-0.2,,"W","W",86,,"NE ",,4,,8,,8,
"250190390","KRAKÓW-OBSERWATORIUM          ","2025","03","17","12",4.1,,-0.7,,"W","W",31,,"NNE",,4,,6,,9,
"250190390","KRAKÓW-OBSERWATORIUM          ","2025","03","17","18",0.1,,-2.3,,"W","W",58,,"NNW",,2,,2,,9,
"250190390","KRAKÓW-OBSERWATORIUM          ","2025","03","18","06",-4.0,,-4.5,,"L","W",86,,"W  ",,2,,0,,7,
"250190390","KRAKÓW-OBSERWATORIUM          ","2025","03","18","12",4.7,,0.3,,"W","W",38,,"WNW",,3,,1,,8,
"250190390","KRAKÓW-OBSERWATORIUM          ","2025","03","18","18",2.8,,-0.6,,"W","W",47,,"W  ",,2,,1,,8,
"250190390","KRAKÓW-OBSERWATORIUM          ","2025","03","19","06",-2.5,,-3.5,,"W","W",80,,"W  ",,1,,0,,9,
"250190390","KRAKÓW-OBSERWATORIUM          ","2025","03","19","12",10.0,,3.0,,"W","W",23,,"W  ",,3,,0,,9,
"250190390","KRAKÓW-OBSERWATORIUM          ","2025","03","19","18",5.5,,1.0,,"W","W",39,,"C  ",,0,,0,,8,
"250190390","KRAKÓW-OBSERWATORIUM          ","2025","03","20","06",-2.3,,-3.5,,"L","W",74,,"C  ",,0,,0,,9,
"250190390","KRAKÓW-OBSERWATORIUM          ","2025","03","20","12",14.0,,6.1,,"W","W",25,,"SW ",,2,,0,,9,
"250190390","KRAKÓW-OBSERWATORIUM          ","2025","03","20","18",9.4,,4.8,,"W","W",46,,"W  ",,1,,0,,9,
"250190390","KRAKÓW-OBSERWATORIUM          ","2025","03","21","06",0.0,,-0.6,,"W","W",89,,"NE ",,1,,1,,9,
"250190390","KRAKÓW-OBSERWATORIUM          ","2025","03","21","12",15.9,,7.6,,"W","W",26,,"W  ",,2,,1,,9,
"250190390","KRAKÓW-OBSERWATORIUM          ","2025","03","21","18",11.0,,5.5,,"W","W",40,,"NE ",,2,,1,,9,
"250190390","KRAKÓW-OBSERWATORIUM          ","2025","03","22","06",1.7,,0.3,,"W","W",77,,"NE ",,1,,0,,7,
"250190390","KRAKÓW-OBSERWATORIUM          ","2025","03","22","12",15.0,,7.8,,"W","W",33,,"E  ",,4,,0,,8,
"250190390","KRAKÓW-OBSERWATORIUM          ","2025","03","22","18",11.9,,6.2,,"W","W",40,,"E  ",,3,,1,,8,
"250190390","KRAKÓW-OBSERWATORIUM          ","2025","03","23","06",8.2,,6.5,,"W","W",78,,"ENE",,1,,7,,8,
"250190390","KRAKÓW-OBSERWATORIUM          ","2025","03","23","12",11.1,,9.5,,"W","W",82,,"ESE",,2,,8,,7,
"250190390","KRAKÓW-OBSERWATORIUM          ","2025","03","23","18",10.0,,9.3,,"W","W",92,,"ENE",,1,,7,,7,
"250190390","KRAKÓW-OBSERWATORIUM          ","2025","03","24","06",8.6,,8.2,,"W","W",95,,"WSW",,1,,8,,8,
"250190390","KRAKÓW-OBSERWATORIUM          ","2025","03","24","12",14.4,,10.9,,"W","W",65,,"NW ",,2,,7,,8,
"250190390","KRAKÓW-OBSERWATORIUM          ","2025","03","24","18",10.9,,9.3,,"W","W",81,,"NNE",,2,,8,,8,
"250190390","KRAKÓW-OBSERWATORIUM          ","2025","03","25","06",7.8,,7.0,,"W","W",90,,"NE ",,2,,8,,6,
"250190390","KRAKÓW-OBSERWATORIUM          ","2025","03","25","12",13.0,,9.2,,"W","W",60,,"SSE",,2,,5,,8,
"250190390","KRAKÓW-OBSERWATORIUM          ","2025","03","25","18",9.7,,6.9,,"W","W",67,,"SE ",,2,,0,,8,
"250190390","KRAKÓW-OBSERWATORIUM          ","2025","03","26","06",3.9,,3.5,,"W","W",94,,"S  ",,1,,1,,6,
"250190390","KRAKÓW-OBSERWATORIUM          ","2025","03","26","12",16.9,,10.9,,"W","W",46,,"WNW",,2,,2,,8,
"250190390","KRAKÓW-OBSERWATORIUM          ","2025","03","26","18",12.2,,9.4,,"W","W",69,,"N  ",,2,,6,,7,
"250190390","KRAKÓW-OBSERWATORIUM          ","2025","03","27","06",8.2,,6.7,,"W","W",81,,"C  ",,0,,8,,6,
"250190390","KRAKÓW-OBSERWATORIUM          ","2025","03","27","12",9.9,,7.3,,"W","W",69,,"E  ",,2,,8,,8,
"250190390","KRAKÓW-OBSERWATORIUM          ","2025","03","27","18",8.8,,6.7,,"W","W",74,,"NNE",,2,,7,,8,
"250190390","KRAKÓW-OBSERWATORIUM          ","2025","03","28","06",6.0,,4.9,,"W","W",85,,"E  ",,3,,8,,7,
"250190390","KRAKÓW-OBSERWATORIUM          ","2025","03","28","12",13.4,,9.3,,"W","W",58,,"E  ",,4,,3,,8,
"250190390","KRAKÓW-OBSERWATORIUM          ","2025","03","28","18",10.8,,8.5,,"W","W",74,,"SE ",,1,,4,,8,
"250190390","KRAKÓW-OBSERWATORIUM          ","2025","03","29","06",7.9,,6.4,,"W","W",81,,"ESE",,3,,2,,7,
"250190390","KRAKÓW-OBSERWATORIUM          ","2025","03","29","12",17.5,,11.8,,"W","W",50,,"NE ",,3,,6,,8,
"250190390","KRAKÓW-OBSERWATORIUM          ","2025","03","29","18",13.8,,9.9,,"W","W",60,,"SE ",,2,,7,,8,
"250190390","KRAKÓW-OBSERWATORIUM          ","2025","03","30","06",7.8,,5.5,,"W","W",71,,"W  ",,1,,7,,8,
"250190390","KRAKÓW-OBSERWATORIUM          ","2025","03","30","12",11.3,,8.3,,"W","W",66,,"W  ",,3,,8,,7,
"250190390","KRAKÓW-OBSERWATORIUM          ","2025","03","30","18",10.5,,7.9,,"W","W",70,,"W  ",,2,,8,,8,
"250190390","KRAKÓW-OBSERWATORIUM          ","2025","03","31","06",6.5,,5.7,,"W","W",89,,"NW ",,1,,8,,7,
"250190390","KRAKÓW-OBSERWATORIUM          ","2025","03","31","12",9.6,,7.3,,"W","W",72,,"NNW",,1,,7,,8,
"250190390","KRAKÓW-OBSERWATORIUM          ","2025","03","31","18",9.2,,7.0,,"W","W",73,,"WNW",,1,,8,,8,
"250210050","ŒWIÊTY KRZY¯                  ","2025","03","01","06",-0.6,,-0.7,,"W","W",98,,"WSW",,5,,,"8",,"8"
"250210050","ŒWIÊTY KRZY¯                  ","2025","03","01","12",-0.1,,-0.1,,"W","W",100,,"WSW",,4,,,"8",,"8"
"250210050","ŒWIÊTY KRZY¯                  ","2025","03","01","18",-0.8,,-0.8,,"W","W",100,,"NNW",,5,,,"8",,"8"
"250210050","ŒWIÊTY KRZY¯                  ","2025","03","02","06",-1.6,,-1.6,,"W","W",100,,,"8",,"8",,"8",,"8"
"250210050","ŒWIÊTY KRZY¯                  ","2025","03","02","12",-2.2,,-2.2,,"W","W",100,,,"8",,"8",,"8",,"8"
"250210050","ŒWIÊTY KRZY¯                  ","2025","03","02","18",-1.4,,-1.4,,"W","W",100,,"WNW",,3,,,"8",,"8"
"250210050","ŒWIÊTY KRZY¯                  ","2025","03","03","06",0.3,,0.2,,"W","W",98,,"WNW",,5,,,"8",,"8"
"250210050","ŒWIÊTY KRZY¯                  ","2025","03","03","12",2.1,,1.4,,"W","W",88,,"WNW",,6,,,"8",,"8"
"250210050","ŒWIÊTY KRZY¯                  ","2025","03","03","18",1.4,,0.7,,"W","W",88,,"W  ",,6,,,"8",,"8"
"250210050","ŒWIÊTY KRZY¯                  ","2025","03","04","06",1.4,,0.6,,"W","W",86,,"WNW",,7,,,"8",,"8"
"250210050","ŒWIÊTY KRZY¯                  ","2025","03","04","12",6.1,,3.7,,"W","W",67,,"WSW",,5,,,"8",,"8"
"250210050","ŒWIÊTY KRZY¯                  ","2025","03","04","18",5.4,,1.6,,"W","W",48,,"W  ",,7,,,"8",,"8"
"250210050","ŒWIÊTY KRZY¯                  ","2025","03","05","06",1.8,,-0.9,,"W","W",56,,"W  ",,9,,,"8",,"8"
"250210050","ŒWIÊTY KRZY¯                  ","2025","03","05","12",11.4,,4.1,,"W","W",24,,"WSW",,6,,,"8",,"8"
"250210050","ŒWIÊTY KRZY¯                  ","2025","03","05","18",10.0,,3.1,,"W","W",24,,"WSW",,7,,,"8",,"8"
"250210050","ŒWIÊTY KRZY¯                  ","2025","03","06","06",7.5,,3.7,,"W","W",52,,"WSW",,8,,,"8",,"8"
"250210050","ŒWIÊTY KRZY¯                  ","2025","03","06","12",15.8,,7.6,,"W","W",27,,"SSW",,6,,,"8",,"8"
"250210050","ŒWIÊTY KRZY¯                  ","2025","03","06","18",12.3,,7.1,,"W","W",46,,"SSW",,6,,,"8",,"8"
"250210050","ŒWIÊTY KRZY¯                  ","2025","03","07","06",9.1,,3.3,,"W","W",33,,"SW ",,6,,,"8",,"8"
"250210050","ŒWIÊTY KRZY¯                  ","2025","03","07","12",15.1,,6.6,,"W","W",23,,"SSW",,3,,,"8",,"8"
"250210050","ŒWIÊTY KRZY¯                  ","2025","03","07","18",11.6,,5.0,,"W","W",31,,"S  ",,4,,,"8",,"8"
"250210050","ŒWIÊTY KRZY¯                  ","2025","03","08","06",10.7,,4.3,,"W","W",31,,"SE ",,2,,,"8",,"8"
"250210050","ŒWIÊTY KRZY¯                  ","2025","03","08","12",16.0,,8.4,,"W","W",32,,"E  ",,2,,,"8",,"8"
"250210050","ŒWIÊTY KRZY¯                  ","2025","03","08","18",11.6,,5.7,,"W","W",38,,"ESE",,3,,,"8",,"8"
"250210050","ŒWIÊTY KRZY¯                  ","2025","03","09","06",10.6,,5.0,,"W","W",38,,"ESE",,2,,,"8",,"8"
"250210050","ŒWIÊTY KRZY¯                  ","2025","03","09","12",16.8,,8.2,,"W","W",26,,"SSW",,2,,,"8",,"8"
"250210050","ŒWIÊTY KRZY¯                  ","2025","03","09","18",12.1,,6.0,,"W","W",37,,"S  ",,3,,,"8",,"8"
"250210050","ŒWIÊTY KRZY¯                  ","2025","03","10","06",8.5,,3.9,,"W","W",45,,"SSW",,6,,,"8",,"8"
"250210050","ŒWIÊTY KRZY¯                  ","2025","03","10","12",15.5,,8.8,,"W","W",38,,"SSW",,5,,,"8",,"8"
"250210050","ŒWIÊTY KRZY¯                  ","2025","03","10","18",13.5,,8.4,,"W","W",49,,"SSW",,4,,,"8",,"8"
"250210050","ŒWIÊTY KRZY¯                  ","2025","03","11","06",7.2,,7.2,,"W","W",100,,"SW ",,8,,,"8",,"8"
"250210050","ŒWIÊTY KRZY¯                  ","2025","03","11","12",10.8,,8.5,,"W","W",74,,"SW ",,4,,,"8",,"8"
"250210050","ŒWIÊTY KRZY¯                  ","2025","03","11","18",9.2,,7.7,,"W","W",82,,"SW ",,5,,,"8",,"8"
"250210050","ŒWIÊTY KRZY¯                  ","2025","03","12","06",6.4,,5.2,,"W","W",84,,"SW ",,4,,,"8",,"8"
"250210050","ŒWIÊTY KRZY¯                  ","2025","03","12","12",13.8,,8.9,,"W","W",51,,"SSW",,4,,,"8",,"8"
"250210050","ŒWIÊTY KRZY¯                  ","2025","03","12","18",9.9,,8.4,,"W","W",82,,"S  ",,6,,,"8",,"8"
"250210050","ŒWIÊTY KRZY¯                  ","2025","03","13","06",8.0,,7.7,,"W","W",96,,"S  ",,6,,,"8",,"8"
"250210050","ŒWIÊTY KRZY¯                  ","2025","03","13","12",8.8,,8.8,,"W","W",100,,"S  ",,6,,,"8",,"8"
"250210050","ŒWIÊTY KRZY¯                  ","2025","03","13","18",5.6,,5.6,,"W","W",100,,"WSW",,9,,,"8",,"8"
"250210050","ŒWIÊTY KRZY¯                  ","2025","03","14","06",0.4,,0.4,,"W","W",100,,"NW ",,2,,,"8",,"8"
"250210050","ŒWIÊTY KRZY¯                  ","2025","03","14","12",2.5,,1.9,,"W","W",90,,"SSE",,1,,,"8",,"8"
"250210050","ŒWIÊTY KRZY¯                  ","2025","03","14","18",-0.5,,-0.5,,"W","W",100,,,"8",,"8",,"8",,"8"
"250210050","ŒWIÊTY KRZY¯                  ","2025","03","15","06",-1.5,,-1.5,,"W","W",100,,,"8",,"8",,"8",,"8"
"250210050","ŒWIÊTY KRZY¯                  ","2025","03","15","12",-1.0,,-1.0,,"W","W",100,,,"8",,"8",,"8",,"8"
"250210050","ŒWIÊTY KRZY¯                  ","2025","03","15","18",-2.7,,-2.7,,"L","W",97,,,"8",,"8",,"8",,"8"
"250210050","ŒWIÊTY KRZY¯                  ","2025","03","16","06",-4.4,,-4.3,,"L","W",98,,"N  ",,2,,,"8",,"8"
"250210050","ŒWIÊTY KRZY¯                  ","2025","03","16","12",3.3,,0.0,,"W","W",50,,"E  ",,1,,,"8",,"8"
"250210050","ŒWIÊTY KRZY¯                  ","2025","03","16","18",-1.0,,-2.2,,"L","W",77,,"N  ",,4,,,"8",,"8"
"250210050","ŒWIÊTY KRZY¯                  ","2025","03","17","06",-3.7,,-3.6,,"L","W",98,,"ENE",,5,,,"8",,"8"
"250210050","ŒWIÊTY KRZY¯                  ","2025","03","17","12",-0.8,,-3.5,,"L","W",51,,"ENE",,8,,,"8",,"8"
"250210050","ŒWIÊTY KRZY¯                  ","2025","03","17","18",-3.6,,-5.9,,"L","W",50,,"NE ",,5,,,"8",,"8"
"250210050","ŒWIÊTY KRZY¯                  ","2025","03","18","06",-3.6,,-6.0,,"L","W",48,,"WNW",,4,,,"8",,"8"
"250210050","ŒWIÊTY KRZY¯                  ","2025","03","18","12",1.2,,-2.0,,"L","W",49,,"W  ",,5,,,"8",,"8"
"250210050","ŒWIÊTY KRZY¯                  ","2025","03","18","18",0.7,,-2.3,,"L","W",51,,"NW ",,5,,,"8",,"8"
"250210050","ŒWIÊTY KRZY¯                  ","2025","03","19","06",0.4,,-3.0,,"L","W",43,,"WNW",,4,,,"8",,"8"
"250210050","ŒWIÊTY KRZY¯                  ","2025","03","19","12",6.0,,0.8,,"W","W",32,,"WSW",,4,,,"8",,"8"
"250210050","ŒWIÊTY KRZY¯                  ","2025","03","19","18",4.1,,0.3,,"W","W",45,,"SW ",,4,,,"8",,"8"
"250210050","ŒWIÊTY KRZY¯                  ","2025","03","20","06",2.0,,-1.4,,"L","W",48,,"WSW",,5,,,"8",,"8"
"250210050","ŒWIÊTY KRZY¯                  ","2025","03","20","12",9.6,,3.8,,"W","W",34,,"SSW",,3,,,"8",,"8"
"250210050","ŒWIÊTY KRZY¯                  ","2025","03","20","18",8.0,,2.9,,"W","W",38,,"SW ",,6,,,"8",,"8"
"250210050","ŒWIÊTY KRZY¯                  ","2025","03","21","06",4.3,,0.7,,"W","W",48,,"W  ",,5,,,"8",,"8"
"250210050","ŒWIÊTY KRZY¯                  ","2025","03","21","12",11.7,,5.1,,"W","W",31,,"WSW",,3,,,"8",,"8"
"250210050","ŒWIÊTY KRZY¯                  ","2025","03","21","18",8.4,,3.9,,"W","W",45,,"E  ",,3,,,"8",,"8"
"250210050","ŒWIÊTY KRZY¯                  ","2025","03","22","06",4.7,,1.8,,"W","W",58,,"E  ",,2,,,"8",,"8"
"250210050","ŒWIÊTY KRZY¯                  ","2025","03","22","12",12.0,,5.4,,"W","W",32,,"SE ",,3,,,"8",,"8"
"250210050","ŒWIÊTY KRZY¯                  ","2025","03","22","18",8.2,,4.1,,"W","W",50,,"ESE",,4,,,"8",,"8"
"250210050","ŒWIÊTY KRZY¯                  ","2025","03","23","06",4.2,,2.9,,"W","W",81,,"S  ",,4,,,"8",,"8"
"250210050","ŒWIÊTY KRZY¯                  ","2025","03","23","12",7.1,,5.7,,"W","W",81,,"SSE",,3,,,"8",,"8"
"250210050","ŒWIÊTY KRZY¯                  ","2025","03","23","18",5.5,,5.5,,"W","W",100,,"SSW",,4,,,"8",,"8"
"250210050","ŒWIÊTY KRZY¯                  ","2025","03","24","06",7.2,,7.2,,"W","W",100,,"SSW",,4,,,"8",,"8"
"250210050","ŒWIÊTY KRZY¯                  ","2025","03","24","12",8.9,,8.9,,"W","W",100,,"W  ",,3,,,"8",,"8"
"250210050","ŒWIÊTY KRZY¯                  ","2025","03","24","18",5.5,,5.5,,"W","W",100,,"NE ",,6,,,"8",,"8"
"250210050","ŒWIÊTY KRZY¯                  ","2025","03","25","06",2.7,,2.7,,"W","W",100,,"ENE",,1,,,"8",,"8"
"250210050","ŒWIÊTY KRZY¯                  ","2025","03","25","12",9.9,,6.1,,"W","W",56,,"NNW",,3,,,"8",,"8"
"250210050","ŒWIÊTY KRZY¯                  ","2025","03","25","18",7.4,,4.0,,"W","W",57,,"WSW",,3,,,"8",,"8"
"250210050","ŒWIÊTY KRZY¯                  ","2025","03","26","06",6.7,,4.6,,"W","W",72,,"SSW",,2,,,"8",,"8"
"250210050","ŒWIÊTY KRZY¯                  ","2025","03","26","12",13.0,,8.0,,"W","W",49,,"W  ",,3,,,"8",,"8"
"250210050","ŒWIÊTY KRZY¯                  ","2025","03","26","18",8.7,,6.9,,"W","W",78,,"N  ",,4,,,"8",,"8"
"250210050","ŒWIÊTY KRZY¯                  ","2025","03","27","06",4.6,,4.6,,"W","W",100,,"NNE",,3,,,"8",,"8"
"250210050","ŒWIÊTY KRZY¯                  ","2025","03","27","12",6.0,,5.5,,"W","W",93,,"NNE",,3,,,"8",,"8"
"250210050","ŒWIÊTY KRZY¯                  ","2025","03","27","18",4.9,,4.3,,"W","W",91,,"NNE",,3,,,"8",,"8"
"250210050","ŒWIÊTY KRZY¯                  ","2025","03","28","06",2.8,,2.7,,"W","W",98,,"ESE",,3,,,"8",,"8"
"250210050","ŒWIÊTY KRZY¯                  ","2025","03","28","12",11.4,,8.0,,"W","W",62,,"ESE",,3,,,"8",,"8"
"250210050","ŒWIÊTY KRZY¯                  ","2025","03","28","18",9.2,,7.4,,"W","W",78,,"ESE",,3,,,"8",,"8"
"250210050","ŒWIÊTY KRZY¯                  ","2025","03","29","06",6.2,,4.6,,"W","W",78,,"SSE",,5,,,"8",,"8"
"250210050","ŒWIÊTY KRZY¯                  ","2025","03","29","12",12.6,,8.0,,"W","W",52,,"SE ",,4,,,"8",,"8"
"250210050","ŒWIÊTY KRZY¯                  ","2025","03","29","18",9.8,,6.4,,"W","W",60,,"SE ",,3,,,"8",,"8"
"250210050","ŒWIÊTY KRZY¯                  ","2025","03","30","06",7.5,,5.5,,"W","W",74,,"SSW",,3,,,"8",,"8"
"250210050","ŒWIÊTY KRZY¯                  ","2025","03","30","12",10.7,,7.4,,"W","W",63,,"SW ",,1,,,"8",,"8"
"250210050","ŒWIÊTY KRZY¯                  ","2025","03","30","18",8.1,,7.0,,"W","W",86,,"NNW",,4,,,"8",,"8"
"250210050","ŒWIÊTY KRZY¯                  ","2025","03","31","06",4.2,,3.6,,"W","W",91,,"NNE",,4,,,"8",,"8"
"250210050","ŒWIÊTY KRZY¯                  ","2025","03","31","12",7.4,,5.3,,"W","W",73,,"NE ",,4,,,"8",,"8"
"250210050","ŒWIÊTY KRZY¯                  ","2025","03","31","18",6.2,,4.8,,"W","W",81,,"NE ",,5,,,"8",,"8"
"250210130","STASZÓW                       ","2025","03","01","06",-4.2,,,"8",,"N",,"8","C  ",,0,,4,,6,
"250210130","STASZÓW                       ","2025","03","01","12",4.1,,,"8",,"N",,"8","W  ",,5,,8,,6,
"250210130","STASZÓW                       ","2025","03","01","18",1.4,,,"8",,"N",,"8","W  ",,3,,8,,6,
"250210130","STASZÓW                       ","2025","03","02","06",0.7,,,"8",,"N",,"8","WNW",,2,,8,,6,
"250210130","STASZÓW                       ","2025","03","02","12",0.7,,,"8",,"N",,"8","NW ",,4,,8,,6,
"250210130","STASZÓW                       ","2025","03","02","18",0.8,,,"8",,"N",,"8","WSW",,2,,8,,6,
"250210130","STASZÓW                       ","2025","03","03","06",2.0,,,"8",,"N",,"8","WSW",,2,,8,,6,
"250210130","STASZÓW                       ","2025","03","03","12",6.1,,,"8","W","N",,"8","WNW",,6,,8,,6,
"250210130","STASZÓW                       ","2025","03","03","18",4.4,,,"8",,"N",,"8","WSW",,4,,7,,6,
"250210130","STASZÓW                       ","2025","03","04","06",-2.9,,,"8",,"N",,"8","C  ",,0,,3,,5,
"250210130","STASZÓW                       ","2025","03","04","12",9.9,,,"8","W","N",,"8","W  ",,6,,1,,6,
"250210130","STASZÓW                       ","2025","03","04","18",6.3,,,"8","W","N",,"8","WSW",,2,,2,,6,
"250210130","STASZÓW                       ","2025","03","05","06",-3.3,,,"8",,"N",,"8","SW ",,1,,1,,6,
"250210130","STASZÓW                       ","2025","03","05","12",14.4,,,"8","W","N",,"8","SW ",,4,,2,,6,
"250210130","STASZÓW                       ","2025","03","05","18",5.1,,,"8","W","N",,"8","C  ",,0,,1,,6,
"250210130","STASZÓW                       ","2025","03","06","06",-4.3,,,"8",,"N",,"8","C  ",,0,,1,,6,
"250210130","STASZÓW                       ","2025","03","06","12",18.4,,,"8","W","N",,"8","SW ",,5,,0,,6,
"250210130","STASZÓW                       ","2025","03","06","18",12.2,,,"8","W","N",,"8","SSE",,1,,0,,6,
"250210130","STASZÓW                       ","2025","03","07","06",-2.3,,,"8",,"N",,"8","C  ",,0,,7,,6,
"250210130","STASZÓW                       ","2025","03","07","12",17.7,,,"8","W","N",,"8","SSW",,2,,7,,6,
"250210130","STASZÓW                       ","2025","03","07","18",8.1,,,"8","W","N",,"8","NNE",,1,,1,,6,
"250210130","STASZÓW                       ","2025","03","08","06",-2.0,,,"8",,"N",,"8","C  ",,0,,5,,6,
"250210130","STASZÓW                       ","2025","03","08","12",19.2,,,"8","W","N",,"8","C  ",,0,,0,,6,
"250210130","STASZÓW                       ","2025","03","08","18",6.7,,,"8","W","N",,"8","NE ",,2,,0,,6,
"250210130","STASZÓW                       ","2025","03","09","06",-2.3,,,"8",,"N",,"8","C  ",,0,,2,,6,
"250210130","STASZÓW                       ","2025","03","09","12",19.5,,,"8","W","N",,"8","SSE",,2,,3,,6,
"250210130","STASZÓW                       ","2025","03","09","18",11.9,,,"8","W","N",,"8","NE ",,2,,7,,6,
"250210130","STASZÓW                       ","2025","03","10","06",2.8,,,"8",,"N",,"8","NE ",,2,,2,,6,
"250210130","STASZÓW                       ","2025","03","10","12",18.0,,,"8","W","N",,"8","SSE",,4,,7,,6,
"250210130","STASZÓW                       ","2025","03","10","18",14.9,,,"8","W","N",,"8","SSW",,1,,8,,6,
"250210130","STASZÓW                       ","2025","03","11","06",8.9,,,"8","W","N",,"8","SSW",,2,,8,,6,
"250210130","STASZÓW                       ","2025","03","11","12",14.6,,,"8","W","N",,"8","SW ",,2,,7,,6,
"250210130","STASZÓW                       ","2025","03","11","18",10.1,,,"8","W","N",,"8","C  ",,0,,8,,6,
"250210130","STASZÓW                       ","2025","03","12","06",2.4,,,"8",,"N",,"8","C  ",,0,,8,,1,
"250210130","STASZÓW                       ","2025","03","12","12",16.5,,,"8","W","N",,"8","SSW",,3,,2,,6,
"250210130","STASZÓW                       ","2025","03","12","18",11.2,,,"8","W","N",,"8","SE ",,1,,8,,6,
"250210130","STASZÓW                       ","2025","03","13","06",8.8,,,"8","W","N",,"8","ENE",,1,,8,,6,
"250210130","STASZÓW                       ","2025","03","13","12",11.6,,,"8","W","N",,"8","S  ",,4,,8,,6,
"250210130","STASZÓW                       ","2025","03","13","18",8.6,,,"8","W","N",,"8","WSW",,9,,8,,6,
"250210130","STASZÓW                       ","2025","03","14","06",2.1,,,"8",,"N",,"8","C  ",,0,,6,,6,
"250210130","STASZÓW                       ","2025","03","14","12",4.7,,,"8",,"N",,"8","ESE",,3,,8,,6,
"250210130","STASZÓW                       ","2025","03","14","18",2.0,,,"8",,"N",,"8","NNE",,6,,8,,6,
"250210130","STASZÓW                       ","2025","03","15","06",0.8,,,"8",,"N",,"8","NE ",,4,,8,,6,
"250210130","STASZÓW                       ","2025","03","15","12",1.4,,,"8",,"N",,"8","NE ",,6,,8,,6,
"250210130","STASZÓW                       ","2025","03","15","18",0.6,,,"8",,"N",,"8","NE ",,4,,8,,6,
"250210130","STASZÓW                       ","2025","03","16","06",-3.0,,,"8",,"N",,"8","C  ",,0,,0,,6,
"250210130","STASZÓW                       ","2025","03","16","12",5.5,,,"8","W","N",,"8","NNE",,2,,0,,6,
"250210130","STASZÓW                       ","2025","03","16","18",-0.2,,,"8",,"N",,"8","S  ",,1,,0,,6,
"250210130","STASZÓW                       ","2025","03","17","06",-1.6,,,"8",,"N",,"8","NNE",,6,,5,,6,
"250210130","STASZÓW                       ","2025","03","17","12",2.5,,,"8",,"N",,"8","NNE",,6,,4,,6,
"250210130","STASZÓW                       ","2025","03","17","18",-1.0,,,"8",,"N",,"8","N  ",,1,,0,,6,
"250210130","STASZÓW                       ","2025","03","18","06",-5.1,,,"8",,"N",,"8","W  ",,1,,0,,6,
"250210130","STASZÓW                       ","2025","03","18","12",4.6,,,"8",,"N",,"8","W  ",,6,,7,,6,
"250210130","STASZÓW                       ","2025","03","18","18",1.5,,,"8",,"N",,"8","WSW",,1,,1,,6,
"250210130","STASZÓW                       ","2025","03","19","06",-4.6,,,"8",,"N",,"8","C  ",,0,,0,,6,
"250210130","STASZÓW                       ","2025","03","19","12",9.5,,,"8","W","N",,"8","WSW",,4,,0,,6,
"250210130","STASZÓW                       ","2025","03","19","18",1.7,,,"8",,"N",,"8","C  ",,0,,0,,6,
"250210130","STASZÓW                       ","2025","03","20","06",-3.5,,,"8",,"N",,"8","C  ",,0,,0,,6,
"250210130","STASZÓW                       ","2025","03","20","12",11.9,,,"8","W","N",,"8","SSW",,3,,0,,6,
"250210130","STASZÓW                       ","2025","03","20","18",3.6,,,"8",,"N",,"8","C  ",,0,,0,,6,
"250210130","STASZÓW                       ","2025","03","21","06",-2.6,,,"8",,"N",,"8","C  ",,0,,0,,6,
"250210130","STASZÓW                       ","2025","03","21","12",14.2,,,"8","W","N",,"8","SSW",,2,,1,,6,
"250210130","STASZÓW                       ","2025","03","21","18",5.1,,,"8","W","N",,"8","C  ",,0,,0,,6,
"250210130","STASZÓW                       ","2025","03","22","06",0.6,,,"8",,"N",,"8","NE ",,2,,1,,6,
"250210130","STASZÓW                       ","2025","03","22","12",15.5,,,"8","W","N",,"8","E  ",,7,,1,,6,
"250210130","STASZÓW                       ","2025","03","22","18",8.3,,,"8","W","N",,"8","NE ",,3,,0,,6,
"250210130","STASZÓW                       ","2025","03","23","06",4.9,,,"8",,"N",,"8","E  ",,5,,8,,6,
"250210130","STASZÓW                       ","2025","03","23","12",10.0,,,"8","W","N",,"8","E  ",,5,,8,,6,
"250210130","STASZÓW                       ","2025","03","23","18",7.6,,,"8","W","N",,"8","ESE",,3,,8,,6,
"250210130","STASZÓW                       ","2025","03","24","06",8.1,,,"8","W","N",,"8","SSW",,1,,8,,6,
"250210130","STASZÓW                       ","2025","03","24","12",12.8,,,"8","W","N",,"8","SW ",,3,,8,,6,
"250210130","STASZÓW                       ","2025","03","24","18",8.7,,,"8","W","N",,"8","NE ",,3,,8,,6,
"250210130","STASZÓW                       ","2025","03","25","06",3.8,,,"8",,"N",,"8","C  ",,0,,1,,6,
"250210130","STASZÓW                       ","2025","03","25","12",13.0,,,"8","W","N",,"8","WSW",,3,,2,,6,
"250210130","STASZÓW                       ","2025","03","25","18",5.3,,,"8","W","N",,"8","C  ",,0,,0,,6,
"250210130","STASZÓW                       ","2025","03","26","06",-0.2,,,"8",,"N",,"8","C  ",,0,,8,,1,
"250210130","STASZÓW                       ","2025","03","26","12",15.8,,,"8","W","N",,"8","SSW",,2,,3,,6,
"250210130","STASZÓW                       ","2025","03","26","18",10.9,,,"8","W","N",,"8","N  ",,1,,3,,6,
"250210130","STASZÓW                       ","2025","03","27","06",6.5,,,"8","W","N",,"8","WNW",,1,,8,,6,
"250210130","STASZÓW                       ","2025","03","27","12",10.6,,,"8","W","N",,"8","N  ",,1,,8,,6,
"250210130","STASZÓW                       ","2025","03","27","18",8.1,,,"8","W","N",,"8","NNE",,1,,8,,6,
"250210130","STASZÓW                       ","2025","03","28","06",4.8,,,"8",,"N",,"8","ENE",,2,,6,,6,
"250210130","STASZÓW                       ","2025","03","28","12",14.8,,,"8","W","N",,"8","ENE",,5,,1,,6,
"250210130","STASZÓW                       ","2025","03","28","18",12.3,,,"8","W","N",,"8","E  ",,1,,7,,6,
"250210130","STASZÓW                       ","2025","03","29","06",8.3,,,"8","W","N",,"8","E  ",,5,,6,,6,
"250210130","STASZÓW                       ","2025","03","29","12",16.2,,,"8","W","N",,"8","ESE",,7,,5,,6,
"250210130","STASZÓW                       ","2025","03","29","18",11.7,,,"8","W","N",,"8","E  ",,1,,3,,6,
"250210130","STASZÓW                       ","2025","03","30","06",5.6,,,"8","W","N",,"8","NE ",,1,,1,,6,
"250210130","STASZÓW                       ","2025","03","30","12",13.2,,,"8","W","N",,"8","SW ",,1,,8,,6,
"250210130","STASZÓW                       ","2025","03","30","18",9.6,,,"8","W","N",,"8","C  ",,0,,8,,6,
"250210130","STASZÓW                       ","2025","03","31","06",6.1,,,"8","W","N",,"8","C  ",,0,,8,,6,
"250210130","STASZÓW                       ","2025","03","31","12",11.3,,,"8","W","N",,"8","NW ",,2,,8,,6,
"250210130","STASZÓW                       ","2025","03","31","18",8.6,,,"8","W","N",,"8","NNW",,1,,8,,6,
"250220120","JAROCIN                       ","2025","03","01","06",-1.4,,,"8",,"W",,"8","C  ",,0,,8,,1,
"250220120","JAROCIN                       ","2025","03","01","12",6.1,,,"8",,"W",,"8","WSW",,3,,4,,6,
"250220120","JAROCIN                       ","2025","03","01","18",1.9,,,"8",,"W",,"8","WSW",,4,,8,,4,
"250220120","JAROCIN                       ","2025","03","02","06",1.7,,,"8",,"W",,"8","WNW",,3,,8,,4,
"250220120","JAROCIN                       ","2025","03","02","12",2.1,,,"8",,"W",,"8","W  ",,3,,8,,6,
"250220120","JAROCIN                       ","2025","03","02","18",1.1,,,"8",,"W",,"8","WSW",,2,,8,,6,
"250220120","JAROCIN                       ","2025","03","03","06",2.3,,,"8",,"W",,"8","WSW",,3,,8,,5,
"250220120","JAROCIN                       ","2025","03","03","12",5.5,,,"8",,"W",,"8","W  ",,6,,8,,6,
"250220120","JAROCIN                       ","2025","03","03","18",4.9,,,"8",,"W",,"8","WSW",,4,,6,,6,
"250220120","JAROCIN                       ","2025","03","04","06",0.6,,,"8",,"W",,"8","SW ",,2,,6,,6,
"250220120","JAROCIN                       ","2025","03","04","12",9.7,,,"8","W","W",,"8","W  ",,6,,1,,6,
"250220120","JAROCIN                       ","2025","03","04","18",7.1,,,"8",,"W",,"8","WSW",,2,,1,,6,
"250220120","JAROCIN                       ","2025","03","05","06",1.9,,,"8",,"W",,"8","SW ",,2,,1,,6,
"250220120","JAROCIN                       ","2025","03","05","12",14.5,,,"8","W","W",,"8","WSW",,6,,1,,6,
"250220120","JAROCIN                       ","2025","03","05","18",9.5,,,"8","W","W",,"8","SW ",,2,,1,,6,
"250220120","JAROCIN                       ","2025","03","06","06",-1.2,,,"8",,"W",,"8","C  ",,0,,1,,6,
"250220120","JAROCIN                       ","2025","03","06","12",18.6,,,"8","W","W",,"8","SSW",,4,,1,,6,
"250220120","JAROCIN                       ","2025","03","06","18",12.9,,,"8","W","W",,"8","S  ",,3,,1,,6,
"250220120","JAROCIN                       ","2025","03","07","06",0.0,,,"8",,"W",,"8","C  ",,0,,1,,6,
"250220120","JAROCIN                       ","2025","03","07","12",18.6,,,"8","W","W",,"8","ENE",,1,,3,,6,
"250220120","JAROCIN                       ","2025","03","07","18",8.8,,,"8","W","W",,"8","C  ",,0,,1,,6,
"250220120","JAROCIN                       ","2025","03","08","06",-1.2,,,"8",,"W",,"8","C  ",,0,,1,,6,
"250220120","JAROCIN                       ","2025","03","08","12",18.4,,,"8","W","W",,"8",,"8",1,,3,,6,
"250220120","JAROCIN                       ","2025","03","08","18",7.0,,,"8",,"W",,"8",,"8",0,,1,,6,
"250220120","JAROCIN                       ","2025","03","09","06",-0.4,,,"8",,"W",,"8",,"8",1,,1,,5,
"250220120","JAROCIN                       ","2025","03","09","12",18.0,,,"8","W","W",,"8",,"8",1,,3,,6,
"250220120","JAROCIN                       ","2025","03","09","18",9.5,,,"8","W","W",,"8",,"8",0,,1,,6,
"250220120","JAROCIN                       ","2025","03","10","06",5.1,,,"8",,"W",,"8",,"8",2,,2,,6,
"250220120","JAROCIN                       ","2025","03","10","12",19.0,,,"8","W","W",,"8",,"8",3,,3,,6,
"250220120","JAROCIN                       ","2025","03","10","18",16.1,,,"8","W","W",,"8",,"8",5,,8,,6,
"250220120","JAROCIN                       ","2025","03","11","06",10.3,,,"8","W","W",,"8",,"8",4,,8,,6,
"250220120","JAROCIN                       ","2025","03","11","12",15.9,,,"8","W","W",,"8",,"8",3,,4,,6,
"250220120","JAROCIN                       ","2025","03","11","18",10.9,,,"8","W","W",,"8",,"8",0,,8,,6,
"250220120","JAROCIN                       ","2025","03","12","06",8.0,,,"8",,"W",,"8",,"8",2,,2,,6,
"250220120","JAROCIN                       ","2025","03","12","12",16.1,,,"8","W","W",,"8",,"8",5,,3,,6,
"250220120","JAROCIN                       ","2025","03","12","18",10.5,,,"8","W","W",,"8",,"8",1,,1,,6,
"250220120","JAROCIN                       ","2025","03","13","06",8.9,,,"8","W","W",,"8",,"8",2,,8,,6,
"250220120","JAROCIN                       ","2025","03","13","12",10.9,,,"8","W","W",,"8",,"8",1,,8,,4,
"250220120","JAROCIN                       ","2025","03","13","18",10.7,,,"8","W","W",,"8",,"8",6,,4,,4,
"250220120","JAROCIN                       ","2025","03","14","06",3.6,,,"8",,"W",,"8",,"8",0,,8,,6,
"250220120","JAROCIN                       ","2025","03","14","12",6.7,,,"8",,"W",,"8",,"8",1,,8,,6,
"250220120","JAROCIN                       ","2025","03","14","18",4.6,,,"8",,"W",,"8",,"8",4,,8,,5,
"250220120","JAROCIN                       ","2025","03","15","06",1.5,,,"8",,"W",,"8",,"8",3,,8,,6,
"250220120","JAROCIN                       ","2025","03","15","12",2.7,,,"8",,"W",,"8",,"8",3,,8,,6,
"250220120","JAROCIN                       ","2025","03","15","18",0.7,,,"8",,"W",,"8",,"8",2,,8,,6,
"250220120","JAROCIN                       ","2025","03","16","06",-2.8,,,"8",,"W",,"8",,"8",0,,1,,3,
"250220120","JAROCIN                       ","2025","03","16","12",6.5,,,"8",,"W",,"8",,"8",2,,1,,6,
"250220120","JAROCIN                       ","2025","03","16","18",-0.2,,,"8",,"W",,"8",,"8",0,,1,,6,
"250220120","JAROCIN                       ","2025","03","17","06",0.4,,,"8",,"W",,"8",,"8",6,,8,,4,
"250220120","JAROCIN                       ","2025","03","17","12",1.9,,,"8",,"W",,"8",,"8",6,,3,,6,
"250220120","JAROCIN                       ","2025","03","17","18",-0.6,,,"8",,"W",,"8",,"8",1,,1,,6,
"250220120","JAROCIN                       ","2025","03","18","06",-6.4,,,"8","L","W",,"8",,"8",0,,1,,4,
"250220120","JAROCIN                       ","2025","03","18","12",4.6,,,"8",,"W",,"8",,"8",5,,3,,6,
"250220120","JAROCIN                       ","2025","03","18","18",2.9,,,"8",,"W",,"8",,"8",2,,1,,6,
"250220120","JAROCIN                       ","2025","03","19","06",-1.2,,,"8",,"W",,"8",,"8",1,,1,,6,
"250220120","JAROCIN                       ","2025","03","19","12",8.9,,,"8","W","W",,"8",,"8",4,,3,,6,
"250220120","JAROCIN                       ","2025","03","19","18",2.7,,,"8",,"W",,"8",,"8",0,,1,,6,
"250220120","JAROCIN                       ","2025","03","20","06",-2.6,,,"8",,"W",,"8",,"8",0,,1,,6,
"250220120","JAROCIN                       ","2025","03","20","12",12.9,,,"8","W","W",,"8",,"8",3,,2,,6,
"250220120","JAROCIN                       ","2025","03","20","18",6.5,,,"8",,"W",,"8",,"8",0,,1,,6,
"250220120","JAROCIN                       ","2025","03","21","06",-0.2,,,"8",,"W",,"8",,"8",0,,1,,6,
"250220120","JAROCIN                       ","2025","03","21","12",14.1,,,"8","W","W",,"8",,"8",3,,1,,6,
"250220120","JAROCIN                       ","2025","03","21","18",5.5,,,"8",,"W",,"8",,"8",0,,1,,6,
"250220120","JAROCIN                       ","2025","03","22","06",0.3,,,"8",,"W",,"8",,"8",1,,1,,6,
"250220120","JAROCIN                       ","2025","03","22","12",15.3,,,"8","W","W",,"8",,"8",4,,3,,6,
"250220120","JAROCIN                       ","2025","03","22","18",10.3,,,"8","W","W",,"8",,"8",2,,1,,6,
"250220120","JAROCIN                       ","2025","03","23","06",6.3,,,"8",,"W",,"8",,"8",1,,6,,6,
"250220120","JAROCIN                       ","2025","03","23","12",8.9,,,"8","W","W",,"8",,"8",4,,8,,6,
"250220120","JAROCIN                       ","2025","03","23","18",7.2,,,"8",,"W",,"8",,"8",3,,8,,5,
"250220120","JAROCIN                       ","2025","03","24","06",7.8,,,"8",,"W",,"8",,"8",1,,8,,6,
"250220120","JAROCIN                       ","2025","03","24","12",14.7,,,"8","W","W",,"8",,"8",3,,8,,6,
"250220120","JAROCIN                       ","2025","03","24","18",9.5,,,"8","W","W",,"8",,"8",2,,8,,6,
"250220120","JAROCIN                       ","2025","03","25","06",3.8,,,"8",,"W",,"8",,"8",1,,1,,4,
"250220120","JAROCIN                       ","2025","03","25","12",11.7,,,"8","W","W",,"8",,"8",2,,1,,6,
"250220120","JAROCIN                       ","2025","03","25","18",4.9,,,"8",,"W",,"8",,"8",0,,1,,6,
"250220120","JAROCIN                       ","2025","03","26","06",0.4,,,"8",,"W",,"8",,"8",0,,1,,4,
"250220120","JAROCIN                       ","2025","03","26","12",15.1,,,"8","W","W",,"8",,"8",2,,2,,6,
"250220120","JAROCIN                       ","2025","03","26","18",9.7,,,"8","W","W",,"8","C  ",,0,,8,,6,
"250220120","JAROCIN                       ","2025","03","27","06",7.8,,,"8",,"W",,"8","NW ",,2,,8,,6,
"250220120","JAROCIN                       ","2025","03","27","12",10.9,,,"8","W","W",,"8","NNW",,3,,8,,6,
"250220120","JAROCIN                       ","2025","03","27","18",8.6,,,"8","W","W",,"8","NNE",,1,,8,,6,
"250220120","JAROCIN                       ","2025","03","28","06",2.7,,,"8",,"W",,"8","C  ",,0,,1,,4,
"250220120","JAROCIN                       ","2025","03","28","12",16.3,,,"8","W","W",,"8","SE ",,4,,3,,6,
"250220120","JAROCIN                       ","2025","03","28","18",11.1,,,"8","W","W",,"8","E  ",,1,,2,,6,
"250220120","JAROCIN                       ","2025","03","29","06",8.9,,,"8","W","W",,"8","SE ",,4,,1,,6,
"250220120","JAROCIN                       ","2025","03","29","12",14.5,,,"8","W","W",,"8","ESE",,5,,3,,6,
"250220120","JAROCIN                       ","2025","03","29","18",10.9,,,"8","W","W",,"8","ESE",,1,,1,,6,
"250220120","JAROCIN                       ","2025","03","30","06",6.1,,,"8",,"W",,"8","ESE",,1,,3,,6,
"250220120","JAROCIN                       ","2025","03","30","12",13.9,,,"8","W","W",,"8","E  ",,3,,8,,6,
"250220120","JAROCIN                       ","2025","03","30","18",9.5,,,"8","W","W",,"8","C  ",,0,,8,,5,
"250220120","JAROCIN                       ","2025","03","31","06",5.7,,,"8",,"W",,"8","NW ",,2,,8,,6,
"250220120","JAROCIN                       ","2025","03","31","12",9.6,,,"8","W","W",,"8","N  ",,4,,8,,6,
"250220120","JAROCIN                       ","2025","03","31","18",8.0,,,"8",,"W",,"8","NNW",,3,,8,,6,
"250240010","STRZY¯ÓW                      ","2025","03","01","06",-0.7,,,"8",,"W",,"8",,"8",,"8",7,,4,
"250240010","STRZY¯ÓW                      ","2025","03","01","12",5.7,,,"8",,"W",,"8",,"8",,"8",2,,7,
"250240010","STRZY¯ÓW                      ","2025","03","01","18",2.5,,,"8",,"W",,"8",,"8",,"8",6,,7,
"250240010","STRZY¯ÓW                      ","2025","03","02","06",0.3,,,"8",,"W",,"8",,"8",,"8",4,,6,
"250240010","STRZY¯ÓW                      ","2025","03","02","12",2.9,,,"8",,"W",,"8",,"8",,"8",8,,6,
"250240010","STRZY¯ÓW                      ","2025","03","02","18",0.3,,,"8",,"W",,"8",,"8",,"8",8,,6,
"250240010","STRZY¯ÓW                      ","2025","03","03","06",0.9,,,"8",,"W",,"8",,"8",,"8",8,,6,
"250240010","STRZY¯ÓW                      ","2025","03","03","12",5.9,,,"8",,"W",,"8",,"8",,"8",4,,7,
"250240010","STRZY¯ÓW                      ","2025","03","03","18",2.7,,,"8",,"W",,"8",,"8",,"8",4,,7,
"250240010","STRZY¯ÓW                      ","2025","03","04","06",2.1,,,"8",,"W",,"8",,"8",,"8",7,,7,
"250240010","STRZY¯ÓW                      ","2025","03","04","12",10.3,,,"8","W","W",,"8",,"8",,"8",2,,8,
"250240010","STRZY¯ÓW                      ","2025","03","04","18",4.9,,,"8",,"W",,"8",,"8",,"8",1,,8,
"250240010","STRZY¯ÓW                      ","2025","03","05","06",1.5,,,"8",,"W",,"8",,"8",,"8",1,,8,
"250240010","STRZY¯ÓW                      ","2025","03","05","12",14.3,,,"8","W","W",,"8",,"8",,"8",1,,8,
"250240010","STRZY¯ÓW                      ","2025","03","05","18",4.1,,,"8",,"W",,"8",,"8",,"8",1,,8,
"250240010","STRZY¯ÓW                      ","2025","03","06","06",3.7,,,"8",,"W",,"8",,"8",,"8",1,,8,
"250240010","STRZY¯ÓW                      ","2025","03","06","12",17.3,,,"8","W","W",,"8",,"8",,"8",1,,8,
"250240010","STRZY¯ÓW                      ","2025","03","06","18",8.1,,,"8","W","W",,"8",,"8",,"8",1,,8,
"250240010","STRZY¯ÓW                      ","2025","03","07","06",1.7,,,"8",,"W",,"8",,"8",,"8",1,,8,
"250240010","STRZY¯ÓW                      ","2025","03","07","12",17.3,,,"8","W","W",,"8",,"8",,"8",1,,8,
"250240010","STRZY¯ÓW                      ","2025","03","07","18",8.7,,,"8","W","W",,"8",,"8",,"8",1,,8,
"250240010","STRZY¯ÓW                      ","2025","03","08","06",-1.9,,,"8",,"W",,"8",,"8",,"8",1,,8,
"250240010","STRZY¯ÓW                      ","2025","03","08","12",17.7,,,"8","W","W",,"8",,"8",,"8",1,,8,
"250240010","STRZY¯ÓW                      ","2025","03","08","18",7.7,,,"8",,"W",,"8",,"8",,"8",1,,8,
"250240010","STRZY¯ÓW                      ","2025","03","09","06",-2.9,,,"8",,"W",,"8",,"8",,"8",1,,8,
"250240010","STRZY¯ÓW                      ","2025","03","09","12",17.3,,,"8","W","W",,"8",,"8",,"8",1,,8,
"250240010","STRZY¯ÓW                      ","2025","03","09","18",7.9,,,"8",,"W",,"8",,"8",,"8",2,,8,
"250240010","STRZY¯ÓW                      ","2025","03","10","06",2.5,,,"8",,"W",,"8",,"8",,"8",1,,8,
"250240010","STRZY¯ÓW                      ","2025","03","10","12",18.9,,,"8","W","W",,"8",,"8",,"8",2,,8,
"250240010","STRZY¯ÓW                      ","2025","03","10","18",12.7,,,"8","W","W",,"8",,"8",,"8",4,,8,
"250240010","STRZY¯ÓW                      ","2025","03","11","06",7.1,,,"8",,"W",,"8",,"8",,"8",2,,8,
"250240010","STRZY¯ÓW                      ","2025","03","11","12",17.1,,,"8","W","W",,"8",,"8",,"8",4,,7,
"250240010","STRZY¯ÓW                      ","2025","03","11","18",10.7,,,"8","W","W",,"8",,"8",,"8",8,,7,
"250240010","STRZY¯ÓW                      ","2025","03","12","06",8.1,,,"8","W","W",,"8",,"8",,"8",2,,7,
"250240010","STRZY¯ÓW                      ","2025","03","12","12",14.1,,,"8","W","W",,"8",,"8",,"8",4,,8,
"250240010","STRZY¯ÓW                      ","2025","03","12","18",9.9,,,"8","W","W",,"8",,"8",,"8",4,,7,
"250240010","STRZY¯ÓW                      ","2025","03","13","06",8.7,,,"8","W","W",,"8",,"8",,"8",5,,7,
"250240010","STRZY¯ÓW                      ","2025","03","13","12",13.7,,,"8","W","W",,"8",,"8",,"8",7,,7,
"250240010","STRZY¯ÓW                      ","2025","03","13","18",11.1,,,"8","W","W",,"8",,"8",,"8",7,,7,
"250240010","STRZY¯ÓW                      ","2025","03","14","06",4.7,,,"8",,"W",,"8",,"8",,"8",7,,7,
"250240010","STRZY¯ÓW                      ","2025","03","14","12",6.5,,,"8",,"W",,"8",,"8",,"8",8,,7,
"250240010","STRZY¯ÓW                      ","2025","03","14","18",4.7,,,"8",,"W",,"8",,"8",,"8",8,,7,
"250240010","STRZY¯ÓW                      ","2025","03","15","06",0.7,,,"8",,"W",,"8",,"8",,"8",7,,7,
"250240010","STRZY¯ÓW                      ","2025","03","15","12",0.9,,,"8",,"W",,"8",,"8",,"8",7,,7,
"250240010","STRZY¯ÓW                      ","2025","03","15","18",-0.1,,,"8",,"W",,"8",,"8",,"8",8,,6,
"250240010","STRZY¯ÓW                      ","2025","03","16","06",-2.5,,,"8",,"W",,"8",,"8",,"8",1,,8,
"250240010","STRZY¯ÓW                      ","2025","03","16","12",5.9,,,"8",,"W",,"8",,"8",,"8",1,,8,
"250240010","STRZY¯ÓW                      ","2025","03","16","18",0.3,,,"8",,"W",,"8",,"8",,"8",1,,8,
"250240010","STRZY¯ÓW                      ","2025","03","17","06",-0.1,,,"8",,"W",,"8",,"8",,"8",8,,6,
"250240010","STRZY¯ÓW                      ","2025","03","17","12",2.3,,,"8",,"W",,"8",,"8",,"8",6,,7,
"250240010","STRZY¯ÓW                      ","2025","03","17","18",-1.5,,,"8",,"W",,"8",,"8",,"8",2,,8,
"250240010","STRZY¯ÓW                      ","2025","03","18","06",-4.9,,,"8",,"W",,"8",,"8",,"8",1,,8,
"250240010","STRZY¯ÓW                      ","2025","03","18","12",4.9,,,"8",,"W",,"8",,"8",,"8",2,,8,
"250240010","STRZY¯ÓW                      ","2025","03","18","18",3.3,,,"8",,"W",,"8",,"8",,"8",1,,8,
"250240010","STRZY¯ÓW                      ","2025","03","19","06",-0.5,,,"8",,"W",,"8",,"8",,"8",1,,8,
"250240010","STRZY¯ÓW                      ","2025","03","19","12",8.3,,,"8","W","W",,"8",,"8",,"8",1,,8,
"250240010","STRZY¯ÓW                      ","2025","03","19","18",5.7,,,"8",,"W",,"8",,"8",,"8",1,,8,
"250240010","STRZY¯ÓW                      ","2025","03","20","06",-3.7,,,"8",,"W",,"8",,"8",,"8",1,,8,
"250240010","STRZY¯ÓW                      ","2025","03","20","12",7.9,,,"8",,"W",,"8",,"8",,"8",1,,8,
"250240010","STRZY¯ÓW                      ","2025","03","20","18",3.7,,,"8",,"W",,"8",,"8",,"8",1,,8,
"250240010","STRZY¯ÓW                      ","2025","03","21","06",-0.9,,,"8",,"W",,"8",,"8",,"8",1,,8,
"250240010","STRZY¯ÓW                      ","2025","03","21","12",12.7,,,"8","W","W",,"8",,"8",,"8",1,,8,
"250240010","STRZY¯ÓW                      ","2025","03","21","18",3.1,,,"8",,"W",,"8",,"8",,"8",1,,8,
"250240010","STRZY¯ÓW                      ","2025","03","22","06",-1.3,,,"8",,"W",,"8",,"8",,"8",1,,8,
"250240010","STRZY¯ÓW                      ","2025","03","22","12",13.1,,,"8","W","W",,"8",,"8",,"8",1,,8,
"250240010","STRZY¯ÓW                      ","2025","03","22","18",10.1,,,"8","W","W",,"8",,"8",,"8",1,,8,
"250240010","STRZY¯ÓW                      ","2025","03","23","06",3.7,,,"8",,"W",,"8",,"8",,"8",1,,8,
"250240010","STRZY¯ÓW                      ","2025","03","23","12",10.1,,,"8","W","W",,"8",,"8",,"8",7,,7,
"250240010","STRZY¯ÓW                      ","2025","03","23","18",6.1,,,"8",,"W",,"8",,"8",,"8",8,,7,
"250240010","STRZY¯ÓW                      ","2025","03","24","06",6.1,,,"8",,"W",,"8",,"8",,"8",8,,6,
"250240010","STRZY¯ÓW                      ","2025","03","24","12",14.3,,,"8","W","W",,"8",,"8",,"8",8,,6,
"250240010","STRZY¯ÓW                      ","2025","03","24","18",8.7,,,"8","W","W",,"8",,"8",,"8",7,,7,
"250240010","STRZY¯ÓW                      ","2025","03","25","06",5.3,,,"8",,"W",,"8",,"8",,"8",7,,7,
"250240010","STRZY¯ÓW                      ","2025","03","25","12",10.3,,,"8","W","W",,"8",,"8",,"8",7,,7,
"250240010","STRZY¯ÓW                      ","2025","03","25","18",4.9,,,"8",,"W",,"8",,"8",,"8",2,,7,
"250240010","STRZY¯ÓW                      ","2025","03","26","06",-0.3,,,"8",,"W",,"8",,"8",,"8",4,,8,
"250240010","STRZY¯ÓW                      ","2025","03","26","12",14.5,,,"8","W","W",,"8",,"8",,"8",2,,8,
"250240010","STRZY¯ÓW                      ","2025","03","26","18",6.5,,,"8",,"W",,"8",,"8",,"8",2,,8,
"250240010","STRZY¯ÓW                      ","2025","03","27","06",5.3,,,"8",,"W",,"8",,"8",,"8",7,,6,
"250240010","STRZY¯ÓW                      ","2025","03","27","12",10.9,,,"8","W","W",,"8",,"8",,"8",2,,8,
"250240010","STRZY¯ÓW                      ","2025","03","27","18",6.7,,,"8",,"W",,"8",,"8",,"8",4,,7,
"250240010","STRZY¯ÓW                      ","2025","03","28","06",1.9,,,"8",,"W",,"8",,"8",,"8",1,,8,
"250240010","STRZY¯ÓW                      ","2025","03","28","12",15.3,,,"8","W","W",,"8",,"8",,"8",1,,8,
"250240010","STRZY¯ÓW                      ","2025","03","28","18",8.7,,,"8","W","W",,"8",,"8",,"8",1,,8,
"250240010","STRZY¯ÓW                      ","2025","03","29","06",6.1,,,"8",,"W",,"8",,"8",,"8",1,,8,
"250240010","STRZY¯ÓW                      ","2025","03","29","12",16.3,,,"8","W","W",,"8",,"8",,"8",1,,8,
"250240010","STRZY¯ÓW                      ","2025","03","29","18",11.1,,,"8","W","W",,"8",,"8",,"8",1,,8,
"250240010","STRZY¯ÓW                      ","2025","03","30","06",3.3,,,"8",,"W",,"8",,"8",,"8",1,,8,
"250240010","STRZY¯ÓW                      ","2025","03","30","12",15.9,,,"8","W","W",,"8",,"8",,"8",2,,8,
"250240010","STRZY¯ÓW                      ","2025","03","30","18",8.7,,,"8","W","W",,"8",,"8",,"8",4,,8,
"250240010","STRZY¯ÓW                      ","2025","03","31","06",7.9,,,"8",,"W",,"8",,"8",,"8",8,,6,
"250240010","STRZY¯ÓW                      ","2025","03","31","12",9.9,,,"8","W","W",,"8",,"8",,"8",7,,6,
"250240010","STRZY¯ÓW                      ","2025","03","31","18",8.1,,,"8","W","W",,"8",,"8",,"8",8,,7,
"251150060","CEBER                         ","2025","03","01","06",2.4,,,"8",,,,"8",,"8",,"8",8,,6,
"251150060","CEBER                         ","2025","03","01","12",5.3,,,"8",,,,"8",,"8",,"8",8,,6,
"251150060","CEBER                         ","2025","03","01","18",3.9,,,"8",,,,"8",,"8",,"8",8,,6,
"251150060","CEBER                         ","2025","03","02","06",-0.6,,,"8",,,,"8",,"8",,"8",8,,5,
"251150060","CEBER                         ","2025","03","02","12",3.2,,,"8",,,,"8",,"8",,"8",8,,6,
"251150060","CEBER                         ","2025","03","02","18",5.3,,,"8",,,,"8",,"8",,"8",8,,6,
"251150060","CEBER                         ","2025","03","03","06",4.1,,,"8",,,,"8",,"8",,"8",8,,6,
"251150060","CEBER                         ","2025","03","03","12",9.3,,,"8",,,,"8",,"8",,"8",3,,6,
"251150060","CEBER                         ","2025","03","03","18",5.4,,,"8",,,,"8",,"8",,"8",0,,6,
"251150060","CEBER                         ","2025","03","04","06",-2.5,,,"8",,,,"8",,"8",,"8",2,,6,
"251150060","CEBER                         ","2025","03","04","12",11.3,,,"8",,,,"8",,"8",,"8",1,,6,
"251150060","CEBER                         ","2025","03","04","18",5.6,,,"8",,,,"8",,"8",,"8",0,,6,
"251150060","CEBER                         ","2025","03","05","06",1.6,,,"8",,,,"8",,"8",,"8",1,,6,
"251150060","CEBER                         ","2025","03","05","12",16.3,,,"8",,,,"8",,"8",,"8",1,,6,
"251150060","CEBER                         ","2025","03","05","18",8.9,,,"8",,,,"8",,"8",,"8",1,,6,
"251150060","CEBER                         ","2025","03","06","06",-2.0,,,"8",,,,"8",,"8",,"8",0,,6,
"251150060","CEBER                         ","2025","03","06","12",17.5,,,"8",,,,"8",,"8",,"8",0,,6,
"251150060","CEBER                         ","2025","03","06","18",7.6,,,"8",,,,"8",,"8",,"8",0,,6,
"251150060","CEBER                         ","2025","03","07","06",-1.0,,,"8",,,,"8",,"8",,"8",1,,6,
"251150060","CEBER                         ","2025","03","07","12",17.6,,,"8",,,,"8",,"8",,"8",0,,6,
"251150060","CEBER                         ","2025","03","07","18",11.5,,,"8",,,,"8",,"8",,"8",0,,6,
"251150060","CEBER                         ","2025","03","08","06",-2.0,,,"8",,,,"8",,"8",,"8",0,,5,
"251150060","CEBER                         ","2025","03","08","12",17.4,,,"8",,,,"8",,"8",,"8",0,,6,
"251150060","CEBER                         ","2025","03","08","18",11.6,,,"8",,,,"8",,"8",,"8",0,,6,
"251150060","CEBER                         ","2025","03","09","06",4.8,,,"8",,,,"8",,"8",,"8",5,,6,
"251150060","CEBER                         ","2025","03","09","12",19.3,,,"8",,,,"8",,"8",,"8",2,,6,
"251150060","CEBER                         ","2025","03","09","18",10.3,,,"8",,,,"8",,"8",,"8",1,,6,
"251150060","CEBER                         ","2025","03","10","06",0.6,,,"8",,,,"8",,"8",,"8",1,,6,
"251150060","CEBER                         ","2025","03","10","12",16.6,,,"8",,,,"8",,"8",,"8",1,,6,
"251150060","CEBER                         ","2025","03","10","18",10.6,,,"8",,,,"8",,"8",,"8",1,,6,
"251150060","CEBER                         ","2025","03","11","06",1.4,,,"8",,,,"8",,"8",,"8",7,,6,
"251150060","CEBER                         ","2025","03","11","12",11.7,,,"8",,,,"8",,"8",,"8",8,,6,
"251150060","CEBER                         ","2025","03","11","18",9.5,,,"8",,,,"8",,"8",,"8",6,,6,
"251150060","CEBER                         ","2025","03","12","06",2.4,,,"8",,,,"8",,"8",,"8",8,,5,
"251150060","CEBER                         ","2025","03","12","12",11.3,,,"8",,,,"8",,"8",,"8",4,,6,
"251150060","CEBER                         ","2025","03","12","18",4.0,,,"8",,,,"8",,"8",,"8",8,,6,
"251150060","CEBER                         ","2025","03","13","06",3.8,,,"8",,,,"8",,"8",,"8",8,,5,
"251150060","CEBER                         ","2025","03","13","12",3.1,,,"8",,,,"8",,"8",,"8",8,,6,
"251150060","CEBER                         ","2025","03","13","18",2.9,,,"8",,,,"8",,"8",,"8",8,,6,
"251150060","CEBER                         ","2025","03","14","06",1.8,,,"8",,,,"8",,"8",,"8",8,,6,
"251150060","CEBER                         ","2025","03","14","12",6.9,,,"8",,,,"8",,"8",,"8",8,,6,
"251150060","CEBER                         ","2025","03","14","18",4.9,,,"8",,,,"8",,"8",,"8",8,,6,
"251150060","CEBER                         ","2025","03","15","06",0.8,,,"8",,,,"8",,"8",,"8",1,,5,
"251150060","CEBER                         ","2025","03","15","12",7.1,,,"8",,,,"8",,"8",,"8",4,,6,
"251150060","CEBER                         ","2025","03","15","18",3.3,,,"8",,,,"8",,"8",,"8",0,,6,
"251150060","CEBER                         ","2025","03","16","06",-1.3,,,"8",,,,"8",,"8",,"8",1,,5,
"251150060","CEBER                         ","2025","03","16","12",8.4,,,"8",,,,"8",,"8",,"8",1,,6,
"251150060","CEBER                         ","2025","03","16","18",4.8,,,"8",,,,"8",,"8",,"8",1,,6,
"251150060","CEBER                         ","2025","03","17","06",-0.6,,,"8",,,,"8",,"8",,"8",0,,6,
"251150060","CEBER                         ","2025","03","17","12",3.6,,,"8",,,,"8",,"8",,"8",7,,6,
"251150060","CEBER                         ","2025","03","17","18",-0.3,,,"8",,,,"8",,"8",,"8",1,,7,
"251150060","CEBER                         ","2025","03","18","06",-6.5,,,"8",,,,"8",,"8",,"8",0,,7,
"251150060","CEBER                         ","2025","03","18","12",6.4,,,"8",,,,"8",,"8",,"8",0,,7,
"251150060","CEBER                         ","2025","03","18","18",0.4,,,"8",,,,"8",,"8",,"8",0,,6,
"251150060","CEBER                         ","2025","03","19","06",-6.0,,,"8",,,,"8",,"8",,"8",0,,7,
"251150060","CEBER                         ","2025","03","19","12",11.8,,,"8",,,,"8",,"8",,"8",0,,7,
"251150060","CEBER                         ","2025","03","19","18",4.8,,,"8",,,,"8",,"8",,"8",0,,7,
"251150060","CEBER                         ","2025","03","20","06",-2.8,,,"8",,,,"8",,"8",,"8",0,,7,
"251150060","CEBER                         ","2025","03","20","12",15.7,,,"8",,,,"8",,"8",,"8",0,,7,
"251150060","CEBER                         ","2025","03","20","18",9.6,,,"8",,,,"8",,"8",,"8",0,,6,
"251150060","CEBER                         ","2025","03","21","06",-1.0,,,"8",,,,"8",,"8",,"8",3,,6,
"251150060","CEBER                         ","2025","03","21","12",16.4,,,"8",,,,"8",,"8",,"8",0,,6,
"251150060","CEBER                         ","2025","03","21","18",10.6,,,"8",,,,"8",,"8",,"8",0,,6,
"251150060","CEBER                         ","2025","03","22","06",1.2,,,"8",,,,"8",,"8",,"8",0,,6,
"251150060","CEBER                         ","2025","03","22","12",14.0,,,"8",,,,"8",,"8",,"8",0,,6,
"251150060","CEBER                         ","2025","03","22","18",10.6,,,"8",,,,"8",,"8",,"8",4,,6,
"251150060","CEBER                         ","2025","03","23","06",4.6,,,"8",,,,"8",,"8",,"8",7,,6,
"251150060","CEBER                         ","2025","03","23","12",11.9,,,"8",,,,"8",,"8",,"8",8,,6,
"251150060","CEBER                         ","2025","03","23","18",9.3,,,"8",,,,"8",,"8",,"8",8,,6,
"251150060","CEBER                         ","2025","03","24","06",7.1,,,"8",,,,"8",,"8",,"8",3,,4,
"251150060","CEBER                         ","2025","03","24","12",9.3,,,"8",,,,"8",,"8",,"8",8,,6,
"251150060","CEBER                         ","2025","03","24","18",5.8,,,"8",,,,"8",,"8",,"8",8,,6,
"251150060","CEBER                         ","2025","03","25","06",-0.5,,,"8",,,,"8",,"8",,"8",4,,5,
"251150060","CEBER                         ","2025","03","25","12",15.5,,,"8",,,,"8",,"8",,"8",4,,6,
"251150060","CEBER                         ","2025","03","25","18",11.6,,,"8",,,,"8",,"8",,"8",8,,6,
"251150060","CEBER                         ","2025","03","26","06",5.6,,,"8",,,,"8",,"8",,"8",8,,5,
"251150060","CEBER                         ","2025","03","26","12",7.8,,,"8",,,,"8",,"8",,"8",8,,6,
"251150060","CEBER                         ","2025","03","26","18",7.3,,,"8",,,,"8",,"8",,"8",8,,6,
"251150060","CEBER                         ","2025","03","27","06",3.4,,,"8",,,,"8",,"8",,"8",8,,2,
"251150060","CEBER                         ","2025","03","27","12",10.1,,,"8",,,,"8",,"8",,"8",6,,6,
"251150060","CEBER                         ","2025","03","27","18",8.2,,,"8",,,,"8",,"8",,"8",1,,7,
"251150060","CEBER                         ","2025","03","28","06",-1.0,,,"8",,,,"8",,"8",,"8",0,,5,
"251150060","CEBER                         ","2025","03","28","12",14.1,,,"8",,,,"8",,"8",,"8",0,,6,
"251150060","CEBER                         ","2025","03","28","18",7.7,,,"8",,,,"8",,"8",,"8",0,,7,
"251150060","CEBER                         ","2025","03","29","06",6.4,,,"8",,,,"8",,"8",,"8",6,,6,
"251150060","CEBER                         ","2025","03","29","12",14.6,,,"8",,,,"8",,"8",,"8",5,,6,
"251150060","CEBER                         ","2025","03","29","18",14.0,,,"8",,,,"8",,"8",,"8",8,,6,
"251150060","CEBER                         ","2025","03","30","06",6.3,,,"8",,,,"8",,"8",,"8",3,,7,
"251150060","CEBER                         ","2025","03","30","12",11.5,,,"8",,,,"8",,"8",,"8",8,,6,
"251150060","CEBER                         ","2025","03","30","18",8.5,,,"8",,,,"8",,"8",,"8",8,,6,
"251150060","CEBER                         ","2025","03","31","06",6.4,,,"8",,,,"8",,"8",,"8",8,,6,
"251150060","CEBER                         ","2025","03","31","12",10.8,,,"8",,,,"8",,"8",,"8",7,,6,
"251150060","CEBER                         ","2025","03","31","18",8.5,,,"8",,,,"8",,"8",,"8",8,,7,
"251160320","RADZYÑ                        ","2025","03","01","06",2.5,,2.2,,"W","W",95,,"NW ",,2,,8,,7,
"251160320","RADZYÑ                        ","2025","03","01","12",5.1,,3.3,,"W","W",74,,"NW ",,2,,8,,7,
"251160320","RADZYÑ                        ","2025","03","01","18",3.6,,2.6,,"W","W",85,,"WNW",,1,,2,,8,
"251160320","RADZYÑ                        ","2025","03","02","06",0.3,,-0.2,,"W","W",91,,"WSW",,1,,8,,6,
"251160320","RADZYÑ                        ","2025","03","02","12",2.9,,2.1,,"W","W",87,,"W  ",,2,,8,,7,
"251160320","RADZYÑ                        ","2025","03","02","18",5.6,,3.6,,"W","W",72,,"SW ",,2,,8,,8,
"251160320","RADZYÑ                        ","2025","03","03","06",4.7,,3.4,,"W","W",81,,"SSW",,1,,8,,8,
"251160320","RADZYÑ                        ","2025","03","03","12",9.1,,5.7,,"W","W",59,,"WSW",,3,,4,,8,
"251160320","RADZYÑ                        ","2025","03","03","18",5.6,,3.3,,"W","W",68,,"WSW",,1,,3,,8,
"251160320","RADZYÑ                        ","2025","03","04","06",-0.6,,-1.3,,"W","W",87,,"SSW",,2,,6,,7,
"251160320","RADZYÑ                        ","2025","03","04","12",10.9,,5.0,,"W","W",36,,"W  ",,3,,6,,8,
"251160320","RADZYÑ                        ","2025","03","04","18",5.0,,2.0,,"W","W",58,,"C  ",,0,,2,,8,
"251160320","RADZYÑ                        ","2025","03","05","06",0.6,,-0.6,,"W","W",79,,"S  ",,1,,4,,7,
"251160320","RADZYÑ                        ","2025","03","05","12",15.8,,8.1,,"W","W",31,,"WSW",,3,,5,,8,
"251160320","RADZYÑ                        ","2025","03","05","18",8.4,,3.7,,"W","W",43,,"SSW",,1,,3,,8,
"251160320","RADZYÑ                        ","2025","03","06","06",-1.0,,-1.8,,"W","W",85,,"S  ",,1,,0,,7,
"251160320","RADZYÑ                        ","2025","03","06","12",17.3,,10.3,,"W","W",39,,"SSW",,2,,0,,8,
"251160320","RADZYÑ                        ","2025","03","06","18",8.5,,4.9,,"W","W",56,,"S  ",,1,,0,,7,
"251160320","RADZYÑ                        ","2025","03","07","06",-0.4,,-0.6,,"W","W",96,,"C  ",,0,,2,,6,
"251160320","RADZYÑ                        ","2025","03","07","12",15.9,,9.5,,"W","W",41,,"NE ",,2,,1,,8,
"251160320","RADZYÑ                        ","2025","03","07","18",8.7,,6.0,,"W","W",67,,"C  ",,0,,0,,7,
"251160320","RADZYÑ                        ","2025","03","08","06",-1.4,,-1.5,,"W","W",98,,"C  ",,0,,0,,5,
"251160320","RADZYÑ                        ","2025","03","08","12",14.1,,9.3,,"W","W",52,,"NE ",,5,,0,,7,
"251160320","RADZYÑ                        ","2025","03","08","18",10.5,,7.5,,"W","W",66,,"NE ",,2,,0,,7,
"251160320","RADZYÑ                        ","2025","03","09","06",2.4,,1.9,,"W","W",92,,"E  ",,1,,7,,6,
"251160320","RADZYÑ                        ","2025","03","09","12",19.3,,11.4,,"W","W",36,,"SE ",,3,,2,,7,
"251160320","RADZYÑ                        ","2025","03","09","18",13.2,,8.3,,"W","W",50,,"E  ",,2,,0,,7,
"251160320","RADZYÑ                        ","2025","03","10","06",0.9,,0.6,,"W","W",95,,"W  ",,1,,3,,7,
"251160320","RADZYÑ                        ","2025","03","10","12",16.7,,10.0,,"W","W",40,,"N  ",,2,,3,,7,
"251160320","RADZYÑ                        ","2025","03","10","18",10.3,,7.4,,"W","W",66,,"C  ",,0,,3,,7,
"251160320","RADZYÑ                        ","2025","03","11","06",3.1,,2.4,,"W","W",89,,"C  ",,0,,7,,7,
"251160320","RADZYÑ                        ","2025","03","11","12",11.2,,8.1,,"W","W",65,,"SSW",,2,,8,,7,
"251160320","RADZYÑ                        ","2025","03","11","18",8.7,,7.4,,"W","W",84,,"C  ",,0,,7,,7,
"251160320","RADZYÑ                        ","2025","03","12","06",2.6,,2.5,,"W","W",98,,"S  ",,1,,6,,3,
"251160320","RADZYÑ                        ","2025","03","12","12",9.4,,7.2,,"W","W",73,,"ENE",,1,,7,,6,
"251160320","RADZYÑ                        ","2025","03","12","18",6.9,,5.8,,"W","W",85,,"NW ",,1,,8,,6,
"251160320","RADZYÑ                        ","2025","03","13","06",3.9,,3.7,,"W","W",97,,"NW ",,2,,8,,5,
"251160320","RADZYÑ                        ","2025","03","13","12",3.2,,3.0,,"W","W",97,,"NW ",,2,,8,,6,
"251160320","RADZYÑ                        ","2025","03","13","18",3.1,,3.0,,"W","W",98,,"WSW",,2,,8,,7,
"251160320","RADZYÑ                        ","2025","03","14","06",1.0,,1.0,,"W","W",100,,"S  ",,2,,8,,6,
"251160320","RADZYÑ                        ","2025","03","14","12",7.1,,4.9,,"W","W",71,,"ESE",,2,,8,,8,
"251160320","RADZYÑ                        ","2025","03","14","18",4.2,,3.6,,"W","W",91,,"SE ",,1,,8,,7,
"251160320","RADZYÑ                        ","2025","03","15","06",1.6,,1.2,,"W","W",93,,"ENE",,2,,2,,7,
"251160320","RADZYÑ                        ","2025","03","15","12",6.8,,4.3,,"W","W",67,,"ENE",,4,,4,,8,
"251160320","RADZYÑ                        ","2025","03","15","18",4.9,,3.1,,"W","W",74,,"ENE",,1,,0,,7,
"251160320","RADZYÑ                        ","2025","03","16","06",-3.4,,-3.5,,"L","W",95,,"C  ",,0,,0,,6,
"251160320","RADZYÑ                        ","2025","03","16","12",8.2,,4.5,,"W","W",54,,"N  ",,2,,4,,8,
"251160320","RADZYÑ                        ","2025","03","16","18",3.5,,1.2,,"W","W",65,,"WSW",,1,,1,,8,
"251160320","RADZYÑ                        ","2025","03","17","06",0.0,,-0.6,,"W","W",89,,"NNW",,4,,0,,8,
"251160320","RADZYÑ                        ","2025","03","17","12",3.7,,0.5,,"W","W",52,,"N  ",,5,,5,,8,
"251160320","RADZYÑ                        ","2025","03","17","18",1.0,,-1.4,,"W","W",59,,"NNW",,2,,2,,8,
"251160320","RADZYÑ                        ","2025","03","18","06",-5.4,,-5.7,,"L","W",88,,"S  ",,1,,2,,8,
"251160320","RADZYÑ                        ","2025","03","18","12",6.7,,1.5,,"W","W",33,,"WSW",,3,,1,,8,
"251160320","RADZYÑ                        ","2025","03","18","18",1.7,,-1.0,,"W","W",56,,"SSW",,1,,0,,8,
"251160320","RADZYÑ                        ","2025","03","19","06",-4.2,,-5.0,,"L","W",79,,"SSE",,1,,0,,7,
"251160320","RADZYÑ                        ","2025","03","19","12",11.4,,5.3,,"W","W",35,,"S  ",,3,,0,,8,
"251160320","RADZYÑ                        ","2025","03","19","18",5.3,,2.8,,"W","W",65,,"SSE",,1,,0,,7,
"251160320","RADZYÑ                        ","2025","03","20","06",-2.4,,-3.0,,"W","W",88,,"C  ",,0,,0,,7,
"251160320","RADZYÑ                        ","2025","03","20","12",15.7,,8.0,,"W","W",31,,"S  ",,3,,0,,8,
"251160320","RADZYÑ                        ","2025","03","20","18",8.6,,4.9,,"W","W",55,,"SSW",,1,,0,,8,
"251160320","RADZYÑ                        ","2025","03","21","06",-0.2,,-0.9,,"W","W",87,,"C  ",,0,,5,,7,
"251160320","RADZYÑ                        ","2025","03","21","12",15.5,,8.8,,"W","W",38,,"ENE",,3,,0,,8,
"251160320","RADZYÑ                        ","2025","03","21","18",11.5,,7.5,,"W","W",56,,"ENE",,2,,0,,8,
"251160320","RADZYÑ                        ","2025","03","22","06",3.9,,2.4,,"W","W",77,,"NE ",,3,,0,,7,
"251160320","RADZYÑ                        ","2025","03","22","12",12.3,,7.7,,"W","W",51,,"ENE",,7,,0,,7,
"251160320","RADZYÑ                        ","2025","03","22","18",10.0,,6.1,,"W","W",55,,"ENE",,4,,0,,7,
"251160320","RADZYÑ                        ","2025","03","23","06",6.1,,3.0,,"W","W",58,,"ENE",,5,,4,,7,
"251160320","RADZYÑ                        ","2025","03","23","12",11.6,,7.8,,"W","W",58,,"E  ",,5,,8,,7,
"251160320","RADZYÑ                        ","2025","03","23","18",9.2,,8.3,,"W","W",89,,"ENE",,2,,8,,7,
"251160320","RADZYÑ                        ","2025","03","24","06",7.2,,7.0,,"W","W",97,,"N  ",,2,,8,,5,
"251160320","RADZYÑ                        ","2025","03","24","12",9.0,,8.0,,"W","W",87,,"NNW",,1,,8,,6,
"251160320","RADZYÑ                        ","2025","03","24","18",7.2,,6.4,,"W","W",89,,"SSW",,1,,2,,6,
"251160320","RADZYÑ                        ","2025","03","25","06",2.0,,2.0,,"W","W",100,,"S  ",,1,,0,,5,
"251160320","RADZYÑ                        ","2025","03","25","12",16.0,,11.1,,"W","W",54,,"SSW",,2,,3,,7,
"251160320","RADZYÑ                        ","2025","03","25","18",11.3,,10.5,,"W","W",91,,"W  ",,1,,8,,7,
"251160320","RADZYÑ                        ","2025","03","26","06",5.7,,5.1,,"W","W",91,,"SSW",,1,,8,,6,
"251160320","RADZYÑ                        ","2025","03","26","12",7.6,,7.4,,"W","W",97,,"W  ",,2,,8,,5,
"251160320","RADZYÑ                        ","2025","03","26","18",7.7,,7.4,,"W","W",96,,"W  ",,1,,8,,7,
"251160320","RADZYÑ                        ","2025","03","27","06",3.2,,3.1,,"W","W",98,,"WSW",,1,,5,,7,
"251160320","RADZYÑ                        ","2025","03","27","12",10.7,,7.5,,"W","W",64,,"NNE",,1,,6,,8,
"251160320","RADZYÑ                        ","2025","03","27","18",7.5,,6.3,,"W","W",84,,"C  ",,0,,1,,8,
"251160320","RADZYÑ                        ","2025","03","28","06",0.6,,0.5,,"W","W",98,,"C  ",,0,,0,,6,
"251160320","RADZYÑ                        ","2025","03","28","12",13.3,,8.3,,"W","W",49,,"SE ",,3,,0,,8,
"251160320","RADZYÑ                        ","2025","03","28","18",11.9,,8.2,,"W","W",60,,"E  ",,3,,0,,7,
"251160320","RADZYÑ                        ","2025","03","29","06",5.9,,5.3,,"W","W",92,,"N  ",,1,,8,,6,
"251160320","RADZYÑ                        ","2025","03","29","12",13.8,,10.0,,"W","W",61,,"N  ",,3,,7,,7,
"251160320","RADZYÑ                        ","2025","03","29","18",14.0,,10.5,,"W","W",64,,"WNW",,2,,8,,7,
"251160320","RADZYÑ                        ","2025","03","30","06",6.8,,5.0,,"W","W",76,,"W  ",,2,,4,,8,
"251160320","RADZYÑ                        ","2025","03","30","12",12.4,,7.0,,"W","W",44,,"WSW",,2,,8,,8,
"251160320","RADZYÑ                        ","2025","03","30","18",8.6,,6.8,,"W","W",77,,"SSW",,1,,7,,7,
"251160320","RADZYÑ                        ","2025","03","31","06",6.5,,6.2,,"W","W",96,,"WNW",,2,,7,,7,
"251160320","RADZYÑ                        ","2025","03","31","12",10.9,,7.5,,"W","W",62,,"N  ",,4,,7,,8,
"251160320","RADZYÑ                        ","2025","03","31","18",9.1,,7.3,,"W","W",78,,"NW ",,3,,7,,8,
"251190050","PUCZNIEW                      ","2025","03","01","06",1.3,,,"8",,,,"8",,"8",,"8",7,,6,
"251190050","PUCZNIEW                      ","2025","03","01","18",2.9,,,"8",,,,"8",,"8",,"8",7,,6,
"251190050","PUCZNIEW                      ","2025","03","02","06",0.0,,,"8",,,,"8",,"8",,"8",8,,7,
"251190050","PUCZNIEW                      ","2025","03","02","18",1.6,,,"8",,,,"8",,"8",,"8",8,,4,
"251190050","PUCZNIEW                      ","2025","03","03","06",3.1,,,"8",,,,"8",,"8",,"8",7,,7,
"251190050","PUCZNIEW                      ","2025","03","03","18",3.5,,,"8",,,,"8",,"8",,"8",3,,7,
"251190050","PUCZNIEW                      ","2025","03","04","06",0.6,,,"8",,,,"8",,"8",,"8",2,,7,
"251190050","PUCZNIEW                      ","2025","03","04","18",5.5,,,"8",,,,"8",,"8",,"8",5,,7,
"251190050","PUCZNIEW                      ","2025","03","05","06",1.7,,,"8",,,,"8",,"8",,"8",4,,7,
"251190050","PUCZNIEW                      ","2025","03","05","18",9.7,,,"8",,,,"8",,"8",,"8",3,,7,
"251190050","PUCZNIEW                      ","2025","03","06","06",1.6,,,"8",,,,"8",,"8",,"8",0,,7,
"251190050","PUCZNIEW                      ","2025","03","06","18",10.2,,,"8",,,,"8",,"8",,"8",0,,7,
"251190050","PUCZNIEW                      ","2025","03","07","06",2.2,,,"8",,,,"8",,"8",,"8",3,,6,
"251190050","PUCZNIEW                      ","2025","03","07","18",12.0,,,"8",,,,"8",,"8",,"8",0,,6,
"251190050","PUCZNIEW                      ","2025","03","08","06",-1.2,,,"8",,,,"8",,"8",,"8",0,,5,
"251190050","PUCZNIEW                      ","2025","03","08","18",13.6,,,"8",,,,"8",,"8",,"8",3,,6,
"251190050","PUCZNIEW                      ","2025","03","09","06",5.9,,,"8",,,,"8",,"8",,"8",3,,6,
"251190050","PUCZNIEW                      ","2025","03","09","18",13.8,,,"8",,,,"8",,"8",,"8",4,,7,
"251190050","PUCZNIEW                      ","2025","03","10","06",5.2,,,"8",,,,"8",,"8",,"8",3,,6,
"251190050","PUCZNIEW                      ","2025","03","10","18",11.7,,,"8",,,,"8",,"8",,"8",3,,7,
"251190050","PUCZNIEW                      ","2025","03","11","06",5.0,,,"8",,,,"8",,"8",,"8",4,,6,
"251190050","PUCZNIEW                      ","2025","03","11","18",9.8,,,"8",,,,"8",,"8",,"8",6,,6,
"251190050","PUCZNIEW                      ","2025","03","12","06",2.8,,,"8",,,,"8",,"8",,"8",7,,2,
"251190050","PUCZNIEW                      ","2025","03","12","18",11.2,,,"8",,,,"8",,"8",,"8",8,,6,
"251190050","PUCZNIEW                      ","2025","03","13","06",6.2,,,"8",,,,"8",,"8",,"8",8,,3,
"251190050","PUCZNIEW                      ","2025","03","13","18",3.6,,,"8",,,,"8",,"8",,"8",8,,6,
"251190050","PUCZNIEW                      ","2025","03","14","06",2.0,,,"8",,,,"8",,"8",,"8",7,,5,
"251190050","PUCZNIEW                      ","2025","03","14","18",3.7,,,"8",,,,"8",,"8",,"8",7,,7,
"251190050","PUCZNIEW                      ","2025","03","15","06",-1.0,,,"8",,,,"8",,"8",,"8",2,,7,
"251190050","PUCZNIEW                      ","2025","03","15","18",2.2,,,"8",,,,"8",,"8",,"8",2,,7,
"251190050","PUCZNIEW                      ","2025","03","16","06",-4.6,,,"8",,,,"8",,"8",,"8",3,,5,
"251190050","PUCZNIEW                      ","2025","03","16","18",4.7,,,"8",,,,"8",,"8",,"8",7,,7,
"251190050","PUCZNIEW                      ","2025","03","17","06",-0.8,,,"8",,,,"8",,"8",,"8",1,,7,
"251190050","PUCZNIEW                      ","2025","03","17","18",0.0,,,"8",,,,"8",,"8",,"8",7,,7,
"251190050","PUCZNIEW                      ","2025","03","18","06",-4.7,,,"8",,,,"8",,"8",,"8",2,,6,
"251190050","PUCZNIEW                      ","2025","03","18","18",1.7,,,"8",,,,"8",,"8",,"8",0,,7,
"251190050","PUCZNIEW                      ","2025","03","19","06",-2.5,,,"8",,,,"8",,"8",,"8",0,,7,
"251190050","PUCZNIEW                      ","2025","03","19","18",5.1,,,"8",,,,"8",,"8",,"8",0,,7,
"251190050","PUCZNIEW                      ","2025","03","20","06",-0.4,,,"8",,,,"8",,"8",,"8",0,,7,
"251190050","PUCZNIEW                      ","2025","03","20","18",8.3,,,"8",,,,"8",,"8",,"8",0,,7,
"251190050","PUCZNIEW                      ","2025","03","21","06",0.9,,,"8",,,,"8",,"8",,"8",2,,6,
"251190050","PUCZNIEW                      ","2025","03","21","18",10.9,,,"8",,,,"8",,"8",,"8",0,,7,
"251190050","PUCZNIEW                      ","2025","03","22","06",2.8,,,"8",,,,"8",,"8",,"8",4,,7,
"251190050","PUCZNIEW                      ","2025","03","22","18",11.5,,,"8",,,,"8",,"8",,"8",3,,7,
"251190050","PUCZNIEW                      ","2025","03","23","06",5.6,,,"8",,,,"8",,"8",,"8",6,,7,
"251190050","PUCZNIEW                      ","2025","03","23","18",6.8,,,"8",,,,"8",,"8",,"8",8,,6,
"251190050","PUCZNIEW                      ","2025","03","24","06",5.6,,,"8",,,,"8",,"8",,"8",8,,4,
"251190050","PUCZNIEW                      ","2025","03","24","18",6.8,,,"8",,,,"8",,"8",,"8",7,,6,
"251190050","PUCZNIEW                      ","2025","03","25","06",-0.8,,,"8",,,,"8",,"8",,"8",8,,1,
"251190050","PUCZNIEW                      ","2025","03","25","18",8.2,,,"8",,,,"8",,"8",,"8",2,,7,
"251190050","PUCZNIEW                      ","2025","03","26","06",3.2,,,"8",,,,"8",,"8",,"8",7,,6,
"251190050","PUCZNIEW                      ","2025","03","26","18",8.8,,,"8",,,,"8",,"8",,"8",8,,5,
"251190050","PUCZNIEW                      ","2025","03","27","06",6.0,,,"8",,,,"8",,"8",,"8",8,,6,
"251190050","PUCZNIEW                      ","2025","03","27","18",5.0,,,"8",,,,"8",,"8",,"8",2,,7,
"251190050","PUCZNIEW                      ","2025","03","28","06",0.7,,,"8",,,,"8",,"8",,"8",3,,5,
"251190050","PUCZNIEW                      ","2025","03","28","18",10.5,,,"8",,,,"8",,"8",,"8",1,,7,
"251190050","PUCZNIEW                      ","2025","03","29","06",9.0,,,"8",,,,"8",,"8",,"8",2,,7,
"251190050","PUCZNIEW                      ","2025","03","29","18",12.0,,,"8",,,,"8",,"8",,"8",3,,7,
"251190050","PUCZNIEW                      ","2025","03","30","06",2.6,,,"8",,,,"8",,"8",,"8",6,,5,
"251190050","PUCZNIEW                      ","2025","03","30","18",10.3,,,"8",,,,"8",,"8",,"8",7,,7,
"251190050","PUCZNIEW                      ","2025","03","31","06",5.0,,,"8",,,,"8",,"8",,"8",8,,6,
"251190050","PUCZNIEW                      ","2025","03","31","18",10.2,,,"8",,,,"8",,"8",,"8",8,,7,
"251200030","SKIERNIEWICE                  ","2025","03","01","06",2.3,,1.9,,"W","W",93,,"SW ",,2,,8,,5,
"251200030","SKIERNIEWICE                  ","2025","03","01","12",1.8,,1.6,,"W","W",97,,"NNW",,2,,8,,6,
"251200030","SKIERNIEWICE                  ","2025","03","01","18",2.4,,2.1,,"W","W",95,,"NNW",,2,,8,,6,
"251200030","SKIERNIEWICE                  ","2025","03","02","06",-0.1,,-0.8,,"W","W",87,,"NNW",,1,,8,,6,
"251200030","SKIERNIEWICE                  ","2025","03","02","12",2.1,,1.4,,"W","W",88,,"NW ",,1,,8,,6,
"251200030","SKIERNIEWICE                  ","2025","03","02","18",2.0,,1.6,,"W","W",93,,"WNW",,2,,8,,6,
"251200030","SKIERNIEWICE                  ","2025","03","03","06",3.8,,2.4,,"W","W",79,,"WNW",,7,,8,,7,
"251200030","SKIERNIEWICE                  ","2025","03","03","12",7.0,,4.4,,"W","W",66,,"WSW",,9,,7,,7,
"251200030","SKIERNIEWICE                  ","2025","03","03","18",5.4,,3.6,,"W","W",75,,"W  ",,7,,8,,7,
"251200030","SKIERNIEWICE                  ","2025","03","04","06",2.8,,1.4,,"W","W",78,,"WSW",,2,,8,,6,
"251200030","SKIERNIEWICE                  ","2025","03","04","12",10.3,,6.8,,"W","W",60,,"WSW",,9,,2,,7,
"251200030","SKIERNIEWICE                  ","2025","03","04","18",7.2,,3.6,,"W","W",54,,"W  ",,2,,2,,7,
"251200030","SKIERNIEWICE                  ","2025","03","05","06",3.0,,0.5,,"W","W",61,,"SW ",,2,,7,,7,
"251200030","SKIERNIEWICE                  ","2025","03","05","12",14.9,,6.8,,"W","W",26,,"WSW",,4,,4,,7,
"251200030","SKIERNIEWICE                  ","2025","03","05","18",9.5,,4.3,,"W","W",40,,"SSW",,2,,2,,7,
"251200030","SKIERNIEWICE                  ","2025","03","06","06",3.9,,0.9,,"W","W",56,,"SSW",,2,,1,,7,
"251200030","SKIERNIEWICE                  ","2025","03","06","12",16.4,,9.8,,"W","W",41,,"WSW",,4,,1,,7,
"251200030","SKIERNIEWICE                  ","2025","03","06","18",7.2,,5.0,,"W","W",71,,"SSW",,1,,1,,7,
"251200030","SKIERNIEWICE                  ","2025","03","07","06",2.5,,1.3,,"W","W",81,,"SSE",,1,,2,,5,
"251200030","SKIERNIEWICE                  ","2025","03","07","12",15.4,,8.8,,"W","W",39,,"SSW",,2,,3,,6,
"251200030","SKIERNIEWICE                  ","2025","03","07","18",4.6,,2.8,,"W","W",74,,"ESE",,1,,1,,6,
"251200030","SKIERNIEWICE                  ","2025","03","08","06",-0.3,,-0.8,,"W","W",91,,"C  ",,0,,1,,5,
"251200030","SKIERNIEWICE                  ","2025","03","08","12",18.4,,9.4,,"W","W",27,,"S  ",,1,,0,,7,
"251200030","SKIERNIEWICE                  ","2025","03","08","18",6.7,,3.7,,"W","W",60,,"ENE",,1,,1,,7,
"251200030","SKIERNIEWICE                  ","2025","03","09","06",0.1,,-0.6,,"W","W",87,,"E  ",,1,,3,,5,
"251200030","SKIERNIEWICE                  ","2025","03","09","12",16.6,,9.2,,"W","W",35,,"ESE",,2,,8,,6,
"251200030","SKIERNIEWICE                  ","2025","03","09","18",11.1,,7.9,,"W","W",64,,"ESE",,4,,8,,6,
"251200030","SKIERNIEWICE                  ","2025","03","10","06",5.7,,3.7,,"W","W",72,,"S  ",,1,,3,,6,
"251200030","SKIERNIEWICE                  ","2025","03","10","12",19.4,,11.0,,"W","W",33,,"S  ",,7,,2,,7,
"251200030","SKIERNIEWICE                  ","2025","03","10","18",10.9,,7.5,,"W","W",62,,"SSW",,1,,6,,7,
"251200030","SKIERNIEWICE                  ","2025","03","11","06",8.3,,6.0,,"W","W",71,,"WSW",,2,,2,,5,
"251200030","SKIERNIEWICE                  ","2025","03","11","12",15.2,,8.6,,"W","W",39,,"WSW",,7,,6,,6,
"251200030","SKIERNIEWICE                  ","2025","03","11","18",9.7,,6.4,,"W","W",61,,"NNW",,1,,8,,6,
"251200030","SKIERNIEWICE                  ","2025","03","12","06",1.3,,1.2,,"W","W",98,,"SSE",,1,,8,,2,
"251200030","SKIERNIEWICE                  ","2025","03","12","12",16.0,,10.6,,"W","W",50,,"SSW",,7,,5,,7,
"251200030","SKIERNIEWICE                  ","2025","03","12","18",10.1,,9.3,,"W","W",90,,"NNW",,1,,8,,6,
"251200030","SKIERNIEWICE                  ","2025","03","13","06",8.1,,7.7,,"W","W",95,,"SSE",,1,,8,,6,
"251200030","SKIERNIEWICE                  ","2025","03","13","12",9.7,,9.6,,"W","W",99,,"NNE",,2,,8,,5,
"251200030","SKIERNIEWICE                  ","2025","03","13","18",4.3,,4.0,,"W","W",95,,"WSW",,4,,8,,5,
"251200030","SKIERNIEWICE                  ","2025","03","14","06",1.5,,1.2,,"W","W",95,,"WNW",,1,,8,,5,
"251200030","SKIERNIEWICE                  ","2025","03","14","12",5.0,,3.1,,"W","W",73,,"SE ",,2,,7,,7,
"251200030","SKIERNIEWICE                  ","2025","03","14","18",2.9,,2.5,,"W","W",94,,"NE ",,1,,8,,6,
"251200030","SKIERNIEWICE                  ","2025","03","15","06",-0.4,,-0.8,,"L","W",92,,"NE ",,2,,4,,6,
"251200030","SKIERNIEWICE                  ","2025","03","15","12",5.8,,2.0,,"W","W",49,,"NNE",,4,,6,,7,
"251200030","SKIERNIEWICE                  ","2025","03","15","18",-0.5,,-0.8,,"W","W",94,,"E  ",,1,,2,,7,
"251200030","SKIERNIEWICE                  ","2025","03","16","06",-2.5,,-2.8,,"L","W",92,,"C  ",,0,,0,,5,
"251200030","SKIERNIEWICE                  ","2025","03","16","12",7.7,,3.2,,"W","W",44,,"W  ",,2,,1,,7,
"251200030","SKIERNIEWICE                  ","2025","03","16","18",4.4,,2.0,,"W","W",65,,"W  ",,2,,1,,7,
"251200030","SKIERNIEWICE                  ","2025","03","17","06",-0.5,,-1.8,,"L","W",76,,"N  ",,4,,1,,7,
"251200030","SKIERNIEWICE                  ","2025","03","17","12",2.4,,0.0,,"W","W",62,,"NNE",,7,,6,,7,
"251200030","SKIERNIEWICE                  ","2025","03","17","18",-0.3,,-0.6,,"W","W",94,,"NW ",,1,,1,,7,
"251200030","SKIERNIEWICE                  ","2025","03","18","06",-1.7,,-2.3,,"L","W",87,,"WNW",,2,,1,,7,
"251200030","SKIERNIEWICE                  ","2025","03","18","12",6.5,,1.4,,"W","W",34,,"WNW",,7,,3,,7,
"251200030","SKIERNIEWICE                  ","2025","03","18","18",3.2,,-0.4,,"W","W",46,,"WSW",,2,,1,,7,
"251200030","SKIERNIEWICE                  ","2025","03","19","06",0.5,,-2.0,,"W","W",57,,"SW ",,2,,0,,7,
"251200030","SKIERNIEWICE                  ","2025","03","19","12",9.5,,3.4,,"W","W",31,,"SW ",,2,,0,,7,
"251200030","SKIERNIEWICE                  ","2025","03","19","18",1.8,,-0.4,,"W","W",64,,"SSW",,1,,0,,7,
"251200030","SKIERNIEWICE                  ","2025","03","20","06",1.7,,-0.6,,"W","W",62,,"SSW",,2,,0,,7,
"251200030","SKIERNIEWICE                  ","2025","03","20","12",11.7,,6.0,,"W","W",40,,"SSW",,4,,0,,7,
"251200030","SKIERNIEWICE                  ","2025","03","20","18",5.5,,2.6,,"W","W",60,,"SSW",,1,,0,,7,
"251200030","SKIERNIEWICE                  ","2025","03","21","06",1.7,,0.3,,"W","W",77,,"S  ",,1,,2,,6,
"251200030","SKIERNIEWICE                  ","2025","03","21","12",14.5,,7.8,,"W","W",36,,"ESE",,2,,2,,7,
"251200030","SKIERNIEWICE                  ","2025","03","21","18",7.9,,4.4,,"W","W",56,,"ENE",,1,,1,,7,
"251200030","SKIERNIEWICE                  ","2025","03","22","06",2.6,,0.9,,"W","W",73,,"NE ",,2,,3,,7,
"251200030","SKIERNIEWICE                  ","2025","03","22","12",13.3,,7.2,,"W","W",39,,"E  ",,7,,1,,7,
"251200030","SKIERNIEWICE                  ","2025","03","22","18",9.5,,5.0,,"W","W",48,,"ENE",,7,,1,,7,
"251200030","SKIERNIEWICE                  ","2025","03","23","06",5.9,,3.1,,"W","W",62,,"E  ",,4,,5,,7,
"251200030","SKIERNIEWICE                  ","2025","03","23","12",11.8,,7.1,,"W","W",50,,"ESE",,9,,8,,7,
"251200030","SKIERNIEWICE                  ","2025","03","23","18",6.1,,5.8,,"W","W",96,,"ESE",,4,,8,,6,
"251200030","SKIERNIEWICE                  ","2025","03","24","06",5.4,,5.3,,"W","W",99,,"NNE",,1,,8,,4,
"251200030","SKIERNIEWICE                  ","2025","03","24","12",7.9,,6.4,,"W","W",81,,"N  ",,2,,8,,6,
"251200030","SKIERNIEWICE                  ","2025","03","24","18",5.5,,4.7,,"W","W",89,,"NNW",,1,,2,,6,
"251200030","SKIERNIEWICE                  ","2025","03","25","06",1.0,,0.8,,"W","W",97,,"C  ",,0,,0,,4,
"251200030","SKIERNIEWICE                  ","2025","03","25","12",11.9,,7.6,,"W","W",54,,"WSW",,4,,6,,6,
"251200030","SKIERNIEWICE                  ","2025","03","25","18",7.1,,5.1,,"W","W",74,,"SSW",,1,,1,,6,
"251200030","SKIERNIEWICE                  ","2025","03","26","06",5.3,,4.0,,"W","W",81,,"SSW",,1,,8,,6,
"251200030","SKIERNIEWICE                  ","2025","03","26","12",13.5,,8.8,,"W","W",52,,"W  ",,2,,7,,6,
"251200030","SKIERNIEWICE                  ","2025","03","26","18",8.3,,7.2,,"W","W",86,,"NNW",,2,,6,,6,
"251200030","SKIERNIEWICE                  ","2025","03","27","06",5.9,,5.4,,"W","W",93,,"NNW",,1,,8,,6,
"251200030","SKIERNIEWICE                  ","2025","03","27","12",7.3,,5.3,,"W","W",74,,"N  ",,2,,8,,7,
"251200030","SKIERNIEWICE                  ","2025","03","27","18",3.2,,2.8,,"W","W",94,,"S  ",,1,,1,,7,
"251200030","SKIERNIEWICE                  ","2025","03","28","06",1.6,,0.1,,"W","W",75,,"SSE",,1,,0,,5,
"251200030","SKIERNIEWICE                  ","2025","03","28","12",12.1,,7.8,,"W","W",54,,"ESE",,2,,0,,7,
"251200030","SKIERNIEWICE                  ","2025","03","28","18",9.0,,6.5,,"W","W",69,,"E  ",,1,,1,,7,
"251200030","SKIERNIEWICE                  ","2025","03","29","06",8.6,,6.5,,"W","W",74,,"ESE",,4,,1,,6,
"251200030","SKIERNIEWICE                  ","2025","03","29","12",16.6,,10.0,,"W","W",41,,"E  ",,7,,6,,7,
"251200030","SKIERNIEWICE                  ","2025","03","29","18",10.3,,7.0,,"W","W",62,,"ESE",,2,,4,,7,
"251200030","SKIERNIEWICE                  ","2025","03","30","06",6.3,,4.8,,"W","W",79,,"SSW",,2,,4,,6,
"251200030","SKIERNIEWICE                  ","2025","03","30","12",14.8,,9.6,,"W","W",50,,"W  ",,7,,8,,6,
"251200030","SKIERNIEWICE                  ","2025","03","30","18",9.0,,6.8,,"W","W",73,,"NW ",,1,,8,,6,
"251200030","SKIERNIEWICE                  ","2025","03","31","06",4.6,,3.8,,"W","W",88,,"W  ",,1,,8,,6,
"251200030","SKIERNIEWICE                  ","2025","03","31","12",11.9,,7.3,,"W","W",51,,"N  ",,2,,7,,7,
"251200030","SKIERNIEWICE                  ","2025","03","31","18",9.4,,6.4,,"W","W",64,,"NNW",,2,,7,,7,
"251210040","JARCZEW                       ","2025","03","01","06",1.2,,1.1,,"W","W",98,,"SW ",,1,,7,,7,
"251210040","JARCZEW                       ","2025","03","01","12",2.6,,2.1,,"W","W",92,,"W  ",,4,,8,,7,
"251210040","JARCZEW                       ","2025","03","01","18",0.7,,0.7,,"W","W",100,,"NW ",,4,,8,,7,
"251210040","JARCZEW                       ","2025","03","02","06",0.7,,0.1,,"W","W",89,,"NW ",,3,,8,,7,
"251210040","JARCZEW                       ","2025","03","02","12",1.0,,0.1,,"W","W",84,,"W  ",,5,,8,,7,
"251210040","JARCZEW                       ","2025","03","02","18",1.5,,1.1,,"W","W",93,,"WNW",,4,,8,,7,
"251210040","JARCZEW                       ","2025","03","03","06",2.4,,2.1,,"W","W",95,,"WNW",,5,,8,,7,
"251210040","JARCZEW                       ","2025","03","03","12",6.6,,4.6,,"W","W",73,,"W  ",,8,,6,,7,
"251210040","JARCZEW                       ","2025","03","03","18",5.6,,3.9,,"W","W",76,,"W  ",,5,,7,,7,
"251210040","JARCZEW                       ","2025","03","04","06",3.0,,2.1,,"W","W",86,,"W  ",,5,,8,,7,
"251210040","JARCZEW                       ","2025","03","04","12",10.9,,7.8,,"W","W",65,,"W  ",,7,,2,,7,
"251210040","JARCZEW                       ","2025","03","04","18",7.1,,5.1,,"W","W",74,,"W  ",,5,,4,,7,
"251210040","JARCZEW                       ","2025","03","05","06",2.6,,1.3,,"W","W",79,,"W  ",,3,,2,,7,
"251210040","JARCZEW                       ","2025","03","05","12",13.6,,6.7,,"W","W",33,,"W  ",,7,,2,,7,
"251210040","JARCZEW                       ","2025","03","05","18",9.7,,5.3,,"W","W",49,,"W  ",,3,,4,,7,
"251210040","JARCZEW                       ","2025","03","06","06",4.9,,2.8,,"W","W",70,,"WSW",,3,,2,,7,
"251210040","JARCZEW                       ","2025","03","06","12",16.8,,10.2,,"W","W",41,,"W  ",,4,,1,,7,
"251210040","JARCZEW                       ","2025","03","06","18",8.0,,6.8,,"W","W",84,,"SSW",,1,,1,,7,
"251210040","JARCZEW                       ","2025","03","07","06",2.7,,1.8,,"W","W",86,,"C  ",,0,,1,,4,
"251210040","JARCZEW                       ","2025","03","07","12",15.1,,10.7,,"W","W",57,,"SW ",,2,,6,,7,
"251210040","JARCZEW                       ","2025","03","07","18",8.6,,7.5,,"W","W",86,,"SE ",,1,,3,,7,
"251210040","JARCZEW                       ","2025","03","08","06",-0.2,,-0.4,,"W","W",96,,"C  ",,0,,1,,7,
"251210040","JARCZEW                       ","2025","03","08","12",18.3,,10.6,,"W","W",36,,"E  ",,2,,1,,7,
"251210040","JARCZEW                       ","2025","03","08","18",10.2,,9.0,,"W","W",86,,"C  ",,0,,1,,7,
"251210040","JARCZEW                       ","2025","03","09","06",1.0,,0.7,,"W","W",95,,"C  ",,0,,2,,7,
"251210040","JARCZEW                       ","2025","03","09","12",16.8,,10.7,,"W","W",45,,"ESE",,3,,2,,7,
"251210040","JARCZEW                       ","2025","03","09","18",11.1,,8.1,,"W","W",66,,"ESE",,2,,3,,7,
"251210040","JARCZEW                       ","2025","03","10","06",8.2,,5.8,,"W","W",70,,"SSE",,3,,6,,7,
"251210040","JARCZEW                       ","2025","03","10","12",18.6,,11.7,,"W","W",42,,"S  ",,3,,2,,7,
"251210040","JARCZEW                       ","2025","03","10","18",13.0,,9.7,,"W","W",65,,"SSE",,2,,2,,7,
"251210040","JARCZEW                       ","2025","03","11","06",9.2,,8.8,,"W","W",95,,"SSW",,3,,7,,7,
"251210040","JARCZEW                       ","2025","03","11","12",15.1,,9.8,,"W","W",49,,"WSW",,4,,2,,7,
"251210040","JARCZEW                       ","2025","03","11","18",11.3,,9.4,,"W","W",78,,"SSW",,1,,3,,7,
"251210040","JARCZEW                       ","2025","03","12","06",6.1,,6.0,,"W","W",99,,"SSW",,1,,6,,2,
"251210040","JARCZEW                       ","2025","03","12","12",13.8,,10.7,,"W","W",68,,"SW ",,2,,6,,7,
"251210040","JARCZEW                       ","2025","03","12","18",11.3,,9.4,,"W","W",78,,"SE ",,2,,3,,7,
"251210040","JARCZEW                       ","2025","03","13","06",8.9,,8.2,,"W","W",91,,"SSE",,2,,8,,7,
"251210040","JARCZEW                       ","2025","03","13","12",11.2,,10.7,,"W","W",94,,"SE ",,3,,8,,7,
"251210040","JARCZEW                       ","2025","03","13","18",10.1,,9.8,,"W","W",96,,"SSW",,3,,8,,7,
"251210040","JARCZEW                       ","2025","03","14","06",2.3,,2.0,,"W","W",95,,"WNW",,4,,8,,7,
"251210040","JARCZEW                       ","2025","03","14","12",5.1,,3.0,,"W","W",70,,"ENE",,2,,8,,7,
"251210040","JARCZEW                       ","2025","03","14","18",2.2,,2.1,,"W","W",98,,"ENE",,1,,8,,7,
"251210040","JARCZEW                       ","2025","03","15","06",0.1,,0.0,,"W","W",98,,"NE ",,1,,8,,7,
"251210040","JARCZEW                       ","2025","03","15","12",3.9,,2.1,,"W","W",73,,"ENE",,2,,7,,7,
"251210040","JARCZEW                       ","2025","03","15","18",-0.1,,-0.2,,"W","W",98,,"C  ",,0,,7,,7,
"251210040","JARCZEW                       ","2025","03","16","06",-3.4,,-3.4,,"L","W",97,,"C  ",,0,,1,,7,
"251210040","JARCZEW                       ","2025","03","16","12",6.3,,2.7,,"W","W",52,,"WNW",,3,,1,,7,
"251210040","JARCZEW                       ","2025","03","16","18",1.8,,1.4,,"W","W",93,,"W  ",,2,,4,,7,
"251210040","JARCZEW                       ","2025","03","17","06",-1.7,,-2.6,,"L","W",81,,"N  ",,3,,1,,7,
"251210040","JARCZEW                       ","2025","03","17","12",2.1,,-1.0,,"W","W",50,,"N  ",,4,,5,,7,
"251210040","JARCZEW                       ","2025","03","17","18",-1.4,,-2.1,,"L","W",85,,"N  ",,1,,2,,7,
"251210040","JARCZEW                       ","2025","03","18","06",-2.7,,-2.9,,"L","W",93,,"W  ",,3,,1,,7,
"251210040","JARCZEW                       ","2025","03","18","12",5.2,,1.9,,"W","W",54,,"WNW",,7,,8,,7,
"251210040","JARCZEW                       ","2025","03","18","18",4.0,,2.0,,"W","W",70,,"W  ",,3,,8,,7,
"251210040","JARCZEW                       ","2025","03","19","06",-0.9,,-2.0,,"L","W",79,,"W  ",,2,,1,,5,
"251210040","JARCZEW                       ","2025","03","19","12",8.8,,3.9,,"W","W",42,,"W  ",,5,,1,,7,
"251210040","JARCZEW                       ","2025","03","19","18",3.7,,2.4,,"W","W",80,,"WSW",,2,,4,,7,
"251210040","JARCZEW                       ","2025","03","20","06",0.8,,-0.8,,"W","W",72,,"SSW",,2,,1,,7,
"251210040","JARCZEW                       ","2025","03","20","12",12.5,,6.8,,"W","W",41,,"SW ",,3,,1,,7,
"251210040","JARCZEW                       ","2025","03","20","18",5.0,,3.0,,"W","W",71,,"SSW",,1,,1,,7,
"251210040","JARCZEW                       ","2025","03","21","06",1.8,,0.1,,"W","W",72,,"SSW",,2,,1,,5,
"251210040","JARCZEW                       ","2025","03","21","12",13.9,,10.6,,"W","W",66,,"NNE",,1,,1,,7,
"251210040","JARCZEW                       ","2025","03","21","18",8.2,,7.4,,"W","W",90,,"SE ",,1,,3,,7,
"251210040","JARCZEW                       ","2025","03","22","06",3.7,,2.5,,"W","W",82,,"NE ",,1,,8,,7,
"251210040","JARCZEW                       ","2025","03","22","12",13.7,,7.4,,"W","W",38,,"ESE",,7,,5,,7,
"251210040","JARCZEW                       ","2025","03","22","18",8.7,,6.7,,"W","W",75,,"E  ",,3,,7,,7,
"251210040","JARCZEW                       ","2025","03","23","06",4.5,,2.7,,"W","W",74,,"E  ",,6,,7,,7,
"251210040","JARCZEW                       ","2025","03","23","12",11.3,,6.8,,"W","W",51,,"ESE",,7,,8,,7,
"251210040","JARCZEW                       ","2025","03","23","18",5.1,,4.8,,"W","W",96,,"ESE",,5,,8,,6,
"251210040","JARCZEW                       ","2025","03","24","06",7.5,,7.4,,"W","W",99,,"SW ",,1,,8,,6,
"251210040","JARCZEW                       ","2025","03","24","12",6.9,,6.7,,"W","W",97,,"NW ",,3,,8,,7,
"251210040","JARCZEW                       ","2025","03","24","18",5.8,,5.6,,"W","W",97,,"NNW",,1,,8,,7,
"251210040","JARCZEW                       ","2025","03","25","06",1.9,,1.9,,"W","W",100,,"C  ",,0,,8,,2,
"251210040","JARCZEW                       ","2025","03","25","12",9.9,,7.2,,"W","W",68,,"NW ",,3,,6,,7,
"251210040","JARCZEW                       ","2025","03","25","18",6.5,,5.4,,"W","W",85,,"SSW",,1,,4,,7,
"251210040","JARCZEW                       ","2025","03","26","06",4.6,,3.3,,"W","W",81,,"SSE",,2,,2,,7,
"251210040","JARCZEW                       ","2025","03","26","12",14.9,,10.9,,"W","W",61,,"SW ",,3,,6,,7,
"251210040","JARCZEW                       ","2025","03","26","18",9.5,,8.9,,"W","W",93,,"C  ",,0,,8,,7,
"251210040","JARCZEW                       ","2025","03","27","06",6.8,,6.7,,"W","W",99,,"NW ",,2,,8,,7,
"251210040","JARCZEW                       ","2025","03","27","12",8.1,,7.0,,"W","W",86,,"NW ",,3,,8,,7,
"251210040","JARCZEW                       ","2025","03","27","18",7.0,,6.6,,"W","W",95,,"WNW",,1,,8,,7,
"251210040","JARCZEW                       ","2025","03","28","06",1.2,,0.8,,"W","W",93,,"ESE",,1,,1,,7,
"251210040","JARCZEW                       ","2025","03","28","12",12.8,,9.4,,"W","W",64,,"NE ",,1,,1,,7,
"251210040","JARCZEW                       ","2025","03","28","18",8.2,,7.9,,"W","W",96,,"C  ",,0,,1,,7,
"251210040","JARCZEW                       ","2025","03","29","06",6.1,,4.5,,"W","W",78,,"ESE",,5,,1,,7,
"251210040","JARCZEW                       ","2025","03","29","12",15.4,,9.2,,"W","W",42,,"ESE",,6,,1,,7,
"251210040","JARCZEW                       ","2025","03","29","18",8.9,,8.5,,"W","W",95,,"C  ",,0,,4,,7,
"251210040","JARCZEW                       ","2025","03","30","06",6.1,,4.5,,"W","W",78,,"SE ",,3,,1,,7,
"251210040","JARCZEW                       ","2025","03","30","12",14.1,,10.5,,"W","W",64,,"SSW",,2,,8,,7,
"251210040","JARCZEW                       ","2025","03","30","18",9.8,,8.8,,"W","W",88,,"SSE",,2,,8,,6,
"251210040","JARCZEW                       ","2025","03","31","06",5.7,,5.6,,"W","W",99,,"C  ",,0,,8,,7,
"251210040","JARCZEW                       ","2025","03","31","12",8.9,,7.4,,"W","W",81,,"N  ",,2,,8,,7,
"251210040","JARCZEW                       ","2025","03","31","18",7.2,,6.7,,"W","W",93,,"NNW",,2,,8,,7,
"252150120","GORZYÑ                        ","2025","03","01","06",2.1,,1.8,,"W","W",95,,"C  ",,0,,7,,7,
"252150120","GORZYÑ                        ","2025","03","01","12",5.3,,4.9,,"W","W",94,,"C  ",,0,,7,,7,
"252150120","GORZYÑ                        ","2025","03","01","18",2.1,,1.6,,"W","W",92,,"W  ",,1,,7,,7,
"252150120","GORZYÑ                        ","2025","03","02","06",0.9,,0.8,,"W","W",98,,"W  ",,1,,8,,7,
"252150120","GORZYÑ                        ","2025","03","02","12",5.0,,4.3,,"W","W",90,,"W  ",,2,,6,,7,
"252150120","GORZYÑ                        ","2025","03","02","18",4.9,,3.8,,"W","W",84,,"W  ",,2,,6,,7,
"252150120","GORZYÑ                        ","2025","03","03","06",5.3,,3.8,,"W","W",79,,"NW ",,2,,7,,7,
"252150120","GORZYÑ                        ","2025","03","03","12",9.6,,9.0,,"W","W",93,,"NW ",,2,,7,,7,
"252150120","GORZYÑ                        ","2025","03","03","18",6.7,,4.6,,"W","W",72,,"C  ",,0,,7,,7,
"252150120","GORZYÑ                        ","2025","03","04","06",1.9,,1.1,,"W","W",87,,"C  ",,0,,7,,7,
"252150120","GORZYÑ                        ","2025","03","04","12",10.9,,10.0,,"W","W",89,,"W  ",,1,,5,,7,
"252150120","GORZYÑ                        ","2025","03","04","18",7.5,,4.4,,"W","W",60,,"C  ",,0,,4,,7,
"252150120","GORZYÑ                        ","2025","03","05","06",2.1,,0.9,,"W","W",80,,"C  ",,0,,7,,7,
"252150120","GORZYÑ                        ","2025","03","05","12",14.9,,13.8,,"W","W",89,,"C  ",,0,,3,,7,
"252150120","GORZYÑ                        ","2025","03","05","18",8.3,,5.2,,"W","W",62,,"C  ",,0,,3,,7,
"252150120","GORZYÑ                        ","2025","03","06","06",3.3,,1.8,,"W","W",77,,"C  ",,0,,7,,7,
"252150120","GORZYÑ                        ","2025","03","06","12",17.5,,16.2,,"W","W",88,,"W  ",,1,,7,,7,
"252150120","GORZYÑ                        ","2025","03","06","18",6.1,,4.6,,"W","W",79,,"C  ",,0,,7,,7,
"252150120","GORZYÑ                        ","2025","03","07","06",1.7,,1.1,,"W","W",90,,"C  ",,0,,2,,7,
"252150120","GORZYÑ                        ","2025","03","07","12",18.0,,16.5,,"W","W",86,,"C  ",,0,,3,,7,
"252150120","GORZYÑ                        ","2025","03","07","18",9.3,,7.1,,"W","W",73,,"C  ",,0,,2,,7,
"252150120","GORZYÑ                        ","2025","03","08","06",2.3,,1.8,,"W","W",92,,"C  ",,0,,2,,7,
"252150120","GORZYÑ                        ","2025","03","08","12",15.9,,14.8,,"W","W",89,,"C  ",,0,,3,,7,
"252150120","GORZYÑ                        ","2025","03","08","18",15.9,,14.8,,"W","W",89,,"W  ",,1,,3,,7,
"252150120","GORZYÑ                        ","2025","03","09","06",6.5,,5.2,,"W","W",82,,"C  ",,0,,4,,7,
"252150120","GORZYÑ                        ","2025","03","09","12",14.9,,13.4,,"W","W",85,,"W  ",,1,,5,,7,
"252150120","GORZYÑ                        ","2025","03","09","18",11.1,,8.5,,"W","W",71,,"C  ",,0,,7,,7,
"252150120","GORZYÑ                        ","2025","03","10","06",1.9,,1.6,,"W","W",95,,"C  ",,0,,2,,7,
"252150120","GORZYÑ                        ","2025","03","10","12",17.8,,16.9,,"W","W",91,,"W  ",,1,,3,,7,
"252150120","GORZYÑ                        ","2025","03","10","18",9.3,,7.9,,"W","W",83,,"C  ",,0,,4,,7,
"252150120","GORZYÑ                        ","2025","03","11","06",2.5,,2.4,,"W","W",98,,"NW ",,2,,8,,3,
"252150120","GORZYÑ                        ","2025","03","11","12",5.9,,5.2,,"W","W",90,,"NW ",,2,,3,,7,
"252150120","GORZYÑ                        ","2025","03","11","18",1.9,,1.8,,"W","W",98,,"C  ",,0,,3,,7,
"252150120","GORZYÑ                        ","2025","03","12","06",1.7,,1.6,,"W","W",98,,"C  ",,0,,7,,5,
"252150120","GORZYÑ                        ","2025","03","12","12",7.9,,6.7,,"W","W",84,,"W  ",,1,,7,,7,
"252150120","GORZYÑ                        ","2025","03","12","18",5.7,,5.4,,"W","W",96,,"C  ",,0,,7,,7,
"252150120","GORZYÑ                        ","2025","03","13","06",2.9,,2.6,,"W","W",95,,"C  ",,0,,7,,7,
"252150120","GORZYÑ                        ","2025","03","13","12",7.9,,6.7,,"W","W",84,,"W  ",,1,,7,,7,
"252150120","GORZYÑ                        ","2025","03","13","18",2.7,,1.8,,"W","W",86,,"W  ",,1,,6,,7,
"252150120","GORZYÑ                        ","2025","03","14","06",0.5,,0.3,,"W","W",96,,"C  ",,0,,7,,7,
"252150120","GORZYÑ                        ","2025","03","14","12",6.9,,6.3,,"W","W",92,,"W  ",,1,,5,,7,
"252150120","GORZYÑ                        ","2025","03","14","18",4.3,,3.8,,"W","W",92,,"C  ",,0,,6,,7,
"252150120","GORZYÑ                        ","2025","03","15","06",3.1,,2.8,,"W","W",95,,"C  ",,0,,6,,7,
"252150120","GORZYÑ                        ","2025","03","15","12",7.9,,6.7,,"W","W",84,,"W  ",,2,,5,,7,
"252150120","GORZYÑ                        ","2025","03","15","18",2.7,,1.8,,"W","W",86,,"C  ",,0,,5,,7,
"252150120","GORZYÑ                        ","2025","03","16","06",-2.3,,-2.4,,"W","W",98,,"C  ",,0,,2,,7,
"252150120","GORZYÑ                        ","2025","03","16","12",8.9,,8.2,,"W","W",91,,"W  ",,1,,3,,7,
"252150120","GORZYÑ                        ","2025","03","16","18",5.8,,3.8,,"W","W",72,,"W  ",,1,,5,,7,
"252150120","GORZYÑ                        ","2025","03","17","06",-0.5,,-1.1,,"W","W",89,,"C  ",,0,,2,,7,
"252150120","GORZYÑ                        ","2025","03","17","12",7.4,,6.7,,"W","W",91,,"C  ",,0,,1,,7,
"252150120","GORZYÑ                        ","2025","03","17","18",-0.1,,-1.7,,"W","W",71,,"C  ",,0,,0,,7,
"252150120","GORZYÑ                        ","2025","03","18","06",-2.3,,-2.5,,"W","W",96,,"C  ",,0,,0,,7,
"252150120","GORZYÑ                        ","2025","03","18","12",7.9,,6.9,,"W","W",87,,"W  ",,1,,1,,7,
"252150120","GORZYÑ                        ","2025","03","18","18",0.5,,0.4,,"W","W",98,,"C  ",,0,,0,,7,
"252150120","GORZYÑ                        ","2025","03","19","06",-0.7,,-0.9,,"W","W",96,,"C  ",,0,,2,,7,
"252150120","GORZYÑ                        ","2025","03","19","12",12.3,,11.4,,"W","W",90,,"W  ",,1,,1,,7,
"252150120","GORZYÑ                        ","2025","03","19","18",1.9,,0.7,,"W","W",80,,"C  ",,0,,0,,7,
"252150120","GORZYÑ                        ","2025","03","20","06",-2.7,,-2.9,,"W","W",96,,"C  ",,0,,2,,7,
"252150120","GORZYÑ                        ","2025","03","20","12",16.5,,15.2,,"W","W",87,,"W  ",,1,,1,,7,
"252150120","GORZYÑ                        ","2025","03","20","18",7.1,,4.4,,"W","W",65,,"C  ",,0,,1,,7,
"252150120","GORZYÑ                        ","2025","03","21","06",-0.9,,-1.1,,"W","W",96,,"C  ",,0,,2,,7,
"252150120","GORZYÑ                        ","2025","03","21","12",17.0,,16.0,,"W","W",90,,"W  ",,1,,3,,7,
"252150120","GORZYÑ                        ","2025","03","21","18",7.9,,5.7,,"W","W",72,,"C  ",,0,,1,,7,
"252150120","GORZYÑ                        ","2025","03","22","06",3.9,,3.2,,"W","W",89,,"NE ",,2,,0,,7,
"252150120","GORZYÑ                        ","2025","03","22","12",17.0,,16.2,,"W","W",92,,"NE ",,2,,0,,7,
"252150120","GORZYÑ                        ","2025","03","22","18",12.9,,11.4,,"W","W",84,,"NE ",,2,,0,,7,
"252150120","GORZYÑ                        ","2025","03","23","06",7.3,,4.6,,"W","W",65,,"NE ",,4,,0,,7,
"252150120","GORZYÑ                        ","2025","03","23","12",14.9,,13.8,,"W","W",89,,"NE ",,2,,3,,7,
"252150120","GORZYÑ                        ","2025","03","23","18",11.6,,10.0,,"W","W",82,,"E  ",,2,,2,,7,
"252150120","GORZYÑ                        ","2025","03","24","06",6.3,,5.9,,"W","W",94,,"C  ",,0,,4,,7,
"252150120","GORZYÑ                        ","2025","03","24","12",14.4,,13.4,,"W","W",90,,"C  ",,0,,3,,7,
"252150120","GORZYÑ                        ","2025","03","24","18",7.1,,6.5,,"W","W",92,,"C  ",,0,,1,,7,
"252150120","GORZYÑ                        ","2025","03","25","06",1.7,,1.6,,"W","W",98,,"C  ",,0,,8,,3,
"252150120","GORZYÑ                        ","2025","03","25","12",15.9,,14.8,,"W","W",89,,"C  ",,0,,5,,7,
"252150120","GORZYÑ                        ","2025","03","25","18",10.1,,8.7,,"W","W",83,,"C  ",,0,,5,,7,
"252150120","GORZYÑ                        ","2025","03","26","06",5.5,,5.2,,"W","W",96,,"C  ",,0,,7,,7,
"252150120","GORZYÑ                        ","2025","03","26","12",7.9,,6.7,,"W","W",84,,"W  ",,2,,6,,7,
"252150120","GORZYÑ                        ","2025","03","26","18",7.7,,7.1,,"W","W",92,,"W  ",,1,,7,,7,
"252150120","GORZYÑ                        ","2025","03","27","06",3.7,,3.4,,"W","W",95,,"C  ",,0,,6,,7,
"252150120","GORZYÑ                        ","2025","03","27","12",13.9,,12.4,,"W","W",84,,"W  ",,1,,3,,7,
"252150120","GORZYÑ                        ","2025","03","27","18",7.3,,6.5,,"W","W",89,,"C  ",,0,,4,,7,
"252150120","GORZYÑ                        ","2025","03","28","06",1.3,,1.3,,"W","W",100,,"C  ",,0,,8,,1,
"252150120","GORZYÑ                        ","2025","03","28","12",15.6,,14.8,,"W","W",92,,"W  ",,1,,5,,6,
"252150120","GORZYÑ                        ","2025","03","28","18",8.3,,6.7,,"W","W",80,,"E  ",,1,,3,,6,
"252150120","GORZYÑ                        ","2025","03","29","06",2.9,,2.8,,"W","W",98,,"C  ",,0,,2,,7,
"252150120","GORZYÑ                        ","2025","03","29","12",17.0,,15.0,,"W","W",81,,"W  ",,2,,3,,7,
"252150120","GORZYÑ                        ","2025","03","29","18",11.1,,8.7,,"W","W",73,,"W  ",,4,,3,,7,
"252150120","GORZYÑ                        ","2025","03","30","06",4.9,,4.7,,"W","W",97,,"C  ",,0,,5,,7,
"252150120","GORZYÑ                        ","2025","03","30","12",11.9,,11.2,,"W","W",92,,"W  ",,2,,4,,7,
"252150120","GORZYÑ                        ","2025","03","30","18",8.1,,7.1,,"W","W",87,,"C  ",,0,,6,,7,
"252150120","GORZYÑ                        ","2025","03","31","06",7.1,,6.5,,"W","W",92,,"C  ",,0,,7,,7,
"252150120","GORZYÑ                        ","2025","03","31","12",10.9,,9.7,,"W","W",86,,"W  ",,2,,7,,7,
"252150120","GORZYÑ                        ","2025","03","31","18",7.5,,6.7,,"W","W",89,,"W  ",,2,,8,,7,
"252150270","BABIMOST                      ","2025","03","01","06",2.3,,1.8,,"W","W",92,,"NW ",,2,,8,,7,
"252150270","BABIMOST                      ","2025","03","01","12",5.1,,3.6,,"W","W",78,,"WNW",,4,,8,,8,
"252150270","BABIMOST                      ","2025","03","01","18",2.4,,1.3,,"W","W",82,,"NNW",,1,,3,,8,
"252150270","BABIMOST                      ","2025","03","02","06",-0.1,,-0.2,,"W","W",98,,"W  ",,2,,8,,6,
"252150270","BABIMOST                      ","2025","03","02","12",3.1,,2.2,,"W","W",86,,"WSW",,5,,8,,7,
"252150270","BABIMOST                      ","2025","03","02","18",5.6,,4.0,,"W","W",77,,"W  ",,3,,8,,8,
"252150270","BABIMOST                      ","2025","03","03","06",4.5,,3.3,,"W","W",82,,"WSW",,3,,8,,8,
"252150270","BABIMOST                      ","2025","03","03","12",9.4,,5.6,,"W","W",55,,"WSW",,6,,2,,8,
"252150270","BABIMOST                      ","2025","03","03","18",6.6,,3.1,,"W","W",54,,"WSW",,2,,1,,8,
"252150270","BABIMOST                      ","2025","03","04","06",-0.6,,-1.2,,"L","W",88,,"WSW",,4,,7,,7,
"252150270","BABIMOST                      ","2025","03","04","12",10.2,,5.3,,"W","W",45,,"WSW",,6,,7,,8,
"252150270","BABIMOST                      ","2025","03","04","18",5.8,,2.3,,"W","W",52,,"SW ",,1,,2,,7,
"252150270","BABIMOST                      ","2025","03","05","06",-0.7,,-2.0,,"W","W",76,,"C  ",,0,,6,,8,
"252150270","BABIMOST                      ","2025","03","05","12",14.5,,6.8,,"W","W",28,,"WSW",,6,,5,,8,
"252150270","BABIMOST                      ","2025","03","05","18",9.6,,3.7,,"W","W",33,,"SW ",,3,,4,,8,
"252150270","BABIMOST                      ","2025","03","06","06",-2.8,,-3.1,,"L","W",91,,"C  ",,0,,1,,7,
"252150270","BABIMOST                      ","2025","03","06","12",17.1,,9.8,,"W","W",36,,"WSW",,5,,0,,7,
"252150270","BABIMOST                      ","2025","03","06","18",7.0,,4.7,,"W","W",70,,"C  ",,0,,0,,8,
"252150270","BABIMOST                      ","2025","03","07","06",-2.4,,-2.4,,"L","W",98,,"C  ",,0,,1,,6,
"252150270","BABIMOST                      ","2025","03","07","12",17.9,,10.4,,"W","W",36,,"E  ",,2,,1,,7,
"252150270","BABIMOST                      ","2025","03","07","18",7.2,,4.8,,"W","W",69,,"C  ",,0,,1,,8,
"252150270","BABIMOST                      ","2025","03","08","06",-2.4,,-2.6,,"W","W",96,,"ENE",,1,,0,,5,
"252150270","BABIMOST                      ","2025","03","08","12",16.5,,9.9,,"W","W",41,,"ENE",,5,,0,,7,
"252150270","BABIMOST                      ","2025","03","08","18",9.7,,6.5,,"W","W",62,,"N  ",,2,,0,,6,
"252150270","BABIMOST                      ","2025","03","09","06",-0.2,,-0.3,,"W","W",98,,"ENE",,1,,7,,5,
"252150270","BABIMOST                      ","2025","03","09","12",17.9,,9.6,,"W","W",31,,"SE ",,5,,2,,7,
"252150270","BABIMOST                      ","2025","03","09","18",13.1,,8.0,,"W","W",48,,"ENE",,3,,0,,7,
"252150270","BABIMOST                      ","2025","03","10","06",-1.7,,-1.7,,"W","W",100,,"C  ",,0,,1,,4,
"252150270","BABIMOST                      ","2025","03","10","12",16.3,,9.6,,"W","W",40,,"WSW",,3,,1,,6,
"252150270","BABIMOST                      ","2025","03","10","18",12.5,,8.4,,"W","W",57,,"WNW",,2,,1,,7,
"252150270","BABIMOST                      ","2025","03","11","06",0.4,,0.2,,"W","W",96,,"N  ",,1,,8,,3,
"252150270","BABIMOST                      ","2025","03","11","12",8.1,,6.2,,"W","W",76,,"W  ",,3,,7,,6,
"252150270","BABIMOST                      ","2025","03","11","18",6.0,,4.9,,"W","W",85,,"N  ",,2,,4,,5,
"252150270","BABIMOST                      ","2025","03","12","06",0.9,,0.9,,"W","W",100,,"NNE",,1,,8,,4,
"252150270","BABIMOST                      ","2025","03","12","12",6.4,,5.5,,"W","W",88,,"NW ",,2,,8,,6,
"252150270","BABIMOST                      ","2025","03","12","18",6.0,,5.2,,"W","W",89,,"NW ",,2,,6,,5,
"252150270","BABIMOST                      ","2025","03","13","06",3.1,,3.0,,"W","W",98,,"N  ",,3,,8,,5,
"252150270","BABIMOST                      ","2025","03","13","12",3.5,,3.1,,"W","W",94,,"NNW",,4,,8,,6,
"252150270","BABIMOST                      ","2025","03","13","18",2.8,,2.2,,"W","W",90,,"WSW",,2,,8,,7,
"252150270","BABIMOST                      ","2025","03","14","06",-0.5,,-0.5,,"L","W",100,,"C  ",,0,,8,,4,
"252150270","BABIMOST                      ","2025","03","14","12",7.0,,5.0,,"W","W",73,,"SSE",,2,,8,,7,
"252150270","BABIMOST                      ","2025","03","14","18",4.1,,3.8,,"W","W",95,,"N  ",,1,,8,,6,
"252150270","BABIMOST                      ","2025","03","15","06",2.6,,2.1,,"W","W",92,,"ENE",,2,,7,,6,
"252150270","BABIMOST                      ","2025","03","15","12",6.8,,3.6,,"W","W",58,,"ENE",,5,,3,,8,
"252150270","BABIMOST                      ","2025","03","15","18",3.1,,1.5,,"W","W",75,,"C  ",,0,,2,,8,
"252150270","BABIMOST                      ","2025","03","16","06",-5.1,,-5.0,,"L","W",97,,"C  ",,0,,0,,5,
"252150270","BABIMOST                      ","2025","03","16","12",7.5,,4.0,,"W","W",55,,"NW ",,2,,4,,8,
"252150270","BABIMOST                      ","2025","03","16","18",2.5,,1.1,,"W","W",77,,"W  ",,1,,1,,8,
"252150270","BABIMOST                      ","2025","03","17","06",-0.5,,-1.2,,"L","W",87,,"N  ",,3,,0,,8,
"252150270","BABIMOST                      ","2025","03","17","12",4.6,,0.3,,"W","W",39,,"NNE",,5,,5,,8,
"252150270","BABIMOST                      ","2025","03","17","18",1.8,,-0.9,,"W","W",56,,"NNW",,2,,1,,8,
"252150270","BABIMOST                      ","2025","03","18","06",-5.1,,-5.9,,"L","W",77,,"SW ",,3,,1,,8,
"252150270","BABIMOST                      ","2025","03","18","12",6.9,,0.5,,"W","W",20,,"WSW",,4,,1,,8,
"252150270","BABIMOST                      ","2025","03","18","18",1.1,,-1.6,,"W","W",55,,"N  ",,1,,0,,8,
"252150270","BABIMOST                      ","2025","03","19","06",-6.6,,-6.8,,"L","W",89,,"C  ",,0,,0,,6,
"252150270","BABIMOST                      ","2025","03","19","12",10.6,,3.5,,"W","W",24,,"WSW",,4,,0,,8,
"252150270","BABIMOST                      ","2025","03","19","18",4.0,,1.5,,"W","W",63,,"C  ",,0,,0,,8,
"252150270","BABIMOST                      ","2025","03","20","06",-4.6,,-4.5,,"L","W",98,,"C  ",,0,,0,,6,
"252150270","BABIMOST                      ","2025","03","20","12",15.6,,7.4,,"W","W",26,,"SSW",,4,,0,,8,
"252150270","BABIMOST                      ","2025","03","20","18",7.7,,4.4,,"W","W",58,,"C  ",,0,,1,,8,
"252150270","BABIMOST                      ","2025","03","21","06",-1.6,,-2.1,,"W","W",90,,"C  ",,0,,1,,7,
"252150270","BABIMOST                      ","2025","03","21","12",16.5,,9.1,,"W","W",35,,"ENE",,3,,0,,8,
"252150270","BABIMOST                      ","2025","03","21","18",10.2,,6.0,,"W","W",52,,"ENE",,3,,0,,7,
"252150270","BABIMOST                      ","2025","03","22","06",4.2,,2.1,,"W","W",69,,"ENE",,6,,0,,7,
"252150270","BABIMOST                      ","2025","03","22","12",13.1,,6.9,,"W","W",38,,"ENE",,9,,0,,8,
"252150270","BABIMOST                      ","2025","03","22","18",10.2,,6.1,,"W","W",53,,"ENE",,5,,0,,7,
"252150270","BABIMOST                      ","2025","03","23","06",5.8,,3.0,,"W","W",62,,"E  ",,6,,4,,7,
"252150270","BABIMOST                      ","2025","03","23","12",12.5,,8.1,,"W","W",54,,"E  ",,7,,8,,8,
"252150270","BABIMOST                      ","2025","03","23","18",9.7,,8.3,,"W","W",83,,"E  ",,3,,8,,7,
"252150270","BABIMOST                      ","2025","03","24","06",7.3,,6.7,,"W","W",92,,"NNE",,2,,8,,6,
"252150270","BABIMOST                      ","2025","03","24","12",10.9,,7.9,,"W","W",66,,"N  ",,2,,6,,7,
"252150270","BABIMOST                      ","2025","03","24","18",7.9,,7.2,,"W","W",91,,"SSE",,2,,3,,6,
"252150270","BABIMOST                      ","2025","03","25","06",1.5,,1.5,,"W","W",100,,"SW ",,1,,0,,1,
"252150270","BABIMOST                      ","2025","03","25","12",16.1,,10.8,,"W","W",51,,"SSW",,2,,3,,8,
"252150270","BABIMOST                      ","2025","03","25","18",10.6,,8.3,,"W","W",73,,"C  ",,0,,4,,8,
"252150270","BABIMOST                      ","2025","03","26","06",5.4,,5.0,,"W","W",94,,"WSW",,3,,8,,5,
"252150270","BABIMOST                      ","2025","03","26","12",7.8,,7.6,,"W","W",97,,"WSW",,3,,8,,5,
"252150270","BABIMOST                      ","2025","03","26","18",7.7,,6.8,,"W","W",88,,"WNW",,2,,8,,8,
"252150270","BABIMOST                      ","2025","03","27","06",3.1,,2.9,,"W","W",97,,"NNW",,1,,6,,6,
"252150270","BABIMOST                      ","2025","03","27","12",12.4,,8.6,,"W","W",60,,"NNW",,2,,3,,8,
"252150270","BABIMOST                      ","2025","03","27","18",7.1,,5.8,,"W","W",83,,"C  ",,0,,1,,8,
"252150270","BABIMOST                      ","2025","03","28","06",-0.1,,-0.1,,"W","W",100,,"C  ",,0,,8,,0,
"252150270","BABIMOST                      ","2025","03","28","12",13.3,,8.3,,"W","W",49,,"E  ",,5,,0,,8,
"252150270","BABIMOST                      ","2025","03","28","18",10.0,,7.2,,"W","W",67,,"E  ",,2,,0,,7,
"252150270","BABIMOST                      ","2025","03","29","06",3.7,,3.5,,"W","W",97,,"WSW",,1,,7,,6,
"252150270","BABIMOST                      ","2025","03","29","12",15.3,,10.3,,"W","W",52,,"NW ",,2,,7,,7,
"252150270","BABIMOST                      ","2025","03","29","18",13.1,,9.3,,"W","W",60,,"NW ",,4,,7,,7,
"252150270","BABIMOST                      ","2025","03","30","06",5.4,,4.3,,"W","W",84,,"WSW",,3,,3,,8,
"252150270","BABIMOST                      ","2025","03","30","12",11.5,,6.5,,"W","W",46,,"WSW",,8,,7,,8,
"252150270","BABIMOST                      ","2025","03","30","18",7.6,,6.7,,"W","W",88,,"SW ",,4,,8,,7,
"252150270","BABIMOST                      ","2025","03","31","06",6.7,,6.5,,"W","W",97,,"WNW",,2,,8,,6,
"252150270","BABIMOST                      ","2025","03","31","12",10.9,,7.7,,"W","W",64,,"N  ",,4,,6,,8,
"252150270","BABIMOST                      ","2025","03","31","18",7.2,,5.7,,"W","W",80,,"NW ",,4,,3,,7,
"252160230","WIELICHOWO                    ","2025","03","01","06",2.4,,,"8",,,,"8",,"8",,"8",8,,8,
"252160230","WIELICHOWO                    ","2025","03","01","12",5.0,,,"8",,,,"8",,"8",,"8",8,,8,
"252160230","WIELICHOWO                    ","2025","03","01","18",2.2,,,"8",,,,"8",,"8",,"8",1,,8,
"252160230","WIELICHOWO                    ","2025","03","02","06",0.7,,,"8",,,,"8",,"8",,"8",8,,8,
"252160230","WIELICHOWO                    ","2025","03","02","12",2.6,,,"8",,,,"8",,"8",,"8",8,,8,
"252160230","WIELICHOWO                    ","2025","03","02","18",5.2,,,"8",,,,"8",,"8",,"8",8,,8,
"252160230","WIELICHOWO                    ","2025","03","03","06",4.8,,,"8",,,,"8",,"8",,"8",8,,8,
"252160230","WIELICHOWO                    ","2025","03","03","12",8.9,,,"8",,,,"8",,"8",,"8",1,,8,
"252160230","WIELICHOWO                    ","2025","03","03","18",5.0,,,"8",,,,"8",,"8",,"8",0,,8,
"252160230","WIELICHOWO                    ","2025","03","04","06",-0.7,,,"8",,,,"8",,"8",,"8",0,,8,
"252160230","WIELICHOWO                    ","2025","03","04","12",9.5,,,"8",,,,"8",,"8",,"8",0,,8,
"252160230","WIELICHOWO                    ","2025","03","04","18",6.0,,,"8",,,,"8",,"8",,"8",0,,8,
"252160230","WIELICHOWO                    ","2025","03","05","06",1.3,,,"8",,,,"8",,"8",,"8",0,,8,
"252160230","WIELICHOWO                    ","2025","03","05","12",14.9,,,"8",,,,"8",,"8",,"8",0,,8,
"252160230","WIELICHOWO                    ","2025","03","05","18",8.7,,,"8",,,,"8",,"8",,"8",0,,8,
"252160230","WIELICHOWO                    ","2025","03","06","06",0.1,,,"8",,,,"8",,"8",,"8",0,,8,
"252160230","WIELICHOWO                    ","2025","03","06","12",16.1,,,"8",,,,"8",,"8",,"8",0,,8,
"252160230","WIELICHOWO                    ","2025","03","06","18",8.1,,,"8",,,,"8",,"8",,"8",0,,8,
"252160230","WIELICHOWO                    ","2025","03","07","06",-1.1,,,"8",,,,"8",,"8",,"8",0,,8,
"252160230","WIELICHOWO                    ","2025","03","07","12",16.7,,,"8",,,,"8",,"8",,"8",0,,8,
"252160230","WIELICHOWO                    ","2025","03","07","18",7.9,,,"8",,,,"8",,"8",,"8",0,,8,
"252160230","WIELICHOWO                    ","2025","03","08","06",4.0,,,"8",,,,"8",,"8",,"8",0,,7,
"252160230","WIELICHOWO                    ","2025","03","08","12",16.5,,,"8",,,,"8",,"8",,"8",0,,8,
"252160230","WIELICHOWO                    ","2025","03","08","18",11.1,,,"8",,,,"8",,"8",,"8",0,,8,
"252160230","WIELICHOWO                    ","2025","03","09","06",5.0,,,"8",,,,"8",,"8",,"8",6,,8,
"252160230","WIELICHOWO                    ","2025","03","09","12",18.9,,,"8",,,,"8",,"8",,"8",0,,8,
"252160230","WIELICHOWO                    ","2025","03","09","18",11.7,,,"8",,,,"8",,"8",,"8",0,,8,
"252160230","WIELICHOWO                    ","2025","03","10","06",0.3,,,"8",,,,"8",,"8",,"8",0,,8,
"252160230","WIELICHOWO                    ","2025","03","10","12",17.3,,,"8",,,,"8",,"8",,"8",0,,8,
"252160230","WIELICHOWO                    ","2025","03","10","18",9.3,,,"8",,,,"8",,"8",,"8",0,,8,
"252160230","WIELICHOWO                    ","2025","03","11","06",1.2,,,"8",,,,"8",,"8",,"8",4,,8,
"252160230","WIELICHOWO                    ","2025","03","11","12",8.3,,,"8",,,,"8",,"8",,"8",4,,8,
"252160230","WIELICHOWO                    ","2025","03","11","18",6.0,,,"8",,,,"8",,"8",,"8",4,,8,
"252160230","WIELICHOWO                    ","2025","03","12","06",1.7,,,"8",,,,"8",,"8",,"8",4,,4,
"252160230","WIELICHOWO                    ","2025","03","12","12",8.9,,,"8",,,,"8",,"8",,"8",6,,7,
"252160230","WIELICHOWO                    ","2025","03","12","18",6.2,,,"8",,,,"8",,"8",,"8",8,,7,
"252160230","WIELICHOWO                    ","2025","03","13","06",4.0,,,"8",,,,"8",,"8",,"8",8,,7,
"252160230","WIELICHOWO                    ","2025","03","13","12",3.0,,,"8",,,,"8",,"8",,"8",8,,8,
"252160230","WIELICHOWO                    ","2025","03","13","18",3.6,,,"8",,,,"8",,"8",,"8",8,,8,
"252160230","WIELICHOWO                    ","2025","03","14","06",-0.1,,,"8",,,,"8",,"8",,"8",8,,5,
"252160230","WIELICHOWO                    ","2025","03","14","12",6.5,,,"8",,,,"8",,"8",,"8",8,,8,
"252160230","WIELICHOWO                    ","2025","03","14","18",4.0,,,"8",,,,"8",,"8",,"8",7,,8,
"252160230","WIELICHOWO                    ","2025","03","15","06",0.7,,,"8",,,,"8",,"8",,"8",0,,8,
"252160230","WIELICHOWO                    ","2025","03","15","12",6.5,,,"8",,,,"8",,"8",,"8",1,,8,
"252160230","WIELICHOWO                    ","2025","03","15","18",4.0,,,"8",,,,"8",,"8",,"8",0,,8,
"252160230","WIELICHOWO                    ","2025","03","16","06",-4.5,,,"8",,,,"8",,"8",,"8",0,,7,
"252160230","WIELICHOWO                    ","2025","03","16","12",8.2,,,"8",,,,"8",,"8",,"8",6,,8,
"252160230","WIELICHOWO                    ","2025","03","16","18",4.0,,,"8",,,,"8",,"8",,"8",0,,8,
"252160230","WIELICHOWO                    ","2025","03","17","06",0.1,,,"8",,,,"8",,"8",,"8",0,,8,
"252160230","WIELICHOWO                    ","2025","03","17","12",2.4,,,"8",,,,"8",,"8",,"8",6,,8,
"252160230","WIELICHOWO                    ","2025","03","17","18",0.5,,,"8",,,,"8",,"8",,"8",0,,8,
"252160230","WIELICHOWO                    ","2025","03","18","06",-4.1,,,"8",,,,"8",,"8",,"8",0,,8,
"252160230","WIELICHOWO                    ","2025","03","18","12",7.1,,,"8",,,,"8",,"8",,"8",0,,8,
"252160230","WIELICHOWO                    ","2025","03","18","18",2.4,,,"8",,,,"8",,"8",,"8",0,,8,
"252160230","WIELICHOWO                    ","2025","03","19","06",-3.9,,,"8",,,,"8",,"8",,"8",0,,8,
"252160230","WIELICHOWO                    ","2025","03","19","12",10.7,,,"8",,,,"8",,"8",,"8",0,,8,
"252160230","WIELICHOWO                    ","2025","03","19","18",5.0,,,"8",,,,"8",,"8",,"8",0,,8,
"252160230","WIELICHOWO                    ","2025","03","20","06",-2.3,,,"8",,,,"8",,"8",,"8",0,,7,
"252160230","WIELICHOWO                    ","2025","03","20","12",15.3,,,"8",,,,"8",,"8",,"8",0,,8,
"252160230","WIELICHOWO                    ","2025","03","20","18",8.7,,,"8",,,,"8",,"8",,"8",0,,8,
"252160230","WIELICHOWO                    ","2025","03","21","06",0.5,,,"8",,,,"8",,"8",,"8",0,,7,
"252160230","WIELICHOWO                    ","2025","03","21","12",16.2,,,"8",,,,"8",,"8",,"8",0,,8,
"252160230","WIELICHOWO                    ","2025","03","21","18",9.5,,,"8",,,,"8",,"8",,"8",0,,8,
"252160230","WIELICHOWO                    ","2025","03","22","06",3.3,,,"8",,,,"8",,"8",,"8",0,,8,
"252160230","WIELICHOWO                    ","2025","03","22","12",12.5,,,"8",,,,"8",,"8",,"8",0,,8,
"252160230","WIELICHOWO                    ","2025","03","22","18",9.7,,,"8",,,,"8",,"8",,"8",0,,8,
"252160230","WIELICHOWO                    ","2025","03","23","06",5.6,,,"8",,,,"8",,"8",,"8",0,,8,
"252160230","WIELICHOWO                    ","2025","03","23","12",12.2,,,"8",,,,"8",,"8",,"8",8,,8,
"252160230","WIELICHOWO                    ","2025","03","23","18",9.9,,,"8",,,,"8",,"8",,"8",8,,8,
"252160230","WIELICHOWO                    ","2025","03","24","06",7.0,,,"8",,,,"8",,"8",,"8",8,,7,
"252160230","WIELICHOWO                    ","2025","03","24","12",9.5,,,"8",,,,"8",,"8",,"8",8,,8,
"252160230","WIELICHOWO                    ","2025","03","24","18",6.1,,,"8",,,,"8",,"8",,"8",4,,8,
"252160230","WIELICHOWO                    ","2025","03","25","06",-0.1,,,"8",,,,"8",,"8",,"8",4,,1,
"252160230","WIELICHOWO                    ","2025","03","25","12",15.7,,,"8",,,,"8",,"8",,"8",1,,8,
"252160230","WIELICHOWO                    ","2025","03","25","18",11.1,,,"8",,,,"8",,"8",,"8",7,,8,
"252160230","WIELICHOWO                    ","2025","03","26","06",5.0,,,"8",,,,"8",,"8",,"8",8,,7,
"252160230","WIELICHOWO                    ","2025","03","26","12",7.3,,,"8",,,,"8",,"8",,"8",8,,8,
"252160230","WIELICHOWO                    ","2025","03","26","18",7.5,,,"8",,,,"8",,"8",,"8",8,,8,
"252160230","WIELICHOWO                    ","2025","03","27","06",6.0,,,"8",,,,"8",,"8",,"8",7,,8,
"252160230","WIELICHOWO                    ","2025","03","27","12",12.3,,,"8",,,,"8",,"8",,"8",2,,8,
"252160230","WIELICHOWO                    ","2025","03","27","18",7.5,,,"8",,,,"8",,"8",,"8",0,,8,
"252160230","WIELICHOWO                    ","2025","03","28","06",0.9,,,"8",,,,"8",,"8",,"8",0,,4,
"252160230","WIELICHOWO                    ","2025","03","28","12",13.5,,,"8",,,,"8",,"8",,"8",0,,8,
"252160230","WIELICHOWO                    ","2025","03","28","18",9.7,,,"8",,,,"8",,"8",,"8",0,,8,
"252160230","WIELICHOWO                    ","2025","03","29","06",6.5,,,"8",,,,"8",,"8",,"8",0,,8,
"252160230","WIELICHOWO                    ","2025","03","29","12",14.9,,,"8",,,,"8",,"8",,"8",2,,8,
"252160230","WIELICHOWO                    ","2025","03","29","18",14.5,,,"8",,,,"8",,"8",,"8",7,,7,
"252160230","WIELICHOWO                    ","2025","03","30","06",6.7,,,"8",,,,"8",,"8",,"8",1,,8,
"252160230","WIELICHOWO                    ","2025","03","30","12",11.7,,,"8",,,,"8",,"8",,"8",7,,8,
"252160230","WIELICHOWO                    ","2025","03","30","18",7.7,,,"8",,,,"8",,"8",,"8",8,,8,
"252160230","WIELICHOWO                    ","2025","03","31","06",6.9,,,"8",,,,"8",,"8",,"8",8,,8,
"252160230","WIELICHOWO                    ","2025","03","31","12",11.5,,,"8",,,,"8",,"8",,"8",6,,8,
"252160230","WIELICHOWO                    ","2025","03","31","18",8.3,,,"8",,,,"8",,"8",,"8",5,,8,
"252180080","KO£UDA WIELKA                 ","2025","03","01","06",2.0,,,"8",,,,"8",,"8",,"8",8,,7,
"252180080","KO£UDA WIELKA                 ","2025","03","01","12",3.0,,,"8",,,,"8",,"8",,"8",8,,7,
"252180080","KO£UDA WIELKA                 ","2025","03","01","18",0.4,,,"8",,,,"8",,"8",,"8",0,,7,
"252180080","KO£UDA WIELKA                 ","2025","03","02","06",0.5,,,"8",,,,"8",,"8",,"8",8,,7,
"252180080","KO£UDA WIELKA                 ","2025","03","02","12",3.0,,,"8",,,,"8",,"8",,"8",8,,7,
"252180080","KO£UDA WIELKA                 ","2025","03","02","18",3.5,,,"8",,,,"8",,"8",,"8",8,,7,
"252180080","KO£UDA WIELKA                 ","2025","03","03","06",4.1,,,"8",,,,"8",,"8",,"8",0,,7,
"252180080","KO£UDA WIELKA                 ","2025","03","03","12",7.9,,,"8",,,,"8",,"8",,"8",3,,7,
"252180080","KO£UDA WIELKA                 ","2025","03","03","18",4.7,,,"8",,,,"8",,"8",,"8",0,,7,
"252180080","KO£UDA WIELKA                 ","2025","03","04","06",2.0,,,"8",,,,"8",,"8",,"8",4,,7,
"252180080","KO£UDA WIELKA                 ","2025","03","04","12",10.3,,,"8",,,,"8",,"8",,"8",2,,7,
"252180080","KO£UDA WIELKA                 ","2025","03","04","18",7.1,,,"8",,,,"8",,"8",,"8",0,,7,
"252180080","KO£UDA WIELKA                 ","2025","03","05","06",1.4,,,"8",,,,"8",,"8",,"8",5,,7,
"252180080","KO£UDA WIELKA                 ","2025","03","05","12",13.3,,,"8",,,,"8",,"8",,"8",3,,7,
"252180080","KO£UDA WIELKA                 ","2025","03","05","18",10.3,,,"8",,,,"8",,"8",,"8",0,,7,
"252180080","KO£UDA WIELKA                 ","2025","03","06","06",2.2,,,"8",,,,"8",,"8",,"8",0,,7,
"252180080","KO£UDA WIELKA                 ","2025","03","06","12",15.4,,,"8",,,,"8",,"8",,"8",0,,7,
"252180080","KO£UDA WIELKA                 ","2025","03","06","18",9.9,,,"8",,,,"8",,"8",,"8",0,,7,
"252180080","KO£UDA WIELKA                 ","2025","03","07","06",1.8,,,"8",,,,"8",,"8",,"8",0,,7,
"252180080","KO£UDA WIELKA                 ","2025","03","07","12",16.3,,,"8",,,,"8",,"8",,"8",8,,7,
"252180080","KO£UDA WIELKA                 ","2025","03","07","18",6.7,,,"8",,,,"8",,"8",,"8",8,,7,
"252180080","KO£UDA WIELKA                 ","2025","03","08","06",-1.0,,,"8",,,,"8",,"8",,"8",3,,7,
"252180080","KO£UDA WIELKA                 ","2025","03","08","12",16.1,,,"8",,,,"8",,"8",,"8",2,,7,
"252180080","KO£UDA WIELKA                 ","2025","03","08","18",5.9,,,"8",,,,"8",,"8",,"8",0,,7,
"252180080","KO£UDA WIELKA                 ","2025","03","09","06",3.9,,,"8",,,,"8",,"8",,"8",8,,7,
"252180080","KO£UDA WIELKA                 ","2025","03","09","12",15.7,,,"8",,,,"8",,"8",,"8",4,,7,
"252180080","KO£UDA WIELKA                 ","2025","03","09","18",8.9,,,"8",,,,"8",,"8",,"8",8,,7,
"252180080","KO£UDA WIELKA                 ","2025","03","10","06",4.3,,,"8",,,,"8",,"8",,"8",0,,7,
"252180080","KO£UDA WIELKA                 ","2025","03","10","12",17.9,,,"8",,,,"8",,"8",,"8",0,,7,
"252180080","KO£UDA WIELKA                 ","2025","03","10","18",7.3,,,"8",,,,"8",,"8",,"8",0,,7,
"252180080","KO£UDA WIELKA                 ","2025","03","11","06",2.8,,,"8",,,,"8",,"8",,"8",8,,2,
"252180080","KO£UDA WIELKA                 ","2025","03","11","12",4.4,,,"8",,,,"8",,"8",,"8",8,,7,
"252180080","KO£UDA WIELKA                 ","2025","03","11","18",0.4,,,"8",,,,"8",,"8",,"8",8,,7,
"252180080","KO£UDA WIELKA                 ","2025","03","12","06",-1.0,,,"8",,,,"8",,"8",,"8",8,,7,
"252180080","KO£UDA WIELKA                 ","2025","03","12","12",5.7,,,"8",,,,"8",,"8",,"8",4,,7,
"252180080","KO£UDA WIELKA                 ","2025","03","12","18",7.1,,,"8",,,,"8",,"8",,"8",8,,7,
"252180080","KO£UDA WIELKA                 ","2025","03","13","06",3.9,,,"8",,,,"8",,"8",,"8",8,,7,
"252180080","KO£UDA WIELKA                 ","2025","03","13","12",4.1,,,"8",,,,"8",,"8",,"8",8,,6,
"252180080","KO£UDA WIELKA                 ","2025","03","13","18",0.4,,,"8",,,,"8",,"8",,"8",8,,7,
"252180080","KO£UDA WIELKA                 ","2025","03","14","06",0.2,,,"8",,,,"8",,"8",,"8",0,,7,
"252180080","KO£UDA WIELKA                 ","2025","03","14","12",4.1,,,"8",,,,"8",,"8",,"8",2,,7,
"252180080","KO£UDA WIELKA                 ","2025","03","14","18",3.5,,,"8",,,,"8",,"8",,"8",8,,7,
"252180080","KO£UDA WIELKA                 ","2025","03","15","06",1.6,,,"8",,,,"8",,"8",,"8",3,,7,
"252180080","KO£UDA WIELKA                 ","2025","03","15","12",6.3,,,"8",,,,"8",,"8",,"8",2,,7,
"252180080","KO£UDA WIELKA                 ","2025","03","15","18",5.9,,,"8",,,,"8",,"8",,"8",0,,7,
"252180080","KO£UDA WIELKA                 ","2025","03","16","06",-3.1,,,"8",,,,"8",,"8",,"8",0,,7,
"252180080","KO£UDA WIELKA                 ","2025","03","16","12",7.3,,,"8",,,,"8",,"8",,"8",2,,7,
"252180080","KO£UDA WIELKA                 ","2025","03","16","18",4.7,,,"8",,,,"8",,"8",,"8",8,,7,
"252180080","KO£UDA WIELKA                 ","2025","03","17","06",-1.4,,,"8",,,,"8",,"8",,"8",0,,7,
"252180080","KO£UDA WIELKA                 ","2025","03","17","12",2.5,,,"8",,,,"8",,"8",,"8",4,,7,
"252180080","KO£UDA WIELKA                 ","2025","03","17","18",1.8,,,"8",,,,"8",,"8",,"8",0,,7,
"252180080","KO£UDA WIELKA                 ","2025","03","18","06",-1.8,,,"8",,,,"8",,"8",,"8",0,,7,
"252180080","KO£UDA WIELKA                 ","2025","03","18","12",6.7,,,"8",,,,"8",,"8",,"8",0,,7,
"252180080","KO£UDA WIELKA                 ","2025","03","18","18",0.4,,,"8",,,,"8",,"8",,"8",0,,7,
"252180080","KO£UDA WIELKA                 ","2025","03","19","06",-1.2,,,"8",,,,"8",,"8",,"8",0,,7,
"252180080","KO£UDA WIELKA                 ","2025","03","19","12",9.9,,,"8",,,,"8",,"8",,"8",0,,7,
"252180080","KO£UDA WIELKA                 ","2025","03","19","18",4.7,,,"8",,,,"8",,"8",,"8",0,,7,
"252180080","KO£UDA WIELKA                 ","2025","03","20","06",-0.8,,,"8",,,,"8",,"8",,"8",0,,7,
"252180080","KO£UDA WIELKA                 ","2025","03","20","12",13.0,,,"8",,,,"8",,"8",,"8",0,,7,
"252180080","KO£UDA WIELKA                 ","2025","03","20","18",7.3,,,"8",,,,"8",,"8",,"8",0,,7,
"252180080","KO£UDA WIELKA                 ","2025","03","21","06",0.0,,,"8",,,,"8",,"8",,"8",0,,7,
"252180080","KO£UDA WIELKA                 ","2025","03","21","12",16.3,,,"8",,,,"8",,"8",,"8",0,,7,
"252180080","KO£UDA WIELKA                 ","2025","03","21","18",9.1,,,"8",,,,"8",,"8",,"8",0,,7,
"252180080","KO£UDA WIELKA                 ","2025","03","22","06",0.4,,,"8",,,,"8",,"8",,"8",0,,7,
"252180080","KO£UDA WIELKA                 ","2025","03","22","12",11.7,,,"8",,,,"8",,"8",,"8",0,,7,
"252180080","KO£UDA WIELKA                 ","2025","03","22","18",8.3,,,"8",,,,"8",,"8",,"8",0,,7,
"252180080","KO£UDA WIELKA                 ","2025","03","23","06",4.7,,,"8",,,,"8",,"8",,"8",0,,7,
"252180080","KO£UDA WIELKA                 ","2025","03","23","12",12.7,,,"8",,,,"8",,"8",,"8",3,,7,
"252180080","KO£UDA WIELKA                 ","2025","03","23","18",10.3,,,"8",,,,"8",,"8",,"8",8,,7,
"252180080","KO£UDA WIELKA                 ","2025","03","24","06",6.1,,,"8",,,,"8",,"8",,"8",8,,7,
"252180080","KO£UDA WIELKA                 ","2025","03","24","12",8.9,,,"8",,,,"8",,"8",,"8",3,,7,
"252180080","KO£UDA WIELKA                 ","2025","03","24","18",5.9,,,"8",,,,"8",,"8",,"8",0,,7,
"252180080","KO£UDA WIELKA                 ","2025","03","25","06",2.8,,,"8",,,,"8",,"8",,"8",8,,7,
"252180080","KO£UDA WIELKA                 ","2025","03","25","12",14.1,,,"8",,,,"8",,"8",,"8",3,,7,
"252180080","KO£UDA WIELKA                 ","2025","03","25","18",9.3,,,"8",,,,"8",,"8",,"8",8,,7,
"252180080","KO£UDA WIELKA                 ","2025","03","26","06",5.5,,,"8",,,,"8",,"8",,"8",8,,7,
"252180080","KO£UDA WIELKA                 ","2025","03","26","12",9.1,,,"8",,,,"8",,"8",,"8",8,,7,
"252180080","KO£UDA WIELKA                 ","2025","03","26","18",7.3,,,"8",,,,"8",,"8",,"8",8,,7,
"252180080","KO£UDA WIELKA                 ","2025","03","27","06",5.7,,,"8",,,,"8",,"8",,"8",8,,7,
"252180080","KO£UDA WIELKA                 ","2025","03","27","12",12.5,,,"8",,,,"8",,"8",,"8",4,,7,
"252180080","KO£UDA WIELKA                 ","2025","03","27","18",8.3,,,"8",,,,"8",,"8",,"8",8,,7,
"252180080","KO£UDA WIELKA                 ","2025","03","28","06",1.2,,,"8",,,,"8",,"8",,"8",0,,7,
"252180080","KO£UDA WIELKA                 ","2025","03","28","12",12.7,,,"8",,,,"8",,"8",,"8",0,,7,
"252180080","KO£UDA WIELKA                 ","2025","03","28","18",8.9,,,"8",,,,"8",,"8",,"8",0,,7,
"252180080","KO£UDA WIELKA                 ","2025","03","29","06",8.5,,,"8",,,,"8",,"8",,"8",8,,7,
"252180080","KO£UDA WIELKA                 ","2025","03","29","12",17.7,,,"8",,,,"8",,"8",,"8",2,,7,
"252180080","KO£UDA WIELKA                 ","2025","03","29","18",11.1,,,"8",,,,"8",,"8",,"8",0,,7,
"252180080","KO£UDA WIELKA                 ","2025","03","30","06",6.9,,,"8",,,,"8",,"8",,"8",8,,7,
"252180080","KO£UDA WIELKA                 ","2025","03","30","12",12.1,,,"8",,,,"8",,"8",,"8",8,,7,
"252180080","KO£UDA WIELKA                 ","2025","03","30","18",6.3,,,"8",,,,"8",,"8",,"8",8,,7,
"252180080","KO£UDA WIELKA                 ","2025","03","31","06",4.1,,,"8",,,,"8",,"8",,"8",8,,7,
"252180080","KO£UDA WIELKA                 ","2025","03","31","12",11.7,,,"8",,,,"8",,"8",,"8",8,,7,
"252180080","KO£UDA WIELKA                 ","2025","03","31","18",8.7,,,"8",,,,"8",,"8",,"8",8,,7,
"252200120","LEGIONOWO                     ","2025","03","01","06",2.6,,,"8",,"W",,"8","WSW",,3,,,"8",,"8"
"252200120","LEGIONOWO                     ","2025","03","01","12",2.1,,,"8",,"W",,"8","NW ",,3,,,"8",,"8"
"252200120","LEGIONOWO                     ","2025","03","01","18",2.1,,,"8",,"W",,"8","WNW",,2,,,"8",,"8"
"252200120","LEGIONOWO                     ","2025","03","02","06",0.1,,,"8",,"W",,"8","WNW",,3,,,"8",,"8"
"252200120","LEGIONOWO                     ","2025","03","02","12",2.2,,,"8",,"W",,"8","WSW",,4,,,"8",,"8"
"252200120","LEGIONOWO                     ","2025","03","02","18",2.3,,,"8",,"W",,"8","WSW",,4,,,"8",,"8"
"252200120","LEGIONOWO                     ","2025","03","03","06",3.0,,,"8",,"W",,"8","WSW",,4,,,"8",,"8"
"252200120","LEGIONOWO                     ","2025","03","03","12",8.0,,,"8",,"W",,"8","W  ",,7,,,"8",,"8"
"252200120","LEGIONOWO                     ","2025","03","03","18",6.9,,,"8",,"W",,"8","W  ",,4,,,"8",,"8"
"252200120","LEGIONOWO                     ","2025","03","04","06",3.8,,,"8",,"W",,"8","WSW",,5,,,"8",,"8"
"252200120","LEGIONOWO                     ","2025","03","04","12",10.5,,,"8","W","W",,"8","W  ",,8,,,"8",,"8"
"252200120","LEGIONOWO                     ","2025","03","04","18",8.3,,,"8","W","W",,"8","WSW",,6,,,"8",,"8"
"252200120","LEGIONOWO                     ","2025","03","05","06",3.8,,,"8",,"W",,"8","WSW",,4,,,"8",,"8"
"252200120","LEGIONOWO                     ","2025","03","05","12",14.2,,,"8","W","W",,"8","WSW",,7,,,"8",,"8"
"252200120","LEGIONOWO                     ","2025","03","05","18",12.1,,,"8","W","W",,"8","WSW",,6,,,"8",,"8"
"252200120","LEGIONOWO                     ","2025","03","06","06",4.4,,,"8",,"W",,"8","WSW",,3,,,"8",,"8"
"252200120","LEGIONOWO                     ","2025","03","06","12",17.6,,,"8","W","W",,"8","WSW",,4,,,"8",,"8"
"252200120","LEGIONOWO                     ","2025","03","06","18",10.7,,,"8","W","W",,"8","SW ",,1,,,"8",,"8"
"252200120","LEGIONOWO                     ","2025","03","07","06",-0.3,,,"8",,"W",,"8","SSW",,1,,,"8",,"8"
"252200120","LEGIONOWO                     ","2025","03","07","12",14.9,,,"8","W","W",,"8","SSW",,1,,,"8",,"8"
"252200120","LEGIONOWO                     ","2025","03","07","18",9.8,,,"8","W","W",,"8","E  ",,2,,,"8",,"8"
"252200120","LEGIONOWO                     ","2025","03","08","06",-0.6,,,"8",,"W",,"8","ENE",,2,,,"8",,"8"
"252200120","LEGIONOWO                     ","2025","03","08","12",18.1,,,"8","W","W",,"8","ENE",,1,,,"8",,"8"
"252200120","LEGIONOWO                     ","2025","03","08","18",10.7,,,"8","W","W",,"8","ENE",,2,,,"8",,"8"
"252200120","LEGIONOWO                     ","2025","03","09","06",1.9,,,"8",,"W",,"8","ENE",,2,,,"8",,"8"
"252200120","LEGIONOWO                     ","2025","03","09","12",16.0,,,"8","W","W",,"8","E  ",,2,,,"8",,"8"
"252200120","LEGIONOWO                     ","2025","03","09","18",11.6,,,"8","W","W",,"8","E  ",,2,,,"8",,"8"
"252200120","LEGIONOWO                     ","2025","03","10","06",2.9,,,"8",,"W",,"8","E  ",,2,,,"8",,"8"
"252200120","LEGIONOWO                     ","2025","03","10","12",20.9,,,"8","W","W",,"8","S  ",,3,,,"8",,"8"
"252200120","LEGIONOWO                     ","2025","03","10","18",14.8,,,"8","W","W",,"8","SSE",,1,,,"8",,"8"
"252200120","LEGIONOWO                     ","2025","03","11","06",7.4,,,"8",,"W",,"8","WSW",,3,,,"8",,"8"
"252200120","LEGIONOWO                     ","2025","03","11","12",14.3,,,"8","W","W",,"8","WSW",,6,,,"8",,"8"
"252200120","LEGIONOWO                     ","2025","03","11","18",10.1,,,"8","W","W",,"8","WNW",,1,,,"8",,"8"
"252200120","LEGIONOWO                     ","2025","03","12","06",1.1,,,"8",,"W",,"8","ENE",,2,,,"8",,"8"
"252200120","LEGIONOWO                     ","2025","03","12","12",15.6,,,"8","W","W",,"8","S  ",,2,,,"8",,"8"
"252200120","LEGIONOWO                     ","2025","03","12","18",10.9,,,"8","W","W",,"8","E  ",,2,,,"8",,"8"
"252200120","LEGIONOWO                     ","2025","03","13","06",6.9,,,"8",,"W",,"8","E  ",,1,,,"8",,"8"
"252200120","LEGIONOWO                     ","2025","03","13","12",10.6,,,"8","W","W",,"8","NE ",,2,,,"8",,"8"
"252200120","LEGIONOWO                     ","2025","03","13","18",8.9,,,"8","W","W",,"8","W  ",,4,,,"8",,"8"
"252200120","LEGIONOWO                     ","2025","03","14","06",2.0,,,"8",,"W",,"8","W  ",,2,,,"8",,"8"
"252200120","LEGIONOWO                     ","2025","03","14","12",6.2,,,"8",,"W",,"8","NE ",,2,,,"8",,"8"
"252200120","LEGIONOWO                     ","2025","03","14","18",3.5,,,"8",,"W",,"8","E  ",,2,,,"8",,"8"
"252200120","LEGIONOWO                     ","2025","03","15","06",-0.3,,,"8",,"W",,"8","NE ",,3,,,"8",,"8"
"252200120","LEGIONOWO                     ","2025","03","15","12",6.7,,,"8",,"W",,"8","NE ",,2,,,"8",,"8"
"252200120","LEGIONOWO                     ","2025","03","15","18",1.8,,,"8",,"W",,"8","NE ",,1,,,"8",,"8"
"252200120","LEGIONOWO                     ","2025","03","16","06",-4.1,,,"8",,"W",,"8","C  ",,0,,,"8",,"8"
"252200120","LEGIONOWO                     ","2025","03","16","12",8.1,,,"8","W","W",,"8","W  ",,3,,,"8",,"8"
"252200120","LEGIONOWO                     ","2025","03","16","18",5.1,,,"8",,"W",,"8","W  ",,2,,,"8",,"8"
"252200120","LEGIONOWO                     ","2025","03","17","06",-0.8,,,"8",,"W",,"8","NNE",,3,,,"8",,"8"
"252200120","LEGIONOWO                     ","2025","03","17","12",4.2,,,"8",,"W",,"8","NE ",,4,,,"8",,"8"
"252200120","LEGIONOWO                     ","2025","03","17","18",0.3,,,"8",,"W",,"8","N  ",,2,,,"8",,"8"
"252200120","LEGIONOWO                     ","2025","03","18","06",-2.9,,,"8",,"W",,"8","WSW",,4,,,"8",,"8"
"252200120","LEGIONOWO                     ","2025","03","18","12",6.8,,,"8",,"W",,"8","WNW",,6,,,"8",,"8"
"252200120","LEGIONOWO                     ","2025","03","18","18",4.4,,,"8",,"W",,"8","W  ",,2,,,"8",,"8"
"252200120","LEGIONOWO                     ","2025","03","19","06",-0.8,,,"8",,"W",,"8","WSW",,3,,,"8",,"8"
"252200120","LEGIONOWO                     ","2025","03","19","12",9.7,,,"8","W","W",,"8","W  ",,4,,,"8",,"8"
"252200120","LEGIONOWO                     ","2025","03","19","18",6.2,,,"8",,"W",,"8","SW ",,2,,,"8",,"8"
"252200120","LEGIONOWO                     ","2025","03","20","06",-1.0,,,"8",,"W",,"8","SSW",,1,,,"8",,"8"
"252200120","LEGIONOWO                     ","2025","03","20","12",13.8,,,"8","W","W",,"8","SW ",,3,,,"8",,"8"
"252200120","LEGIONOWO                     ","2025","03","20","18",8.5,,,"8","W","W",,"8","SSW",,1,,,"8",,"8"
"252200120","LEGIONOWO                     ","2025","03","21","06",-0.4,,,"8",,"W",,"8","S  ",,1,,,"8",,"8"
"252200120","LEGIONOWO                     ","2025","03","21","12",16.5,,,"8","W","W",,"8","W  ",,2,,,"8",,"8"
"252200120","LEGIONOWO                     ","2025","03","21","18",10.6,,,"8","W","W",,"8","N  ",,1,,,"8",,"8"
"252200120","LEGIONOWO                     ","2025","03","22","06",2.5,,,"8",,"W",,"8","NE ",,3,,,"8",,"8"
"252200120","LEGIONOWO                     ","2025","03","22","12",14.3,,,"8","W","W",,"8","E  ",,5,,,"8",,"8"
"252200120","LEGIONOWO                     ","2025","03","22","18",10.7,,,"8","W","W",,"8","ENE",,4,,,"8",,"8"
"252200120","LEGIONOWO                     ","2025","03","23","06",5.2,,,"8",,"W",,"8","ENE",,4,,,"8",,"8"
"252200120","LEGIONOWO                     ","2025","03","23","12",14.8,,,"8","W","W",,"8","E  ",,5,,,"8",,"8"
"252200120","LEGIONOWO                     ","2025","03","23","18",8.7,,,"8","W","W",,"8","ESE",,3,,,"8",,"8"
"252200120","LEGIONOWO                     ","2025","03","24","06",4.7,,,"8",,"W",,"8","NNE",,2,,,"8",,"8"
"252200120","LEGIONOWO                     ","2025","03","24","12",7.1,,,"8",,"W",,"8","N  ",,2,,,"8",,"8"
"252200120","LEGIONOWO                     ","2025","03","24","18",5.5,,,"8",,"W",,"8","SE ",,1,,,"8",,"8"
"252200120","LEGIONOWO                     ","2025","03","25","06",-0.7,,,"8",,"W",,"8","SSW",,1,,,"8",,"8"
"252200120","LEGIONOWO                     ","2025","03","25","12",12.4,,,"8","W","W",,"8","W  ",,2,,,"8",,"8"
"252200120","LEGIONOWO                     ","2025","03","25","18",8.7,,,"8","W","W",,"8","SSW",,2,,,"8",,"8"
"252200120","LEGIONOWO                     ","2025","03","26","06",3.8,,,"8",,"W",,"8","SSW",,1,,,"8",,"8"
"252200120","LEGIONOWO                     ","2025","03","26","12",12.2,,,"8","W","W",,"8","NW ",,3,,,"8",,"8"
"252200120","LEGIONOWO                     ","2025","03","26","18",11.0,,,"8","W","W",,"8","W  ",,2,,,"8",,"8"
"252200120","LEGIONOWO                     ","2025","03","27","06",6.7,,,"8",,"W",,"8","N  ",,2,,,"8",,"8"
"252200120","LEGIONOWO                     ","2025","03","27","12",8.2,,,"8","W","W",,"8","WNW",,2,,,"8",,"8"
"252200120","LEGIONOWO                     ","2025","03","27","18",6.9,,,"8",,"W",,"8","C  ",,0,,,"8",,"8"
"252200120","LEGIONOWO                     ","2025","03","28","06",-0.3,,,"8",,"W",,"8","E  ",,1,,,"8",,"8"
"252200120","LEGIONOWO                     ","2025","03","28","12",14.2,,,"8","W","W",,"8","E  ",,2,,,"8",,"8"
"252200120","LEGIONOWO                     ","2025","03","28","18",9.1,,,"8","W","W",,"8","E  ",,1,,,"8",,"8"
"252200120","LEGIONOWO                     ","2025","03","29","06",5.9,,,"8",,"W",,"8","ENE",,3,,,"8",,"8"
"252200120","LEGIONOWO                     ","2025","03","29","12",17.6,,,"8","W","W",,"8","SE ",,3,,,"8",,"8"
"252200120","LEGIONOWO                     ","2025","03","29","18",12.2,,,"8","W","W",,"8","E  ",,1,,,"8",,"8"
"252200120","LEGIONOWO                     ","2025","03","30","06",4.5,,,"8",,"W",,"8","SE ",,1,,,"8",,"8"
"252200120","LEGIONOWO                     ","2025","03","30","12",15.6,,,"8","W","W",,"8","SSW",,3,,,"8",,"8"
"252200120","LEGIONOWO                     ","2025","03","30","18",9.4,,,"8","W","W",,"8","NW ",,1,,,"8",,"8"
"252200120","LEGIONOWO                     ","2025","03","31","06",5.3,,,"8",,"W",,"8","NW ",,1,,,"8",,"8"
"252200120","LEGIONOWO                     ","2025","03","31","12",13.4,,,"8","W","W",,"8","NNE",,2,,,"8",,"8"
"252200120","LEGIONOWO                     ","2025","03","31","18",8.1,,,"8","W","W",,"8","N  ",,2,,,"8",,"8"
"252200230","WARSZAWA-FILTRY               ","2025","03","01","06",2.4,,,"8",,"W",,"8","SSW",,2,,8,,6,
"252200230","WARSZAWA-FILTRY               ","2025","03","01","12",1.9,,,"8",,"W",,"8","WSW",,4,,8,,6,
"252200230","WARSZAWA-FILTRY               ","2025","03","01","18",1.5,,,"8",,"W",,"8","W  ",,3,,8,,6,
"252200230","WARSZAWA-FILTRY               ","2025","03","02","06",0.0,,,"8",,"W",,"8","W  ",,5,,8,,6,
"252200230","WARSZAWA-FILTRY               ","2025","03","02","12",2.1,,,"8",,"W",,"8","WSW",,6,,8,,6,
"252200230","WARSZAWA-FILTRY               ","2025","03","02","18",2.6,,,"8",,"W",,"8","WSW",,6,,8,,6,
"252200230","WARSZAWA-FILTRY               ","2025","03","03","06",3.0,,,"8",,"W",,"8","WSW",,6,,8,,7,
"252200230","WARSZAWA-FILTRY               ","2025","03","03","12",7.6,,,"8",,"W",,"8","WSW",,10,,4,,7,
"252200230","WARSZAWA-FILTRY               ","2025","03","03","18",6.3,,,"8",,"W",,"8","WSW",,6,,6,,7,
"252200230","WARSZAWA-FILTRY               ","2025","03","04","06",3.2,,,"8",,"W",,"8","WSW",,5,,3,,7,
"252200230","WARSZAWA-FILTRY               ","2025","03","04","12",10.7,,,"8","W","W",,"8","WSW",,9,,2,,7,
"252200230","WARSZAWA-FILTRY               ","2025","03","04","18",7.7,,,"8",,"W",,"8","SW ",,7,,2,,7,
"252200230","WARSZAWA-FILTRY               ","2025","03","05","06",4.2,,,"8",,"W",,"8","SW ",,4,,1,,8,
"252200230","WARSZAWA-FILTRY               ","2025","03","05","12",14.5,,,"8","W","W",,"8","SW ",,9,,3,,8,
"252200230","WARSZAWA-FILTRY               ","2025","03","05","18",12.0,,,"8","W","W",,"8","SW ",,6,,5,,7,
"252200230","WARSZAWA-FILTRY               ","2025","03","06","06",6.8,,,"8",,"W",,"8","SW ",,2,,0,,8,
"252200230","WARSZAWA-FILTRY               ","2025","03","06","12",18.4,,,"8","W","W",,"8","WSW",,4,,0,,8,
"252200230","WARSZAWA-FILTRY               ","2025","03","06","18",9.6,,,"8","W","W",,"8","W  ",,1,,5,,7,
"252200230","WARSZAWA-FILTRY               ","2025","03","07","06",3.2,,,"8",,"W",,"8","C  ",,0,,4,,8,
"252200230","WARSZAWA-FILTRY               ","2025","03","07","12",15.2,,,"8","W","W",,"8","SE ",,1,,6,,8,
"252200230","WARSZAWA-FILTRY               ","2025","03","07","18",7.7,,,"8",,"W",,"8","E  ",,1,,5,,7,
"252200230","WARSZAWA-FILTRY               ","2025","03","08","06",3.3,,,"8",,"W",,"8","E  ",,2,,5,,8,
"252200230","WARSZAWA-FILTRY               ","2025","03","08","12",18.6,,,"8","W","W",,"8","N  ",,2,,1,,8,
"252200230","WARSZAWA-FILTRY               ","2025","03","08","18",13.3,,,"8","W","W",,"8","NE ",,2,,3,,8,
"252200230","WARSZAWA-FILTRY               ","2025","03","09","06",6.8,,,"8",,"W",,"8","ENE",,2,,6,,8,
"252200230","WARSZAWA-FILTRY               ","2025","03","09","12",16.5,,,"8","W","W",,"8","ESE",,2,,6,,8,
"252200230","WARSZAWA-FILTRY               ","2025","03","09","18",14.0,,,"8","W","W",,"8","E  ",,3,,7,,7,
"252200230","WARSZAWA-FILTRY               ","2025","03","10","06",6.1,,,"8",,"W",,"8","E  ",,2,,2,,8,
"252200230","WARSZAWA-FILTRY               ","2025","03","10","12",20.7,,,"8","W","W",,"8","SSE",,3,,3,,8,
"252200230","WARSZAWA-FILTRY               ","2025","03","10","18",14.6,,,"8","W","W",,"8","E  ",,2,,6,,8,
"252200230","WARSZAWA-FILTRY               ","2025","03","11","06",8.5,,,"8","W","W",,"8","WSW",,5,,3,,7,
"252200230","WARSZAWA-FILTRY               ","2025","03","11","12",14.5,,,"8","W","W",,"8","SW ",,5,,3,,7,
"252200230","WARSZAWA-FILTRY               ","2025","03","11","18",9.9,,,"8","W","W",,"8","SW ",,1,,4,,8,
"252200230","WARSZAWA-FILTRY               ","2025","03","12","06",5.3,,,"8",,"W",,"8","C  ",,0,,8,,6,
"252200230","WARSZAWA-FILTRY               ","2025","03","12","12",16.1,,,"8","W","W",,"8","SSE",,2,,4,,7,
"252200230","WARSZAWA-FILTRY               ","2025","03","12","18",13.1,,,"8","W","W",,"8","E  ",,2,,6,,7,
"252200230","WARSZAWA-FILTRY               ","2025","03","13","06",8.0,,,"8",,"W",,"8","ESE",,2,,8,,7,
"252200230","WARSZAWA-FILTRY               ","2025","03","13","12",10.6,,,"8","W","W",,"8","N  ",,1,,8,,6,
"252200230","WARSZAWA-FILTRY               ","2025","03","13","18",9.1,,,"8","W","W",,"8","SW ",,6,,8,,6,
"252200230","WARSZAWA-FILTRY               ","2025","03","14","06",2.1,,,"8",,"W",,"8","WSW",,4,,7,,7,
"252200230","WARSZAWA-FILTRY               ","2025","03","14","12",6.8,,,"8",,"W",,"8","ENE",,2,,8,,7,
"252200230","WARSZAWA-FILTRY               ","2025","03","14","18",4.0,,,"8",,"W",,"8","NE ",,2,,8,,7,
"252200230","WARSZAWA-FILTRY               ","2025","03","15","06",0.4,,,"8",,"W",,"8","NNE",,2,,0,,8,
"252200230","WARSZAWA-FILTRY               ","2025","03","15","12",6.2,,,"8",,"W",,"8","E  ",,3,,2,,8,
"252200230","WARSZAWA-FILTRY               ","2025","03","15","18",4.7,,,"8",,"W",,"8","NE ",,2,,3,,8,
"252200230","WARSZAWA-FILTRY               ","2025","03","16","06",-0.5,,,"8",,"W",,"8","SSE",,1,,0,,8,
"252200230","WARSZAWA-FILTRY               ","2025","03","16","12",8.1,,,"8","W","W",,"8","WSW",,4,,0,,8,
"252200230","WARSZAWA-FILTRY               ","2025","03","16","18",5.9,,,"8",,"W",,"8","WSW",,4,,6,,8,
"252200230","WARSZAWA-FILTRY               ","2025","03","17","06",-0.8,,,"8",,"W",,"8","NW ",,4,,6,,8,
"252200230","WARSZAWA-FILTRY               ","2025","03","17","12",3.2,,,"8",,"W",,"8","NNE",,5,,6,,8,
"252200230","WARSZAWA-FILTRY               ","2025","03","17","18",0.8,,,"8",,"W",,"8","NW ",,3,,4,,8,
"252200230","WARSZAWA-FILTRY               ","2025","03","18","06",-2.4,,,"8",,"W",,"8","SW ",,5,,3,,8,
"252200230","WARSZAWA-FILTRY               ","2025","03","18","12",6.2,,,"8",,"W",,"8","WSW",,8,,6,,8,
"252200230","WARSZAWA-FILTRY               ","2025","03","18","18",4.4,,,"8",,"W",,"8","WSW",,5,,0,,8,
"252200230","WARSZAWA-FILTRY               ","2025","03","19","06",0.3,,,"8",,"W",,"8","WSW",,3,,2,,8,
"252200230","WARSZAWA-FILTRY               ","2025","03","19","12",9.7,,,"8","W","W",,"8","WSW",,6,,1,,8,
"252200230","WARSZAWA-FILTRY               ","2025","03","19","18",6.3,,,"8",,"W",,"8","SW ",,2,,1,,8,
"252200230","WARSZAWA-FILTRY               ","2025","03","20","06",2.0,,,"8",,"W",,"8","SSE",,1,,1,,8,
"252200230","WARSZAWA-FILTRY               ","2025","03","20","12",13.5,,,"8","W","W",,"8","SSW",,3,,0,,8,
"252200230","WARSZAWA-FILTRY               ","2025","03","20","18",8.0,,,"8",,"W",,"8","S  ",,1,,0,,8,
"252200230","WARSZAWA-FILTRY               ","2025","03","21","06",3.3,,,"8",,"W",,"8","C  ",,0,,6,,8,
"252200230","WARSZAWA-FILTRY               ","2025","03","21","12",16.0,,,"8","W","W",,"8","WSW",,4,,2,,8,
"252200230","WARSZAWA-FILTRY               ","2025","03","21","18",12.0,,,"8","W","W",,"8","NNE",,1,,3,,7,
"252200230","WARSZAWA-FILTRY               ","2025","03","22","06",3.0,,,"8",,"W",,"8","NNE",,3,,3,,7,
"252200230","WARSZAWA-FILTRY               ","2025","03","22","12",14.9,,,"8","W","W",,"8","ENE",,5,,2,,8,
"252200230","WARSZAWA-FILTRY               ","2025","03","22","18",11.4,,,"8","W","W",,"8","ENE",,5,,3,,8,
"252200230","WARSZAWA-FILTRY               ","2025","03","23","06",5.9,,,"8",,"W",,"8","ENE",,5,,7,,7,
"252200230","WARSZAWA-FILTRY               ","2025","03","23","12",14.4,,,"8","W","W",,"8","ENE",,6,,3,,8,
"252200230","WARSZAWA-FILTRY               ","2025","03","23","18",6.9,,,"8",,"W",,"8","E  ",,4,,8,,6,
"252200230","WARSZAWA-FILTRY               ","2025","03","24","06",5.0,,,"8",,"W",,"8","NNW",,2,,8,,6,
"252200230","WARSZAWA-FILTRY               ","2025","03","24","12",6.8,,,"8",,"W",,"8","NW ",,3,,8,,7,
"252200230","WARSZAWA-FILTRY               ","2025","03","24","18",6.9,,,"8",,"W",,"8","NW ",,3,,7,,7,
"252200230","WARSZAWA-FILTRY               ","2025","03","25","06",1.3,,,"8",,"W",,"8","SSE",,1,,8,,5,
"252200230","WARSZAWA-FILTRY               ","2025","03","25","12",12.8,,,"8","W","W",,"8","WSW",,3,,8,,7,
"252200230","WARSZAWA-FILTRY               ","2025","03","25","18",8.4,,,"8","W","W",,"8","S  ",,1,,8,,7,
"252200230","WARSZAWA-FILTRY               ","2025","03","26","06",5.8,,,"8",,"W",,"8","S  ",,1,,4,,8,
"252200230","WARSZAWA-FILTRY               ","2025","03","26","12",13.9,,,"8","W","W",,"8","W  ",,2,,8,,8,
"252200230","WARSZAWA-FILTRY               ","2025","03","26","18",10.9,,,"8","W","W",,"8","WSW",,3,,8,,7,
"252200230","WARSZAWA-FILTRY               ","2025","03","27","06",7.0,,,"8",,"W",,"8","W  ",,3,,8,,7,
"252200230","WARSZAWA-FILTRY               ","2025","03","27","12",8.8,,,"8","W","W",,"8","WSW",,4,,8,,8,
"252200230","WARSZAWA-FILTRY               ","2025","03","27","18",8.0,,,"8",,"W",,"8","WSW",,1,,8,,7,
"252200230","WARSZAWA-FILTRY               ","2025","03","28","06",4.6,,,"8",,"W",,"8","E  ",,2,,1,,8,
"252200230","WARSZAWA-FILTRY               ","2025","03","28","12",13.4,,,"8","W","W",,"8","NE ",,2,,1,,8,
"252200230","WARSZAWA-FILTRY               ","2025","03","28","18",11.3,,,"8","W","W",,"8","E  ",,2,,0,,8,
"252200230","WARSZAWA-FILTRY               ","2025","03","29","06",8.0,,,"8",,"W",,"8","ENE",,3,,1,,8,
"252200230","WARSZAWA-FILTRY               ","2025","03","29","12",17.0,,,"8","W","W",,"8","ENE",,5,,2,,8,
"252200230","WARSZAWA-FILTRY               ","2025","03","29","18",13.1,,,"8","W","W",,"8","E  ",,2,,4,,8,
"252200230","WARSZAWA-FILTRY               ","2025","03","30","06",8.1,,,"8","W","W",,"8","ESE",,1,,2,,8,
"252200230","WARSZAWA-FILTRY               ","2025","03","30","12",15.8,,,"8","W","W",,"8","S  ",,2,,2,,8,
"252200230","WARSZAWA-FILTRY               ","2025","03","30","18",9.9,,,"8","W","W",,"8","W  ",,4,,8,,7,
"252200230","WARSZAWA-FILTRY               ","2025","03","31","06",6.3,,,"8",,"W",,"8","WSW",,2,,8,,6,
"252200230","WARSZAWA-FILTRY               ","2025","03","31","12",12.1,,,"8","W","W",,"8","NNW",,5,,6,,7,
"252200230","WARSZAWA-FILTRY               ","2025","03","31","18",8.6,,,"8","W","W",,"8","NW ",,4,,8,,7,
"252210050","PU£TUSK                       ","2025","03","01","06",2.4,,,"8",,"W",,"8","SSE",,2,,,"8",,"8"
"252210050","PU£TUSK                       ","2025","03","01","12",1.9,,,"8",,"W",,"8","SSW",,3,,,"8",,"8"
"252210050","PU£TUSK                       ","2025","03","01","18",2.2,,,"8",,"W",,"8","SSW",,3,,,"8",,"8"
"252210050","PU£TUSK                       ","2025","03","02","06",0.0,,,"8",,"W",,"8","SSW",,3,,,"8",,"8"
"252210050","PU£TUSK                       ","2025","03","02","12",2.8,,,"8",,"W",,"8","S  ",,5,,,"8",,"8"
"252210050","PU£TUSK                       ","2025","03","02","18",2.3,,,"8",,"W",,"8","SSE",,4,,,"8",,"8"
"252210050","PU£TUSK                       ","2025","03","03","06",3.6,,,"8",,"W",,"8","S  ",,4,,,"8",,"8"
"252210050","PU£TUSK                       ","2025","03","03","12",7.7,,,"8",,"W",,"8","S  ",,7,,,"8",,"8"
"252210050","PU£TUSK                       ","2025","03","03","18",6.3,,,"8",,"W",,"8","S  ",,5,,,"8",,"8"
"252210050","PU£TUSK                       ","2025","03","04","06",5.3,,,"8",,"W",,"8","S  ",,5,,,"8",,"8"
"252210050","PU£TUSK                       ","2025","03","04","12",9.2,,,"8","W","W",,"8","S  ",,7,,,"8",,"8"
"252210050","PU£TUSK                       ","2025","03","04","18",7.6,,,"8",,"W",,"8","S  ",,4,,,"8",,"8"
"252210050","PU£TUSK                       ","2025","03","05","06",2.6,,,"8",,"W",,"8","SSE",,2,,,"8",,"8"
"252210050","PU£TUSK                       ","2025","03","05","12",13.1,,,"8","W","W",,"8","S  ",,6,,,"8",,"8"
"252210050","PU£TUSK                       ","2025","03","05","18",9.4,,,"8","W","W",,"8","SSE",,3,,,"8",,"8"
"252210050","PU£TUSK                       ","2025","03","06","06",3.9,,,"8",,"W",,"8","C  ",,0,,,"8",,"8"
"252210050","PU£TUSK                       ","2025","03","06","12",17.4,,,"8","W","W",,"8","SSE",,1,,,"8",,"8"
"252210050","PU£TUSK                       ","2025","03","06","18",11.6,,,"8","W","W",,"8","SE ",,2,,,"8",,"8"
"252210050","PU£TUSK                       ","2025","03","07","06",-0.1,,,"8",,"W",,"8","ESE",,1,,,"8",,"8"
"252210050","PU£TUSK                       ","2025","03","07","12",15.4,,,"8","W","W",,"8","ESE",,1,,,"8",,"8"
"252210050","PU£TUSK                       ","2025","03","07","18",8.1,,,"8","W","W",,"8","C  ",,0,,,"8",,"8"
"252210050","PU£TUSK                       ","2025","03","08","06",-1.1,,,"8",,"W",,"8","C  ",,0,,,"8",,"8"
"252210050","PU£TUSK                       ","2025","03","08","12",18.3,,,"8","W","W",,"8","E  ",,1,,,"8",,"8"
"252210050","PU£TUSK                       ","2025","03","08","18",10.3,,,"8","W","W",,"8","C  ",,0,,,"8",,"8"
"252210050","PU£TUSK                       ","2025","03","09","06",1.9,,,"8",,"W",,"8","C  ",,0,,,"8",,"8"
"252210050","PU£TUSK                       ","2025","03","09","12",16.3,,,"8","W","W",,"8","ENE",,2,,,"8",,"8"
"252210050","PU£TUSK                       ","2025","03","09","18",10.4,,,"8","W","W",,"8","C  ",,0,,,"8",,"8"
"252210050","PU£TUSK                       ","2025","03","10","06",0.4,,,"8",,"W",,"8","C  ",,0,,,"8",,"8"
"252210050","PU£TUSK                       ","2025","03","10","12",19.5,,,"8","W","W",,"8","E  ",,3,,,"8",,"8"
"252210050","PU£TUSK                       ","2025","03","10","18",12.9,,,"8","W","W",,"8","C  ",,0,,,"8",,"8"
"252210050","PU£TUSK                       ","2025","03","11","06",6.1,,,"8",,"W",,"8","S  ",,1,,,"8",,"8"
"252210050","PU£TUSK                       ","2025","03","11","12",14.0,,,"8","W","W",,"8","S  ",,5,,,"8",,"8"
"252210050","PU£TUSK                       ","2025","03","11","18",7.1,,,"8",,"W",,"8","SSW",,1,,,"8",,"8"
"252210050","PU£TUSK                       ","2025","03","12","06",-0.1,,,"8",,"W",,"8","E  ",,1,,,"8",,"8"
"252210050","PU£TUSK                       ","2025","03","12","12",12.6,,,"8","W","W",,"8","C  ",,0,,,"8",,"8"
"252210050","PU£TUSK                       ","2025","03","12","18",8.8,,,"8","W","W",,"8","ENE",,2,,,"8",,"8"
"252210050","PU£TUSK                       ","2025","03","13","06",7.1,,,"8",,"W",,"8","C  ",,0,,,"8",,"8"
"252210050","PU£TUSK                       ","2025","03","13","12",9.9,,,"8","W","W",,"8","C  ",,0,,,"8",,"8"
"252210050","PU£TUSK                       ","2025","03","13","18",8.6,,,"8","W","W",,"8","SW ",,4,,,"8",,"8"
"252210050","PU£TUSK                       ","2025","03","14","06",1.9,,,"8",,"W",,"8","SSW",,3,,,"8",,"8"
"252210050","PU£TUSK                       ","2025","03","14","12",5.4,,,"8",,"W",,"8","WSW",,2,,,"8",,"8"
"252210050","PU£TUSK                       ","2025","03","14","18",3.9,,,"8",,"W",,"8","C  ",,0,,,"8",,"8"
"252210050","PU£TUSK                       ","2025","03","15","06",-1.1,,,"8",,"W",,"8","NNE",,1,,,"8",,"8"
"252210050","PU£TUSK                       ","2025","03","15","12",7.2,,,"8",,"W",,"8","NE ",,2,,,"8",,"8"
"252210050","PU£TUSK                       ","2025","03","15","18",2.0,,,"8",,"W",,"8","C  ",,0,,,"8",,"8"
"252210050","PU£TUSK                       ","2025","03","16","06",-4.2,,,"8",,"W",,"8","C  ",,0,,,"8",,"8"
"252210050","PU£TUSK                       ","2025","03","16","12",8.1,,,"8","W","W",,"8","S  ",,4,,,"8",,"8"
"252210050","PU£TUSK                       ","2025","03","16","18",2.7,,,"8",,"W",,"8","SSW",,2,,,"8",,"8"
"252210050","PU£TUSK                       ","2025","03","17","06",-1.5,,,"8",,"W",,"8","W  ",,3,,,"8",,"8"
"252210050","PU£TUSK                       ","2025","03","17","12",5.2,,,"8",,"W",,"8","NNW",,2,,,"8",,"8"
"252210050","PU£TUSK                       ","2025","03","17","18",-0.8,,,"8",,"W",,"8","WSW",,1,,,"8",,"8"
"252210050","PU£TUSK                       ","2025","03","18","06",-2.0,,,"8",,"W",,"8","S  ",,6,,,"8",,"8"
"252210050","PU£TUSK                       ","2025","03","18","12",5.7,,,"8",,"W",,"8","SW ",,4,,,"8",,"8"
"252210050","PU£TUSK                       ","2025","03","18","18",3.1,,,"8",,"W",,"8","SSW",,3,,,"8",,"8"
"252210050","PU£TUSK                       ","2025","03","19","06",-0.6,,,"8",,"W",,"8","SSW",,1,,,"8",,"8"
"252210050","PU£TUSK                       ","2025","03","19","12",9.4,,,"8","W","W",,"8","SSW",,5,,,"8",,"8"
"252210050","PU£TUSK                       ","2025","03","19","18",4.4,,,"8",,"W",,"8","SSE",,1,,,"8",,"8"
"252210050","PU£TUSK                       ","2025","03","20","06",-1.9,,,"8",,"W",,"8","ESE",,1,,,"8",,"8"
"252210050","PU£TUSK                       ","2025","03","20","12",13.0,,,"8","W","W",,"8","S  ",,3,,,"8",,"8"
"252210050","PU£TUSK                       ","2025","03","20","18",6.9,,,"8",,"W",,"8","C  ",,0,,,"8",,"8"
"252210050","PU£TUSK                       ","2025","03","21","06",-0.5,,,"8",,"W",,"8","ESE",,1,,,"8",,"8"
"252210050","PU£TUSK                       ","2025","03","21","12",15.7,,,"8","W","W",,"8","SSW",,1,,,"8",,"8"
"252210050","PU£TUSK                       ","2025","03","21","18",9.9,,,"8","W","W",,"8","C  ",,0,,,"8",,"8"
"252210050","PU£TUSK                       ","2025","03","22","06",1.6,,,"8",,"W",,"8","NE ",,1,,,"8",,"8"
"252210050","PU£TUSK                       ","2025","03","22","12",14.1,,,"8","W","W",,"8","ENE",,6,,,"8",,"8"
"252210050","PU£TUSK                       ","2025","03","22","18",10.2,,,"8","W","W",,"8","ENE",,4,,,"8",,"8"
"252210050","PU£TUSK                       ","2025","03","23","06",4.6,,,"8",,"W",,"8","ENE",,4,,,"8",,"8"
"252210050","PU£TUSK                       ","2025","03","23","12",14.0,,,"8","W","W",,"8","ENE",,6,,,"8",,"8"
"252210050","PU£TUSK                       ","2025","03","23","18",10.3,,,"8","W","W",,"8","ENE",,5,,,"8",,"8"
"252210050","PU£TUSK                       ","2025","03","24","06",4.0,,,"8",,"W",,"8","N  ",,1,,,"8",,"8"
"252210050","PU£TUSK                       ","2025","03","24","12",6.9,,,"8",,"W",,"8","SW ",,1,,,"8",,"8"
"252210050","PU£TUSK                       ","2025","03","24","18",4.5,,,"8",,"W",,"8","C  ",,0,,,"8",,"8"
"252210050","PU£TUSK                       ","2025","03","25","06",-1.0,,,"8",,"W",,"8","C  ",,0,,,"8",,"8"
"252210050","PU£TUSK                       ","2025","03","25","12",12.0,,,"8","W","W",,"8","SSW",,2,,,"8",,"8"
"252210050","PU£TUSK                       ","2025","03","25","18",9.5,,,"8","W","W",,"8","SSE",,2,,,"8",,"8"
"252210050","PU£TUSK                       ","2025","03","26","06",4.2,,,"8",,"W",,"8","C  ",,0,,,"8",,"8"
"252210050","PU£TUSK                       ","2025","03","26","12",11.9,,,"8","W","W",,"8","SSW",,3,,,"8",,"8"
"252210050","PU£TUSK                       ","2025","03","26","18",9.8,,,"8","W","W",,"8","WSW",,2,,,"8",,"8"
"252210050","PU£TUSK                       ","2025","03","27","06",5.9,,,"8",,"W",,"8","WSW",,2,,,"8",,"8"
"252210050","PU£TUSK                       ","2025","03","27","12",8.7,,,"8","W","W",,"8","W  ",,1,,,"8",,"8"
"252210050","PU£TUSK                       ","2025","03","27","18",5.8,,,"8",,"W",,"8","S  ",,1,,,"8",,"8"
"252210050","PU£TUSK                       ","2025","03","28","06",0.1,,,"8",,"W",,"8","C  ",,0,,,"8",,"8"
"252210050","PU£TUSK                       ","2025","03","28","12",13.8,,,"8","W","W",,"8","E  ",,3,,,"8",,"8"
"252210050","PU£TUSK                       ","2025","03","28","18",9.5,,,"8","W","W",,"8","NE ",,1,,,"8",,"8"
"252210050","PU£TUSK                       ","2025","03","29","06",5.4,,,"8",,"W",,"8","ENE",,1,,,"8",,"8"
"252210050","PU£TUSK                       ","2025","03","29","12",16.8,,,"8","W","W",,"8","ENE",,4,,,"8",,"8"
"252210050","PU£TUSK                       ","2025","03","29","18",11.3,,,"8","W","W",,"8","ENE",,2,,,"8",,"8"
"252210050","PU£TUSK                       ","2025","03","30","06",2.1,,,"8",,"W",,"8","C  ",,0,,,"8",,"8"
"252210050","PU£TUSK                       ","2025","03","30","12",15.5,,,"8","W","W",,"8","ESE",,3,,,"8",,"8"
"252210050","PU£TUSK                       ","2025","03","30","18",8.4,,,"8","W","W",,"8","SSW",,1,,,"8",,"8"
"252210050","PU£TUSK                       ","2025","03","31","06",4.8,,,"8",,"W",,"8","SSW",,1,,,"8",,"8"
"252210050","PU£TUSK                       ","2025","03","31","12",12.6,,,"8","W","W",,"8","W  ",,2,,,"8",,"8"
"252210050","PU£TUSK                       ","2025","03","31","18",7.5,,,"8",,"W",,"8","NW ",,2,,,"8",,"8"
"252210170","WARSZAWA-OBSERWATORIUM II     ","2025","03","01","06",2.3,,,"8",,"W",,"8",,"8",,"8",,"8",,"8"
"252210170","WARSZAWA-OBSERWATORIUM II     ","2025","03","01","12",1.8,,,"8",,"W",,"8",,"8",,"8",,"8",,"8"
"252210170","WARSZAWA-OBSERWATORIUM II     ","2025","03","01","18",1.7,,,"8",,"W",,"8",,"8",,"8",,"8",,"8"
"252210170","WARSZAWA-OBSERWATORIUM II     ","2025","03","02","06",-0.1,,,"8",,"W",,"8",,"8",,"8",,"8",,"8"
"252210170","WARSZAWA-OBSERWATORIUM II     ","2025","03","02","12",1.9,,,"8",,"W",,"8",,"8",,"8",,"8",,"8"
"252210170","WARSZAWA-OBSERWATORIUM II     ","2025","03","02","18",2.0,,,"8",,"W",,"8",,"8",,"8",,"8",,"8"
"252210170","WARSZAWA-OBSERWATORIUM II     ","2025","03","03","06",2.9,,,"8",,"W",,"8",,"8",,"8",,"8",,"8"
"252210170","WARSZAWA-OBSERWATORIUM II     ","2025","03","03","12",7.2,,,"8",,"W",,"8",,"8",,"8",,"8",,"8"
"252210170","WARSZAWA-OBSERWATORIUM II     ","2025","03","03","18",6.0,,,"8",,"W",,"8",,"8",,"8",,"8",,"8"
"252210170","WARSZAWA-OBSERWATORIUM II     ","2025","03","04","06",3.1,,,"8",,"W",,"8",,"8",,"8",,"8",,"8"
"252210170","WARSZAWA-OBSERWATORIUM II     ","2025","03","04","12",10.4,,,"8","W","W",,"8",,"8",,"8",,"8",,"8"
"252210170","WARSZAWA-OBSERWATORIUM II     ","2025","03","04","18",7.5,,,"8",,"W",,"8",,"8",,"8",,"8",,"8"
"252210170","WARSZAWA-OBSERWATORIUM II     ","2025","03","05","06",4.3,,,"8",,"W",,"8",,"8",,"8",,"8",,"8"
"252210170","WARSZAWA-OBSERWATORIUM II     ","2025","03","05","12",13.8,,,"8","W","W",,"8",,"8",,"8",,"8",,"8"
"252210170","WARSZAWA-OBSERWATORIUM II     ","2025","03","05","18",11.8,,,"8","W","W",,"8",,"8",,"8",,"8",,"8"
"252210170","WARSZAWA-OBSERWATORIUM II     ","2025","03","06","06",6.5,,,"8",,"W",,"8",,"8",,"8",,"8",,"8"
"252210170","WARSZAWA-OBSERWATORIUM II     ","2025","03","06","12",17.6,,,"8","W","W",,"8",,"8",,"8",,"8",,"8"
"252210170","WARSZAWA-OBSERWATORIUM II     ","2025","03","06","18",12.3,,,"8","W","W",,"8",,"8",,"8",,"8",,"8"
"252210170","WARSZAWA-OBSERWATORIUM II     ","2025","03","07","06",2.1,,,"8",,"W",,"8",,"8",,"8",,"8",,"8"
"252210170","WARSZAWA-OBSERWATORIUM II     ","2025","03","07","12",14.9,,,"8","W","W",,"8",,"8",,"8",,"8",,"8"
"252210170","WARSZAWA-OBSERWATORIUM II     ","2025","03","07","18",9.9,,,"8","W","W",,"8",,"8",,"8",,"8",,"8"
"252210170","WARSZAWA-OBSERWATORIUM II     ","2025","03","08","06",2.2,,,"8",,"W",,"8",,"8",,"8",,"8",,"8"
"252210170","WARSZAWA-OBSERWATORIUM II     ","2025","03","08","12",17.3,,,"8","W","W",,"8",,"8",,"8",,"8",,"8"
"252210170","WARSZAWA-OBSERWATORIUM II     ","2025","03","08","18",11.8,,,"8","W","W",,"8",,"8",,"8",,"8",,"8"
"252210170","WARSZAWA-OBSERWATORIUM II     ","2025","03","09","06",4.0,,,"8",,"W",,"8",,"8",,"8",,"8",,"8"
"252210170","WARSZAWA-OBSERWATORIUM II     ","2025","03","09","12",16.2,,,"8","W","W",,"8",,"8",,"8",,"8",,"8"
"252210170","WARSZAWA-OBSERWATORIUM II     ","2025","03","09","18",11.6,,,"8","W","W",,"8",,"8",,"8",,"8",,"8"
"252210170","WARSZAWA-OBSERWATORIUM II     ","2025","03","10","06",4.6,,,"8",,"W",,"8",,"8",,"8",,"8",,"8"
"252210170","WARSZAWA-OBSERWATORIUM II     ","2025","03","10","12",19.5,,,"8","W","W",,"8",,"8",,"8",,"8",,"8"
"252210170","WARSZAWA-OBSERWATORIUM II     ","2025","03","10","18",13.3,,,"8","W","W",,"8",,"8",,"8",,"8",,"8"
"252210170","WARSZAWA-OBSERWATORIUM II     ","2025","03","11","06",8.3,,,"8","W","W",,"8",,"8",,"8",,"8",,"8"
"252210170","WARSZAWA-OBSERWATORIUM II     ","2025","03","11","12",14.6,,,"8","W","W",,"8",,"8",,"8",,"8",,"8"
"252210170","WARSZAWA-OBSERWATORIUM II     ","2025","03","11","18",10.7,,,"8","W","W",,"8",,"8",,"8",,"8",,"8"
"252210170","WARSZAWA-OBSERWATORIUM II     ","2025","03","12","06",4.5,,,"8",,"W",,"8",,"8",,"8",,"8",,"8"
"252210170","WARSZAWA-OBSERWATORIUM II     ","2025","03","12","12",15.3,,,"8","W","W",,"8",,"8",,"8",,"8",,"8"
"252210170","WARSZAWA-OBSERWATORIUM II     ","2025","03","12","18",11.0,,,"8","W","W",,"8",,"8",,"8",,"8",,"8"
"252210170","WARSZAWA-OBSERWATORIUM II     ","2025","03","13","06",7.0,,,"8",,"W",,"8",,"8",,"8",,"8",,"8"
"252210170","WARSZAWA-OBSERWATORIUM II     ","2025","03","13","12",10.2,,,"8","W","W",,"8",,"8",,"8",,"8",,"8"
"252210170","WARSZAWA-OBSERWATORIUM II     ","2025","03","13","18",8.3,,,"8","W","W",,"8",,"8",,"8",,"8",,"8"
"252210170","WARSZAWA-OBSERWATORIUM II     ","2025","03","14","06",1.9,,,"8",,"W",,"8",,"8",,"8",,"8",,"8"
"252210170","WARSZAWA-OBSERWATORIUM II     ","2025","03","14","12",6.2,,,"8",,"W",,"8",,"8",,"8",,"8",,"8"
"252210170","WARSZAWA-OBSERWATORIUM II     ","2025","03","14","18",3.7,,,"8",,"W",,"8",,"8",,"8",,"8",,"8"
"252210170","WARSZAWA-OBSERWATORIUM II     ","2025","03","15","06",-0.3,,,"8",,"W",,"8",,"8",,"8",,"8",,"8"
"252210170","WARSZAWA-OBSERWATORIUM II     ","2025","03","15","12",5.9,,,"8",,"W",,"8",,"8",,"8",,"8",,"8"
"252210170","WARSZAWA-OBSERWATORIUM II     ","2025","03","15","18",2.7,,,"8",,"W",,"8",,"8",,"8",,"8",,"8"
"252210170","WARSZAWA-OBSERWATORIUM II     ","2025","03","16","06",-1.7,,,"8",,"W",,"8",,"8",,"8",,"8",,"8"
"252210170","WARSZAWA-OBSERWATORIUM II     ","2025","03","16","12",7.0,,,"8",,"W",,"8",,"8",,"8",,"8",,"8"
"252210170","WARSZAWA-OBSERWATORIUM II     ","2025","03","16","18",5.4,,,"8",,"W",,"8",,"8",,"8",,"8",,"8"
"252210170","WARSZAWA-OBSERWATORIUM II     ","2025","03","17","06",-1.0,,,"8",,"W",,"8",,"8",,"8",,"8",,"8"
"252210170","WARSZAWA-OBSERWATORIUM II     ","2025","03","17","12",3.2,,,"8",,"W",,"8",,"8",,"8",,"8",,"8"
"252210170","WARSZAWA-OBSERWATORIUM II     ","2025","03","17","18",0.1,,,"8",,"W",,"8",,"8",,"8",,"8",,"8"
"252210170","WARSZAWA-OBSERWATORIUM II     ","2025","03","18","06",-2.0,,,"8",,"W",,"8",,"8",,"8",,"8",,"8"
"252210170","WARSZAWA-OBSERWATORIUM II     ","2025","03","18","12",6.1,,,"8",,"W",,"8",,"8",,"8",,"8",,"8"
"252210170","WARSZAWA-OBSERWATORIUM II     ","2025","03","18","18",4.1,,,"8",,"W",,"8",,"8",,"8",,"8",,"8"
"252210170","WARSZAWA-OBSERWATORIUM II     ","2025","03","19","06",0.6,,,"8",,"W",,"8",,"8",,"8",,"8",,"8"
"252210170","WARSZAWA-OBSERWATORIUM II     ","2025","03","19","12",9.3,,,"8","W","W",,"8",,"8",,"8",,"8",,"8"
"252210170","WARSZAWA-OBSERWATORIUM II     ","2025","03","19","18",5.7,,,"8",,"W",,"8",,"8",,"8",,"8",,"8"
"252210170","WARSZAWA-OBSERWATORIUM II     ","2025","03","20","06",-0.3,,,"8",,"W",,"8",,"8",,"8",,"8",,"8"
"252210170","WARSZAWA-OBSERWATORIUM II     ","2025","03","20","12",13.0,,,"8","W","W",,"8",,"8",,"8",,"8",,"8"
"252210170","WARSZAWA-OBSERWATORIUM II     ","2025","03","20","18",8.4,,,"8","W","W",,"8",,"8",,"8",,"8",,"8"
"252210170","WARSZAWA-OBSERWATORIUM II     ","2025","03","21","06",0.8,,,"8",,"W",,"8",,"8",,"8",,"8",,"8"
"252210170","WARSZAWA-OBSERWATORIUM II     ","2025","03","21","12",15.1,,,"8","W","W",,"8",,"8",,"8",,"8",,"8"
"252210170","WARSZAWA-OBSERWATORIUM II     ","2025","03","21","18",10.7,,,"8","W","W",,"8",,"8",,"8",,"8",,"8"
"252210170","WARSZAWA-OBSERWATORIUM II     ","2025","03","22","06",2.7,,,"8",,"W",,"8",,"8",,"8",,"8",,"8"
"252210170","WARSZAWA-OBSERWATORIUM II     ","2025","03","22","12",14.5,,,"8","W","W",,"8",,"8",,"8",,"8",,"8"
"252210170","WARSZAWA-OBSERWATORIUM II     ","2025","03","22","18",10.4,,,"8","W","W",,"8",,"8",,"8",,"8",,"8"
"252210170","WARSZAWA-OBSERWATORIUM II     ","2025","03","23","06",5.5,,,"8",,"W",,"8",,"8",,"8",,"8",,"8"
"252210170","WARSZAWA-OBSERWATORIUM II     ","2025","03","23","12",14.0,,,"8","W","W",,"8",,"8",,"8",,"8",,"8"
"252210170","WARSZAWA-OBSERWATORIUM II     ","2025","03","23","18",6.2,,,"8",,"W",,"8",,"8",,"8",,"8",,"8"
"252210170","WARSZAWA-OBSERWATORIUM II     ","2025","03","24","06",5.0,,,"8",,"W",,"8",,"8",,"8",,"8",,"8"
"252210170","WARSZAWA-OBSERWATORIUM II     ","2025","03","24","12",6.9,,,"8",,"W",,"8",,"8",,"8",,"8",,"8"
"252210170","WARSZAWA-OBSERWATORIUM II     ","2025","03","24","18",6.5,,,"8",,"W",,"8",,"8",,"8",,"8",,"8"
"252210170","WARSZAWA-OBSERWATORIUM II     ","2025","03","25","06",1.5,,,"8",,"W",,"8",,"8",,"8",,"8",,"8"
"252210170","WARSZAWA-OBSERWATORIUM II     ","2025","03","25","12",12.0,,,"8","W","W",,"8",,"8",,"8",,"8",,"8"
"252210170","WARSZAWA-OBSERWATORIUM II     ","2025","03","25","18",9.0,,,"8","W","W",,"8",,"8",,"8",,"8",,"8"
"252210170","WARSZAWA-OBSERWATORIUM II     ","2025","03","26","06",4.8,,,"8",,"W",,"8",,"8",,"8",,"8",,"8"
"252210170","WARSZAWA-OBSERWATORIUM II     ","2025","03","26","12",13.6,,,"8","W","W",,"8",,"8",,"8",,"8",,"8"
"252210170","WARSZAWA-OBSERWATORIUM II     ","2025","03","26","18",10.5,,,"8","W","W",,"8",,"8",,"8",,"8",,"8"
"252210170","WARSZAWA-OBSERWATORIUM II     ","2025","03","27","06",7.0,,,"8",,"W",,"8",,"8",,"8",,"8",,"8"
"252210170","WARSZAWA-OBSERWATORIUM II     ","2025","03","27","12",8.7,,,"8","W","W",,"8",,"8",,"8",,"8",,"8"
"252210170","WARSZAWA-OBSERWATORIUM II     ","2025","03","27","18",7.7,,,"8",,"W",,"8",,"8",,"8",,"8",,"8"
"252210170","WARSZAWA-OBSERWATORIUM II     ","2025","03","28","06",2.3,,,"8",,"W",,"8",,"8",,"8",,"8",,"8"
"252210170","WARSZAWA-OBSERWATORIUM II     ","2025","03","28","12",13.1,,,"8","W","W",,"8",,"8",,"8",,"8",,"8"
"252210170","WARSZAWA-OBSERWATORIUM II     ","2025","03","28","18",9.3,,,"8","W","W",,"8",,"8",,"8",,"8",,"8"
"252210170","WARSZAWA-OBSERWATORIUM II     ","2025","03","29","06",7.5,,,"8",,"W",,"8",,"8",,"8",,"8",,"8"
"252210170","WARSZAWA-OBSERWATORIUM II     ","2025","03","29","12",16.3,,,"8","W","W",,"8",,"8",,"8",,"8",,"8"
"252210170","WARSZAWA-OBSERWATORIUM II     ","2025","03","29","18",10.9,,,"8","W","W",,"8",,"8",,"8",,"8",,"8"
"252210170","WARSZAWA-OBSERWATORIUM II     ","2025","03","30","06",3.6,,,"8",,"W",,"8",,"8",,"8",,"8",,"8"
"252210170","WARSZAWA-OBSERWATORIUM II     ","2025","03","30","12",14.8,,,"8","W","W",,"8",,"8",,"8",,"8",,"8"
"252210170","WARSZAWA-OBSERWATORIUM II     ","2025","03","30","18",9.3,,,"8","W","W",,"8",,"8",,"8",,"8",,"8"
"252210170","WARSZAWA-OBSERWATORIUM II     ","2025","03","31","06",7.0,,,"8",,"W",,"8",,"8",,"8",,"8",,"8"
"252210170","WARSZAWA-OBSERWATORIUM II     ","2025","03","31","12",12.6,,,"8","W","W",,"8",,"8",,"8",,"8",,"8"
"252210170","WARSZAWA-OBSERWATORIUM II     ","2025","03","31","18",8.2,,,"8","W","W",,"8",,"8",,"8",,"8",,"8"
"252220030","SZEPIETOWO                    ","2025","03","01","06",2.5,,,"8",,"U",,"8",,"8",,"8",8,,5,
"252220030","SZEPIETOWO                    ","2025","03","01","12",3.7,,,"8",,"U",,"8",,"8",,"8",8,,7,
"252220030","SZEPIETOWO                    ","2025","03","01","18",1.7,,,"8",,"U",,"8",,"8",,"8",8,,6,
"252220030","SZEPIETOWO                    ","2025","03","02","06",0.2,,,"8",,"U",,"8",,"8",,"8",8,,7,
"252220030","SZEPIETOWO                    ","2025","03","02","12",2.2,,,"8",,"U",,"8",,"8",,"8",8,,7,
"252220030","SZEPIETOWO                    ","2025","03","02","18",1.7,,,"8",,"U",,"8",,"8",,"8",8,,6,
"252220030","SZEPIETOWO                    ","2025","03","03","06",2.9,,,"8",,"U",,"8",,"8",,"8",8,,6,
"252220030","SZEPIETOWO                    ","2025","03","03","12",8.3,,,"8",,"U",,"8",,"8",,"8",4,,7,
"252220030","SZEPIETOWO                    ","2025","03","03","18",5.8,,,"8",,"U",,"8",,"8",,"8",8,,7,
"252220030","SZEPIETOWO                    ","2025","03","04","06",4.6,,,"8",,"U",,"8",,"8",,"8",5,,7,
"252220030","SZEPIETOWO                    ","2025","03","04","12",8.1,,,"8",,"U",,"8",,"8",,"8",4,,7,
"252220030","SZEPIETOWO                    ","2025","03","04","18",7.0,,,"8",,"U",,"8",,"8",,"8",4,,7,
"252220030","SZEPIETOWO                    ","2025","03","05","06",3.5,,,"8",,"U",,"8",,"8",,"8",6,,7,
"252220030","SZEPIETOWO                    ","2025","03","05","12",11.9,,,"8",,"U",,"8",,"8",,"8",4,,7,
"252220030","SZEPIETOWO                    ","2025","03","05","18",10.7,,,"8",,"U",,"8",,"8",,"8",5,,7,
"252220030","SZEPIETOWO                    ","2025","03","06","06",4.8,,,"8",,"U",,"8",,"8",,"8",4,,7,
"252220030","SZEPIETOWO                    ","2025","03","06","12",14.9,,,"8",,"U",,"8",,"8",,"8",2,,7,
"252220030","SZEPIETOWO                    ","2025","03","06","18",9.9,,,"8",,"U",,"8",,"8",,"8",1,,7,
"252220030","SZEPIETOWO                    ","2025","03","07","06",1.9,,,"8",,"U",,"8",,"8",,"8",3,,6,
"252220030","SZEPIETOWO                    ","2025","03","07","12",13.9,,,"8",,"U",,"8",,"8",,"8",8,,7,
"252220030","SZEPIETOWO                    ","2025","03","07","18",8.7,,,"8",,"U",,"8",,"8",,"8",3,,7,
"252220030","SZEPIETOWO                    ","2025","03","08","06",-0.6,,,"8",,"U",,"8",,"8",,"8",3,,5,
"252220030","SZEPIETOWO                    ","2025","03","08","12",15.5,,,"8",,"U",,"8",,"8",,"8",1,,7,
"252220030","SZEPIETOWO                    ","2025","03","08","18",8.3,,,"8",,"U",,"8",,"8",,"8",2,,7,
"252220030","SZEPIETOWO                    ","2025","03","09","06",1.0,,,"8",,"U",,"8",,"8",,"8",5,,6,
"252220030","SZEPIETOWO                    ","2025","03","09","12",14.9,,,"8",,"U",,"8",,"8",,"8",8,,7,
"252220030","SZEPIETOWO                    ","2025","03","09","18",9.3,,,"8",,"U",,"8",,"8",,"8",5,,7,
"252220030","SZEPIETOWO                    ","2025","03","10","06",3.1,,,"8",,"U",,"8",,"8",,"8",4,,6,
"252220030","SZEPIETOWO                    ","2025","03","10","12",15.3,,,"8",,"U",,"8",,"8",,"8",3,,7,
"252220030","SZEPIETOWO                    ","2025","03","10","18",12.3,,,"8",,"U",,"8",,"8",,"8",5,,6,
"252220030","SZEPIETOWO                    ","2025","03","11","06",7.9,,,"8",,"U",,"8",,"8",,"8",4,,6,
"252220030","SZEPIETOWO                    ","2025","03","11","12",14.5,,,"8",,"U",,"8",,"8",,"8",3,,7,
"252220030","SZEPIETOWO                    ","2025","03","11","18",8.3,,,"8",,"U",,"8",,"8",,"8",4,,7,
"252220030","SZEPIETOWO                    ","2025","03","12","06",-0.6,,,"8",,"U",,"8",,"8",,"8",8,,3,
"252220030","SZEPIETOWO                    ","2025","03","12","12",11.7,,,"8",,"U",,"8",,"8",,"8",6,,6,
"252220030","SZEPIETOWO                    ","2025","03","12","18",8.1,,,"8",,"U",,"8",,"8",,"8",6,,6,
"252220030","SZEPIETOWO                    ","2025","03","13","06",5.2,,,"8",,"U",,"8",,"8",,"8",4,,6,
"252220030","SZEPIETOWO                    ","2025","03","13","12",12.3,,,"8",,"U",,"8",,"8",,"8",8,,7,
"252220030","SZEPIETOWO                    ","2025","03","13","18",9.5,,,"8",,"U",,"8",,"8",,"8",8,,5,
"252220030","SZEPIETOWO                    ","2025","03","14","06",1.9,,,"8",,"U",,"8",,"8",,"8",8,,7,
"252220030","SZEPIETOWO                    ","2025","03","14","12",3.9,,,"8",,"U",,"8",,"8",,"8",7,,7,
"252220030","SZEPIETOWO                    ","2025","03","14","18",2.5,,,"8",,"U",,"8",,"8",,"8",8,,7,
"252220030","SZEPIETOWO                    ","2025","03","15","06",-0.8,,,"8",,"U",,"8",,"8",,"8",3,,7,
"252220030","SZEPIETOWO                    ","2025","03","15","12",5.2,,,"8",,"U",,"8",,"8",,"8",4,,7,
"252220030","SZEPIETOWO                    ","2025","03","15","18",0.8,,,"8",,"U",,"8",,"8",,"8",4,,7,
"252220030","SZEPIETOWO                    ","2025","03","16","06",-3.2,,,"8",,"U",,"8",,"8",,"8",0,,7,
"252220030","SZEPIETOWO                    ","2025","03","16","12",6.6,,,"8",,"U",,"8",,"8",,"8",1,,7,
"252220030","SZEPIETOWO                    ","2025","03","16","18",3.7,,,"8",,"U",,"8",,"8",,"8",8,,7,
"252220030","SZEPIETOWO                    ","2025","03","17","06",-2.6,,,"8",,"U",,"8",,"8",,"8",3,,7,
"252220030","SZEPIETOWO                    ","2025","03","17","12",2.3,,,"8",,"U",,"8",,"8",,"8",5,,6,
"252220030","SZEPIETOWO                    ","2025","03","17","18",-1.4,,,"8",,"U",,"8",,"8",,"8",3,,7,
"252220030","SZEPIETOWO                    ","2025","03","18","06",-2.8,,,"8",,"U",,"8",,"8",,"8",3,,7,
"252220030","SZEPIETOWO                    ","2025","03","18","12",4.1,,,"8",,"U",,"8",,"8",,"8",8,,7,
"252220030","SZEPIETOWO                    ","2025","03","18","18",3.7,,,"8",,"U",,"8",,"8",,"8",8,,7,
"252220030","SZEPIETOWO                    ","2025","03","19","06",-1.2,,,"8",,"U",,"8",,"8",,"8",3,,6,
"252220030","SZEPIETOWO                    ","2025","03","19","12",7.9,,,"8",,"U",,"8",,"8",,"8",1,,7,
"252220030","SZEPIETOWO                    ","2025","03","19","18",7.0,,,"8",,"U",,"8",,"8",,"8",1,,7,
"252220030","SZEPIETOWO                    ","2025","03","20","06",0.2,,,"8",,"U",,"8",,"8",,"8",3,,6,
"252220030","SZEPIETOWO                    ","2025","03","20","12",11.4,,,"8",,"U",,"8",,"8",,"8",1,,7,
"252220030","SZEPIETOWO                    ","2025","03","20","18",6.2,,,"8",,"U",,"8",,"8",,"8",1,,7,
"252220030","SZEPIETOWO                    ","2025","03","21","06",1.9,,,"8",,"U",,"8",,"8",,"8",4,,6,
"252220030","SZEPIETOWO                    ","2025","03","21","12",14.1,,,"8",,"U",,"8",,"8",,"8",2,,7,
"252220030","SZEPIETOWO                    ","2025","03","21","18",11.1,,,"8",,"U",,"8",,"8",,"8",6,,7,
"252220030","SZEPIETOWO                    ","2025","03","22","06",1.0,,,"8",,"U",,"8",,"8",,"8",3,,7,
"252220030","SZEPIETOWO                    ","2025","03","22","12",13.4,,,"8",,"U",,"8",,"8",,"8",6,,7,
"252220030","SZEPIETOWO                    ","2025","03","22","18",10.9,,,"8",,"U",,"8",,"8",,"8",6,,7,
"252220030","SZEPIETOWO                    ","2025","03","23","06",3.7,,,"8",,"U",,"8",,"8",,"8",1,,7,
"252220030","SZEPIETOWO                    ","2025","03","23","12",11.7,,,"8",,"U",,"8",,"8",,"8",1,,7,
"252220030","SZEPIETOWO                    ","2025","03","23","18",9.1,,,"8",,"U",,"8",,"8",,"8",8,,7,
"252220030","SZEPIETOWO                    ","2025","03","24","06",3.3,,,"8",,"U",,"8",,"8",,"8",8,,6,
"252220030","SZEPIETOWO                    ","2025","03","24","12",5.2,,,"8",,"U",,"8",,"8",,"8",8,,7,
"252220030","SZEPIETOWO                    ","2025","03","24","18",5.4,,,"8",,"U",,"8",,"8",,"8",8,,7,
"252220030","SZEPIETOWO                    ","2025","03","25","06",4.8,,,"8",,"U",,"8",,"8",,"8",6,,7,
"252220030","SZEPIETOWO                    ","2025","03","25","12",9.9,,,"8",,"U",,"8",,"8",,"8",4,,7,
"252220030","SZEPIETOWO                    ","2025","03","25","18",7.9,,,"8",,"U",,"8",,"8",,"8",5,,7,
"252220030","SZEPIETOWO                    ","2025","03","26","06",5.0,,,"8",,"U",,"8",,"8",,"8",4,,6,
"252220030","SZEPIETOWO                    ","2025","03","26","12",11.5,,,"8",,"U",,"8",,"8",,"8",8,,6,
"252220030","SZEPIETOWO                    ","2025","03","26","18",9.5,,,"8",,"U",,"8",,"8",,"8",8,,6,
"252220030","SZEPIETOWO                    ","2025","03","27","06",5.4,,,"8",,"U",,"8",,"8",,"8",8,,6,
"252220030","SZEPIETOWO                    ","2025","03","27","12",8.3,,,"8",,"U",,"8",,"8",,"8",8,,7,
"252220030","SZEPIETOWO                    ","2025","03","27","18",7.9,,,"8",,"U",,"8",,"8",,"8",8,,7,
"252220030","SZEPIETOWO                    ","2025","03","28","06",1.7,,,"8",,"U",,"8",,"8",,"8",3,,6,
"252220030","SZEPIETOWO                    ","2025","03","28","12",12.1,,,"8",,"U",,"8",,"8",,"8",1,,7,
"252220030","SZEPIETOWO                    ","2025","03","28","18",9.3,,,"8",,"U",,"8",,"8",,"8",1,,7,
"252220030","SZEPIETOWO                    ","2025","03","29","06",5.4,,,"8",,"U",,"8",,"8",,"8",2,,7,
"252220030","SZEPIETOWO                    ","2025","03","29","12",15.4,,,"8",,"U",,"8",,"8",,"8",1,,7,
"252220030","SZEPIETOWO                    ","2025","03","29","18",12.1,,,"8",,"U",,"8",,"8",,"8",1,,7,
"252220030","SZEPIETOWO                    ","2025","03","30","06",4.1,,,"8",,"U",,"8",,"8",,"8",1,,7,
"252220030","SZEPIETOWO                    ","2025","03","30","12",15.1,,,"8",,"U",,"8",,"8",,"8",5,,7,
"252220030","SZEPIETOWO                    ","2025","03","30","18",11.3,,,"8",,"U",,"8",,"8",,"8",8,,7,
"252220030","SZEPIETOWO                    ","2025","03","31","06",5.2,,,"8",,"U",,"8",,"8",,"8",8,,6,
"252220030","SZEPIETOWO                    ","2025","03","31","12",7.6,,,"8",,"U",,"8",,"8",,"8",8,,6,
"252220030","SZEPIETOWO                    ","2025","03","31","18",7.9,,,"8",,"U",,"8",,"8",,"8",8,,5,
"253140060","GOLENIÓW                      ","2025","03","01","06",2.7,,,"8",,,,"8","NW ",,5,,8,,6,
"253140060","GOLENIÓW                      ","2025","03","01","12",1.7,,,"8",,,,"8","NNW",,6,,7,,7,
"253140060","GOLENIÓW                      ","2025","03","01","18",1.9,,,"8",,,,"8","NW ",,3,,7,,7,
"253140060","GOLENIÓW                      ","2025","03","02","06",1.5,,,"8",,,,"8","W  ",,3,,8,,6,
"253140060","GOLENIÓW                      ","2025","03","02","12",4.1,,,"8",,,,"8","WNW",,4,,8,,6,
"253140060","GOLENIÓW                      ","2025","03","02","18",5.0,,,"8",,,,"8","W  ",,3,,7,,7,
"253140060","GOLENIÓW                      ","2025","03","03","06",3.6,,,"8",,,,"8","W  ",,4,,0,,8,
"253140060","GOLENIÓW                      ","2025","03","03","12",8.9,,,"8",,,,"8","W  ",,5,,5,,8,
"253140060","GOLENIÓW                      ","2025","03","03","18",7.4,,,"8",,,,"8","WNW",,3,,7,,8,
"253140060","GOLENIÓW                      ","2025","03","04","06",4.4,,,"8",,,,"8","WSW",,3,,7,,7,
"253140060","GOLENIÓW                      ","2025","03","04","12",11.7,,,"8",,,,"8","WSW",,6,,4,,8,
"253140060","GOLENIÓW                      ","2025","03","04","18",7.9,,,"8",,,,"8","WSW",,1,,5,,8,
"253140060","GOLENIÓW                      ","2025","03","05","06",2.4,,,"8",,,,"8","SW ",,3,,1,,7,
"253140060","GOLENIÓW                      ","2025","03","05","12",14.0,,,"8",,,,"8","SW ",,5,,5,,8,
"253140060","GOLENIÓW                      ","2025","03","05","18",11.3,,,"8",,,,"8","SW ",,3,,1,,8,
"253140060","GOLENIÓW                      ","2025","03","06","06",-0.1,,,"8",,,,"8","S  ",,2,,0,,8,
"253140060","GOLENIÓW                      ","2025","03","06","12",15.6,,,"8",,,,"8","SW ",,3,,0,,8,
"253140060","GOLENIÓW                      ","2025","03","06","18",6.5,,,"8",,,,"8","SE ",,2,,0,,8,
"253140060","GOLENIÓW                      ","2025","03","07","06",0.4,,,"8",,,,"8","SE ",,3,,0,,7,
"253140060","GOLENIÓW                      ","2025","03","07","12",16.1,,,"8",,,,"8","SSW",,2,,5,,8,
"253140060","GOLENIÓW                      ","2025","03","07","18",7.2,,,"8",,,,"8","E  ",,1,,4,,8,
"253140060","GOLENIÓW                      ","2025","03","08","06",-1.1,,,"8",,,,"8","E  ",,1,,0,,7,
"253140060","GOLENIÓW                      ","2025","03","08","12",17.9,,,"8",,,,"8","E  ",,3,,0,,8,
"253140060","GOLENIÓW                      ","2025","03","08","18",11.6,,,"8",,,,"8","NE ",,3,,0,,8,
"253140060","GOLENIÓW                      ","2025","03","09","06",4.2,,,"8",,,,"8","NE ",,2,,0,,7,
"253140060","GOLENIÓW                      ","2025","03","09","12",17.2,,,"8",,,,"8","SE ",,5,,4,,8,
"253140060","GOLENIÓW                      ","2025","03","09","18",12.8,,,"8",,,,"8","E  ",,2,,0,,7,
"253140060","GOLENIÓW                      ","2025","03","10","06",-1.3,,,"8",,,,"8","E  ",,1,,0,,7,
"253140060","GOLENIÓW                      ","2025","03","10","12",15.0,,,"8",,,,"8","WNW",,2,,2,,7,
"253140060","GOLENIÓW                      ","2025","03","10","18",6.9,,,"8",,,,"8","N  ",,2,,3,,6,
"253140060","GOLENIÓW                      ","2025","03","11","06",3.1,,,"8",,,,"8","N  ",,2,,8,,6,
"253140060","GOLENIÓW                      ","2025","03","11","12",4.3,,,"8",,,,"8","SE ",,1,,8,,7,
"253140060","GOLENIÓW                      ","2025","03","11","18",4.2,,,"8",,,,"8","SW ",,2,,8,,6,
"253140060","GOLENIÓW                      ","2025","03","12","06",3.1,,,"8",,,,"8","S  ",,2,,8,,2,
"253140060","GOLENIÓW                      ","2025","03","12","12",7.9,,,"8",,,,"8","SE ",,2,,6,,8,
"253140060","GOLENIÓW                      ","2025","03","12","18",5.6,,,"8",,,,"8","ENE",,1,,7,,8,
"253140060","GOLENIÓW                      ","2025","03","13","06",0.1,,,"8",,,,"8","NW ",,1,,2,,5,
"253140060","GOLENIÓW                      ","2025","03","13","12",6.2,,,"8",,,,"8","N  ",,3,,7,,8,
"253140060","GOLENIÓW                      ","2025","03","13","18",2.8,,,"8",,,,"8","W  ",,2,,3,,8,
"253140060","GOLENIÓW                      ","2025","03","14","06",1.5,,,"8",,,,"8","SSE",,3,,3,,8,
"253140060","GOLENIÓW                      ","2025","03","14","12",7.0,,,"8",,,,"8","NW ",,4,,7,,8,
"253140060","GOLENIÓW                      ","2025","03","14","18",3.6,,,"8",,,,"8","NW ",,1,,7,,7,
"253140060","GOLENIÓW                      ","2025","03","15","06",0.0,,,"8",,,,"8","ENE",,1,,6,,6,
"253140060","GOLENIÓW                      ","2025","03","15","12",7.6,,,"8",,,,"8","SSW",,1,,3,,8,
"253140060","GOLENIÓW                      ","2025","03","15","18",5.1,,,"8",,,,"8","N  ",,3,,3,,7,
"253140060","GOLENIÓW                      ","2025","03","16","06",0.1,,,"8",,,,"8","W  ",,2,,8,,5,
"253140060","GOLENIÓW                      ","2025","03","16","12",7.7,,,"8",,,,"8","W  ",,5,,6,,8,
"253140060","GOLENIÓW                      ","2025","03","16","18",4.9,,,"8",,,,"8","WNW",,4,,8,,8,
"253140060","GOLENIÓW                      ","2025","03","17","06",-1.5,,,"8",,,,"8","NNW",,1,,0,,7,
"253140060","GOLENIÓW                      ","2025","03","17","12",4.6,,,"8",,,,"8","N  ",,4,,4,,8,
"253140060","GOLENIÓW                      ","2025","03","17","18",-1.1,,,"8",,,,"8","NW ",,1,,2,,8,
"253140060","GOLENIÓW                      ","2025","03","18","06",-4.4,,,"8",,,,"8","SSW",,2,,0,,8,
"253140060","GOLENIÓW                      ","2025","03","18","12",8.4,,,"8",,,,"8","W  ",,7,,2,,8,
"253140060","GOLENIÓW                      ","2025","03","18","18",1.7,,,"8",,,,"8","NNW",,1,,0,,8,
"253140060","GOLENIÓW                      ","2025","03","19","06",-3.3,,,"8",,,,"8","SE ",,2,,0,,8,
"253140060","GOLENIÓW                      ","2025","03","19","12",10.8,,,"8",,,,"8","SW ",,3,,0,,8,
"253140060","GOLENIÓW                      ","2025","03","19","18",4.8,,,"8",,,,"8","ESE",,1,,0,,8,
"253140060","GOLENIÓW                      ","2025","03","20","06",-0.1,,,"8",,,,"8","SE ",,3,,0,,8,
"253140060","GOLENIÓW                      ","2025","03","20","12",14.7,,,"8",,,,"8","SSW",,4,,0,,8,
"253140060","GOLENIÓW                      ","2025","03","20","18",8.0,,,"8",,,,"8","SE ",,1,,0,,8,
"253140060","GOLENIÓW                      ","2025","03","21","06",1.9,,,"8",,,,"8","SE ",,3,,0,,8,
"253140060","GOLENIÓW                      ","2025","03","21","12",17.7,,,"8",,,,"8","SE ",,2,,2,,8,
"253140060","GOLENIÓW                      ","2025","03","21","18",10.9,,,"8",,,,"8","NE ",,2,,0,,8,
"253140060","GOLENIÓW                      ","2025","03","22","06",4.2,,,"8",,,,"8","E  ",,4,,0,,8,
"253140060","GOLENIÓW                      ","2025","03","22","12",13.1,,,"8",,,,"8","ESE",,5,,0,,8,
"253140060","GOLENIÓW                      ","2025","03","22","18",9.5,,,"8",,,,"8","ESE",,4,,5,,8,
"253140060","GOLENIÓW                      ","2025","03","23","06",7.0,,,"8",,,,"8","ESE",,5,,2,,7,
"253140060","GOLENIÓW                      ","2025","03","23","12",15.5,,,"8",,,,"8","SE ",,8,,4,,8,
"253140060","GOLENIÓW                      ","2025","03","23","18",11.9,,,"8",,,,"8","E  ",,2,,6,,8,
"253140060","GOLENIÓW                      ","2025","03","24","06",3.1,,,"8",,,,"8","NW ",,1,,0,,8,
"253140060","GOLENIÓW                      ","2025","03","24","12",13.7,,,"8",,,,"8","ESE",,2,,6,,8,
"253140060","GOLENIÓW                      ","2025","03","24","18",7.8,,,"8",,,,"8","SSE",,1,,0,,8,
"253140060","GOLENIÓW                      ","2025","03","25","06",2.3,,,"8",,,,"8","SE ",,2,,6,,8,
"253140060","GOLENIÓW                      ","2025","03","25","12",15.7,,,"8",,,,"8","SW ",,4,,4,,8,
"253140060","GOLENIÓW                      ","2025","03","25","18",6.6,,,"8",,,,"8","NW ",,3,,3,,6,
"253140060","GOLENIÓW                      ","2025","03","26","06",6.6,,,"8",,,,"8","WNW",,2,,8,,4,
"253140060","GOLENIÓW                      ","2025","03","26","12",7.7,,,"8",,,,"8","NW ",,4,,8,,6,
"253140060","GOLENIÓW                      ","2025","03","26","18",7.6,,,"8",,,,"8","NNW",,2,,0,,8,
"253140060","GOLENIÓW                      ","2025","03","27","06",0.4,,,"8",,,,"8","S  ",,2,,8,,3,
"253140060","GOLENIÓW                      ","2025","03","27","12",9.4,,,"8",,,,"8","SW ",,2,,7,,6,
"253140060","GOLENIÓW                      ","2025","03","27","18",6.7,,,"8",,,,"8","SSW",,2,,2,,7,
"253140060","GOLENIÓW                      ","2025","03","28","06",0.8,,,"8",,,,"8","SSE",,2,,8,,1,
"253140060","GOLENIÓW                      ","2025","03","28","12",13.0,,,"8",,,,"8","S  ",,4,,1,,7,
"253140060","GOLENIÓW                      ","2025","03","28","18",8.6,,,"8",,,,"8","E  ",,2,,0,,8,
"253140060","GOLENIÓW                      ","2025","03","29","06",5.0,,,"8",,,,"8","NE ",,1,,6,,7,
"253140060","GOLENIÓW                      ","2025","03","29","12",15.7,,,"8",,,,"8","N  ",,4,,3,,7,
"253140060","GOLENIÓW                      ","2025","03","29","18",8.8,,,"8",,,,"8","WNW",,4,,8,,8,
"253140060","GOLENIÓW                      ","2025","03","30","06",2.5,,,"8",,,,"8","S  ",,2,,6,,8,
"253140060","GOLENIÓW                      ","2025","03","30","12",6.4,,,"8",,,,"8","SW ",,5,,7,,8,
"253140060","GOLENIÓW                      ","2025","03","30","18",7.2,,,"8",,,,"8","SW ",,2,,7,,7,
"253140060","GOLENIÓW                      ","2025","03","31","06",6.3,,,"8",,,,"8","NNW",,3,,8,,7,
"253140060","GOLENIÓW                      ","2025","03","31","12",7.3,,,"8",,,,"8","NW ",,4,,7,,8,
"253140060","GOLENIÓW                      ","2025","03","31","18",5.3,,,"8",,,,"8","N  ",,2,,6,,8,
"253170210","CHRZ¥STOWO                    ","2025","03","01","06",1.7,,,"8",,,,"8",,"8",,"8",7,,7,
"253170210","CHRZ¥STOWO                    ","2025","03","01","12",4.3,,,"8",,,,"8",,"8",,"8",8,,8,
"253170210","CHRZ¥STOWO                    ","2025","03","01","18",2.0,,,"8",,,,"8",,"8",,"8",6,,7,
"253170210","CHRZ¥STOWO                    ","2025","03","02","06",1.6,,,"8",,,,"8",,"8",,"8",8,,6,
"253170210","CHRZ¥STOWO                    ","2025","03","02","12",3.0,,,"8",,,,"8",,"8",,"8",8,,6,
"253170210","CHRZ¥STOWO                    ","2025","03","02","18",3.3,,,"8",,,,"8",,"8",,"8",7,,7,
"253170210","CHRZ¥STOWO                    ","2025","03","03","06",3.8,,,"8",,,,"8",,"8",,"8",3,,7,
"253170210","CHRZ¥STOWO                    ","2025","03","03","12",7.0,,,"8",,,,"8",,"8",,"8",5,,7,
"253170210","CHRZ¥STOWO                    ","2025","03","03","18",6.2,,,"8",,,,"8",,"8",,"8",7,,7,
"253170210","CHRZ¥STOWO                    ","2025","03","04","06",3.1,,,"8",,,,"8",,"8",,"8",7,,7,
"253170210","CHRZ¥STOWO                    ","2025","03","04","12",8.5,,,"8",,,,"8",,"8",,"8",4,,7,
"253170210","CHRZ¥STOWO                    ","2025","03","04","18",6.8,,,"8",,,,"8",,"8",,"8",5,,7,
"253170210","CHRZ¥STOWO                    ","2025","03","05","06",1.5,,,"8",,,,"8",,"8",,"8",5,,7,
"253170210","CHRZ¥STOWO                    ","2025","03","05","12",12.2,,,"8",,,,"8",,"8",,"8",4,,7,
"253170210","CHRZ¥STOWO                    ","2025","03","05","18",8.8,,,"8",,,,"8",,"8",,"8",5,,7,
"253170210","CHRZ¥STOWO                    ","2025","03","06","06",1.8,,,"8",,,,"8",,"8",,"8",1,,7,
"253170210","CHRZ¥STOWO                    ","2025","03","06","12",15.7,,,"8",,,,"8",,"8",,"8",0,,7,
"253170210","CHRZ¥STOWO                    ","2025","03","06","18",10.6,,,"8",,,,"8",,"8",,"8",0,,7,
"253170210","CHRZ¥STOWO                    ","2025","03","07","06",1.5,,,"8",,,,"8",,"8",,"8",1,,5,
"253170210","CHRZ¥STOWO                    ","2025","03","07","12",15.5,,,"8",,,,"8",,"8",,"8",3,,6,
"253170210","CHRZ¥STOWO                    ","2025","03","07","18",10.1,,,"8",,,,"8",,"8",,"8",2,,7,
"253170210","CHRZ¥STOWO                    ","2025","03","08","06",3.3,,,"8",,,,"8",,"8",,"8",0,,5,
"253170210","CHRZ¥STOWO                    ","2025","03","08","12",16.2,,,"8",,,,"8",,"8",,"8",0,,7,
"253170210","CHRZ¥STOWO                    ","2025","03","08","18",10.2,,,"8",,,,"8",,"8",,"8",2,,7,
"253170210","CHRZ¥STOWO                    ","2025","03","09","06",3.0,,,"8",,,,"8",,"8",,"8",6,,5,
"253170210","CHRZ¥STOWO                    ","2025","03","09","12",14.4,,,"8",,,,"8",,"8",,"8",6,,7,
"253170210","CHRZ¥STOWO                    ","2025","03","09","18",8.6,,,"8",,,,"8",,"8",,"8",3,,7,
"253170210","CHRZ¥STOWO                    ","2025","03","10","06",3.9,,,"8",,,,"8",,"8",,"8",5,,5,
"253170210","CHRZ¥STOWO                    ","2025","03","10","12",16.8,,,"8",,,,"8",,"8",,"8",1,,7,
"253170210","CHRZ¥STOWO                    ","2025","03","10","18",11.4,,,"8",,,,"8",,"8",,"8",2,,7,
"253170210","CHRZ¥STOWO                    ","2025","03","11","06",1.0,,,"8",,,,"8",,"8",,"8",8,,4,
"253170210","CHRZ¥STOWO                    ","2025","03","11","12",3.6,,,"8",,,,"8",,"8",,"8",8,,5,
"253170210","CHRZ¥STOWO                    ","2025","03","11","18",3.7,,,"8",,,,"8",,"8",,"8",8,,7,
"253170210","CHRZ¥STOWO                    ","2025","03","12","06",2.8,,,"8",,,,"8",,"8",,"8",8,,2,
"253170210","CHRZ¥STOWO                    ","2025","03","12","12",7.1,,,"8",,,,"8",,"8",,"8",8,,5,
"253170210","CHRZ¥STOWO                    ","2025","03","12","18",5.8,,,"8",,,,"8",,"8",,"8",8,,5,
"253170210","CHRZ¥STOWO                    ","2025","03","13","06",3.1,,,"8",,,,"8",,"8",,"8",8,,5,
"253170210","CHRZ¥STOWO                    ","2025","03","13","12",2.9,,,"8",,,,"8",,"8",,"8",8,,5,
"253170210","CHRZ¥STOWO                    ","2025","03","13","18",2.3,,,"8",,,,"8",,"8",,"8",8,,7,
"253170210","CHRZ¥STOWO                    ","2025","03","14","06",-0.1,,,"8",,,,"8",,"8",,"8",5,,7,
"253170210","CHRZ¥STOWO                    ","2025","03","14","12",4.5,,,"8",,,,"8",,"8",,"8",7,,7,
"253170210","CHRZ¥STOWO                    ","2025","03","14","18",3.1,,,"8",,,,"8",,"8",,"8",7,,7,
"253170210","CHRZ¥STOWO                    ","2025","03","15","06",0.6,,,"8",,,,"8",,"8",,"8",8,,6,
"253170210","CHRZ¥STOWO                    ","2025","03","15","12",5.7,,,"8",,,,"8",,"8",,"8",3,,7,
"253170210","CHRZ¥STOWO                    ","2025","03","15","18",4.5,,,"8",,,,"8",,"8",,"8",3,,7,
"253170210","CHRZ¥STOWO                    ","2025","03","16","06",-1.8,,,"8",,,,"8",,"8",,"8",2,,6,
"253170210","CHRZ¥STOWO                    ","2025","03","16","12",7.3,,,"8",,,,"8",,"8",,"8",2,,7,
"253170210","CHRZ¥STOWO                    ","2025","03","16","18",4.9,,,"8",,,,"8",,"8",,"8",8,,7,
"253170210","CHRZ¥STOWO                    ","2025","03","17","06",-0.7,,,"8",,,,"8",,"8",,"8",1,,8,
"253170210","CHRZ¥STOWO                    ","2025","03","17","12",3.1,,,"8",,,,"8",,"8",,"8",4,,8,
"253170210","CHRZ¥STOWO                    ","2025","03","17","18",-1.0,,,"8",,,,"8",,"8",,"8",3,,8,
"253170210","CHRZ¥STOWO                    ","2025","03","18","06",-2.4,,,"8",,,,"8",,"8",,"8",0,,8,
"253170210","CHRZ¥STOWO                    ","2025","03","18","12",6.9,,,"8",,,,"8",,"8",,"8",1,,8,
"253170210","CHRZ¥STOWO                    ","2025","03","18","18",1.0,,,"8",,,,"8",,"8",,"8",1,,8,
"253170210","CHRZ¥STOWO                    ","2025","03","19","06",-2.1,,,"8",,,,"8",,"8",,"8",0,,7,
"253170210","CHRZ¥STOWO                    ","2025","03","19","12",9.2,,,"8",,,,"8",,"8",,"8",0,,7,
"253170210","CHRZ¥STOWO                    ","2025","03","19","18",6.2,,,"8",,,,"8",,"8",,"8",0,,7,
"253170210","CHRZ¥STOWO                    ","2025","03","20","06",-0.3,,,"8",,,,"8",,"8",,"8",0,,5,
"253170210","CHRZ¥STOWO                    ","2025","03","20","12",13.4,,,"8",,,,"8",,"8",,"8",0,,7,
"253170210","CHRZ¥STOWO                    ","2025","03","20","18",10.1,,,"8",,,,"8",,"8",,"8",1,,7,
"253170210","CHRZ¥STOWO                    ","2025","03","21","06",1.3,,,"8",,,,"8",,"8",,"8",2,,5,
"253170210","CHRZ¥STOWO                    ","2025","03","21","12",16.2,,,"8",,,,"8",,"8",,"8",4,,7,
"253170210","CHRZ¥STOWO                    ","2025","03","21","18",10.1,,,"8",,,,"8",,"8",,"8",3,,7,
"253170210","CHRZ¥STOWO                    ","2025","03","22","06",1.6,,,"8",,,,"8",,"8",,"8",0,,6,
"253170210","CHRZ¥STOWO                    ","2025","03","22","12",10.7,,,"8",,,,"8",,"8",,"8",4,,7,
"253170210","CHRZ¥STOWO                    ","2025","03","22","18",8.8,,,"8",,,,"8",,"8",,"8",6,,7,
"253170210","CHRZ¥STOWO                    ","2025","03","23","06",5.2,,,"8",,,,"8",,"8",,"8",1,,7,
"253170210","CHRZ¥STOWO                    ","2025","03","23","12",12.0,,,"8",,,,"8",,"8",,"8",4,,7,
"253170210","CHRZ¥STOWO                    ","2025","03","23","18",11.4,,,"8",,,,"8",,"8",,"8",8,,7,
"253170210","CHRZ¥STOWO                    ","2025","03","24","06",2.9,,,"8",,,,"8",,"8",,"8",2,,5,
"253170210","CHRZ¥STOWO                    ","2025","03","24","12",10.3,,,"8",,,,"8",,"8",,"8",4,,7,
"253170210","CHRZ¥STOWO                    ","2025","03","24","18",8.0,,,"8",,,,"8",,"8",,"8",6,,7,
"253170210","CHRZ¥STOWO                    ","2025","03","25","06",3.3,,,"8",,,,"8",,"8",,"8",8,,1,
"253170210","CHRZ¥STOWO                    ","2025","03","25","12",13.8,,,"8",,,,"8",,"8",,"8",3,,7,
"253170210","CHRZ¥STOWO                    ","2025","03","25","18",10.5,,,"8",,,,"8",,"8",,"8",6,,7,
"253170210","CHRZ¥STOWO                    ","2025","03","26","06",5.9,,,"8",,,,"8",,"8",,"8",8,,4,
"253170210","CHRZ¥STOWO                    ","2025","03","26","12",7.4,,,"8",,,,"8",,"8",,"8",8,,4,
"253170210","CHRZ¥STOWO                    ","2025","03","26","18",7.3,,,"8",,,,"8",,"8",,"8",3,,7,
"253170210","CHRZ¥STOWO                    ","2025","03","27","06",5.8,,,"8",,,,"8",,"8",,"8",4,,7,
"253170210","CHRZ¥STOWO                    ","2025","03","27","12",11.8,,,"8",,,,"8",,"8",,"8",4,,8,
"253170210","CHRZ¥STOWO                    ","2025","03","27","18",9.6,,,"8",,,,"8",,"8",,"8",2,,8,
"253170210","CHRZ¥STOWO                    ","2025","03","28","06",0.5,,,"8",,,,"8",,"8",,"8",8,,1,
"253170210","CHRZ¥STOWO                    ","2025","03","28","12",14.8,,,"8",,,,"8",,"8",,"8",0,,7,
"253170210","CHRZ¥STOWO                    ","2025","03","28","18",9.2,,,"8",,,,"8",,"8",,"8",0,,7,
"253170210","CHRZ¥STOWO                    ","2025","03","29","06",5.5,,,"8",,,,"8",,"8",,"8",2,,6,
"253170210","CHRZ¥STOWO                    ","2025","03","29","12",17.5,,,"8",,,,"8",,"8",,"8",2,,7,
"253170210","CHRZ¥STOWO                    ","2025","03","29","18",14.0,,,"8",,,,"8",,"8",,"8",5,,7,
"253170210","CHRZ¥STOWO                    ","2025","03","30","06",6.3,,,"8",,,,"8",,"8",,"8",6,,7,
"253170210","CHRZ¥STOWO                    ","2025","03","30","12",10.6,,,"8",,,,"8",,"8",,"8",6,,8,
"253170210","CHRZ¥STOWO                    ","2025","03","30","18",6.8,,,"8",,,,"8",,"8",,"8",5,,7,
"253170210","CHRZ¥STOWO                    ","2025","03","31","06",6.1,,,"8",,,,"8",,"8",,"8",7,,6,
"253170210","CHRZ¥STOWO                    ","2025","03","31","12",11.0,,,"8",,,,"8",,"8",,"8",6,,7,
"253170210","CHRZ¥STOWO                    ","2025","03","31","18",8.5,,,"8",,,,"8",,"8",,"8",6,,8,
"253220330","MARIANOWO II                  ","2025","03","01","06",1.9,,1.8,,"W","W",98,,"SW ",,2,,8,,6,
"253220330","MARIANOWO II                  ","2025","03","01","12",2.1,,1.7,,"W","W",93,,"NW ",,2,,,"8",,"8"
"253220330","MARIANOWO II                  ","2025","03","01","18",0.8,,0.7,,"W","W",98,,"NNW",,3,,,"8",,"8"
"253220330","MARIANOWO II                  ","2025","03","02","06",0.0,,-0.3,,"L","W",95,,"W  ",,3,,8,,7,
"253220330","MARIANOWO II                  ","2025","03","02","12",2.2,,1.6,,"W","W",90,,"WSW",,4,,,"8",,"8"
"253220330","MARIANOWO II                  ","2025","03","02","18",2.0,,1.8,,"W","W",97,,"W  ",,4,,,"8",,"8"
"253220330","MARIANOWO II                  ","2025","03","03","06",3.0,,2.5,,"W","W",92,,"W  ",,3,,7,,6,
"253220330","MARIANOWO II                  ","2025","03","03","12",7.9,,5.0,,"W","W",63,,"W  ",,7,,,"8",,"8"
"253220330","MARIANOWO II                  ","2025","03","03","18",5.2,,3.5,,"W","W",76,,"W  ",,5,,,"8",,"8"
"253220330","MARIANOWO II                  ","2025","03","04","06",5.0,,3.5,,"W","W",78,,"W  ",,4,,8,,7,
"253220330","MARIANOWO II                  ","2025","03","04","12",8.3,,5.4,,"W","W",64,,"W  ",,7,,,"8",,"8"
"253220330","MARIANOWO II                  ","2025","03","04","18",6.4,,4.6,,"W","W",75,,"W  ",,4,,,"8",,"8"
"253220330","MARIANOWO II                  ","2025","03","05","06",3.4,,2.1,,"W","W",80,,"W  ",,3,,5,,7,
"253220330","MARIANOWO II                  ","2025","03","05","12",11.8,,5.4,,"W","W",33,,"W  ",,6,,,"8",,"8"
"253220330","MARIANOWO II                  ","2025","03","05","18",9.3,,4.3,,"W","W",42,,"WSW",,4,,,"8",,"8"
"253220330","MARIANOWO II                  ","2025","03","06","06",5.6,,2.1,,"W","W",52,,"W  ",,4,,1,,8,
"253220330","MARIANOWO II                  ","2025","03","06","12",15.5,,7.3,,"W","W",26,,"WSW",,4,,,"8",,"8"
"253220330","MARIANOWO II                  ","2025","03","06","18",10.8,,5.0,,"W","W",37,,"SW ",,1,,,"8",,"8"
"253220330","MARIANOWO II                  ","2025","03","07","06",3.3,,2.0,,"W","W",80,,"C  ",,0,,0,,6,
"253220330","MARIANOWO II                  ","2025","03","07","12",13.8,,7.7,,"W","W",40,,"W  ",,1,,,"8",,"8"
"253220330","MARIANOWO II                  ","2025","03","07","18",9.6,,6.0,,"W","W",58,,"SE ",,1,,,"8",,"8"
"253220330","MARIANOWO II                  ","2025","03","08","06",1.9,,1.2,,"W","W",88,,"E  ",,2,,0,,7,
"253220330","MARIANOWO II                  ","2025","03","08","12",16.2,,9.0,,"W","W",36,,"C  ",,0,,,"8",,"8"
"253220330","MARIANOWO II                  ","2025","03","08","18",8.8,,5.2,,"W","W",56,,"ENE",,3,,,"8",,"8"
"253220330","MARIANOWO II                  ","2025","03","09","06",2.1,,2.0,,"W","W",98,,"ESE",,2,,1,,8,
"253220330","MARIANOWO II                  ","2025","03","09","12",14.2,,8.2,,"W","W",42,,"ESE",,3,,,"8",,"8"
"253220330","MARIANOWO II                  ","2025","03","09","18",9.4,,5.6,,"W","W",55,,"ENE",,3,,,"8",,"8"
"253220330","MARIANOWO II                  ","2025","03","10","06",5.4,,3.9,,"W","W",79,,"ESE",,2,,2,,7,
"253220330","MARIANOWO II                  ","2025","03","10","12",15.6,,8.9,,"W","W",38,,"SSE",,2,,,"8",,"8"
"253220330","MARIANOWO II                  ","2025","03","10","18",12.3,,7.5,,"W","W",50,,"SE ",,2,,,"8",,"8"
"253220330","MARIANOWO II                  ","2025","03","11","06",6.4,,4.7,,"W","W",77,,"SSW",,1,,1,,6,
"253220330","MARIANOWO II                  ","2025","03","11","12",13.4,,7.9,,"W","W",45,,"W  ",,6,,,"8",,"8"
"253220330","MARIANOWO II                  ","2025","03","11","18",8.2,,5.4,,"W","W",65,,"WSW",,1,,,"8",,"8"
"253220330","MARIANOWO II                  ","2025","03","12","06",1.0,,0.9,,"W","W",98,,"SW ",,2,,8,,3,
"253220330","MARIANOWO II                  ","2025","03","12","12",8.2,,5.9,,"W","W",71,,"NW ",,1,,,"8",,"8"
"253220330","MARIANOWO II                  ","2025","03","12","18",7.6,,5.8,,"W","W",77,,"ESE",,2,,,"8",,"8"
"253220330","MARIANOWO II                  ","2025","03","13","06",7.5,,6.9,,"W","W",92,,"S  ",,1,,7,,6,
"253220330","MARIANOWO II                  ","2025","03","13","12",10.4,,9.6,,"W","W",90,,"ENE",,2,,,"8",,"8"
"253220330","MARIANOWO II                  ","2025","03","13","18",9.4,,9.2,,"W","W",98,,"N  ",,2,,,"8",,"8"
"253220330","MARIANOWO II                  ","2025","03","14","06",0.9,,0.4,,"W","W",91,,"W  ",,2,,8,,7,
"253220330","MARIANOWO II                  ","2025","03","14","12",3.4,,1.3,,"W","W",68,,"NNW",,2,,,"8",,"8"
"253220330","MARIANOWO II                  ","2025","03","14","18",2.6,,0.9,,"W","W",73,,"NE ",,4,,,"8",,"8"
"253220330","MARIANOWO II                  ","2025","03","15","06",-1.0,,-1.9,,"L","W",82,,"NE ",,3,,0,,8,
"253220330","MARIANOWO II                  ","2025","03","15","12",4.5,,1.1,,"W","W",51,,"NE ",,4,,,"8",,"8"
"253220330","MARIANOWO II                  ","2025","03","15","18",0.9,,-1.2,,"W","W",64,,"NE ",,2,,,"8",,"8"
"253220330","MARIANOWO II                  ","2025","03","16","06",-3.0,,-3.3,,"L","W",91,,"SSW",,1,,0,,8,
"253220330","MARIANOWO II                  ","2025","03","16","12",6.3,,2.3,,"W","W",47,,"W  ",,4,,,"8",,"8"
"253220330","MARIANOWO II                  ","2025","03","16","18",4.0,,1.5,,"W","W",63,,"NW ",,2,,,"8",,"8"
"253220330","MARIANOWO II                  ","2025","03","17","06",-2.1,,-3.2,,"L","W",77,,"N  ",,5,,0,,8,
"253220330","MARIANOWO II                  ","2025","03","17","12",1.5,,-2.7,,"L","W",35,,"NNE",,7,,,"8",,"8"
"253220330","MARIANOWO II                  ","2025","03","17","18",-1.0,,-3.3,,"L","W",57,,"NNW",,2,,,"8",,"8"
"253220330","MARIANOWO II                  ","2025","03","18","06",-2.4,,-2.3,,"L","W",100,,"W  ",,4,,8,,7,
"253220330","MARIANOWO II                  ","2025","03","18","12",4.4,,1.6,,"W","W",59,,"WNW",,5,,,"8",,"8"
"253220330","MARIANOWO II                  ","2025","03","18","18",4.5,,2.0,,"W","W",64,,"WNW",,3,,,"8",,"8"
"253220330","MARIANOWO II                  ","2025","03","19","06",-1.0,,-1.5,,"L","W",90,,"WSW",,2,,8,,7,
"253220330","MARIANOWO II                  ","2025","03","19","12",7.5,,4.0,,"W","W",55,,"W  ",,5,,,"8",,"8"
"253220330","MARIANOWO II                  ","2025","03","19","18",4.9,,1.1,,"W","W",47,,"WSW",,1,,,"8",,"8"
"253220330","MARIANOWO II                  ","2025","03","20","06",0.7,,-1.3,,"L","W",67,,"SSW",,3,,0,,7,
"253220330","MARIANOWO II                  ","2025","03","20","12",11.2,,4.6,,"W","W",30,,"WSW",,4,,,"8",,"8"
"253220330","MARIANOWO II                  ","2025","03","20","18",8.3,,3.3,,"W","W",40,,"C  ",,0,,,"8",,"8"
"253220330","MARIANOWO II                  ","2025","03","21","06",2.6,,0.8,,"W","W",71,,"WSW",,2,,6,,6,
"253220330","MARIANOWO II                  ","2025","03","21","12",13.7,,7.8,,"W","W",42,,"NNW",,2,,,"8",,"8"
"253220330","MARIANOWO II                  ","2025","03","21","18",7.8,,3.4,,"W","W",45,,"NNE",,5,,,"8",,"8"
"253220330","MARIANOWO II                  ","2025","03","22","06",2.0,,1.0,,"W","W",83,,"ENE",,6,,0,,8,
"253220330","MARIANOWO II                  ","2025","03","22","12",12.5,,7.0,,"W","W",43,,"E  ",,6,,,"8",,"8"
"253220330","MARIANOWO II                  ","2025","03","22","18",8.6,,4.3,,"W","W",48,,"E  ",,6,,,"8",,"8"
"253220330","MARIANOWO II                  ","2025","03","23","06",3.0,,1.8,,"W","W",81,,"E  ",,7,,0,,8,
"253220330","MARIANOWO II                  ","2025","03","23","12",10.5,,5.7,,"W","W",46,,"E  ",,7,,,"8",,"8"
"253220330","MARIANOWO II                  ","2025","03","23","18",8.8,,4.9,,"W","W",53,,"E  ",,5,,,"8",,"8"
"253220330","MARIANOWO II                  ","2025","03","24","06",3.0,,2.7,,"W","W",95,,"NE ",,4,,8,,6,
"253220330","MARIANOWO II                  ","2025","03","24","12",5.6,,4.1,,"W","W",79,,"NNW",,3,,,"8",,"8"
"253220330","MARIANOWO II                  ","2025","03","24","18",5.1,,3.3,,"W","W",74,,"N  ",,3,,,"8",,"8"
"253220330","MARIANOWO II                  ","2025","03","25","06",4.4,,3.5,,"W","W",87,,"SW ",,2,,8,,7,
"253220330","MARIANOWO II                  ","2025","03","25","12",11.4,,5.3,,"W","W",35,,"W  ",,4,,,"8",,"8"
"253220330","MARIANOWO II                  ","2025","03","25","18",8.4,,4.9,,"W","W",57,,"S  ",,2,,,"8",,"8"
"253220330","MARIANOWO II                  ","2025","03","26","06",5.2,,4.0,,"W","W",83,,"WSW",,1,,8,,6,
"253220330","MARIANOWO II                  ","2025","03","26","12",10.1,,7.7,,"W","W",72,,"W  ",,4,,,"8",,"8"
"253220330","MARIANOWO II                  ","2025","03","26","18",7.7,,7.2,,"W","W",93,,"WNW",,2,,,"8",,"8"
"253220330","MARIANOWO II                  ","2025","03","27","06",5.2,,5.0,,"W","W",97,,"NW ",,3,,8,,7,
"253220330","MARIANOWO II                  ","2025","03","27","12",7.3,,5.7,,"W","W",79,,"NW ",,3,,,"8",,"8"
"253220330","MARIANOWO II                  ","2025","03","27","18",5.4,,3.8,,"W","W",77,,"SSE",,1,,,"8",,"8"
"253220330","MARIANOWO II                  ","2025","03","28","06",3.8,,3.1,,"W","W",89,,"C  ",,0,,0,,7,
"253220330","MARIANOWO II                  ","2025","03","28","12",11.7,,7.1,,"W","W",51,,"S  ",,3,,,"8",,"8"
"253220330","MARIANOWO II                  ","2025","03","28","18",8.2,,5.2,,"W","W",63,,"ESE",,1,,,"8",,"8"
"253220330","MARIANOWO II                  ","2025","03","29","06",4.0,,2.9,,"W","W",83,,"E  ",,4,,8,,7,
"253220330","MARIANOWO II                  ","2025","03","29","12",15.1,,8.6,,"W","W",39,,"SE ",,4,,,"8",,"8"
"253220330","MARIANOWO II                  ","2025","03","29","18",11.0,,6.8,,"W","W",53,,"ESE",,2,,,"8",,"8"
"253220330","MARIANOWO II                  ","2025","03","30","06",5.0,,3.7,,"W","W",81,,"SE ",,4,,6,,8,
"253220330","MARIANOWO II                  ","2025","03","30","12",14.6,,8.6,,"W","W",43,,"S  ",,4,,,"8",,"8"
"253220330","MARIANOWO II                  ","2025","03","30","18",11.1,,7.9,,"W","W",64,,"WNW",,2,,,"8",,"8"
"253220330","MARIANOWO II                  ","2025","03","31","06",5.6,,5.4,,"W","W",97,,"NW ",,3,,8,,7,
"253220330","MARIANOWO II                  ","2025","03","31","12",6.6,,6.0,,"W","W",92,,"NNW",,4,,,"8",,"8"
"253220330","MARIANOWO II                  ","2025","03","31","18",6.4,,6.0,,"W","W",94,,"NNW",,4,,,"8",,"8"
"254180090","GDAÑSK-RÊBIECHOWO             ","2025","03","01","06",1.6,,,"8",,"N",,"8","NW ",,5,,7,,8,
"254180090","GDAÑSK-RÊBIECHOWO             ","2025","03","01","12",3.3,,,"8",,"N",,"8","NNW",,4,,8,,8,
"254180090","GDAÑSK-RÊBIECHOWO             ","2025","03","01","18",0.8,,,"8",,"N",,"8","WNW",,4,,5,,8,
"254180090","GDAÑSK-RÊBIECHOWO             ","2025","03","02","06",2.7,,,"8",,"N",,"8","W  ",,6,,8,,8,
"254180090","GDAÑSK-RÊBIECHOWO             ","2025","03","02","12",4.1,,,"8",,"N",,"8","W  ",,7,,8,,8,
"254180090","GDAÑSK-RÊBIECHOWO             ","2025","03","02","18",4.2,,,"8",,"N",,"8","W  ",,8,,7,,8,
"254180090","GDAÑSK-RÊBIECHOWO             ","2025","03","03","06",3.6,,,"8",,"N",,"8","W  ",,10,,7,,7,
"254180090","GDAÑSK-RÊBIECHOWO             ","2025","03","03","12",6.2,,,"8","W","N",,"8","W  ",,7,,7,,8,
"254180090","GDAÑSK-RÊBIECHOWO             ","2025","03","03","18",5.9,,,"8","W","N",,"8","W  ",,9,,7,,8,
"254180090","GDAÑSK-RÊBIECHOWO             ","2025","03","04","06",4.4,,,"8",,"N",,"8","W  ",,7,,8,,8,
"254180090","GDAÑSK-RÊBIECHOWO             ","2025","03","04","12",7.3,,,"8","W","N",,"8","W  ",,10,,7,,8,
"254180090","GDAÑSK-RÊBIECHOWO             ","2025","03","04","18",7.3,,,"8","W","N",,"8","WNW",,9,,7,,8,
"254180090","GDAÑSK-RÊBIECHOWO             ","2025","03","05","06",5.6,,,"8","W","N",,"8","W  ",,8,,4,,7,
"254180090","GDAÑSK-RÊBIECHOWO             ","2025","03","05","12",11.3,,,"8","W","N",,"8","W  ",,10,,7,,8,
"254180090","GDAÑSK-RÊBIECHOWO             ","2025","03","05","18",11.4,,,"8","W","N",,"8","W  ",,9,,7,,8,
"254180090","GDAÑSK-RÊBIECHOWO             ","2025","03","06","06",8.1,,,"8","W","N",,"8","WSW",,4,,7,,8,
"254180090","GDAÑSK-RÊBIECHOWO             ","2025","03","06","12",16.3,,,"8","W","N",,"8","W  ",,7,,0,,8,
"254180090","GDAÑSK-RÊBIECHOWO             ","2025","03","06","18",10.2,,,"8","W","N",,"8","WSW",,2,,0,,8,
"254180090","GDAÑSK-RÊBIECHOWO             ","2025","03","07","06",3.0,,,"8",,"N",,"8","C  ",,0,,0,,7,
"254180090","GDAÑSK-RÊBIECHOWO             ","2025","03","07","12",15.7,,,"8","W","N",,"8","WSW",,3,,1,,8,
"254180090","GDAÑSK-RÊBIECHOWO             ","2025","03","07","18",7.9,,,"8","W","N",,"8","C  ",,0,,0,,7,
"254180090","GDAÑSK-RÊBIECHOWO             ","2025","03","08","06",1.4,,,"8",,"N",,"8","C  ",,0,,0,,6,
"254180090","GDAÑSK-RÊBIECHOWO             ","2025","03","08","12",16.0,,,"8","W","N",,"8","E  ",,3,,0,,8,
"254180090","GDAÑSK-RÊBIECHOWO             ","2025","03","08","18",6.8,,,"8","W","N",,"8","C  ",,0,,0,,7,
"254180090","GDAÑSK-RÊBIECHOWO             ","2025","03","09","06",-0.7,,,"8",,"N",,"8","C  ",,0,,7,,6,
"254180090","GDAÑSK-RÊBIECHOWO             ","2025","03","09","12",13.1,,,"8","W","N",,"8","ESE",,3,,8,,7,
"254180090","GDAÑSK-RÊBIECHOWO             ","2025","03","09","18",7.5,,,"8","W","N",,"8","ESE",,2,,6,,7,
"254180090","GDAÑSK-RÊBIECHOWO             ","2025","03","10","06",2.9,,,"8",,"N",,"8","C  ",,0,,6,,6,
"254180090","GDAÑSK-RÊBIECHOWO             ","2025","03","10","12",14.4,,,"8","W","N",,"8","SE ",,4,,1,,7,
"254180090","GDAÑSK-RÊBIECHOWO             ","2025","03","10","18",11.0,,,"8","W","N",,"8","S  ",,1,,2,,7,
"254180090","GDAÑSK-RÊBIECHOWO             ","2025","03","11","06",1.6,,,"8",,"N",,"8","WNW",,7,,8,,5,
"254180090","GDAÑSK-RÊBIECHOWO             ","2025","03","11","12",3.8,,,"8",,"N",,"8","NW ",,4,,8,,6,
"254180090","GDAÑSK-RÊBIECHOWO             ","2025","03","11","18",3.1,,,"8",,"N",,"8","W  ",,2,,8,,6,
"254180090","GDAÑSK-RÊBIECHOWO             ","2025","03","12","06",2.1,,,"8",,"N",,"8","WSW",,2,,8,,7,
"254180090","GDAÑSK-RÊBIECHOWO             ","2025","03","12","12",6.6,,,"8","W","N",,"8","WSW",,3,,7,,7,
"254180090","GDAÑSK-RÊBIECHOWO             ","2025","03","12","18",5.3,,,"8","W","N",,"8","NNE",,1,,8,,6,
"254180090","GDAÑSK-RÊBIECHOWO             ","2025","03","13","06",1.3,,,"8",,"N",,"8","N  ",,2,,8,,6,
"254180090","GDAÑSK-RÊBIECHOWO             ","2025","03","13","12",1.9,,,"8",,"N",,"8","N  ",,5,,8,,5,
"254180090","GDAÑSK-RÊBIECHOWO             ","2025","03","13","18",1.7,,,"8",,"N",,"8","N  ",,4,,8,,6,
"254180090","GDAÑSK-RÊBIECHOWO             ","2025","03","14","06",0.5,,,"8",,"N",,"8","NW ",,2,,7,,9,
"254180090","GDAÑSK-RÊBIECHOWO             ","2025","03","14","12",3.5,,,"8",,"N",,"8","ENE",,4,,7,,8,
"254180090","GDAÑSK-RÊBIECHOWO             ","2025","03","14","18",0.9,,,"8",,"N",,"8","E  ",,2,,7,,8,
"254180090","GDAÑSK-RÊBIECHOWO             ","2025","03","15","06",-0.9,,,"8",,"N",,"8","ESE",,1,,1,,8,
"254180090","GDAÑSK-RÊBIECHOWO             ","2025","03","15","12",5.8,,,"8","W","N",,"8","E  ",,3,,1,,9,
"254180090","GDAÑSK-RÊBIECHOWO             ","2025","03","15","18",-0.5,,,"8",,"N",,"8","C  ",,0,,1,,8,
"254180090","GDAÑSK-RÊBIECHOWO             ","2025","03","16","06",-1.3,,,"8",,"N",,"8","W  ",,4,,8,,6,
"254180090","GDAÑSK-RÊBIECHOWO             ","2025","03","16","12",4.8,,,"8",,"N",,"8","W  ",,6,,8,,9,
"254180090","GDAÑSK-RÊBIECHOWO             ","2025","03","16","18",1.4,,,"8",,"N",,"8","N  ",,4,,8,,6,
"254180090","GDAÑSK-RÊBIECHOWO             ","2025","03","17","06",-0.7,,,"8",,"N",,"8","N  ",,5,,4,,9,
"254180090","GDAÑSK-RÊBIECHOWO             ","2025","03","17","12",1.1,,,"8",,"N",,"8","NE ",,4,,6,,9,
"254180090","GDAÑSK-RÊBIECHOWO             ","2025","03","17","18",-1.1,,,"8",,"N",,"8","WNW",,4,,1,,8,
"254180090","GDAÑSK-RÊBIECHOWO             ","2025","03","18","06",1.0,,,"8",,"N",,"8","WNW",,8,,6,,8,
"254180090","GDAÑSK-RÊBIECHOWO             ","2025","03","18","12",6.4,,,"8","W","N",,"8","W  ",,7,,7,,8,
"254180090","GDAÑSK-RÊBIECHOWO             ","2025","03","18","18",2.3,,,"8",,"N",,"8","W  ",,5,,2,,8,
"254180090","GDAÑSK-RÊBIECHOWO             ","2025","03","19","06",0.8,,,"8",,"N",,"8","WSW",,4,,4,,8,
"254180090","GDAÑSK-RÊBIECHOWO             ","2025","03","19","12",9.3,,,"8","W","N",,"8","WSW",,5,,0,,8,
"254180090","GDAÑSK-RÊBIECHOWO             ","2025","03","19","18",6.3,,,"8","W","N",,"8","W  ",,2,,0,,8,
"254180090","GDAÑSK-RÊBIECHOWO             ","2025","03","20","06",0.4,,,"8",,"N",,"8","WSW",,1,,1,,8,
"254180090","GDAÑSK-RÊBIECHOWO             ","2025","03","20","12",13.8,,,"8","W","N",,"8","SW ",,2,,0,,8,
"254180090","GDAÑSK-RÊBIECHOWO             ","2025","03","20","18",7.0,,,"8","W","N",,"8","C  ",,0,,2,,8,
"254180090","GDAÑSK-RÊBIECHOWO             ","2025","03","21","06",3.2,,,"8",,"N",,"8","C  ",,0,,7,,7,
"254180090","GDAÑSK-RÊBIECHOWO             ","2025","03","21","12",8.3,,,"8","W","N",,"8","ENE",,5,,1,,8,
"254180090","GDAÑSK-RÊBIECHOWO             ","2025","03","21","18",1.6,,,"8",,"N",,"8","NE ",,4,,7,,8,
"254180090","GDAÑSK-RÊBIECHOWO             ","2025","03","22","06",2.0,,,"8",,"N",,"8","E  ",,5,,4,,6,
"254180090","GDAÑSK-RÊBIECHOWO             ","2025","03","22","12",6.5,,,"8","W","N",,"8","ENE",,6,,1,,8,
"254180090","GDAÑSK-RÊBIECHOWO             ","2025","03","22","18",9.2,,,"8","W","N",,"8","E  ",,6,,1,,8,
"254180090","GDAÑSK-RÊBIECHOWO             ","2025","03","23","06",4.2,,,"8",,"N",,"8","ESE",,7,,0,,8,
"254180090","GDAÑSK-RÊBIECHOWO             ","2025","03","23","12",9.2,,,"8","W","N",,"8","ENE",,8,,4,,8,
"254180090","GDAÑSK-RÊBIECHOWO             ","2025","03","23","18",8.3,,,"8","W","N",,"8","E  ",,6,,2,,8,
"254180090","GDAÑSK-RÊBIECHOWO             ","2025","03","24","06",2.1,,,"8",,"N",,"8","C  ",,0,,1,,6,
"254180090","GDAÑSK-RÊBIECHOWO             ","2025","03","24","12",7.7,,,"8","W","N",,"8","ENE",,3,,6,,8,
"254180090","GDAÑSK-RÊBIECHOWO             ","2025","03","24","18",3.0,,,"8",,"N",,"8","E  ",,1,,0,,7,
"254180090","GDAÑSK-RÊBIECHOWO             ","2025","03","25","06",-0.2,,,"8",,"N",,"8","W  ",,1,,2,,6,
"254180090","GDAÑSK-RÊBIECHOWO             ","2025","03","25","12",13.4,,,"8","W","N",,"8","WSW",,4,,5,,8,
"254180090","GDAÑSK-RÊBIECHOWO             ","2025","03","25","18",11.1,,,"8","W","N",,"8","C  ",,0,,8,,7,
"254180090","GDAÑSK-RÊBIECHOWO             ","2025","03","26","06",6.4,,,"8","W","N",,"8","W  ",,4,,8,,6,
"254180090","GDAÑSK-RÊBIECHOWO             ","2025","03","26","12",7.5,,,"8","W","N",,"8","W  ",,5,,7,,8,
"254180090","GDAÑSK-RÊBIECHOWO             ","2025","03","26","18",5.6,,,"8","W","N",,"8","WNW",,5,,8,,8,
"254180090","GDAÑSK-RÊBIECHOWO             ","2025","03","27","06",5.2,,,"8","W","N",,"8","WNW",,2,,7,,8,
"254180090","GDAÑSK-RÊBIECHOWO             ","2025","03","27","12",11.1,,,"8","W","N",,"8","WNW",,4,,2,,8,
"254180090","GDAÑSK-RÊBIECHOWO             ","2025","03","27","18",6.5,,,"8","W","N",,"8","NW ",,2,,1,,8,
"254180090","GDAÑSK-RÊBIECHOWO             ","2025","03","28","06",3.1,,,"8",,"N",,"8","C  ",,0,,3,,7,
"254180090","GDAÑSK-RÊBIECHOWO             ","2025","03","28","12",14.5,,,"8","W","N",,"8","WSW",,4,,0,,8,
"254180090","GDAÑSK-RÊBIECHOWO             ","2025","03","28","18",11.7,,,"8","W","N",,"8","SE ",,3,,0,,8,
"254180090","GDAÑSK-RÊBIECHOWO             ","2025","03","29","06",6.8,,,"8","W","N",,"8","C  ",,0,,0,,7,
"254180090","GDAÑSK-RÊBIECHOWO             ","2025","03","29","12",15.8,,,"8","W","N",,"8","SE ",,4,,2,,7,
"254180090","GDAÑSK-RÊBIECHOWO             ","2025","03","29","18",10.4,,,"8","W","N",,"8","ESE",,2,,7,,7,
"254180090","GDAÑSK-RÊBIECHOWO             ","2025","03","30","06",5.9,,,"8","W","N",,"8","W  ",,2,,7,,7,
"254180090","GDAÑSK-RÊBIECHOWO             ","2025","03","30","12",9.8,,,"8","W","N",,"8","W  ",,2,,7,,8,
"254180090","GDAÑSK-RÊBIECHOWO             ","2025","03","30","18",8.0,,,"8","W","N",,"8","SSE",,1,,7,,8,
"254180090","GDAÑSK-RÊBIECHOWO             ","2025","03","31","06",5.2,,,"8","W","N",,"8","N  ",,3,,7,,8,
"254180090","GDAÑSK-RÊBIECHOWO             ","2025","03","31","12",9.6,,,"8","W","N",,"8","N  ",,3,,7,,8,
"254180090","GDAÑSK-RÊBIECHOWO             ","2025","03","31","18",4.1,,,"8",,"N",,"8","NNW",,3,,1,,8,
"254200080","LIDZBARK WARMIÑSKI            ","2025","03","01","06",0.5,,0.4,,"W","N",98,,"NNW",,2,,8,,3,
"254200080","LIDZBARK WARMIÑSKI            ","2025","03","01","12",3.2,,2.6,,"W","N",90,,"NNW",,4,,8,,5,
"254200080","LIDZBARK WARMIÑSKI            ","2025","03","01","18",2.6,,2.2,,"W","N",93,,"NW ",,4,,8,,5,
"254200080","LIDZBARK WARMIÑSKI            ","2025","03","02","06",1.9,,1.4,,"W","N",91,,"WSW",,2,,8,,5,
"254200080","LIDZBARK WARMIÑSKI            ","2025","03","02","12",4.4,,3.6,,"W","N",87,,"W  ",,5,,8,,5,
"254200080","LIDZBARK WARMIÑSKI            ","2025","03","02","18",4.2,,3.2,,"W","N",84,,"WSW",,4,,8,,5,
"254200080","LIDZBARK WARMIÑSKI            ","2025","03","03","06",4.0,,3.0,,"W","N",83,,"WSW",,5,,8,,5,
"254200080","LIDZBARK WARMIÑSKI            ","2025","03","03","12",5.8,,4.0,,"W","N",73,,,"8",,"8",6,,7,
"254200080","LIDZBARK WARMIÑSKI            ","2025","03","03","18",6.2,,4.0,,"W","N",67,,,"8",,"8",8,,7,
"254200080","LIDZBARK WARMIÑSKI            ","2025","03","04","06",5.2,,4.2,,"W","N",84,,,"8",,"8",5,,7,
"254200080","LIDZBARK WARMIÑSKI            ","2025","03","04","12",8.5,,6.1,,"W","N",68,,,"8",,"8",6,,7,
"254200080","LIDZBARK WARMIÑSKI            ","2025","03","04","18",7.4,,5.3,,"W","N",70,,,"8",,"8",4,,7,
"254200080","LIDZBARK WARMIÑSKI            ","2025","03","05","06",4.6,,3.4,,"W","N",81,,"SW ",,4,,2,,5,
"254200080","LIDZBARK WARMIÑSKI            ","2025","03","05","12",12.2,,5.9,,"W","N",30,,,"8",,"8",8,,7,
"254200080","LIDZBARK WARMIÑSKI            ","2025","03","05","18",10.7,,5.3,,"W","N",36,,,"8",,"8",5,,7,
"254200080","LIDZBARK WARMIÑSKI            ","2025","03","06","06",6.6,,2.8,,"W","N",46,,,"8",,"8",3,,7,
"254200080","LIDZBARK WARMIÑSKI            ","2025","03","06","12",16.7,,8.8,,"W","N",27,,,"8",,"8",0,,7,
"254200080","LIDZBARK WARMIÑSKI            ","2025","03","06","18",12.4,,7.1,,"W","N",41,,,"8",,"8",0,,7,
"254200080","LIDZBARK WARMIÑSKI            ","2025","03","07","06",0.3,,-0.2,,"W","N",90,,,"8",,"8",0,,5,
"254200080","LIDZBARK WARMIÑSKI            ","2025","03","07","12",15.2,,8.6,,"W","N",34,,"WSW",,2,,0,,7,
"254200080","LIDZBARK WARMIÑSKI            ","2025","03","07","18",7.7,,7.3,,"W","N",94,,,"8",,"8",0,,7,
"254200080","LIDZBARK WARMIÑSKI            ","2025","03","08","06",-1.1,,-1.4,,"W","N",94,,,"8",,"8",0,,5,
"254200080","LIDZBARK WARMIÑSKI            ","2025","03","08","12",15.9,,10.1,,"W","N",43,,"N  ",,1,,0,,7,
"254200080","LIDZBARK WARMIÑSKI            ","2025","03","08","18",8.7,,6.3,,"W","N",68,,,"8",,"8",0,,7,
"254200080","LIDZBARK WARMIÑSKI            ","2025","03","09","06",-2.1,,-2.4,,"L","N",91,,,"8",,"8",3,,4,
"254200080","LIDZBARK WARMIÑSKI            ","2025","03","09","12",14.8,,10.3,,"W","N",53,,,"8",,"8",6,,5,
"254200080","LIDZBARK WARMIÑSKI            ","2025","03","09","18",10.1,,7.1,,"W","N",62,,,"8",,"8",4,,5,
"254200080","LIDZBARK WARMIÑSKI            ","2025","03","10","06",0.1,,-0.2,,"W","N",94,,,"8",,"8",5,,5,
"254200080","LIDZBARK WARMIÑSKI            ","2025","03","10","12",18.1,,10.1,,"W","N",29,,"SE ",,1,,2,,5,
"254200080","LIDZBARK WARMIÑSKI            ","2025","03","10","18",14.0,,8.7,,"W","N",44,,"SE ",,1,,2,,5,
"254200080","LIDZBARK WARMIÑSKI            ","2025","03","11","06",2.4,,2.0,,"W","N",93,,"WSW",,2,,2,,5,
"254200080","LIDZBARK WARMIÑSKI            ","2025","03","11","12",3.0,,2.4,,"W","N",90,,"WSW",,3,,8,,5,
"254200080","LIDZBARK WARMIÑSKI            ","2025","03","11","18",3.4,,3.0,,"W","N",93,,"WSW",,2,,8,,5,
"254200080","LIDZBARK WARMIÑSKI            ","2025","03","12","06",3.6,,3.0,,"W","N",90,,"SW ",,1,,8,,5,
"254200080","LIDZBARK WARMIÑSKI            ","2025","03","12","12",7.4,,5.1,,"W","N",68,,"SSW",,1,,3,,5,
"254200080","LIDZBARK WARMIÑSKI            ","2025","03","12","18",6.4,,5.3,,"W","N",84,,"E  ",,1,,5,,5,
"254200080","LIDZBARK WARMIÑSKI            ","2025","03","13","06",3.8,,3.6,,"W","N",97,,"N  ",,3,,8,,5,
"254200080","LIDZBARK WARMIÑSKI            ","2025","03","13","12",6.4,,5.5,,"W","N",87,,"N  ",,4,,8,,5,
"254200080","LIDZBARK WARMIÑSKI            ","2025","03","13","18",3.4,,3.2,,"W","N",97,,"NNW",,5,,8,,5,
"254200080","LIDZBARK WARMIÑSKI            ","2025","03","14","06",1.1,,-0.2,,"W","N",75,,"W  ",,3,,8,,7,
"254200080","LIDZBARK WARMIÑSKI            ","2025","03","14","12",3.8,,1.6,,"W","N",64,,"W  ",,2,,8,,7,
"254200080","LIDZBARK WARMIÑSKI            ","2025","03","14","18",3.4,,1.6,,"W","N",70,,,"8",,"8",5,,7,
"254200080","LIDZBARK WARMIÑSKI            ","2025","03","15","06",-3.9,,-4.2,,"L","N",89,,,"8",,"8",0,,7,
"254200080","LIDZBARK WARMIÑSKI            ","2025","03","15","12",5.6,,1.8,,"W","N",43,,,"8",,"8",0,,7,
"254200080","LIDZBARK WARMIÑSKI            ","2025","03","15","18",1.7,,0.4,,"W","N",76,,,"8",,"8",0,,7,
"254200080","LIDZBARK WARMIÑSKI            ","2025","03","16","06",0.1,,-1.4,,"W","N",70,,"SW ",,2,,2,,7,
"254200080","LIDZBARK WARMIÑSKI            ","2025","03","16","12",5.8,,2.6,,"W","N",52,,,"8",,"8",6,,7,
"254200080","LIDZBARK WARMIÑSKI            ","2025","03","16","18",3.0,,2.6,,"W","N",93,,"WNW",,4,,8,,6,
"254200080","LIDZBARK WARMIÑSKI            ","2025","03","17","06",-1.9,,-2.8,,"L","N",79,,"NNW",,6,,8,,5,
"254200080","LIDZBARK WARMIÑSKI            ","2025","03","17","12",2.1,,-0.9,,"W","N",47,,"N  ",,4,,3,,7,
"254200080","LIDZBARK WARMIÑSKI            ","2025","03","17","18",-0.9,,-2.7,,"W","N",63,,"W  ",,2,,2,,7,
"254200080","LIDZBARK WARMIÑSKI            ","2025","03","18","06",0.3,,-0.4,,"W","N",86,,"WSW",,3,,8,,7,
"254200080","LIDZBARK WARMIÑSKI            ","2025","03","18","12",6.4,,4.0,,"W","N",65,,,"8",,"8",4,,7,
"254200080","LIDZBARK WARMIÑSKI            ","2025","03","18","18",3.8,,2.6,,"W","N",80,,"WNW",,3,,5,,7,
"254200080","LIDZBARK WARMIÑSKI            ","2025","03","19","06",-0.3,,-0.6,,"W","N",94,,"SW ",,3,,0,,7,
"254200080","LIDZBARK WARMIÑSKI            ","2025","03","19","12",8.5,,4.9,,"W","N",52,,,"8",,"8",1,,7,
"254200080","LIDZBARK WARMIÑSKI            ","2025","03","19","18",7.4,,3.4,,"W","N",45,,"SSW",,1,,0,,7,
"254200080","LIDZBARK WARMIÑSKI            ","2025","03","20","06",-1.1,,-2.0,,"W","N",81,,,"8",,"8",0,,5,
"254200080","LIDZBARK WARMIÑSKI            ","2025","03","20","12",12.6,,5.9,,"W","N",27,,,"8",,"8",0,,7,
"254200080","LIDZBARK WARMIÑSKI            ","2025","03","20","18",9.7,,5.9,,"W","N",52,,,"8",,"8",0,,7,
"254200080","LIDZBARK WARMIÑSKI            ","2025","03","21","06",1.5,,0.8,,"W","N",87,,,"8",,"8",7,,5,
"254200080","LIDZBARK WARMIÑSKI            ","2025","03","21","12",13.4,,6.9,,"W","N",31,,,"8",,"8",0,,7,
"254200080","LIDZBARK WARMIÑSKI            ","2025","03","21","18",7.0,,4.5,,"W","N",64,,"NNE",,3,,0,,7,
"254200080","LIDZBARK WARMIÑSKI            ","2025","03","22","06",0.1,,-0.4,,"W","N",90,,"NNE",,2,,0,,5,
"254200080","LIDZBARK WARMIÑSKI            ","2025","03","22","12",12.2,,7.9,,"W","N",51,,,"8",,"8",2,,7,
"254200080","LIDZBARK WARMIÑSKI            ","2025","03","22","18",9.7,,5.5,,"W","N",47,,,"8",,"8",0,,7,
"254200080","LIDZBARK WARMIÑSKI            ","2025","03","23","06",3.4,,1.8,,"W","N",73,,"E  ",,3,,0,,5,
"254200080","LIDZBARK WARMIÑSKI            ","2025","03","23","12",11.3,,6.5,,"W","N",44,,,"8",,"8",0,,5,
"254200080","LIDZBARK WARMIÑSKI            ","2025","03","23","18",8.3,,5.1,,"W","N",57,,,"8",,"8",0,,7,
"254200080","LIDZBARK WARMIÑSKI            ","2025","03","24","06",4.6,,4.0,,"W","N",90,,"NNE",,2,,8,,5,
"254200080","LIDZBARK WARMIÑSKI            ","2025","03","24","12",6.6,,4.5,,"W","N",69,,,"8",,"8",8,,5,
"254200080","LIDZBARK WARMIÑSKI            ","2025","03","24","18",6.2,,4.7,,"W","N",78,,,"8",,"8",8,,7,
"254200080","LIDZBARK WARMIÑSKI            ","2025","03","25","06",-0.5,,-0.8,,"W","N",94,,,"8",,"8",2,,2,
"254200080","LIDZBARK WARMIÑSKI            ","2025","03","25","12",13.0,,7.1,,"W","N",36,,,"8",,"8",3,,7,
"254200080","LIDZBARK WARMIÑSKI            ","2025","03","25","18",10.7,,7.1,,"W","N",56,,"S  ",,1,,6,,5,
"254200080","LIDZBARK WARMIÑSKI            ","2025","03","26","06",6.4,,5.9,,"W","N",92,,"SW ",,2,,8,,5,
"254200080","LIDZBARK WARMIÑSKI            ","2025","03","26","12",7.9,,7.5,,"W","N",94,,,"8",,"8",8,,5,
"254200080","LIDZBARK WARMIÑSKI            ","2025","03","26","18",6.4,,6.1,,"W","N",95,,,"8",,"8",8,,5,
"254200080","LIDZBARK WARMIÑSKI            ","2025","03","27","06",5.2,,4.9,,"W","N",95,,"WNW",,1,,8,,5,
"254200080","LIDZBARK WARMIÑSKI            ","2025","03","27","12",7.7,,6.1,,"W","N",78,,"WNW",,3,,5,,7,
"254200080","LIDZBARK WARMIÑSKI            ","2025","03","27","18",7.5,,5.7,,"W","N",75,,"SE ",,1,,0,,7,
"254200080","LIDZBARK WARMIÑSKI            ","2025","03","28","06",2.2,,2.0,,"W","N",96,,"SSE",,1,,0,,5,
"254200080","LIDZBARK WARMIÑSKI            ","2025","03","28","12",14.4,,9.3,,"W","N",47,,,"8",,"8",3,,7,
"254200080","LIDZBARK WARMIÑSKI            ","2025","03","28","18",13.0,,9.1,,"W","N",56,,,"8",,"8",0,,7,
"254200080","LIDZBARK WARMIÑSKI            ","2025","03","29","06",4.6,,4.0,,"W","N",90,,"ESE",,1,,0,,5,
"254200080","LIDZBARK WARMIÑSKI            ","2025","03","29","12",16.9,,10.1,,"W","N",36,,"SE ",,3,,3,,7,
"254200080","LIDZBARK WARMIÑSKI            ","2025","03","29","18",14.0,,9.1,,"W","N",48,,"ESE",,1,,2,,7,
"254200080","LIDZBARK WARMIÑSKI            ","2025","03","30","06",6.0,,4.2,,"W","N",73,,"S  ",,1,,8,,5,
"254200080","LIDZBARK WARMIÑSKI            ","2025","03","30","12",11.7,,8.9,,"W","N",67,,"WNW",,2,,8,,5,
"254200080","LIDZBARK WARMIÑSKI            ","2025","03","30","18",6.6,,6.3,,"W","N",96,,,"8",,"8",8,,5,
"254200080","LIDZBARK WARMIÑSKI            ","2025","03","31","06",5.0,,4.9,,"W","N",98,,"NNW",,1,,8,,3,
"254200080","LIDZBARK WARMIÑSKI            ","2025","03","31","12",9.3,,7.3,,"W","N",74,,,"8",,"8",8,,7,
"254200080","LIDZBARK WARMIÑSKI            ","2025","03","31","18",7.0,,5.9,,"W","N",84,,,"8",,"8",8,,7,
"254220090","OLECKO                        ","2025","03","01","06",0.5,,,"8",,"U",,"8",,"8",,"8",8,,5,
"254220090","OLECKO                        ","2025","03","01","12",2.1,,,"8",,"U",,"8",,"8",,"8",8,,8,
"254220090","OLECKO                        ","2025","03","01","18",1.3,,,"8",,"U",,"8",,"8",,"8",8,,7,
"254220090","OLECKO                        ","2025","03","02","06",-0.1,,,"8",,"U",,"8",,"8",,"8",8,,7,
"254220090","OLECKO                        ","2025","03","02","12",2.9,,,"8",,"U",,"8",,"8",,"8",8,,8,
"254220090","OLECKO                        ","2025","03","02","18",2.7,,,"8",,"U",,"8",,"8",,"8",8,,7,
"254220090","OLECKO                        ","2025","03","03","06",3.5,,,"8",,"U",,"8",,"8",,"8",8,,8,
"254220090","OLECKO                        ","2025","03","03","12",4.7,,,"8",,"U",,"8",,"8",,"8",8,,8,
"254220090","OLECKO                        ","2025","03","03","18",4.9,,,"8",,"U",,"8",,"8",,"8",8,,7,
"254220090","OLECKO                        ","2025","03","04","06",4.9,,,"8",,"U",,"8",,"8",,"8",8,,8,
"254220090","OLECKO                        ","2025","03","04","12",6.7,,,"8",,"U",,"8",,"8",,"8",8,,8,
"254220090","OLECKO                        ","2025","03","04","18",6.9,,,"8",,"U",,"8",,"8",,"8",8,,8,
"254220090","OLECKO                        ","2025","03","05","06",4.1,,,"8",,"U",,"8",,"8",,"8",1,,8,
"254220090","OLECKO                        ","2025","03","05","12",11.6,,,"8",,"U",,"8",,"8",,"8",6,,8,
"254220090","OLECKO                        ","2025","03","05","18",9.9,,,"8",,"U",,"8",,"8",,"8",8,,7,
"254220090","OLECKO                        ","2025","03","06","06",4.6,,,"8",,"U",,"8",,"8",,"8",3,,8,
"254220090","OLECKO                        ","2025","03","06","12",15.3,,,"8",,"U",,"8",,"8",,"8",0,,8,
"254220090","OLECKO                        ","2025","03","06","18",11.0,,,"8",,"U",,"8",,"8",,"8",2,,7,
"254220090","OLECKO                        ","2025","03","07","06",0.2,,,"8",,"U",,"8",,"8",,"8",0,,8,
"254220090","OLECKO                        ","2025","03","07","12",14.1,,,"8",,"U",,"8",,"8",,"8",0,,8,
"254220090","OLECKO                        ","2025","03","07","18",7.9,,,"8",,"U",,"8",,"8",,"8",5,,7,
"254220090","OLECKO                        ","2025","03","08","06",-0.7,,,"8",,"U",,"8",,"8",,"8",1,,8,
"254220090","OLECKO                        ","2025","03","08","12",14.9,,,"8",,"U",,"8",,"8",,"8",0,,7,
"254220090","OLECKO                        ","2025","03","08","18",9.1,,,"8",,"U",,"8",,"8",,"8",2,,7,
"254220090","OLECKO                        ","2025","03","09","06",0.4,,,"8",,"U",,"8",,"8",,"8",0,,8,
"254220090","OLECKO                        ","2025","03","09","12",14.1,,,"8",,"U",,"8",,"8",,"8",0,,8,
"254220090","OLECKO                        ","2025","03","09","18",11.0,,,"8",,"U",,"8",,"8",,"8",8,,7,
"254220090","OLECKO                        ","2025","03","10","06",3.7,,,"8",,"U",,"8",,"8",,"8",4,,8,
"254220090","OLECKO                        ","2025","03","10","12",16.1,,,"8",,"U",,"8",,"8",,"8",1,,8,
"254220090","OLECKO                        ","2025","03","10","18",11.8,,,"8",,"U",,"8",,"8",,"8",8,,7,
"254220090","OLECKO                        ","2025","03","11","06",4.5,,,"8",,"U",,"8",,"8",,"8",4,,6,
"254220090","OLECKO                        ","2025","03","11","12",13.0,,,"8",,"U",,"8",,"8",,"8",2,,6,
"254220090","OLECKO                        ","2025","03","11","18",3.9,,,"8",,"U",,"8",,"8",,"8",3,,6,
"254220090","OLECKO                        ","2025","03","12","06",1.7,,,"8",,"U",,"8",,"8",,"8",8,,6,
"254220090","OLECKO                        ","2025","03","12","12",7.2,,,"8",,"U",,"8",,"8",,"8",1,,6,
"254220090","OLECKO                        ","2025","03","12","18",6.0,,,"8",,"U",,"8",,"8",,"8",7,,6,
"254220090","OLECKO                        ","2025","03","13","06",5.9,,,"8",,"U",,"8",,"8",,"8",6,,4,
"254220090","OLECKO                        ","2025","03","13","12",9.7,,,"8",,"U",,"8",,"8",,"8",8,,6,
"254220090","OLECKO                        ","2025","03","13","18",7.4,,,"8",,"U",,"8",,"8",,"8",8,,6,
"254220090","OLECKO                        ","2025","03","14","06",0.1,,,"8",,"U",,"8",,"8",,"8",8,,8,
"254220090","OLECKO                        ","2025","03","14","12",2.7,,,"8",,"U",,"8",,"8",,"8",8,,8,
"254220090","OLECKO                        ","2025","03","14","18",0.9,,,"8",,"U",,"8",,"8",,"8",8,,8,
"254220090","OLECKO                        ","2025","03","15","06",-1.9,,,"8",,"U",,"8",,"8",,"8",0,,8,
"254220090","OLECKO                        ","2025","03","15","12",4.1,,,"8",,"U",,"8",,"8",,"8",1,,8,
"254220090","OLECKO                        ","2025","03","15","18",0.7,,,"8",,"U",,"8",,"8",,"8",2,,8,
"254220090","OLECKO                        ","2025","03","16","06",-2.1,,,"8",,"U",,"8",,"8",,"8",1,,8,
"254220090","OLECKO                        ","2025","03","16","12",5.9,,,"8",,"U",,"8",,"8",,"8",6,,8,
"254220090","OLECKO                        ","2025","03","16","18",2.9,,,"8",,"U",,"8",,"8",,"8",8,,7,
"254220090","OLECKO                        ","2025","03","17","06",-2.9,,,"8",,"U",,"8",,"8",,"8",4,,8,
"254220090","OLECKO                        ","2025","03","17","12",0.5,,,"8",,"U",,"8",,"8",,"8",7,,8,
"254220090","OLECKO                        ","2025","03","17","18",-1.1,,,"8",,"U",,"8",,"8",,"8",0,,7,
"254220090","OLECKO                        ","2025","03","18","06",-1.1,,,"8",,"U",,"8",,"8",,"8",8,,8,
"254220090","OLECKO                        ","2025","03","18","12",5.0,,,"8",,"U",,"8",,"8",,"8",8,,8,
"254220090","OLECKO                        ","2025","03","18","18",2.9,,,"8",,"U",,"8",,"8",,"8",8,,7,
"254220090","OLECKO                        ","2025","03","19","06",-0.7,,,"8",,"U",,"8",,"8",,"8",8,,8,
"254220090","OLECKO                        ","2025","03","19","12",7.9,,,"8",,"U",,"8",,"8",,"8",4,,8,
"254220090","OLECKO                        ","2025","03","19","18",5.1,,,"8",,"U",,"8",,"8",,"8",1,,7,
"254220090","OLECKO                        ","2025","03","20","06",-1.2,,,"8",,"U",,"8",,"8",,"8",0,,8,
"254220090","OLECKO                        ","2025","03","20","12",11.8,,,"8",,"U",,"8",,"8",,"8",0,,8,
"254220090","OLECKO                        ","2025","03","20","18",7.5,,,"8",,"U",,"8",,"8",,"8",1,,7,
"254220090","OLECKO                        ","2025","03","21","06",1.7,,,"8",,"U",,"8",,"8",,"8",1,,8,
"254220090","OLECKO                        ","2025","03","21","12",12.4,,,"8",,"U",,"8",,"8",,"8",0,,8,
"254220090","OLECKO                        ","2025","03","21","18",7.3,,,"8",,"U",,"8",,"8",,"8",1,,8,
"254220090","OLECKO                        ","2025","03","22","06",2.3,,,"8",,"U",,"8",,"8",,"8",3,,8,
"254220090","OLECKO                        ","2025","03","22","12",13.0,,,"8",,"U",,"8",,"8",,"8",2,,8,
"254220090","OLECKO                        ","2025","03","22","18",8.1,,,"8",,"U",,"8",,"8",,"8",2,,7,
"254220090","OLECKO                        ","2025","03","23","06",1.7,,,"8",,"U",,"8",,"8",,"8",0,,8,
"254220090","OLECKO                        ","2025","03","23","12",10.5,,,"8",,"U",,"8",,"8",,"8",0,,8,
"254220090","OLECKO                        ","2025","03","23","18",7.7,,,"8",,"U",,"8",,"8",,"8",7,,7,
"254220090","OLECKO                        ","2025","03","24","06",2.9,,,"8",,"U",,"8",,"8",,"8",8,,8,
"254220090","OLECKO                        ","2025","03","24","12",4.9,,,"8",,"U",,"8",,"8",,"8",8,,8,
"254220090","OLECKO                        ","2025","03","24","18",4.9,,,"8",,"U",,"8",,"8",,"8",8,,7,
"254220090","OLECKO                        ","2025","03","25","06",3.3,,,"8",,"U",,"8",,"8",,"8",8,,8,
"254220090","OLECKO                        ","2025","03","25","12",10.2,,,"8",,"U",,"8",,"8",,"8",2,,8,
"254220090","OLECKO                        ","2025","03","25","18",8.3,,,"8",,"U",,"8",,"8",,"8",8,,7,
"254220090","OLECKO                        ","2025","03","26","06",5.3,,,"8",,"U",,"8",,"8",,"8",8,,8,
"254220090","OLECKO                        ","2025","03","26","12",7.3,,,"8",,"U",,"8",,"8",,"8",8,,8,
"254220090","OLECKO                        ","2025","03","26","18",6.5,,,"8",,"U",,"8",,"8",,"8",8,,7,
"254220090","OLECKO                        ","2025","03","27","06",5.3,,,"8",,"U",,"8",,"8",,"8",8,,8,
"254220090","OLECKO                        ","2025","03","27","12",7.1,,,"8",,"U",,"8",,"8",,"8",8,,8,
"254220090","OLECKO                        ","2025","03","27","18",4.9,,,"8",,"U",,"8",,"8",,"8",8,,7,
"254220090","OLECKO                        ","2025","03","28","06",2.7,,,"8",,"U",,"8",,"8",,"8",0,,8,
"254220090","OLECKO                        ","2025","03","28","12",12.4,,,"8",,"U",,"8",,"8",,"8",4,,8,
"254220090","OLECKO                        ","2025","03","28","18",9.9,,,"8",,"U",,"8",,"8",,"8",0,,7,
"254220090","OLECKO                        ","2025","03","29","06",4.9,,,"8",,"U",,"8",,"8",,"8",0,,8,
"254220090","OLECKO                        ","2025","03","29","12",15.3,,,"8",,"U",,"8",,"8",,"8",1,,8,
"254220090","OLECKO                        ","2025","03","29","18",12.0,,,"8",,"U",,"8",,"8",,"8",2,,7,
"254220090","OLECKO                        ","2025","03","30","06",4.3,,,"8",,"U",,"8",,"8",,"8",6,,8,
"254220090","OLECKO                        ","2025","03","30","12",14.1,,,"8",,"U",,"8",,"8",,"8",8,,8,
"254220090","OLECKO                        ","2025","03","30","18",10.3,,,"8",,"U",,"8",,"8",,"8",8,,7,
"254220090","OLECKO                        ","2025","03","31","06",5.9,,,"8",,"U",,"8",,"8",,"8",8,,8,
"254220090","OLECKO                        ","2025","03","31","12",7.9,,,"8",,"U",,"8",,"8",,"8",8,,8,
"254220090","OLECKO                        ","2025","03","31","18",7.3,,,"8",,"U",,"8",,"8",,"8",8,,7,
