"249190560","JAB£ONKA                      ","2025","07","01","06",15.5,,,"8","W","N",,"8","NNE",,1,,0,,8,
"249190560","JAB£ONKA                      ","2025","07","01","12",22.9,,,"8","W","N",,"8","ENE",,2,,1,,8,
"249190560","JAB£ONKA                      ","2025","07","01","18",20.9,,,"8","W","N",,"8","ENE",,1,,0,,8,
"249190560","JAB£ONKA                      ","2025","07","02","06",14.4,,,"8","W","N",,"8","C  ",,0,,0,,8,
"249190560","JAB£ONKA                      ","2025","07","02","12",27.7,,,"8","W","N",,"8","ENE",,1,,0,,8,
"249190560","JAB£ONKA                      ","2025","07","02","18",25.4,,,"8","W","N",,"8","NE ",,1,,0,,8,
"249190560","JAB£ONKA                      ","2025","07","03","06",16.7,,,"8","W","N",,"8","SE ",,1,,0,,8,
"249190560","JAB£ONKA                      ","2025","07","03","12",32.6,,,"8","W","N",,"8","WSW",,1,,0,,8,
"249190560","JAB£ONKA                      ","2025","07","03","18",26.3,,,"8","W","N",,"8","N  ",,2,,2,,8,
"249190560","JAB£ONKA                      ","2025","07","04","06",13.1,,,"8","W","N",,"8","NNE",,3,,8,,7,
"249190560","JAB£ONKA                      ","2025","07","04","12",15.6,,,"8","W","N",,"8","N  ",,1,,6,,7,
"249190560","JAB£ONKA                      ","2025","07","04","18",17.5,,,"8","W","N",,"8","NNE",,1,,4,,8,
"249190560","JAB£ONKA                      ","2025","07","05","06",11.9,,,"8","W","N",,"8","E  ",,1,,1,,8,
"249190560","JAB£ONKA                      ","2025","07","05","12",23.3,,,"8","W","N",,"8","WSW",,1,,1,,8,
"249190560","JAB£ONKA                      ","2025","07","05","18",22.1,,,"8","W","N",,"8","C  ",,0,,1,,8,
"249190560","JAB£ONKA                      ","2025","07","06","06",15.7,,,"8","W","N",,"8","C  ",,0,,0,,8,
"249190560","JAB£ONKA                      ","2025","07","06","12",28.3,,,"8","W","N",,"8","WSW",,2,,2,,8,
"249190560","JAB£ONKA                      ","2025","07","06","18",23.8,,,"8","W","N",,"8","C  ",,0,,3,,8,
"249190560","JAB£ONKA                      ","2025","07","07","06",16.7,,,"8","W","N",,"8","ENE",,1,,7,,5,
"249190560","JAB£ONKA                      ","2025","07","07","12",23.4,,,"8","W","N",,"8","W  ",,2,,6,,7,
"249190560","JAB£ONKA                      ","2025","07","07","18",16.7,,,"8","W","N",,"8","C  ",,0,,7,,7,
"249190560","JAB£ONKA                      ","2025","07","08","06",13.3,,,"8","W","N",,"8","ENE",,1,,8,,7,
"249190560","JAB£ONKA                      ","2025","07","08","12",17.1,,,"8","W","N",,"8","ENE",,1,,8,,7,
"249190560","JAB£ONKA                      ","2025","07","08","18",14.4,,,"8","W","N",,"8","WNW",,1,,8,,5,
"249190560","JAB£ONKA                      ","2025","07","09","06",12.0,,,"8","W","N",,"8","WNW",,2,,8,,5,
"249190560","JAB£ONKA                      ","2025","07","09","12",12.7,,,"8","W","N",,"8","WNW",,1,,8,,7,
"249190560","JAB£ONKA                      ","2025","07","09","18",12.3,,,"8","W","N",,"8","NW ",,1,,8,,7,
"249190560","JAB£ONKA                      ","2025","07","10","06",13.3,,,"8","W","N",,"8","NW ",,2,,8,,7,
"249190560","JAB£ONKA                      ","2025","07","10","12",14.1,,,"8","W","N",,"8","W  ",,1,,8,,7,
"249190560","JAB£ONKA                      ","2025","07","10","18",14.7,,,"8","W","N",,"8","WSW",,1,,4,,7,
"249190560","JAB£ONKA                      ","2025","07","11","06",13.9,,,"8","W","N",,"8","SW ",,1,,4,,8,
"249190560","JAB£ONKA                      ","2025","07","11","12",18.3,,,"8","W","N",,"8","WSW",,1,,6,,7,
"249190560","JAB£ONKA                      ","2025","07","11","18",16.9,,,"8","W","N",,"8","W  ",,1,,5,,8,
"249190560","JAB£ONKA                      ","2025","07","12","06",13.0,,,"8","W","N",,"8","C  ",,0,,7,,8,
"249190560","JAB£ONKA                      ","2025","07","12","12",20.5,,,"8","W","N",,"8","W  ",,2,,4,,8,
"249190560","JAB£ONKA                      ","2025","07","12","18",17.9,,,"8","W","N",,"8","WNW",,1,,8,,8,
"249190560","JAB£ONKA                      ","2025","07","13","06",14.9,,,"8","W","N",,"8","ENE",,1,,6,,7,
"249190560","JAB£ONKA                      ","2025","07","13","12",25.8,,,"8","W","N",,"8","SSW",,2,,4,,7,
"249190560","JAB£ONKA                      ","2025","07","13","18",21.7,,,"8","W","N",,"8","NW ",,1,,6,,7,
"249190560","JAB£ONKA                      ","2025","07","14","06",15.0,,,"8","W","N",,"8","C  ",,0,,1,,8,
"249190560","JAB£ONKA                      ","2025","07","14","12",26.4,,,"8","W","N",,"8","WSW",,2,,4,,8,
"249190560","JAB£ONKA                      ","2025","07","14","18",22.1,,,"8","W","N",,"8","C  ",,0,,4,,8,
"249190560","JAB£ONKA                      ","2025","07","15","06",16.1,,,"8","W","N",,"8","C  ",,0,,8,,7,
"249190560","JAB£ONKA                      ","2025","07","15","12",22.8,,,"8","W","N",,"8","SE ",,1,,5,,7,
"249190560","JAB£ONKA                      ","2025","07","15","18",20.4,,,"8","W","N",,"8","NE ",,1,,7,,7,
"249190560","JAB£ONKA                      ","2025","07","16","06",15.5,,,"8","W","N",,"8","W  ",,1,,4,,8,
"249190560","JAB£ONKA                      ","2025","07","16","12",20.5,,,"8","W","N",,"8","WNW",,2,,4,,8,
"249190560","JAB£ONKA                      ","2025","07","16","18",18.3,,,"8","W","N",,"8","W  ",,1,,7,,7,
"249190560","JAB£ONKA                      ","2025","07","17","06",12.5,,,"8","W","N",,"8","C  ",,0,,8,,5,
"249190560","JAB£ONKA                      ","2025","07","17","12",15.9,,,"8","W","N",,"8","NW ",,1,,5,,8,
"249190560","JAB£ONKA                      ","2025","07","17","18",14.7,,,"8","W","N",,"8","NW ",,1,,6,,8,
"249190560","JAB£ONKA                      ","2025","07","18","06",13.0,,,"8","W","N",,"8","ENE",,1,,2,,8,
"249190560","JAB£ONKA                      ","2025","07","18","12",19.9,,,"8","W","N",,"8","N  ",,2,,6,,8,
"249190560","JAB£ONKA                      ","2025","07","18","18",16.7,,,"8","W","N",,"8","C  ",,0,,5,,8,
"249190560","JAB£ONKA                      ","2025","07","19","06",11.3,,,"8","W","N",,"8","C  ",,0,,8,,3,
"249190560","JAB£ONKA                      ","2025","07","19","12",22.1,,,"8","W","N",,"8","WNW",,1,,4,,8,
"249190560","JAB£ONKA                      ","2025","07","19","18",20.5,,,"8","W","N",,"8","WNW",,1,,3,,8,
"249190560","JAB£ONKA                      ","2025","07","20","06",13.7,,,"8","W","N",,"8","WSW",,1,,1,,8,
"249190560","JAB£ONKA                      ","2025","07","20","12",23.1,,,"8","W","N",,"8","C  ",,0,,5,,8,
"249190560","JAB£ONKA                      ","2025","07","20","18",22.9,,,"8","W","N",,"8","WNW",,1,,1,,8,
"249190560","JAB£ONKA                      ","2025","07","21","06",15.9,,,"8","W","N",,"8","SE ",,1,,0,,8,
"249190560","JAB£ONKA                      ","2025","07","21","12",28.5,,,"8","W","N",,"8","NW ",,1,,4,,8,
"249190560","JAB£ONKA                      ","2025","07","21","18",25.3,,,"8","W","N",,"8","C  ",,0,,6,,8,
"249190560","JAB£ONKA                      ","2025","07","22","06",17.4,,,"8","W","N",,"8","W  ",,1,,2,,8,
"249190560","JAB£ONKA                      ","2025","07","22","12",24.5,,,"8","W","N",,"8","W  ",,1,,1,,8,
"249190560","JAB£ONKA                      ","2025","07","22","18",19.5,,,"8","W","N",,"8","C  ",,0,,1,,8,
"249190560","JAB£ONKA                      ","2025","07","23","06",17.5,,,"8","W","N",,"8","W  ",,1,,1,,8,
"249190560","JAB£ONKA                      ","2025","07","23","12",23.9,,,"8","W","N",,"8","W  ",,2,,3,,8,
"249190560","JAB£ONKA                      ","2025","07","23","18",20.9,,,"8","W","N",,"8","C  ",,0,,1,,8,
"249190560","JAB£ONKA                      ","2025","07","24","06",15.2,,,"8","W","N",,"8","E  ",,1,,2,,8,
"249190560","JAB£ONKA                      ","2025","07","24","12",23.1,,,"8","W","N",,"8","NW ",,1,,8,,7,
"249190560","JAB£ONKA                      ","2025","07","24","18",20.7,,,"8","W","N",,"8","NE ",,1,,8,,7,
"249190560","JAB£ONKA                      ","2025","07","25","06",16.9,,,"8","W","N",,"8","C  ",,0,,8,,7,
"249190560","JAB£ONKA                      ","2025","07","25","12",23.5,,,"8","W","N",,"8","NNW",,1,,8,,7,
"249190560","JAB£ONKA                      ","2025","07","25","18",20.3,,,"8","W","N",,"8","C  ",,0,,8,,7,
"249190560","JAB£ONKA                      ","2025","07","26","06",17.9,,,"8","W","N",,"8","C  ",,0,,8,,7,
"249190560","JAB£ONKA                      ","2025","07","26","12",17.9,,,"8","W","N",,"8","N  ",,1,,8,,5,
"249190560","JAB£ONKA                      ","2025","07","26","18",18.9,,,"8","W","N",,"8","NNE",,1,,8,,7,
"249190560","JAB£ONKA                      ","2025","07","27","06",17.7,,,"8","W","N",,"8","N  ",,1,,8,,7,
"249190560","JAB£ONKA                      ","2025","07","27","12",20.4,,,"8","W","N",,"8","WSW",,1,,8,,7,
"249190560","JAB£ONKA                      ","2025","07","27","18",16.9,,,"8","W","N",,"8","SSW",,1,,8,,5,
"249190560","JAB£ONKA                      ","2025","07","28","06",15.7,,,"8","W","N",,"8","WNW",,1,,8,,5,
"249190560","JAB£ONKA                      ","2025","07","28","12",17.9,,,"8","W","N",,"8","WNW",,3,,8,,7,
"249190560","JAB£ONKA                      ","2025","07","28","18",15.9,,,"8","W","N",,"8","S  ",,1,,7,,7,
"249190560","JAB£ONKA                      ","2025","07","29","06",13.9,,,"8","W","N",,"8","SSW",,1,,6,,7,
"249190560","JAB£ONKA                      ","2025","07","29","12",17.5,,,"8","W","N",,"8","NNE",,1,,8,,7,
"249190560","JAB£ONKA                      ","2025","07","29","18",15.7,,,"8","W","N",,"8","C  ",,0,,4,,8,
"249190560","JAB£ONKA                      ","2025","07","30","06",13.8,,,"8","W","N",,"8","W  ",,1,,6,,7,
"249190560","JAB£ONKA                      ","2025","07","30","12",20.1,,,"8","W","N",,"8","W  ",,1,,5,,8,
"249190560","JAB£ONKA                      ","2025","07","30","18",17.7,,,"8","W","N",,"8","C  ",,0,,4,,8,
"249190560","JAB£ONKA                      ","2025","07","31","06",12.9,,,"8","W","N",,"8","WNW",,1,,7,,7,
"249190560","JAB£ONKA                      ","2025","07","31","12",15.8,,,"8","W","N",,"8","W  ",,2,,7,,8,
"249190560","JAB£ONKA                      ","2025","07","31","18",16.9,,,"8","W","N",,"8","W  ",,1,,1,,8,
"249190670","POLANA CHOCHO£OWSKA           ","2025","07","01","06",13.2,,,"8","W","N",,"8",,"8",1,,0,,5,
"249190670","POLANA CHOCHO£OWSKA           ","2025","07","01","12",18.5,,,"8","W","N",,"8",,"8",3,,0,,5,
"249190670","POLANA CHOCHO£OWSKA           ","2025","07","01","18",12.6,,,"8","W","N",,"8",,"8",1,,0,,5,
"249190670","POLANA CHOCHO£OWSKA           ","2025","07","02","06",17.0,,,"8","W","N",,"8",,"8",0,,0,,5,
"249190670","POLANA CHOCHO£OWSKA           ","2025","07","02","12",25.0,,,"8","W","N",,"8",,"8",2,,0,,5,
"249190670","POLANA CHOCHO£OWSKA           ","2025","07","02","18",16.6,,,"8","W","N",,"8",,"8",0,,0,,5,
"249190670","POLANA CHOCHO£OWSKA           ","2025","07","03","06",23.6,,,"8","W","N",,"8",,"8",0,,0,,5,
"249190670","POLANA CHOCHO£OWSKA           ","2025","07","03","12",29.0,,,"8","W","N",,"8",,"8",1,,0,,5,
"249190670","POLANA CHOCHO£OWSKA           ","2025","07","03","18",20.5,,,"8","W","N",,"8",,"8",1,,0,,5,
"249190670","POLANA CHOCHO£OWSKA           ","2025","07","04","06",13.9,,,"8","W","N",,"8",,"8",1,,8,,3,
"249190670","POLANA CHOCHO£OWSKA           ","2025","07","04","12",12.4,,,"8","W","N",,"8",,"8",1,,8,,4,
"249190670","POLANA CHOCHO£OWSKA           ","2025","07","04","18",12.9,,,"8","W","N",,"8",,"8",1,,6,,5,
"249190670","POLANA CHOCHO£OWSKA           ","2025","07","05","06",13.2,,,"8","W","N",,"8",,"8",0,,1,,5,
"249190670","POLANA CHOCHO£OWSKA           ","2025","07","05","12",20.0,,,"8","W","N",,"8",,"8",2,,2,,5,
"249190670","POLANA CHOCHO£OWSKA           ","2025","07","05","18",13.8,,,"8","W","N",,"8",,"8",0,,1,,5,
"249190670","POLANA CHOCHO£OWSKA           ","2025","07","06","06",18.1,,,"8","W","N",,"8",,"8",0,,1,,5,
"249190670","POLANA CHOCHO£OWSKA           ","2025","07","06","12",23.2,,,"8","W","N",,"8",,"8",2,,3,,5,
"249190670","POLANA CHOCHO£OWSKA           ","2025","07","06","18",20.1,,,"8","W","N",,"8",,"8",0,,4,,5,
"249190670","POLANA CHOCHO£OWSKA           ","2025","07","07","06",20.1,,,"8","W","N",,"8",,"8",3,,3,,5,
"249190670","POLANA CHOCHO£OWSKA           ","2025","07","07","12",18.5,,,"8","W","N",,"8",,"8",2,,7,,5,
"249190670","POLANA CHOCHO£OWSKA           ","2025","07","07","18",13.2,,,"8","W","N",,"8",,"8",0,,7,,4,
"249190670","POLANA CHOCHO£OWSKA           ","2025","07","08","06",12.9,,,"8","W","N",,"8",,"8",0,,5,,5,
"249190670","POLANA CHOCHO£OWSKA           ","2025","07","08","12",13.7,,,"8","W","N",,"8",,"8",0,,8,,5,
"249190670","POLANA CHOCHO£OWSKA           ","2025","07","08","18",12.1,,,"8","W","N",,"8",,"8",0,,8,,3,
"249190670","POLANA CHOCHO£OWSKA           ","2025","07","09","06",9.4,,,"8","W","N",,"8",,"8",0,,8,,3,
"249190670","POLANA CHOCHO£OWSKA           ","2025","07","09","12",8.4,,,"8","W","N",,"8",,"8",1,,8,,3,
"249190670","POLANA CHOCHO£OWSKA           ","2025","07","09","18",7.7,,,"8","W","N",,"8",,"8",1,,8,,3,
"249190670","POLANA CHOCHO£OWSKA           ","2025","07","10","06",9.1,,,"8","W","N",,"8",,"8",2,,8,,2,
"249190670","POLANA CHOCHO£OWSKA           ","2025","07","10","12",8.6,,,"8","W","N",,"8",,"8",1,,8,,2,
"249190670","POLANA CHOCHO£OWSKA           ","2025","07","10","18",9.2,,,"8","W","N",,"8",,"8",0,,8,,5,
"249190670","POLANA CHOCHO£OWSKA           ","2025","07","11","06",10.4,,,"8","W","N",,"8",,"8",0,,5,,5,
"249190670","POLANA CHOCHO£OWSKA           ","2025","07","11","12",13.4,,,"8","W","N",,"8",,"8",1,,6,,5,
"249190670","POLANA CHOCHO£OWSKA           ","2025","07","11","18",10.6,,,"8","W","N",,"8",,"8",0,,7,,5,
"249190670","POLANA CHOCHO£OWSKA           ","2025","07","12","06",12.9,,,"8","W","N",,"8",,"8",1,,6,,5,
"249190670","POLANA CHOCHO£OWSKA           ","2025","07","12","12",17.7,,,"8","W","N",,"8",,"8",1,,3,,5,
"249190670","POLANA CHOCHO£OWSKA           ","2025","07","12","18",13.6,,,"8","W","N",,"8",,"8",0,,7,,5,
"249190670","POLANA CHOCHO£OWSKA           ","2025","07","13","06",14.4,,,"8","W","N",,"8",,"8",1,,6,,5,
"249190670","POLANA CHOCHO£OWSKA           ","2025","07","13","12",19.7,,,"8","W","N",,"8",,"8",1,,5,,5,
"249190670","POLANA CHOCHO£OWSKA           ","2025","07","13","18",18.6,,,"8","W","N",,"8",,"8",0,,4,,5,
"249190670","POLANA CHOCHO£OWSKA           ","2025","07","14","06",18.6,,,"8","W","N",,"8",,"8",0,,0,,5,
"249190670","POLANA CHOCHO£OWSKA           ","2025","07","14","12",23.1,,,"8","W","N",,"8",,"8",1,,6,,5,
"249190670","POLANA CHOCHO£OWSKA           ","2025","07","14","18",16.4,,,"8","W","N",,"8",,"8",0,,5,,5,
"249190670","POLANA CHOCHO£OWSKA           ","2025","07","15","06",15.0,,,"8","W","N",,"8",,"8",0,,8,,5,
"249190670","POLANA CHOCHO£OWSKA           ","2025","07","15","12",17.5,,,"8","W","N",,"8",,"8",0,,8,,5,
"249190670","POLANA CHOCHO£OWSKA           ","2025","07","15","18",15.2,,,"8","W","N",,"8",,"8",0,,1,,5,
"249190670","POLANA CHOCHO£OWSKA           ","2025","07","16","06",11.6,,,"8","W","N",,"8",,"8",0,,7,,3,
"249190670","POLANA CHOCHO£OWSKA           ","2025","07","16","12",15.4,,,"8","W","N",,"8",,"8",0,,5,,5,
"249190670","POLANA CHOCHO£OWSKA           ","2025","07","16","18",11.8,,,"8","W","N",,"8",,"8",0,,4,,5,
"249190670","POLANA CHOCHO£OWSKA           ","2025","07","17","06",9.3,,,"8","W","N",,"8",,"8",0,,8,,3,
"249190670","POLANA CHOCHO£OWSKA           ","2025","07","17","12",10.5,,,"8","W","N",,"8",,"8",0,,8,,3,
"249190670","POLANA CHOCHO£OWSKA           ","2025","07","17","18",9.7,,,"8","W","N",,"8",,"8",0,,8,,3,
"249190670","POLANA CHOCHO£OWSKA           ","2025","07","18","06",10.9,,,"8","W","N",,"8",,"8",0,,2,,5,
"249190670","POLANA CHOCHO£OWSKA           ","2025","07","18","12",13.3,,,"8","W","N",,"8",,"8",0,,8,,3,
"249190670","POLANA CHOCHO£OWSKA           ","2025","07","18","18",12.4,,,"8","W","N",,"8",,"8",0,,7,,5,
"249190670","POLANA CHOCHO£OWSKA           ","2025","07","19","06",12.0,,,"8","W","N",,"8",,"8",0,,6,,5,
"249190670","POLANA CHOCHO£OWSKA           ","2025","07","19","12",18.5,,,"8","W","N",,"8",,"8",0,,4,,5,
"249190670","POLANA CHOCHO£OWSKA           ","2025","07","19","18",14.2,,,"8","W","N",,"8",,"8",0,,3,,5,
"249190670","POLANA CHOCHO£OWSKA           ","2025","07","20","06",15.1,,,"8","W","N",,"8",,"8",0,,6,,5,
"249190670","POLANA CHOCHO£OWSKA           ","2025","07","20","12",19.3,,,"8","W","N",,"8",,"8",1,,6,,5,
"249190670","POLANA CHOCHO£OWSKA           ","2025","07","20","18",15.6,,,"8","W","N",,"8",,"8",0,,1,,5,
"249190670","POLANA CHOCHO£OWSKA           ","2025","07","21","06",18.1,,,"8","W","N",,"8",,"8",0,,0,,5,
"249190670","POLANA CHOCHO£OWSKA           ","2025","07","21","12",24.0,,,"8","W","N",,"8",,"8",1,,4,,5,
"249190670","POLANA CHOCHO£OWSKA           ","2025","07","21","18",20.7,,,"8","W","N",,"8",,"8",1,,5,,5,
"249190670","POLANA CHOCHO£OWSKA           ","2025","07","22","06",13.2,,,"8","W","N",,"8",,"8",0,,1,,5,
"249190670","POLANA CHOCHO£OWSKA           ","2025","07","22","12",18.7,,,"8","W","N",,"8",,"8",1,,4,,5,
"249190670","POLANA CHOCHO£OWSKA           ","2025","07","22","18",13.6,,,"8","W","N",,"8",,"8",1,,4,,5,
"249190670","POLANA CHOCHO£OWSKA           ","2025","07","23","06",15.2,,,"8","W","N",,"8",,"8",0,,0,,5,
"249190670","POLANA CHOCHO£OWSKA           ","2025","07","23","12",20.8,,,"8","W","N",,"8",,"8",1,,1,,5,
"249190670","POLANA CHOCHO£OWSKA           ","2025","07","23","18",13.6,,,"8","W","N",,"8",,"8",0,,3,,5,
"249190670","POLANA CHOCHO£OWSKA           ","2025","07","24","06",15.2,,,"8","W","N",,"8",,"8",0,,3,,5,
"249190670","POLANA CHOCHO£OWSKA           ","2025","07","24","12",19.6,,,"8","W","N",,"8",,"8",0,,5,,5,
"249190670","POLANA CHOCHO£OWSKA           ","2025","07","24","18",17.2,,,"8","W","N",,"8",,"8",0,,8,,4,
"249190670","POLANA CHOCHO£OWSKA           ","2025","07","25","06",15.4,,,"8","W","N",,"8",,"8",1,,6,,4,
"249190670","POLANA CHOCHO£OWSKA           ","2025","07","25","12",19.5,,,"8","W","N",,"8",,"8",1,,5,,5,
"249190670","POLANA CHOCHO£OWSKA           ","2025","07","25","18",17.0,,,"8","W","N",,"8",,"8",0,,8,,4,
"249190670","POLANA CHOCHO£OWSKA           ","2025","07","26","06",16.6,,,"8","W","N",,"8",,"8",1,,4,,5,
"249190670","POLANA CHOCHO£OWSKA           ","2025","07","26","12",15.4,,,"8","W","N",,"8",,"8",0,,8,,3,
"249190670","POLANA CHOCHO£OWSKA           ","2025","07","26","18",16.2,,,"8","W","N",,"8",,"8",0,,8,,3,
"249190670","POLANA CHOCHO£OWSKA           ","2025","07","27","06",15.9,,,"8","W","N",,"8",,"8",1,,3,,4,
"249190670","POLANA CHOCHO£OWSKA           ","2025","07","27","12",16.2,,,"8","W","N",,"8",,"8",0,,8,,4,
"249190670","POLANA CHOCHO£OWSKA           ","2025","07","27","18",13.2,,,"8","W","N",,"8",,"8",0,,8,,4,
"249190670","POLANA CHOCHO£OWSKA           ","2025","07","28","06",12.6,,,"8","W","N",,"8",,"8",0,,8,,3,
"249190670","POLANA CHOCHO£OWSKA           ","2025","07","28","12",12.9,,,"8","W","N",,"8",,"8",1,,8,,3,
"249190670","POLANA CHOCHO£OWSKA           ","2025","07","28","18",11.0,,,"8","W","N",,"8",,"8",0,,8,,4,
"249190670","POLANA CHOCHO£OWSKA           ","2025","07","29","06",10.0,,,"8","W","N",,"8",,"8",0,,8,,4,
"249190670","POLANA CHOCHO£OWSKA           ","2025","07","29","12",13.2,,,"8","W","N",,"8",,"8",0,,7,,5,
"249190670","POLANA CHOCHO£OWSKA           ","2025","07","29","18",11.4,,,"8","W","N",,"8",,"8",0,,7,,5,
"249190670","POLANA CHOCHO£OWSKA           ","2025","07","30","06",9.4,,,"8","W","N",,"8",,"8",0,,8,,3,
"249190670","POLANA CHOCHO£OWSKA           ","2025","07","30","12",15.6,,,"8","W","N",,"8",,"8",1,,5,,5,
"249190670","POLANA CHOCHO£OWSKA           ","2025","07","30","18",11.0,,,"8","W","N",,"8",,"8",1,,2,,5,
"249190670","POLANA CHOCHO£OWSKA           ","2025","07","31","06",10.6,,,"8","W","N",,"8",,"8",0,,4,,5,
"249190670","POLANA CHOCHO£OWSKA           ","2025","07","31","12",15.4,,,"8","W","N",,"8",,"8",1,,4,,5,
"249190670","POLANA CHOCHO£OWSKA           ","2025","07","31","18",10.2,,,"8","W","N",,"8",,"8",0,,3,,5,
"249190890","RADZIECHOWY                   ","2025","07","01","06",15.8,,12.8,,"W","N",69,,"N  ",,1,,0,,8,
"249190890","RADZIECHOWY                   ","2025","07","01","12",25.4,,16.8,,"W","N",38,,"NNE",,2,,0,,8,
"249190890","RADZIECHOWY                   ","2025","07","01","18",22.0,,15.1,,"W","N",44,,"C  ",,0,,0,,7,
"249190890","RADZIECHOWY                   ","2025","07","02","06",17.0,,13.2,,"W","N",63,,"NE ",,1,,0,,8,
"249190890","RADZIECHOWY                   ","2025","07","02","12",30.2,,19.6,,"W","N",33,,"NNE",,2,,0,,8,
"249190890","RADZIECHOWY                   ","2025","07","02","18",25.4,,19.6,,"W","N",56,,"WNW",,1,,0,,8,
"249190890","RADZIECHOWY                   ","2025","07","03","06",21.8,,17.8,,"W","N",66,,"NE ",,1,,0,,8,
"249190890","RADZIECHOWY                   ","2025","07","03","12",33.3,,21.0,,"W","N",29,,"SSW",,3,,1,,8,
"249190890","RADZIECHOWY                   ","2025","07","03","18",26.3,,22.0,,"W","N",67,,"NW ",,4,,2,,7,
"249190890","RADZIECHOWY                   ","2025","07","04","06",14.7,,13.7,,"W","N",89,,"NNE",,2,,8,,5,
"249190890","RADZIECHOWY                   ","2025","07","04","12",19.7,,16.2,,"W","N",68,,"NE ",,1,,5,,7,
"249190890","RADZIECHOWY                   ","2025","07","04","18",19.1,,15.4,,"W","N",66,,"WNW",,1,,4,,7,
"249190890","RADZIECHOWY                   ","2025","07","05","06",14.2,,11.4,,"W","N",69,,"ESE",,1,,1,,8,
"249190890","RADZIECHOWY                   ","2025","07","05","12",25.4,,15.6,,"W","N",31,,"SE ",,2,,0,,8,
"249190890","RADZIECHOWY                   ","2025","07","05","18",21.3,,16.0,,"W","N",55,,"WNW",,1,,1,,8,
"249190890","RADZIECHOWY                   ","2025","07","06","06",18.4,,14.3,,"W","N",62,,"NE ",,1,,1,,8,
"249190890","RADZIECHOWY                   ","2025","07","06","12",29.0,,20.0,,"W","N",40,,"S  ",,2,,2,,8,
"249190890","RADZIECHOWY                   ","2025","07","06","18",25.5,,19.6,,"W","N",55,,"SW ",,1,,3,,7,
"249190890","RADZIECHOWY                   ","2025","07","07","06",18.4,,17.3,,"W","N",89,,"SSW",,3,,7,,5,
"249190890","RADZIECHOWY                   ","2025","07","07","12",18.2,,16.8,,"W","N",86,,"N  ",,1,,7,,5,
"249190890","RADZIECHOWY                   ","2025","07","07","18",17.4,,16.3,,"W","N",89,,"E  ",,1,,6,,6,
"249190890","RADZIECHOWY                   ","2025","07","08","06",17.4,,15.5,,"W","N",81,,"NNW",,1,,6,,5,
"249190890","RADZIECHOWY                   ","2025","07","08","12",19.3,,17.0,,"W","N",78,,"N  ",,1,,7,,6,
"249190890","RADZIECHOWY                   ","2025","07","08","18",14.7,,14.2,,"W","N",94,,"NNE",,1,,8,,4,
"249190890","RADZIECHOWY                   ","2025","07","09","06",12.4,,11.8,,"W","N",93,,"NNW",,5,,8,,4,
"249190890","RADZIECHOWY                   ","2025","07","09","12",13.9,,12.6,,"W","N",85,,"NNW",,4,,8,,5,
"249190890","RADZIECHOWY                   ","2025","07","09","18",13.3,,12.6,,"W","N",92,,"NNW",,1,,8,,4,
"249190890","RADZIECHOWY                   ","2025","07","10","06",14.1,,13.4,,"W","N",92,,"NNW",,3,,8,,4,
"249190890","RADZIECHOWY                   ","2025","07","10","12",16.4,,13.3,,"W","N",69,,"NW ",,2,,7,,7,
"249190890","RADZIECHOWY                   ","2025","07","10","18",17.2,,13.5,,"W","N",64,,"WNW",,2,,6,,7,
"249190890","RADZIECHOWY                   ","2025","07","11","06",15.1,,12.2,,"W","N",69,,"SSW",,2,,7,,7,
"249190890","RADZIECHOWY                   ","2025","07","11","12",18.5,,14.0,,"W","N",58,,"WSW",,1,,6,,7,
"249190890","RADZIECHOWY                   ","2025","07","11","18",15.1,,12.2,,"W","N",69,,"C  ",,0,,2,,7,
"249190890","RADZIECHOWY                   ","2025","07","12","06",16.0,,13.0,,"W","N",69,,"SSW",,3,,7,,7,
"249190890","RADZIECHOWY                   ","2025","07","12","12",22.9,,16.2,,"W","N",47,,"SSW",,4,,6,,7,
"249190890","RADZIECHOWY                   ","2025","07","12","18",17.9,,14.5,,"W","N",67,,"N  ",,1,,6,,7,
"249190890","RADZIECHOWY                   ","2025","07","13","06",15.4,,13.4,,"W","N",79,,"ENE",,1,,8,,6,
"249190890","RADZIECHOWY                   ","2025","07","13","12",25.9,,19.5,,"W","N",53,,"SSW",,2,,5,,7,
"249190890","RADZIECHOWY                   ","2025","07","13","18",18.3,,17.1,,"W","N",88,,"SE ",,1,,8,,5,
"249190890","RADZIECHOWY                   ","2025","07","14","06",18.3,,16.8,,"W","N",85,,"E  ",,1,,1,,6,
"249190890","RADZIECHOWY                   ","2025","07","14","12",27.6,,19.6,,"W","N",45,,"SSW",,2,,5,,7,
"249190890","RADZIECHOWY                   ","2025","07","14","18",22.3,,18.0,,"W","N",64,,"WSW",,1,,6,,7,
"249190890","RADZIECHOWY                   ","2025","07","15","06",18.1,,16.5,,"W","N",84,,"SE ",,1,,7,,6,
"249190890","RADZIECHOWY                   ","2025","07","15","12",25.6,,19.4,,"W","N",54,,"WNW",,3,,6,,7,
"249190890","RADZIECHOWY                   ","2025","07","15","18",20.5,,18.8,,"W","N",84,,"NNW",,2,,8,,5,
"249190890","RADZIECHOWY                   ","2025","07","16","06",17.4,,14.1,,"W","N",68,,"NNW",,1,,4,,7,
"249190890","RADZIECHOWY                   ","2025","07","16","12",21.5,,14.8,,"W","N",45,,"NW ",,3,,3,,7,
"249190890","RADZIECHOWY                   ","2025","07","16","18",16.6,,14.6,,"W","N",80,,"ESE",,1,,8,,6,
"249190890","RADZIECHOWY                   ","2025","07","17","06",13.3,,13.0,,"W","N",96,,"ENE",,1,,8,,4,
"249190890","RADZIECHOWY                   ","2025","07","17","12",17.0,,14.6,,"W","N",76,,"NNE",,1,,8,,6,
"249190890","RADZIECHOWY                   ","2025","07","17","18",15.1,,14.0,,"W","N",88,,"WNW",,1,,5,,6,
"249190890","RADZIECHOWY                   ","2025","07","18","06",13.4,,12.0,,"W","N",84,,"W  ",,1,,7,,6,
"249190890","RADZIECHOWY                   ","2025","07","18","12",18.1,,14.9,,"W","N",69,,"NNE",,2,,7,,7,
"249190890","RADZIECHOWY                   ","2025","07","18","18",18.7,,15.4,,"W","N",69,,"SE ",,1,,7,,7,
"249190890","RADZIECHOWY                   ","2025","07","19","06",14.9,,13.8,,"W","N",88,,"E  ",,1,,6,,6,
"249190890","RADZIECHOWY                   ","2025","07","19","12",24.1,,18.2,,"W","N",54,,"NW ",,2,,4,,7,
"249190890","RADZIECHOWY                   ","2025","07","19","18",21.3,,17.5,,"W","N",67,,"WSW",,1,,1,,7,
"249190890","RADZIECHOWY                   ","2025","07","20","06",16.8,,15.2,,"W","N",84,,"NNW",,1,,1,,6,
"249190890","RADZIECHOWY                   ","2025","07","20","12",26.2,,19.4,,"W","N",50,,"WNW",,2,,2,,7,
"249190890","RADZIECHOWY                   ","2025","07","20","18",23.3,,19.4,,"W","N",68,,"WSW",,1,,3,,7,
"249190890","RADZIECHOWY                   ","2025","07","21","06",19.1,,15.8,,"W","N",69,,"ESE",,1,,0,,7,
"249190890","RADZIECHOWY                   ","2025","07","21","12",30.8,,22.8,,"W","N",48,,"ENE",,1,,1,,7,
"249190890","RADZIECHOWY                   ","2025","07","21","18",26.3,,22.0,,"W","N",67,,"SW ",,1,,4,,7,
"249190890","RADZIECHOWY                   ","2025","07","22","06",19.3,,16.0,,"W","N",69,,"SSW",,3,,1,,7,
"249190890","RADZIECHOWY                   ","2025","07","22","12",25.1,,17.8,,"W","N",46,,"W  ",,2,,5,,7,
"249190890","RADZIECHOWY                   ","2025","07","22","18",22.1,,18.0,,"W","N",65,,"SSW",,2,,5,,7,
"249190890","RADZIECHOWY                   ","2025","07","23","06",19.1,,15.4,,"W","N",66,,"SSW",,2,,0,,7,
"249190890","RADZIECHOWY                   ","2025","07","23","12",24.3,,18.0,,"W","N",51,,"W  ",,2,,2,,7,
"249190890","RADZIECHOWY                   ","2025","07","23","18",22.1,,17.6,,"W","N",62,,"SSW",,2,,1,,7,
"249190890","RADZIECHOWY                   ","2025","07","24","06",18.9,,15.6,,"W","N",69,,"E  ",,1,,1,,7,
"249190890","RADZIECHOWY                   ","2025","07","24","12",22.1,,19.3,,"W","N",76,,"N  ",,2,,7,,6,
"249190890","RADZIECHOWY                   ","2025","07","24","18",21.3,,18.8,,"W","N",78,,"NW ",,1,,7,,6,
"249190890","RADZIECHOWY                   ","2025","07","25","06",17.9,,17.2,,"W","N",93,,"SE ",,1,,7,,6,
"249190890","RADZIECHOWY                   ","2025","07","25","12",22.9,,19.2,,"W","N",69,,"NNW",,2,,7,,7,
"249190890","RADZIECHOWY                   ","2025","07","25","18",21.3,,19.8,,"W","N",86,,"NNW",,1,,6,,6,
"249190890","RADZIECHOWY                   ","2025","07","26","06",18.8,,18.0,,"W","N",92,,"SE ",,1,,8,,4,
"249190890","RADZIECHOWY                   ","2025","07","26","12",19.3,,18.8,,"W","N",95,,"N  ",,1,,8,,4,
"249190890","RADZIECHOWY                   ","2025","07","26","18",18.2,,17.8,,"W","N",96,,"NW ",,2,,8,,4,
"249190890","RADZIECHOWY                   ","2025","07","27","06",17.4,,17.0,,"W","N",96,,"NNE",,1,,8,,4,
"249190890","RADZIECHOWY                   ","2025","07","27","12",18.9,,18.4,,"W","N",95,,"NNW",,2,,8,,4,
"249190890","RADZIECHOWY                   ","2025","07","27","18",18.3,,17.8,,"W","N",95,,"SSW",,1,,8,,4,
"249190890","RADZIECHOWY                   ","2025","07","28","06",15.4,,15.0,,"W","N",96,,"SSW",,2,,8,,4,
"249190890","RADZIECHOWY                   ","2025","07","28","12",16.9,,15.8,,"W","N",89,,"WNW",,1,,8,,5,
"249190890","RADZIECHOWY                   ","2025","07","28","18",16.8,,16.0,,"W","N",92,,"C  ",,0,,7,,5,
"249190890","RADZIECHOWY                   ","2025","07","29","06",16.2,,14.8,,"W","N",85,,"N  ",,2,,8,,5,
"249190890","RADZIECHOWY                   ","2025","07","29","12",19.8,,15.2,,"W","N",59,,"NNW",,3,,7,,7,
"249190890","RADZIECHOWY                   ","2025","07","29","18",16.3,,14.8,,"W","N",84,,"W  ",,1,,7,,6,
"249190890","RADZIECHOWY                   ","2025","07","30","06",16.0,,14.2,,"W","N",81,,"SSE",,1,,0,,6,
"249190890","RADZIECHOWY                   ","2025","07","30","12",22.4,,15.8,,"W","N",47,,"WNW",,2,,4,,7,
"249190890","RADZIECHOWY                   ","2025","07","30","18",18.7,,15.1,,"W","N",66,,"WNW",,1,,3,,7,
"249190890","RADZIECHOWY                   ","2025","07","31","06",17.2,,14.8,,"W","N",76,,"ESE",,1,,3,,6,
"249190890","RADZIECHOWY                   ","2025","07","31","12",19.8,,15.7,,"W","N",63,,"S  ",,3,,5,,7,
"249190890","RADZIECHOWY                   ","2025","07","31","18",18.1,,14.2,,"W","N",63,,"W  ",,1,,3,,7,
"249200020","£AZY                          ","2025","07","01","06",16.5,,,"8","W","N",,"8","ENE",,1,,0,,6,
"249200020","£AZY                          ","2025","07","01","12",23.2,,,"8","W","N",,"8","N  ",,2,,0,,6,
"249200020","£AZY                          ","2025","07","01","18",24.0,,,"8","W","N",,"8","C  ",,0,,0,,6,
"249200020","£AZY                          ","2025","07","02","06",19.8,,,"8","W","N",,"8","C  ",,0,,0,,6,
"249200020","£AZY                          ","2025","07","02","12",28.6,,,"8","W","N",,"8","ESE",,2,,0,,6,
"249200020","£AZY                          ","2025","07","02","18",27.3,,,"8","W","N",,"8","ESE",,2,,0,,6,
"249200020","£AZY                          ","2025","07","03","06",24.7,,,"8","W","N",,"8","S  ",,1,,0,,6,
"249200020","£AZY                          ","2025","07","03","12",34.1,,,"8","W","N",,"8","SSW",,1,,1,,6,
"249200020","£AZY                          ","2025","07","03","18",29.5,,,"8","W","N",,"8","WNW",,4,,2,,6,
"249200020","£AZY                          ","2025","07","04","06",15.8,,,"8","W","N",,"8","C  ",,0,,8,,6,
"249200020","£AZY                          ","2025","07","04","12",16.3,,,"8","W","N",,"8","C  ",,0,,8,,6,
"249200020","£AZY                          ","2025","07","04","18",19.2,,,"8","W","N",,"8","SW ",,1,,3,,6,
"249200020","£AZY                          ","2025","07","05","06",17.1,,,"8","W","N",,"8","C  ",,0,,2,,6,
"249200020","£AZY                          ","2025","07","05","12",23.9,,,"8","W","N",,"8","NNW",,1,,1,,6,
"249200020","£AZY                          ","2025","07","05","18",23.2,,,"8","W","N",,"8","ESE",,1,,2,,6,
"249200020","£AZY                          ","2025","07","06","06",20.4,,,"8","W","N",,"8","SSE",,2,,3,,6,
"249200020","£AZY                          ","2025","07","06","12",29.6,,,"8","W","N",,"8","E  ",,1,,6,,6,
"249200020","£AZY                          ","2025","07","06","18",25.8,,,"8","W","N",,"8","SSE",,1,,7,,6,
"249200020","£AZY                          ","2025","07","07","06",20.1,,,"8","W","N",,"8","WSW",,2,,7,,6,
"249200020","£AZY                          ","2025","07","07","12",22.2,,,"8","W","N",,"8","SE ",,2,,6,,6,
"249200020","£AZY                          ","2025","07","07","18",17.4,,,"8","W","N",,"8","WSW",,2,,8,,6,
"249200020","£AZY                          ","2025","07","08","06",18.1,,,"8","W","N",,"8","SSE",,2,,3,,6,
"249200020","£AZY                          ","2025","07","08","12",20.8,,,"8","W","N",,"8","ESE",,2,,8,,6,
"249200020","£AZY                          ","2025","07","08","18",19.5,,,"8","W","N",,"8","C  ",,0,,8,,6,
"249200020","£AZY                          ","2025","07","09","06",15.3,,,"8","W","N",,"8","WSW",,4,,8,,6,
"249200020","£AZY                          ","2025","07","09","12",14.3,,,"8","W","N",,"8","W  ",,4,,8,,6,
"249200020","£AZY                          ","2025","07","09","18",14.2,,,"8","W","N",,"8","W  ",,3,,8,,6,
"249200020","£AZY                          ","2025","07","10","06",14.1,,,"8","W","N",,"8","NW ",,4,,8,,6,
"249200020","£AZY                          ","2025","07","10","12",14.2,,,"8","W","N",,"8","WSW",,3,,8,,6,
"249200020","£AZY                          ","2025","07","10","18",15.6,,,"8","W","N",,"8","SW ",,3,,6,,6,
"249200020","£AZY                          ","2025","07","11","06",16.2,,,"8","W","N",,"8","SW ",,4,,1,,6,
"249200020","£AZY                          ","2025","07","11","12",21.6,,,"8","W","N",,"8","W  ",,5,,6,,6,
"249200020","£AZY                          ","2025","07","11","18",18.3,,,"8","W","N",,"8","SW ",,2,,6,,6,
"249200020","£AZY                          ","2025","07","12","06",16.2,,,"8","W","N",,"8","C  ",,0,,7,,6,
"249200020","£AZY                          ","2025","07","12","12",20.7,,,"8","W","N",,"8","SE ",,4,,7,,6,
"249200020","£AZY                          ","2025","07","12","18",19.4,,,"8","W","N",,"8","N  ",,1,,6,,6,
"249200020","£AZY                          ","2025","07","13","06",16.3,,,"8","W","N",,"8","S  ",,3,,8,,6,
"249200020","£AZY                          ","2025","07","13","12",25.2,,,"8","W","N",,"8","E  ",,2,,7,,6,
"249200020","£AZY                          ","2025","07","13","18",17.5,,,"8","W","N",,"8","C  ",,0,,7,,6,
"249200020","£AZY                          ","2025","07","14","06",19.5,,,"8","W","N",,"8","C  ",,0,,0,,6,
"249200020","£AZY                          ","2025","07","14","12",28.3,,,"8","W","N",,"8","WSW",,4,,1,,6,
"249200020","£AZY                          ","2025","07","14","18",24.7,,,"8","W","N",,"8","S  ",,1,,1,,6,
"249200020","£AZY                          ","2025","07","15","06",17.7,,,"8","W","N",,"8","WSW",,1,,8,,6,
"249200020","£AZY                          ","2025","07","15","12",27.0,,,"8","W","N",,"8","W  ",,3,,3,,6,
"249200020","£AZY                          ","2025","07","15","18",21.6,,,"8","W","N",,"8","S  ",,1,,7,,6,
"249200020","£AZY                          ","2025","07","16","06",17.4,,,"8","W","N",,"8","WSW",,3,,7,,6,
"249200020","£AZY                          ","2025","07","16","12",21.8,,,"8","W","N",,"8","W  ",,5,,6,,6,
"249200020","£AZY                          ","2025","07","16","18",20.8,,,"8","W","N",,"8","WSW",,1,,6,,6,
"249200020","£AZY                          ","2025","07","17","06",14.5,,,"8","W","N",,"8","C  ",,0,,8,,6,
"249200020","£AZY                          ","2025","07","17","12",18.3,,,"8","W","N",,"8","WSW",,1,,7,,6,
"249200020","£AZY                          ","2025","07","17","18",16.4,,,"8","W","N",,"8","SW ",,1,,7,,6,
"249200020","£AZY                          ","2025","07","18","06",15.1,,,"8","W","N",,"8","WNW",,1,,7,,6,
"249200020","£AZY                          ","2025","07","18","12",21.7,,,"8","W","N",,"8","NNW",,2,,6,,6,
"249200020","£AZY                          ","2025","07","18","18",20.8,,,"8","W","N",,"8","C  ",,0,,3,,6,
"249200020","£AZY                          ","2025","07","19","06",17.6,,,"8","W","N",,"8","SW ",,2,,7,,6,
"249200020","£AZY                          ","2025","07","19","12",23.7,,,"8","W","N",,"8","WNW",,4,,5,,6,
"249200020","£AZY                          ","2025","07","19","18",22.1,,,"8","W","N",,"8","NNW",,1,,4,,6,
"249200020","£AZY                          ","2025","07","20","06",19.8,,,"8","W","N",,"8","WSW",,1,,7,,6,
"249200020","£AZY                          ","2025","07","20","12",27.0,,,"8","W","N",,"8","WNW",,5,,6,,6,
"249200020","£AZY                          ","2025","07","20","18",25.2,,,"8","W","N",,"8","C  ",,0,,1,,6,
"249200020","£AZY                          ","2025","07","21","06",21.7,,,"8","W","N",,"8","SSW",,1,,0,,6,
"249200020","£AZY                          ","2025","07","21","12",30.6,,,"8","W","N",,"8","SW ",,1,,3,,6,
"249200020","£AZY                          ","2025","07","21","18",27.7,,,"8","W","N",,"8","E  ",,3,,3,,6,
"249200020","£AZY                          ","2025","07","22","06",19.9,,,"8","W","N",,"8","W  ",,5,,6,,6,
"249200020","£AZY                          ","2025","07","22","12",26.1,,,"8","W","N",,"8","W  ",,6,,5,,6,
"249200020","£AZY                          ","2025","07","22","18",23.8,,,"8","W","N",,"8","WSW",,2,,2,,6,
"249200020","£AZY                          ","2025","07","23","06",20.5,,,"8","W","N",,"8","SW ",,3,,0,,6,
"249200020","£AZY                          ","2025","07","23","12",27.0,,,"8","W","N",,"8","WSW",,4,,5,,6,
"249200020","£AZY                          ","2025","07","23","18",24.9,,,"8","W","N",,"8","W  ",,1,,2,,6,
"249200020","£AZY                          ","2025","07","24","06",20.3,,,"8","W","N",,"8","S  ",,1,,4,,6,
"249200020","£AZY                          ","2025","07","24","12",28.0,,,"8","W","N",,"8","W  ",,2,,6,,6,
"249200020","£AZY                          ","2025","07","24","18",21.6,,,"8","W","N",,"8","C  ",,0,,7,,6,
"249200020","£AZY                          ","2025","07","25","06",18.0,,,"8","W","N",,"8","C  ",,0,,8,,6,
"249200020","£AZY                          ","2025","07","25","12",23.6,,,"8","W","N",,"8","E  ",,1,,6,,6,
"249200020","£AZY                          ","2025","07","25","18",22.7,,,"8","W","N",,"8","C  ",,0,,7,,6,
"249200020","£AZY                          ","2025","07","26","06",19.3,,,"8","W","N",,"8","WNW",,1,,8,,4,
"249200020","£AZY                          ","2025","07","26","12",21.2,,,"8","W","N",,"8","E  ",,1,,8,,5,
"249200020","£AZY                          ","2025","07","26","18",19.6,,,"8","W","N",,"8","C  ",,0,,8,,5,
"249200020","£AZY                          ","2025","07","27","06",18.3,,,"8","W","N",,"8","C  ",,0,,8,,5,
"249200020","£AZY                          ","2025","07","27","12",21.2,,,"8","W","N",,"8","C  ",,0,,8,,6,
"249200020","£AZY                          ","2025","07","27","18",19.5,,,"8","W","N",,"8","C  ",,0,,8,,6,
"249200020","£AZY                          ","2025","07","28","06",17.3,,,"8","W","N",,"8","C  ",,0,,8,,5,
"249200020","£AZY                          ","2025","07","28","12",19.4,,,"8","W","N",,"8","WSW",,5,,8,,6,
"249200020","£AZY                          ","2025","07","28","18",16.9,,,"8","W","N",,"8","WSW",,4,,8,,6,
"249200020","£AZY                          ","2025","07","29","06",16.9,,,"8","W","N",,"8","W  ",,4,,7,,6,
"249200020","£AZY                          ","2025","07","29","12",20.2,,,"8","W","N",,"8","NW ",,4,,6,,6,
"249200020","£AZY                          ","2025","07","29","18",18.8,,,"8","W","N",,"8","WSW",,1,,7,,6,
"249200020","£AZY                          ","2025","07","30","06",17.3,,,"8","W","N",,"8","W  ",,2,,5,,6,
"249200020","£AZY                          ","2025","07","30","12",22.6,,,"8","W","N",,"8","WSW",,3,,6,,6,
"249200020","£AZY                          ","2025","07","30","18",19.5,,,"8","W","N",,"8","C  ",,0,,2,,6,
"249200020","£AZY                          ","2025","07","31","06",16.9,,,"8","W","N",,"8","WSW",,2,,8,,6,
"249200020","£AZY                          ","2025","07","31","12",22.6,,,"8","W","N",,"8","W  ",,3,,5,,6,
"249200020","£AZY                          ","2025","07","31","18",18.9,,,"8","W","N",,"8","SSE",,1,,2,,6,
"249200130","JASTRZÊBIA                    ","2025","07","01","06",15.6,,,"8","W","N",,"8","NNW",,1,,1,,6,
"249200130","JASTRZÊBIA                    ","2025","07","01","12",22.4,,,"8","W","N",,"8","N  ",,2,,0,,6,
"249200130","JASTRZÊBIA                    ","2025","07","01","18",20.6,,,"8","W","N",,"8","C  ",,0,,0,,6,
"249200130","JASTRZÊBIA                    ","2025","07","02","06",17.8,,,"8","W","N",,"8","C  ",,0,,0,,6,
"249200130","JASTRZÊBIA                    ","2025","07","02","12",28.4,,,"8","W","N",,"8","ENE",,1,,0,,6,
"249200130","JASTRZÊBIA                    ","2025","07","02","18",26.4,,,"8","W","N",,"8","ESE",,1,,0,,6,
"249200130","JASTRZÊBIA                    ","2025","07","03","06",21.0,,,"8","W","N",,"8","SE ",,1,,0,,6,
"249200130","JASTRZÊBIA                    ","2025","07","03","12",34.4,,,"8","W","N",,"8","WNW",,1,,1,,6,
"249200130","JASTRZÊBIA                    ","2025","07","03","18",28.6,,,"8","W","N",,"8","NW ",,1,,1,,6,
"249200130","JASTRZÊBIA                    ","2025","07","04","06",16.1,,,"8","W","N",,"8","NW ",,1,,7,,6,
"249200130","JASTRZÊBIA                    ","2025","07","04","12",15.8,,,"8","W","N",,"8","NW ",,2,,7,,6,
"249200130","JASTRZÊBIA                    ","2025","07","04","18",18.2,,,"8","W","N",,"8","C  ",,0,,1,,6,
"249200130","JASTRZÊBIA                    ","2025","07","05","06",15.5,,,"8","W","N",,"8","SE ",,1,,1,,6,
"249200130","JASTRZÊBIA                    ","2025","07","05","12",24.4,,,"8","W","N",,"8","SSE",,2,,1,,6,
"249200130","JASTRZÊBIA                    ","2025","07","05","18",22.6,,,"8","W","N",,"8","ESE",,1,,1,,6,
"249200130","JASTRZÊBIA                    ","2025","07","06","06",18.6,,,"8","W","N",,"8","C  ",,0,,1,,6,
"249200130","JASTRZÊBIA                    ","2025","07","06","12",30.2,,,"8","W","N",,"8","S  ",,1,,4,,6,
"249200130","JASTRZÊBIA                    ","2025","07","06","18",25.6,,,"8","W","N",,"8","C  ",,0,,2,,6,
"249200130","JASTRZÊBIA                    ","2025","07","07","06",20.6,,,"8","W","N",,"8","C  ",,0,,6,,6,
"249200130","JASTRZÊBIA                    ","2025","07","07","12",22.5,,,"8","W","N",,"8","NW ",,1,,7,,6,
"249200130","JASTRZÊBIA                    ","2025","07","07","18",17.6,,,"8","W","N",,"8","C  ",,0,,7,,6,
"249200130","JASTRZÊBIA                    ","2025","07","08","06",18.5,,,"8","W","N",,"8","C  ",,0,,1,,6,
"249200130","JASTRZÊBIA                    ","2025","07","08","12",21.4,,,"8","W","N",,"8","ESE",,2,,7,,6,
"249200130","JASTRZÊBIA                    ","2025","07","08","18",19.6,,,"8","W","N",,"8","C  ",,0,,7,,6,
"249200130","JASTRZÊBIA                    ","2025","07","09","06",15.0,,,"8","W","N",,"8","WNW",,3,,8,,5,
"249200130","JASTRZÊBIA                    ","2025","07","09","12",14.4,,,"8","W","N",,"8","WNW",,3,,7,,5,
"249200130","JASTRZÊBIA                    ","2025","07","09","18",13.8,,,"8","W","N",,"8","NW ",,2,,8,,5,
"249200130","JASTRZÊBIA                    ","2025","07","10","06",14.4,,,"8","W","N",,"8","NW ",,3,,6,,6,
"249200130","JASTRZÊBIA                    ","2025","07","10","12",14.5,,,"8","W","N",,"8","WNW",,3,,7,,6,
"249200130","JASTRZÊBIA                    ","2025","07","10","18",14.6,,,"8","W","N",,"8","W  ",,1,,6,,6,
"249200130","JASTRZÊBIA                    ","2025","07","11","06",16.6,,,"8","W","N",,"8","W  ",,3,,1,,6,
"249200130","JASTRZÊBIA                    ","2025","07","11","12",21.2,,,"8","W","N",,"8","W  ",,3,,4,,6,
"249200130","JASTRZÊBIA                    ","2025","07","11","18",18.1,,,"8","W","N",,"8","WNW",,1,,4,,6,
"249200130","JASTRZÊBIA                    ","2025","07","12","06",14.6,,,"8","W","N",,"8","C  ",,0,,6,,6,
"249200130","JASTRZÊBIA                    ","2025","07","12","12",20.3,,,"8","W","N",,"8","SE ",,2,,4,,6,
"249200130","JASTRZÊBIA                    ","2025","07","12","18",20.0,,,"8","W","N",,"8","C  ",,0,,4,,6,
"249200130","JASTRZÊBIA                    ","2025","07","13","06",16.4,,,"8","W","N",,"8","SE ",,1,,6,,6,
"249200130","JASTRZÊBIA                    ","2025","07","13","12",24.5,,,"8","W","N",,"8","SE ",,3,,6,,6,
"249200130","JASTRZÊBIA                    ","2025","07","13","18",17.8,,,"8","W","N",,"8","NNW",,1,,6,,6,
"249200130","JASTRZÊBIA                    ","2025","07","14","06",18.6,,,"8","W","N",,"8","SE ",,1,,1,,6,
"249200130","JASTRZÊBIA                    ","2025","07","14","12",27.8,,,"8","W","N",,"8","WNW",,1,,2,,6,
"249200130","JASTRZÊBIA                    ","2025","07","14","18",24.0,,,"8","W","N",,"8","C  ",,0,,2,,6,
"249200130","JASTRZÊBIA                    ","2025","07","15","06",18.1,,,"8","W","N",,"8","C  ",,0,,7,,6,
"249200130","JASTRZÊBIA                    ","2025","07","15","12",25.6,,,"8","W","N",,"8","W  ",,1,,2,,6,
"249200130","JASTRZÊBIA                    ","2025","07","15","18",21.4,,,"8","W","N",,"8","C  ",,0,,7,,6,
"249200130","JASTRZÊBIA                    ","2025","07","16","06",17.2,,,"8","W","N",,"8","WNW",,2,,4,,6,
"249200130","JASTRZÊBIA                    ","2025","07","16","12",22.4,,,"8","W","N",,"8","WNW",,2,,2,,6,
"249200130","JASTRZÊBIA                    ","2025","07","16","18",18.6,,,"8","W","N",,"8","C  ",,0,,2,,6,
"249200130","JASTRZÊBIA                    ","2025","07","17","06",14.6,,,"8","W","N",,"8","C  ",,0,,7,,6,
"249200130","JASTRZÊBIA                    ","2025","07","17","12",17.8,,,"8","W","N",,"8","NW ",,1,,6,,6,
"249200130","JASTRZÊBIA                    ","2025","07","17","18",15.2,,,"8","W","N",,"8","C  ",,0,,7,,6,
"249200130","JASTRZÊBIA                    ","2025","07","18","06",14.1,,,"8","W","N",,"8","C  ",,0,,6,,6,
"249200130","JASTRZÊBIA                    ","2025","07","18","12",20.6,,,"8","W","N",,"8","W  ",,1,,6,,6,
"249200130","JASTRZÊBIA                    ","2025","07","18","18",19.0,,,"8","W","N",,"8","C  ",,0,,4,,6,
"249200130","JASTRZÊBIA                    ","2025","07","19","06",15.8,,,"8","W","N",,"8","C  ",,0,,6,,5,
"249200130","JASTRZÊBIA                    ","2025","07","19","12",24.2,,,"8","W","N",,"8","WNW",,3,,2,,6,
"249200130","JASTRZÊBIA                    ","2025","07","19","18",21.6,,,"8","W","N",,"8","C  ",,0,,2,,6,
"249200130","JASTRZÊBIA                    ","2025","07","20","06",18.2,,,"8","W","N",,"8","C  ",,0,,4,,6,
"249200130","JASTRZÊBIA                    ","2025","07","20","12",24.5,,,"8","W","N",,"8","NW ",,2,,6,,6,
"249200130","JASTRZÊBIA                    ","2025","07","20","18",23.4,,,"8","W","N",,"8","C  ",,0,,1,,6,
"249200130","JASTRZÊBIA                    ","2025","07","21","06",20.8,,,"8","W","N",,"8","C  ",,0,,1,,6,
"249200130","JASTRZÊBIA                    ","2025","07","21","12",29.8,,,"8","W","N",,"8","NNW",,1,,2,,6,
"249200130","JASTRZÊBIA                    ","2025","07","21","18",27.6,,,"8","W","N",,"8","ESE",,2,,2,,6,
"249200130","JASTRZÊBIA                    ","2025","07","22","06",18.4,,,"8","W","N",,"8","WNW",,2,,6,,6,
"249200130","JASTRZÊBIA                    ","2025","07","22","12",25.6,,,"8","W","N",,"8","WNW",,3,,2,,6,
"249200130","JASTRZÊBIA                    ","2025","07","22","18",22.4,,,"8","W","N",,"8","C  ",,0,,1,,6,
"249200130","JASTRZÊBIA                    ","2025","07","23","06",20.4,,,"8","W","N",,"8","WSW",,2,,1,,6,
"249200130","JASTRZÊBIA                    ","2025","07","23","12",26.4,,,"8","W","N",,"8","WSW",,2,,4,,6,
"249200130","JASTRZÊBIA                    ","2025","07","23","18",22.2,,,"8","W","N",,"8","WNW",,1,,2,,6,
"249200130","JASTRZÊBIA                    ","2025","07","24","06",19.8,,,"8","W","N",,"8","C  ",,0,,4,,6,
"249200130","JASTRZÊBIA                    ","2025","07","24","12",27.4,,,"8","W","N",,"8","C  ",,0,,6,,6,
"249200130","JASTRZÊBIA                    ","2025","07","24","18",20.0,,,"8","W","N",,"8","C  ",,0,,6,,6,
"249200130","JASTRZÊBIA                    ","2025","07","25","06",18.6,,,"8","W","N",,"8","C  ",,0,,7,,6,
"249200130","JASTRZÊBIA                    ","2025","07","25","12",23.5,,,"8","W","N",,"8","NNW",,2,,6,,6,
"249200130","JASTRZÊBIA                    ","2025","07","25","18",21.8,,,"8","W","N",,"8","C  ",,0,,7,,6,
"249200130","JASTRZÊBIA                    ","2025","07","26","06",19.5,,,"8","W","N",,"8","C  ",,0,,7,,5,
"249200130","JASTRZÊBIA                    ","2025","07","26","12",21.1,,,"8","W","N",,"8","NNW",,1,,8,,5,
"249200130","JASTRZÊBIA                    ","2025","07","26","18",20.4,,,"8","W","N",,"8","C  ",,0,,6,,5,
"249200130","JASTRZÊBIA                    ","2025","07","27","06",18.6,,,"8","W","N",,"8","C  ",,0,,8,,2,
"249200130","JASTRZÊBIA                    ","2025","07","27","12",22.5,,,"8","W","N",,"8","WNW",,1,,6,,6,
"249200130","JASTRZÊBIA                    ","2025","07","27","18",19.4,,,"8","W","N",,"8","C  ",,0,,6,,6,
"249200130","JASTRZÊBIA                    ","2025","07","28","06",18.5,,,"8","W","N",,"8","C  ",,0,,7,,6,
"249200130","JASTRZÊBIA                    ","2025","07","28","12",21.3,,,"8","W","N",,"8","WNW",,3,,6,,6,
"249200130","JASTRZÊBIA                    ","2025","07","28","18",17.2,,,"8","W","N",,"8","WNW",,2,,6,,6,
"249200130","JASTRZÊBIA                    ","2025","07","29","06",15.8,,,"8","W","N",,"8","WNW",,1,,7,,6,
"249200130","JASTRZÊBIA                    ","2025","07","29","12",20.5,,,"8","W","N",,"8","WNW",,3,,6,,6,
"249200130","JASTRZÊBIA                    ","2025","07","29","18",17.6,,,"8","W","N",,"8","C  ",,0,,4,,6,
"249200130","JASTRZÊBIA                    ","2025","07","30","06",16.6,,,"8","W","N",,"8","WNW",,2,,6,,6,
"249200130","JASTRZÊBIA                    ","2025","07","30","12",22.4,,,"8","W","N",,"8","NW ",,2,,4,,6,
"249200130","JASTRZÊBIA                    ","2025","07","30","18",19.5,,,"8","W","N",,"8","C  ",,0,,1,,6,
"249200130","JASTRZÊBIA                    ","2025","07","31","06",14.8,,,"8","W","N",,"8","SE ",,1,,7,,6,
"249200130","JASTRZÊBIA                    ","2025","07","31","12",21.2,,,"8","W","N",,"8","WSW",,1,,4,,6,
"249200130","JASTRZÊBIA                    ","2025","07","31","18",16.4,,,"8","W","N",,"8","C  ",,0,,1,,6,
"249200180","LIMANOWA                      ","2025","07","01","06",14.5,,10.5,,"W","W",60,,"NW ",,1,,0,,8,
"249200180","LIMANOWA                      ","2025","07","01","12",21.8,,13.1,,"W","W",35,,"NNW",,4,,0,,8,
"249200180","LIMANOWA                      ","2025","07","01","18",22.1,,14.1,,"W","W",40,,"NNW",,2,,0,,8,
"249200180","LIMANOWA                      ","2025","07","02","06",20.3,,14.8,,"W","W",55,,"E  ",,1,,0,,8,
"249200180","LIMANOWA                      ","2025","07","02","12",27.6,,17.0,,"W","W",33,,"NE ",,2,,0,,8,
"249200180","LIMANOWA                      ","2025","07","02","18",26.5,,17.1,,"W","W",38,,"ESE",,3,,0,,8,
"249200180","LIMANOWA                      ","2025","07","03","06",24.8,,17.9,,"W","W",50,,"SE ",,2,,0,,8,
"249200180","LIMANOWA                      ","2025","07","03","12",32.7,,19.1,,"W","W",26,,"W  ",,3,,1,,8,
"249200180","LIMANOWA                      ","2025","07","03","18",28.2,,18.9,,"W","W",40,,"NW ",,4,,2,,8,
"249200180","LIMANOWA                      ","2025","07","04","06",13.4,,12.5,,"W","W",90,,"NW ",,1,,8,,8,
"249200180","LIMANOWA                      ","2025","07","04","12",15.8,,12.8,,"W","W",71,,"NNW",,2,,8,,8,
"249200180","LIMANOWA                      ","2025","07","04","18",18.8,,14.7,,"W","W",64,,"W  ",,2,,5,,8,
"249200180","LIMANOWA                      ","2025","07","05","06",17.3,,12.2,,"W","W",54,,"SE ",,3,,1,,8,
"249200180","LIMANOWA                      ","2025","07","05","12",23.3,,14.0,,"W","W",33,,"ENE",,2,,1,,8,
"249200180","LIMANOWA                      ","2025","07","05","18",23.2,,15.0,,"W","W",40,,"E  ",,1,,1,,8,
"249200180","LIMANOWA                      ","2025","07","06","06",19.5,,14.1,,"W","W",55,,"SE ",,3,,3,,8,
"249200180","LIMANOWA                      ","2025","07","06","12",28.2,,17.5,,"W","W",33,,"W  ",,3,,7,,8,
"249200180","LIMANOWA                      ","2025","07","06","18",27.7,,18.9,,"W","W",42,,"WSW",,2,,6,,8,
"249200180","LIMANOWA                      ","2025","07","07","06",19.6,,16.9,,"W","W",76,,"WNW",,2,,7,,8,
"249200180","LIMANOWA                      ","2025","07","07","12",21.7,,19.1,,"W","W",78,,"E  ",,1,,7,,8,
"249200180","LIMANOWA                      ","2025","07","07","18",16.4,,16.1,,"W","W",97,,"NW ",,3,,8,,4,
"249200180","LIMANOWA                      ","2025","07","08","06",16.6,,15.3,,"W","W",87,,"E  ",,3,,4,,8,
"249200180","LIMANOWA                      ","2025","07","08","12",19.3,,16.7,,"W","W",77,,"ESE",,2,,8,,8,
"249200180","LIMANOWA                      ","2025","07","08","18",18.1,,16.8,,"W","W",88,,"W  ",,1,,8,,8,
"249200180","LIMANOWA                      ","2025","07","09","06",13.2,,12.9,,"W","W",97,,"WNW",,6,,8,,4,
"249200180","LIMANOWA                      ","2025","07","09","12",12.1,,12.0,,"W","W",99,,"WNW",,5,,8,,4,
"249200180","LIMANOWA                      ","2025","07","09","18",12.1,,12.0,,"W","W",99,,"WNW",,5,,8,,6,
"249200180","LIMANOWA                      ","2025","07","10","06",12.3,,12.2,,"W","W",99,,"NNW",,5,,8,,8,
"249200180","LIMANOWA                      ","2025","07","10","12",12.5,,11.5,,"W","W",89,,"WNW",,5,,8,,8,
"249200180","LIMANOWA                      ","2025","07","10","18",14.2,,12.6,,"W","W",83,,"W  ",,4,,7,,8,
"249200180","LIMANOWA                      ","2025","07","11","06",14.6,,11.8,,"W","W",72,,"W  ",,4,,4,,8,
"249200180","LIMANOWA                      ","2025","07","11","12",19.3,,13.1,,"W","W",48,,"W  ",,5,,5,,8,
"249200180","LIMANOWA                      ","2025","07","11","18",17.4,,12.0,,"W","W",52,,"W  ",,2,,5,,8,
"249200180","LIMANOWA                      ","2025","07","12","06",16.2,,13.1,,"W","W",70,,"E  ",,3,,7,,8,
"249200180","LIMANOWA                      ","2025","07","12","12",20.5,,15.2,,"W","W",56,,"N  ",,4,,6,,8,
"249200180","LIMANOWA                      ","2025","07","12","18",17.7,,15.2,,"W","W",77,,"W  ",,1,,7,,8,
"249200180","LIMANOWA                      ","2025","07","13","06",15.4,,13.1,,"W","W",77,,"ESE",,3,,7,,8,
"249200180","LIMANOWA                      ","2025","07","13","12",25.1,,17.1,,"W","W",44,,"SW ",,1,,6,,8,
"249200180","LIMANOWA                      ","2025","07","13","18",20.1,,16.8,,"W","W",72,,"W  ",,2,,5,,8,
"249200180","LIMANOWA                      ","2025","07","14","06",18.5,,16.3,,"W","W",80,,"ESE",,2,,1,,8,
"249200180","LIMANOWA                      ","2025","07","14","12",25.7,,19.4,,"W","W",55,,"NNW",,2,,4,,8,
"249200180","LIMANOWA                      ","2025","07","14","18",22.3,,19.3,,"W","W",75,,"SW ",,1,,5,,8,
"249200180","LIMANOWA                      ","2025","07","15","06",17.4,,15.8,,"W","W",85,,"ENE",,1,,8,,8,
"249200180","LIMANOWA                      ","2025","07","15","12",23.2,,18.5,,"W","W",63,,"WNW",,4,,6,,8,
"249200180","LIMANOWA                      ","2025","07","15","18",21.1,,17.7,,"W","W",72,,"C  ",,0,,7,,8,
"249200180","LIMANOWA                      ","2025","07","16","06",14.9,,13.6,,"W","W",87,,"NW ",,3,,7,,8,
"249200180","LIMANOWA                      ","2025","07","16","12",21.1,,14.8,,"W","W",50,,"WNW",,4,,4,,8,
"249200180","LIMANOWA                      ","2025","07","16","18",19.1,,14.3,,"W","W",59,,"WNW",,1,,6,,8,
"249200180","LIMANOWA                      ","2025","07","17","06",12.8,,12.4,,"W","W",96,,"WSW",,1,,8,,6,
"249200180","LIMANOWA                      ","2025","07","17","12",14.9,,14.0,,"W","W",91,,"NNW",,2,,8,,8,
"249200180","LIMANOWA                      ","2025","07","17","18",14.8,,12.8,,"W","W",80,,"WNW",,4,,7,,8,
"249200180","LIMANOWA                      ","2025","07","18","06",14.0,,13.1,,"W","W",90,,"N  ",,2,,5,,8,
"249200180","LIMANOWA                      ","2025","07","18","12",19.1,,15.0,,"W","W",64,,"NNW",,2,,6,,8,
"249200180","LIMANOWA                      ","2025","07","18","18",19.0,,15.3,,"W","W",67,,"NE ",,2,,5,,8,
"249200180","LIMANOWA                      ","2025","07","19","06",15.8,,14.2,,"W","W",84,,"C  ",,0,,7,,8,
"249200180","LIMANOWA                      ","2025","07","19","12",21.7,,16.0,,"W","W",55,,"WNW",,4,,5,,8,
"249200180","LIMANOWA                      ","2025","07","19","18",21.7,,15.7,,"W","W",53,,"WNW",,3,,3,,8,
"249200180","LIMANOWA                      ","2025","07","20","06",19.3,,16.3,,"W","W",74,,"WNW",,2,,6,,8,
"249200180","LIMANOWA                      ","2025","07","20","12",24.6,,18.6,,"W","W",56,,"WNW",,4,,5,,8,
"249200180","LIMANOWA                      ","2025","07","20","18",24.6,,18.3,,"W","W",54,,"W  ",,2,,3,,8,
"249200180","LIMANOWA                      ","2025","07","21","06",21.1,,17.4,,"W","W",69,,"SE ",,2,,1,,8,
"249200180","LIMANOWA                      ","2025","07","21","12",28.5,,19.9,,"W","W",44,,"SSE",,3,,5,,8,
"249200180","LIMANOWA                      ","2025","07","21","18",26.7,,18.9,,"W","W",47,,"SE ",,3,,5,,8,
"249200180","LIMANOWA                      ","2025","07","22","06",17.0,,15.5,,"W","W",86,,"W  ",,4,,5,,8,
"249200180","LIMANOWA                      ","2025","07","22","12",23.6,,16.4,,"W","W",47,,"W  ",,4,,5,,8,
"249200180","LIMANOWA                      ","2025","07","22","18",22.1,,16.7,,"W","W",57,,"W  ",,2,,4,,8,
"249200180","LIMANOWA                      ","2025","07","23","06",18.5,,14.5,,"W","W",65,,"W  ",,5,,1,,8,
"249200180","LIMANOWA                      ","2025","07","23","12",24.7,,16.9,,"W","W",45,,"WNW",,3,,4,,8,
"249200180","LIMANOWA                      ","2025","07","23","18",22.6,,16.5,,"W","W",53,,"WSW",,2,,3,,8,
"249200180","LIMANOWA                      ","2025","07","24","06",20.1,,16.4,,"W","W",68,,"E  ",,2,,4,,8,
"249200180","LIMANOWA                      ","2025","07","24","12",26.1,,19.6,,"W","W",54,,"NNW",,3,,7,,8,
"249200180","LIMANOWA                      ","2025","07","24","18",20.9,,18.7,,"W","W",81,,"S  ",,1,,6,,8,
"249200180","LIMANOWA                      ","2025","07","25","06",17.5,,17.0,,"W","W",95,,"W  ",,1,,8,,8,
"249200180","LIMANOWA                      ","2025","07","25","12",22.0,,18.8,,"W","W",74,,"NE ",,2,,6,,8,
"249200180","LIMANOWA                      ","2025","07","25","18",21.6,,18.8,,"W","W",77,,"S  ",,1,,7,,8,
"249200180","LIMANOWA                      ","2025","07","26","06",18.6,,18.2,,"W","W",96,,"NNW",,1,,7,,4,
"249200180","LIMANOWA                      ","2025","07","26","12",18.7,,17.5,,"W","W",89,,"SSE",,2,,8,,5,
"249200180","LIMANOWA                      ","2025","07","26","18",19.6,,18.7,,"W","W",92,,"NW ",,1,,7,,5,
"249200180","LIMANOWA                      ","2025","07","27","06",17.6,,17.3,,"W","W",97,,"NW ",,1,,8,,4,
"249200180","LIMANOWA                      ","2025","07","27","12",20.1,,19.1,,"W","W",91,,"NE ",,2,,8,,6,
"249200180","LIMANOWA                      ","2025","07","27","18",18.1,,17.6,,"W","W",95,,"WNW",,2,,6,,6,
"249200180","LIMANOWA                      ","2025","07","28","06",16.8,,16.4,,"W","W",96,,"NE ",,2,,8,,8,
"249200180","LIMANOWA                      ","2025","07","28","12",19.3,,16.2,,"W","W",73,,"WNW",,4,,7,,8,
"249200180","LIMANOWA                      ","2025","07","28","18",15.2,,14.1,,"W","W",89,,"WNW",,4,,7,,8,
"249200180","LIMANOWA                      ","2025","07","29","06",15.1,,13.4,,"W","W",83,,"NW ",,5,,6,,8,
"249200180","LIMANOWA                      ","2025","07","29","12",18.7,,14.7,,"W","W",65,,"NW ",,4,,5,,8,
"249200180","LIMANOWA                      ","2025","07","29","18",17.6,,13.7,,"W","W",65,,"WNW",,3,,7,,8,
"249200180","LIMANOWA                      ","2025","07","30","06",14.8,,13.2,,"W","W",84,,"NW ",,2,,7,,8,
"249200180","LIMANOWA                      ","2025","07","30","12",21.3,,14.1,,"W","W",44,,"WNW",,4,,4,,8,
"249200180","LIMANOWA                      ","2025","07","30","18",18.9,,13.5,,"W","W",54,,"NW ",,2,,3,,8,
"249200180","LIMANOWA                      ","2025","07","31","06",15.9,,13.2,,"W","W",74,,"NW ",,1,,7,,8,
"249200180","LIMANOWA                      ","2025","07","31","12",20.4,,15.0,,"W","W",56,,"NNW",,3,,5,,8,
"249200180","LIMANOWA                      ","2025","07","31","18",18.2,,14.6,,"W","W",68,,"SSW",,1,,3,,8,
"249200260","£¥CKO                         ","2025","07","01","06",16.8,,,"8","W","W",,"8","C  ",,0,,0,,7,
"249200260","£¥CKO                         ","2025","07","01","12",24.0,,,"8","W","W",,"8","N  ",,1,,0,,7,
"249200260","£¥CKO                         ","2025","07","01","18",21.8,,,"8","W","W",,"8","C  ",,0,,0,,7,
"249200260","£¥CKO                         ","2025","07","02","06",18.0,,,"8","W","W",,"8","SW ",,1,,0,,7,
"249200260","£¥CKO                         ","2025","07","02","12",29.3,,,"8","W","W",,"8","E  ",,2,,0,,7,
"249200260","£¥CKO                         ","2025","07","02","18",26.8,,,"8","W","W",,"8","ENE",,1,,0,,7,
"249200260","£¥CKO                         ","2025","07","03","06",22.2,,,"8","W","W",,"8","C  ",,0,,0,,7,
"249200260","£¥CKO                         ","2025","07","03","12",34.6,,,"8","W","W",,"8","SW ",,2,,0,,7,
"249200260","£¥CKO                         ","2025","07","03","18",29.5,,,"8","W","W",,"8","C  ",,0,,2,,7,
"249200260","£¥CKO                         ","2025","07","04","06",14.9,,,"8","W","W",,"8","C  ",,0,,8,,5,
"249200260","£¥CKO                         ","2025","07","04","12",17.6,,,"8","W","W",,"8","SW ",,1,,4,,7,
"249200260","£¥CKO                         ","2025","07","04","18",18.6,,,"8","W","W",,"8","C  ",,0,,1,,7,
"249200260","£¥CKO                         ","2025","07","05","06",15.3,,,"8","W","W",,"8","C  ",,0,,0,,7,
"249200260","£¥CKO                         ","2025","07","05","12",24.8,,,"8","W","W",,"8","W  ",,1,,0,,7,
"249200260","£¥CKO                         ","2025","07","05","18",22.3,,,"8","W","W",,"8","NE ",,1,,0,,7,
"249200260","£¥CKO                         ","2025","07","06","06",19.2,,,"8","W","W",,"8","SW ",,1,,0,,7,
"249200260","£¥CKO                         ","2025","07","06","12",30.3,,,"8","W","W",,"8","SSE",,1,,4,,7,
"249200260","£¥CKO                         ","2025","07","06","18",27.4,,,"8","W","W",,"8","C  ",,0,,2,,7,
"249200260","£¥CKO                         ","2025","07","07","06",19.0,,,"8","W","W",,"8","C  ",,0,,7,,7,
"249200260","£¥CKO                         ","2025","07","07","12",24.8,,,"8","W","W",,"8","NNW",,1,,7,,7,
"249200260","£¥CKO                         ","2025","07","07","18",17.4,,,"8","W","W",,"8","E  ",,1,,8,,6,
"249200260","£¥CKO                         ","2025","07","08","06",17.2,,,"8","W","W",,"8","SSW",,1,,3,,6,
"249200260","£¥CKO                         ","2025","07","08","12",20.0,,,"8","W","W",,"8","ENE",,2,,8,,6,
"249200260","£¥CKO                         ","2025","07","08","18",18.2,,,"8","W","W",,"8","C  ",,0,,7,,7,
"249200260","£¥CKO                         ","2025","07","09","06",14.3,,,"8","W","W",,"8","SW ",,1,,8,,6,
"249200260","£¥CKO                         ","2025","07","09","12",14.1,,,"8","W","W",,"8","W  ",,2,,8,,6,
"249200260","£¥CKO                         ","2025","07","09","18",14.7,,,"8","W","W",,"8","WNW",,2,,8,,6,
"249200260","£¥CKO                         ","2025","07","10","06",14.1,,,"8","W","W",,"8","NNW",,3,,6,,6,
"249200260","£¥CKO                         ","2025","07","10","12",15.5,,,"8","W","W",,"8","W  ",,2,,6,,7,
"249200260","£¥CKO                         ","2025","07","10","18",14.5,,,"8","W","W",,"8","WSW",,1,,6,,7,
"249200260","£¥CKO                         ","2025","07","11","06",16.6,,,"8","W","W",,"8","SW ",,2,,1,,7,
"249200260","£¥CKO                         ","2025","07","11","12",21.0,,,"8","W","W",,"8","NW ",,4,,2,,7,
"249200260","£¥CKO                         ","2025","07","11","18",18.3,,,"8","W","W",,"8","NW ",,2,,1,,7,
"249200260","£¥CKO                         ","2025","07","12","06",15.5,,,"8","W","W",,"8","C  ",,0,,3,,7,
"249200260","£¥CKO                         ","2025","07","12","12",23.8,,,"8","W","W",,"8","S  ",,3,,2,,7,
"249200260","£¥CKO                         ","2025","07","12","18",20.2,,,"8","W","W",,"8","C  ",,0,,1,,7,
"249200260","£¥CKO                         ","2025","07","13","06",15.7,,,"8","W","W",,"8","SSE",,1,,8,,7,
"249200260","£¥CKO                         ","2025","07","13","12",27.6,,,"8","W","W",,"8","S  ",,4,,4,,7,
"249200260","£¥CKO                         ","2025","07","13","18",21.8,,,"8","W","W",,"8","ESE",,3,,4,,7,
"249200260","£¥CKO                         ","2025","07","14","06",18.4,,,"8","W","W",,"8","C  ",,0,,0,,7,
"249200260","£¥CKO                         ","2025","07","14","12",28.4,,,"8","W","W",,"8","ESE",,1,,1,,7,
"249200260","£¥CKO                         ","2025","07","14","18",24.2,,,"8","W","W",,"8","C  ",,0,,1,,7,
"249200260","£¥CKO                         ","2025","07","15","06",17.8,,,"8","W","W",,"8","WNW",,1,,6,,7,
"249200260","£¥CKO                         ","2025","07","15","12",22.6,,,"8","W","W",,"8","WSW",,2,,8,,6,
"249200260","£¥CKO                         ","2025","07","15","18",20.4,,,"8","W","W",,"8","SW ",,1,,6,,7,
"249200260","£¥CKO                         ","2025","07","16","06",18.2,,,"8","W","W",,"8","W  ",,1,,4,,7,
"249200260","£¥CKO                         ","2025","07","16","12",23.4,,,"8","W","W",,"8","WNW",,4,,2,,7,
"249200260","£¥CKO                         ","2025","07","16","18",19.0,,,"8","W","W",,"8","C  ",,0,,6,,7,
"249200260","£¥CKO                         ","2025","07","17","06",13.7,,,"8","W","W",,"8","C  ",,0,,7,,4,
"249200260","£¥CKO                         ","2025","07","17","12",16.1,,,"8","W","W",,"8","C  ",,0,,8,,6,
"249200260","£¥CKO                         ","2025","07","17","18",15.3,,,"8","W","W",,"8","C  ",,0,,8,,6,
"249200260","£¥CKO                         ","2025","07","18","06",14.3,,,"8","W","W",,"8","C  ",,0,,3,,7,
"249200260","£¥CKO                         ","2025","07","18","12",20.2,,,"8","W","W",,"8","E  ",,2,,6,,7,
"249200260","£¥CKO                         ","2025","07","18","18",17.6,,,"8","W","W",,"8","WNW",,1,,3,,7,
"249200260","£¥CKO                         ","2025","07","19","06",16.1,,,"8","W","W",,"8","W  ",,2,,4,,7,
"249200260","£¥CKO                         ","2025","07","19","12",24.6,,,"8","W","W",,"8","WNW",,4,,1,,7,
"249200260","£¥CKO                         ","2025","07","19","18",22.2,,,"8","W","W",,"8","C  ",,0,,1,,7,
"249200260","£¥CKO                         ","2025","07","20","06",18.2,,,"8","W","W",,"8","WNW",,2,,6,,7,
"249200260","£¥CKO                         ","2025","07","20","12",26.6,,,"8","W","W",,"8","W  ",,2,,1,,7,
"249200260","£¥CKO                         ","2025","07","20","18",24.2,,,"8","W","W",,"8","C  ",,0,,1,,7,
"249200260","£¥CKO                         ","2025","07","21","06",20.6,,,"8","W","W",,"8","WSW",,2,,0,,7,
"249200260","£¥CKO                         ","2025","07","21","12",31.8,,,"8","W","W",,"8","S  ",,1,,1,,7,
"249200260","£¥CKO                         ","2025","07","21","18",27.2,,,"8","W","W",,"8","SE ",,2,,4,,7,
"249200260","£¥CKO                         ","2025","07","22","06",18.6,,,"8","W","W",,"8","W  ",,2,,6,,7,
"249200260","£¥CKO                         ","2025","07","22","12",25.0,,,"8","W","W",,"8","WSW",,3,,2,,7,
"249200260","£¥CKO                         ","2025","07","22","18",22.8,,,"8","W","W",,"8","WSW",,2,,1,,7,
"249200260","£¥CKO                         ","2025","07","23","06",20.0,,,"8","W","W",,"8","SW ",,2,,0,,7,
"249200260","£¥CKO                         ","2025","07","23","12",27.8,,,"8","W","W",,"8","WSW",,4,,0,,7,
"249200260","£¥CKO                         ","2025","07","23","18",23.6,,,"8","W","W",,"8","WNW",,1,,0,,7,
"249200260","£¥CKO                         ","2025","07","24","06",19.0,,,"8","W","W",,"8","SW ",,1,,0,,7,
"249200260","£¥CKO                         ","2025","07","24","12",27.2,,,"8","W","W",,"8","C  ",,0,,7,,7,
"249200260","£¥CKO                         ","2025","07","24","18",20.4,,,"8","W","W",,"8","NNW",,1,,7,,6,
"249200260","£¥CKO                         ","2025","07","25","06",19.0,,,"8","W","W",,"8","C  ",,0,,6,,6,
"249200260","£¥CKO                         ","2025","07","25","12",23.6,,,"8","W","W",,"8","ESE",,1,,7,,7,
"249200260","£¥CKO                         ","2025","07","25","18",21.0,,,"8","W","W",,"8","E  ",,1,,8,,6,
"249200260","£¥CKO                         ","2025","07","26","06",19.0,,,"8","W","W",,"8","C  ",,0,,7,,4,
"249200260","£¥CKO                         ","2025","07","26","12",19.4,,,"8","W","W",,"8","ESE",,1,,8,,6,
"249200260","£¥CKO                         ","2025","07","26","18",20.4,,,"8","W","W",,"8","C  ",,0,,8,,6,
"249200260","£¥CKO                         ","2025","07","27","06",18.8,,,"8","W","W",,"8","C  ",,0,,8,,3,
"249200260","£¥CKO                         ","2025","07","27","12",21.6,,,"8","W","W",,"8","C  ",,0,,6,,6,
"249200260","£¥CKO                         ","2025","07","27","18",19.8,,,"8","W","W",,"8","WNW",,1,,6,,6,
"249200260","£¥CKO                         ","2025","07","28","06",18.2,,,"8","W","W",,"8","SW ",,1,,8,,6,
"249200260","£¥CKO                         ","2025","07","28","12",21.8,,,"8","W","W",,"8","WNW",,4,,8,,7,
"249200260","£¥CKO                         ","2025","07","28","18",17.2,,,"8","W","W",,"8","W  ",,1,,8,,7,
"249200260","£¥CKO                         ","2025","07","29","06",17.2,,,"8","W","W",,"8","WNW",,2,,6,,7,
"249200260","£¥CKO                         ","2025","07","29","12",21.1,,,"8","W","W",,"8","NW ",,3,,4,,7,
"249200260","£¥CKO                         ","2025","07","29","18",18.2,,,"8","W","W",,"8","C  ",,0,,6,,7,
"249200260","£¥CKO                         ","2025","07","30","06",16.1,,,"8","W","W",,"8","C  ",,0,,7,,7,
"249200260","£¥CKO                         ","2025","07","30","12",22.8,,,"8","W","W",,"8","NW ",,2,,1,,7,
"249200260","£¥CKO                         ","2025","07","30","18",19.2,,,"8","W","W",,"8","NW ",,1,,1,,7,
"249200260","£¥CKO                         ","2025","07","31","06",15.9,,,"8","W","W",,"8","W  ",,1,,7,,7,
"249200260","£¥CKO                         ","2025","07","31","12",20.8,,,"8","W","W",,"8","ESE",,2,,2,,7,
"249200260","£¥CKO                         ","2025","07","31","18",17.4,,,"8","W","W",,"8","C  ",,0,,0,,7,
"249200370","KROŒCIENKO                    ","2025","07","01","06",15.4,,,"8","W","W",,"8","C  ",,0,,0,,6,
"249200370","KROŒCIENKO                    ","2025","07","01","12",26.0,,,"8","W","W",,"8","C  ",,0,,0,,6,
"249200370","KROŒCIENKO                    ","2025","07","01","18",21.2,,,"8","W","W",,"8","C  ",,0,,0,,6,
"249200370","KROŒCIENKO                    ","2025","07","02","06",15.0,,,"8","W","W",,"8","C  ",,0,,0,,6,
"249200370","KROŒCIENKO                    ","2025","07","02","12",30.2,,,"8","W","W",,"8","N  ",,2,,0,,6,
"249200370","KROŒCIENKO                    ","2025","07","02","18",26.3,,,"8","W","W",,"8","C  ",,0,,0,,6,
"249200370","KROŒCIENKO                    ","2025","07","03","06",19.4,,,"8","W","W",,"8","C  ",,0,,0,,6,
"249200370","KROŒCIENKO                    ","2025","07","03","12",33.9,,,"8","W","W",,"8","WNW",,4,,0,,6,
"249200370","KROŒCIENKO                    ","2025","07","03","18",29.1,,,"8","W","W",,"8","NNW",,3,,0,,6,
"249200370","KROŒCIENKO                    ","2025","07","04","06",15.1,,,"8","W","W",,"8","C  ",,0,,8,,6,
"249200370","KROŒCIENKO                    ","2025","07","04","12",17.5,,,"8","W","W",,"8","C  ",,0,,8,,6,
"249200370","KROŒCIENKO                    ","2025","07","04","18",17.0,,,"8","W","W",,"8","C  ",,0,,7,,6,
"249200370","KROŒCIENKO                    ","2025","07","05","06",13.0,,,"8","W","W",,"8","C  ",,0,,0,,6,
"249200370","KROŒCIENKO                    ","2025","07","05","12",25.9,,,"8","W","W",,"8","C  ",,0,,0,,6,
"249200370","KROŒCIENKO                    ","2025","07","05","18",22.9,,,"8","W","W",,"8","C  ",,0,,2,,6,
"249200370","KROŒCIENKO                    ","2025","07","06","06",16.1,,,"8","W","W",,"8","C  ",,0,,0,,6,
"249200370","KROŒCIENKO                    ","2025","07","06","12",28.9,,,"8","W","W",,"8","C  ",,0,,4,,6,
"249200370","KROŒCIENKO                    ","2025","07","06","18",26.9,,,"8","W","W",,"8","SSE",,1,,1,,6,
"249200370","KROŒCIENKO                    ","2025","07","07","06",18.7,,,"8","W","W",,"8","C  ",,0,,6,,6,
"249200370","KROŒCIENKO                    ","2025","07","07","12",24.9,,,"8","W","W",,"8","N  ",,1,,4,,6,
"249200370","KROŒCIENKO                    ","2025","07","07","18",17.2,,,"8","W","W",,"8","C  ",,0,,8,,6,
"249200370","KROŒCIENKO                    ","2025","07","08","06",15.2,,,"8","W","W",,"8","C  ",,0,,8,,6,
"249200370","KROŒCIENKO                    ","2025","07","08","12",19.3,,,"8","W","W",,"8","C  ",,0,,8,,6,
"249200370","KROŒCIENKO                    ","2025","07","08","18",17.0,,,"8","W","W",,"8","C  ",,0,,8,,6,
"249200370","KROŒCIENKO                    ","2025","07","09","06",13.2,,,"8","W","W",,"8","WNW",,2,,8,,6,
"249200370","KROŒCIENKO                    ","2025","07","09","12",14.1,,,"8","W","W",,"8","W  ",,3,,8,,6,
"249200370","KROŒCIENKO                    ","2025","07","09","18",13.8,,,"8","W","W",,"8","NW ",,3,,8,,6,
"249200370","KROŒCIENKO                    ","2025","07","10","06",14.0,,,"8","W","W",,"8","NW ",,2,,8,,6,
"249200370","KROŒCIENKO                    ","2025","07","10","12",14.6,,,"8","W","W",,"8","W  ",,4,,8,,6,
"249200370","KROŒCIENKO                    ","2025","07","10","18",14.0,,,"8","W","W",,"8","C  ",,0,,7,,6,
"249200370","KROŒCIENKO                    ","2025","07","11","06",14.1,,,"8","W","W",,"8","W  ",,4,,1,,6,
"249200370","KROŒCIENKO                    ","2025","07","11","12",20.4,,,"8","W","W",,"8","WSW",,3,,0,,6,
"249200370","KROŒCIENKO                    ","2025","07","11","18",17.4,,,"8","W","W",,"8","C  ",,0,,1,,6,
"249200370","KROŒCIENKO                    ","2025","07","12","06",14.8,,,"8","W","W",,"8","C  ",,0,,3,,6,
"249200370","KROŒCIENKO                    ","2025","07","12","12",22.2,,,"8","W","W",,"8","SSE",,2,,2,,6,
"249200370","KROŒCIENKO                    ","2025","07","12","18",19.4,,,"8","W","W",,"8","SSE",,1,,3,,6,
"249200370","KROŒCIENKO                    ","2025","07","13","06",17.3,,,"8","W","W",,"8","S  ",,1,,7,,6,
"249200370","KROŒCIENKO                    ","2025","07","13","12",27.5,,,"8","W","W",,"8","SSE",,3,,1,,6,
"249200370","KROŒCIENKO                    ","2025","07","13","18",22.0,,,"8","W","W",,"8","NNW",,2,,2,,6,
"249200370","KROŒCIENKO                    ","2025","07","14","06",18.6,,,"8","W","W",,"8","C  ",,0,,0,,6,
"249200370","KROŒCIENKO                    ","2025","07","14","12",28.1,,,"8","W","W",,"8","W  ",,1,,1,,6,
"249200370","KROŒCIENKO                    ","2025","07","14","18",23.4,,,"8","W","W",,"8","C  ",,0,,1,,6,
"249200370","KROŒCIENKO                    ","2025","07","15","06",17.2,,,"8","W","W",,"8","C  ",,0,,8,,6,
"249200370","KROŒCIENKO                    ","2025","07","15","12",21.3,,,"8","W","W",,"8","N  ",,4,,8,,6,
"249200370","KROŒCIENKO                    ","2025","07","15","18",17.0,,,"8","W","W",,"8","C  ",,0,,3,,6,
"249200370","KROŒCIENKO                    ","2025","07","16","06",16.3,,,"8","W","W",,"8","W  ",,1,,5,,6,
"249200370","KROŒCIENKO                    ","2025","07","16","12",22.1,,,"8","W","W",,"8","W  ",,2,,8,,6,
"249200370","KROŒCIENKO                    ","2025","07","16","18",18.0,,,"8","W","W",,"8","C  ",,0,,8,,6,
"249200370","KROŒCIENKO                    ","2025","07","17","06",13.6,,,"8","W","W",,"8","C  ",,0,,8,,6,
"249200370","KROŒCIENKO                    ","2025","07","17","12",15.1,,,"8","W","W",,"8","C  ",,0,,8,,6,
"249200370","KROŒCIENKO                    ","2025","07","17","18",16.0,,,"8","W","W",,"8","C  ",,0,,8,,6,
"249200370","KROŒCIENKO                    ","2025","07","18","06",14.0,,,"8","W","W",,"8","C  ",,0,,2,,6,
"249200370","KROŒCIENKO                    ","2025","07","18","12",21.4,,,"8","W","W",,"8","NNW",,3,,2,,6,
"249200370","KROŒCIENKO                    ","2025","07","18","18",18.0,,,"8","W","W",,"8","C  ",,0,,4,,6,
"249200370","KROŒCIENKO                    ","2025","07","19","06",15.2,,,"8","W","W",,"8","C  ",,0,,7,,6,
"249200370","KROŒCIENKO                    ","2025","07","19","12",24.0,,,"8","W","W",,"8","C  ",,0,,2,,6,
"249200370","KROŒCIENKO                    ","2025","07","19","18",20.4,,,"8","W","W",,"8","C  ",,0,,1,,6,
"249200370","KROŒCIENKO                    ","2025","07","20","06",16.8,,,"8","W","W",,"8","C  ",,0,,3,,6,
"249200370","KROŒCIENKO                    ","2025","07","20","12",23.8,,,"8","W","W",,"8","C  ",,0,,2,,6,
"249200370","KROŒCIENKO                    ","2025","07","20","18",21.9,,,"8","W","W",,"8","C  ",,0,,2,,6,
"249200370","KROŒCIENKO                    ","2025","07","21","06",18.2,,,"8","W","W",,"8","C  ",,0,,0,,6,
"249200370","KROŒCIENKO                    ","2025","07","21","12",28.2,,,"8","W","W",,"8","NE ",,1,,0,,6,
"249200370","KROŒCIENKO                    ","2025","07","21","18",26.7,,,"8","W","W",,"8","S  ",,1,,1,,6,
"249200370","KROŒCIENKO                    ","2025","07","22","06",17.5,,,"8","W","W",,"8","WNW",,1,,7,,6,
"249200370","KROŒCIENKO                    ","2025","07","22","12",26.1,,,"8","W","W",,"8","WNW",,4,,4,,6,
"249200370","KROŒCIENKO                    ","2025","07","22","18",21.7,,,"8","W","W",,"8","C  ",,0,,0,,6,
"249200370","KROŒCIENKO                    ","2025","07","23","06",17.1,,,"8","W","W",,"8","C  ",,0,,0,,6,
"249200370","KROŒCIENKO                    ","2025","07","23","12",25.9,,,"8","W","W",,"8","W  ",,4,,0,,6,
"249200370","KROŒCIENKO                    ","2025","07","23","18",21.7,,,"8","W","W",,"8","C  ",,0,,0,,6,
"249200370","KROŒCIENKO                    ","2025","07","24","06",16.8,,,"8","W","W",,"8","C  ",,0,,0,,6,
"249200370","KROŒCIENKO                    ","2025","07","24","12",28.6,,,"8","W","W",,"8","NW ",,1,,2,,6,
"249200370","KROŒCIENKO                    ","2025","07","24","18",20.7,,,"8","W","W",,"8","C  ",,0,,6,,6,
"249200370","KROŒCIENKO                    ","2025","07","25","06",18.7,,,"8","W","W",,"8","C  ",,0,,8,,6,
"249200370","KROŒCIENKO                    ","2025","07","25","12",24.3,,,"8","W","W",,"8","N  ",,1,,8,,6,
"249200370","KROŒCIENKO                    ","2025","07","25","18",20.2,,,"8","W","W",,"8","C  ",,0,,8,,6,
"249200370","KROŒCIENKO                    ","2025","07","26","06",19.2,,,"8","W","W",,"8",,"8",,"8",8,,6,
"249200370","KROŒCIENKO                    ","2025","07","26","12",19.2,,,"8","W","W",,"8",,"8",,"8",8,,6,
"249200370","KROŒCIENKO                    ","2025","07","26","18",20.0,,,"8","W","W",,"8",,"8",,"8",8,,6,
"249200370","KROŒCIENKO                    ","2025","07","27","06",18.2,,,"8","W","W",,"8",,"8",,"8",8,,6,
"249200370","KROŒCIENKO                    ","2025","07","27","12",22.2,,,"8","W","W",,"8",,"8",,"8",8,,6,
"249200370","KROŒCIENKO                    ","2025","07","27","18",19.5,,,"8","W","W",,"8",,"8",,"8",8,,6,
"249200370","KROŒCIENKO                    ","2025","07","28","06",18.0,,,"8","W","W",,"8",,"8",,"8",8,,6,
"249200370","KROŒCIENKO                    ","2025","07","28","12",21.1,,,"8","W","W",,"8",,"8",,"8",8,,6,
"249200370","KROŒCIENKO                    ","2025","07","28","18",17.0,,,"8","W","W",,"8",,"8",,"8",5,,6,
"249200370","KROŒCIENKO                    ","2025","07","29","06",15.2,,,"8","W","W",,"8",,"8",,"8",8,,6,
"249200370","KROŒCIENKO                    ","2025","07","29","12",19.5,,,"8","W","W",,"8",,"8",,"8",4,,6,
"249200370","KROŒCIENKO                    ","2025","07","29","18",17.6,,,"8","W","W",,"8",,"8",,"8",6,,6,
"249200370","KROŒCIENKO                    ","2025","07","30","06",15.4,,,"8","W","W",,"8",,"8",,"8",6,,6,
"249200370","KROŒCIENKO                    ","2025","07","30","12",21.6,,,"8","W","W",,"8",,"8",,"8",2,,6,
"249200370","KROŒCIENKO                    ","2025","07","30","18",18.0,,,"8","W","W",,"8",,"8",,"8",0,,6,
"249200370","KROŒCIENKO                    ","2025","07","31","06",14.7,,,"8","W","W",,"8",,"8",,"8",0,,6,
"249200370","KROŒCIENKO                    ","2025","07","31","12",22.4,,,"8","W","W",,"8",,"8",,"8",1,,6,
"249200370","KROŒCIENKO                    ","2025","07","31","18",17.6,,,"8","W","W",,"8",,"8",,"8",1,,6,
"249200420","NIEDZICA                      ","2025","07","01","06",15.1,,,"8","W","W",,"8","C  ",,0,,0,,8,
"249200420","NIEDZICA                      ","2025","07","01","12",24.7,,,"8","W","W",,"8","WSW",,1,,2,,8,
"249200420","NIEDZICA                      ","2025","07","01","18",19.8,,,"8","W","W",,"8","C  ",,0,,1,,8,
"249200420","NIEDZICA                      ","2025","07","02","06",13.2,,,"8","W","W",,"8","C  ",,0,,0,,8,
"249200420","NIEDZICA                      ","2025","07","02","12",28.2,,,"8","W","W",,"8","NE ",,1,,0,,8,
"249200420","NIEDZICA                      ","2025","07","02","18",26.8,,,"8","W","W",,"8","ENE",,1,,0,,8,
"249200420","NIEDZICA                      ","2025","07","03","06",17.7,,,"8","W","W",,"8","C  ",,0,,0,,8,
"249200420","NIEDZICA                      ","2025","07","03","12",33.6,,,"8","W","W",,"8","SW ",,1,,2,,8,
"249200420","NIEDZICA                      ","2025","07","03","18",27.2,,,"8","W","W",,"8","C  ",,0,,2,,8,
"249200420","NIEDZICA                      ","2025","07","04","06",15.7,,,"8","W","W",,"8","ENE",,4,,8,,7,
"249200420","NIEDZICA                      ","2025","07","04","12",17.4,,,"8","W","W",,"8","WSW",,1,,6,,7,
"249200420","NIEDZICA                      ","2025","07","04","18",18.5,,,"8","W","W",,"8","C  ",,0,,5,,8,
"249200420","NIEDZICA                      ","2025","07","05","06",9.8,,,"8","W","W",,"8","C  ",,0,,8,,2,
"249200420","NIEDZICA                      ","2025","07","05","12",24.4,,,"8","W","W",,"8","C  ",,0,,2,,7,
"249200420","NIEDZICA                      ","2025","07","05","18",22.4,,,"8","W","W",,"8","C  ",,0,,1,,7,
"249200420","NIEDZICA                      ","2025","07","06","06",13.6,,,"8","W","W",,"8","C  ",,0,,3,,8,
"249200420","NIEDZICA                      ","2025","07","06","12",28.8,,,"8","W","W",,"8","SE ",,2,,3,,8,
"249200420","NIEDZICA                      ","2025","07","06","18",26.5,,,"8","W","W",,"8","E  ",,1,,4,,8,
"249200420","NIEDZICA                      ","2025","07","07","06",17.9,,,"8","W","W",,"8","C  ",,0,,6,,7,
"249200420","NIEDZICA                      ","2025","07","07","12",22.2,,,"8","W","W",,"8","NNW",,1,,8,,7,
"249200420","NIEDZICA                      ","2025","07","07","18",16.5,,,"8","W","W",,"8","C  ",,0,,8,,7,
"249200420","NIEDZICA                      ","2025","07","08","06",13.3,,,"8","W","W",,"8","C  ",,0,,8,,6,
"249200420","NIEDZICA                      ","2025","07","08","12",17.5,,,"8","W","W",,"8","NE ",,1,,8,,7,
"249200420","NIEDZICA                      ","2025","07","08","18",16.9,,,"8","W","W",,"8","C  ",,0,,8,,7,
"249200420","NIEDZICA                      ","2025","07","09","06",13.2,,,"8","W","W",,"8","W  ",,1,,8,,7,
"249200420","NIEDZICA                      ","2025","07","09","12",13.5,,,"8","W","W",,"8","W  ",,3,,8,,7,
"249200420","NIEDZICA                      ","2025","07","09","18",13.2,,,"8","W","W",,"8","W  ",,2,,8,,7,
"249200420","NIEDZICA                      ","2025","07","10","06",13.4,,,"8","W","W",,"8","W  ",,1,,8,,7,
"249200420","NIEDZICA                      ","2025","07","10","12",14.7,,,"8","W","W",,"8","W  ",,3,,8,,7,
"249200420","NIEDZICA                      ","2025","07","10","18",13.1,,,"8","W","W",,"8","C  ",,0,,5,,7,
"249200420","NIEDZICA                      ","2025","07","11","06",13.9,,,"8","W","W",,"8","WSW",,1,,3,,8,
"249200420","NIEDZICA                      ","2025","07","11","12",18.3,,,"8","W","W",,"8","C  ",,0,,5,,8,
"249200420","NIEDZICA                      ","2025","07","11","18",15.3,,,"8","W","W",,"8","C  ",,0,,3,,8,
"249200420","NIEDZICA                      ","2025","07","12","06",13.6,,,"8","W","W",,"8","C  ",,0,,4,,8,
"249200420","NIEDZICA                      ","2025","07","12","12",22.3,,,"8","W","W",,"8","SSE",,2,,5,,8,
"249200420","NIEDZICA                      ","2025","07","12","18",18.9,,,"8","W","W",,"8","E  ",,3,,6,,8,
"249200420","NIEDZICA                      ","2025","07","13","06",15.2,,,"8","W","W",,"8","E  ",,1,,5,,8,
"249200420","NIEDZICA                      ","2025","07","13","12",24.8,,,"8","W","W",,"8","SE ",,3,,5,,8,
"249200420","NIEDZICA                      ","2025","07","13","18",23.2,,,"8","W","W",,"8","C  ",,0,,3,,8,
"249200420","NIEDZICA                      ","2025","07","14","06",16.9,,,"8","W","W",,"8","ENE",,1,,1,,8,
"249200420","NIEDZICA                      ","2025","07","14","12",27.3,,,"8","W","W",,"8","SSE",,1,,4,,8,
"249200420","NIEDZICA                      ","2025","07","14","18",21.8,,,"8","W","W",,"8","C  ",,0,,3,,8,
"249200420","NIEDZICA                      ","2025","07","15","06",15.9,,,"8","W","W",,"8","C  ",,0,,8,,7,
"249200420","NIEDZICA                      ","2025","07","15","12",22.8,,,"8","W","W",,"8","WSW",,2,,6,,7,
"249200420","NIEDZICA                      ","2025","07","15","18",18.0,,,"8","W","W",,"8","C  ",,0,,6,,7,
"249200420","NIEDZICA                      ","2025","07","16","06",16.2,,,"8","W","W",,"8","W  ",,2,,5,,8,
"249200420","NIEDZICA                      ","2025","07","16","12",22.4,,,"8","W","W",,"8","W  ",,2,,4,,8,
"249200420","NIEDZICA                      ","2025","07","16","18",17.7,,,"8","W","W",,"8","C  ",,0,,6,,8,
"249200420","NIEDZICA                      ","2025","07","17","06",13.2,,,"8","W","W",,"8","C  ",,0,,8,,7,
"249200420","NIEDZICA                      ","2025","07","17","12",14.1,,,"8","W","W",,"8","SW ",,1,,8,,7,
"249200420","NIEDZICA                      ","2025","07","17","18",13.8,,,"8","W","W",,"8","C  ",,0,,6,,7,
"249200420","NIEDZICA                      ","2025","07","18","06",12.7,,,"8","W","W",,"8","ESE",,1,,2,,8,
"249200420","NIEDZICA                      ","2025","07","18","12",20.1,,,"8","W","W",,"8","E  ",,3,,5,,8,
"249200420","NIEDZICA                      ","2025","07","18","18",17.2,,,"8","W","W",,"8","W  ",,1,,4,,8,
"249200420","NIEDZICA                      ","2025","07","19","06",12.3,,,"8","W","W",,"8","E  ",,2,,4,,8,
"249200420","NIEDZICA                      ","2025","07","19","12",21.8,,,"8","W","W",,"8","N  ",,1,,5,,8,
"249200420","NIEDZICA                      ","2025","07","19","18",20.1,,,"8","W","W",,"8","C  ",,0,,4,,8,
"249200420","NIEDZICA                      ","2025","07","20","06",14.8,,,"8","W","W",,"8","C  ",,0,,5,,7,
"249200420","NIEDZICA                      ","2025","07","20","12",24.0,,,"8","W","W",,"8","W  ",,1,,3,,8,
"249200420","NIEDZICA                      ","2025","07","20","18",21.8,,,"8","W","W",,"8","C  ",,0,,2,,8,
"249200420","NIEDZICA                      ","2025","07","21","06",15.2,,,"8","W","W",,"8","C  ",,0,,2,,8,
"249200420","NIEDZICA                      ","2025","07","21","12",29.0,,,"8","W","W",,"8","E  ",,2,,3,,8,
"249200420","NIEDZICA                      ","2025","07","21","18",26.1,,,"8","W","W",,"8","SE ",,2,,3,,8,
"249200420","NIEDZICA                      ","2025","07","22","06",17.0,,,"8","W","W",,"8","W  ",,2,,8,,7,
"249200420","NIEDZICA                      ","2025","07","22","12",24.8,,,"8","W","W",,"8","W  ",,2,,3,,8,
"249200420","NIEDZICA                      ","2025","07","22","18",20.4,,,"8","W","W",,"8","WNW",,1,,2,,8,
"249200420","NIEDZICA                      ","2025","07","23","06",16.7,,,"8","W","W",,"8","E  ",,1,,0,,8,
"249200420","NIEDZICA                      ","2025","07","23","12",25.3,,,"8","W","W",,"8","WSW",,2,,4,,8,
"249200420","NIEDZICA                      ","2025","07","23","18",21.6,,,"8","W","W",,"8","C  ",,0,,2,,8,
"249200420","NIEDZICA                      ","2025","07","24","06",15.1,,,"8","W","W",,"8","C  ",,0,,2,,8,
"249200420","NIEDZICA                      ","2025","07","24","12",25.6,,,"8","W","W",,"8","C  ",,0,,8,,8,
"249200420","NIEDZICA                      ","2025","07","24","18",19.7,,,"8","W","W",,"8","C  ",,0,,5,,8,
"249200420","NIEDZICA                      ","2025","07","25","06",17.8,,,"8","W","W",,"8","C  ",,0,,8,,7,
"249200420","NIEDZICA                      ","2025","07","25","12",23.4,,,"8","W","W",,"8","ESE",,1,,8,,7,
"249200420","NIEDZICA                      ","2025","07","25","18",19.5,,,"8","W","W",,"8","C  ",,0,,8,,7,
"249200420","NIEDZICA                      ","2025","07","26","06",18.7,,,"8","W","W",,"8","WSW",,1,,8,,7,
"249200420","NIEDZICA                      ","2025","07","26","12",19.4,,,"8","W","W",,"8","C  ",,0,,8,,7,
"249200420","NIEDZICA                      ","2025","07","26","18",19.6,,,"8","W","W",,"8","NE ",,1,,6,,7,
"249200420","NIEDZICA                      ","2025","07","27","06",17.1,,,"8","W","W",,"8","C  ",,0,,8,,6,
"249200420","NIEDZICA                      ","2025","07","27","12",20.3,,,"8","W","W",,"8","SE ",,1,,8,,7,
"249200420","NIEDZICA                      ","2025","07","27","18",17.9,,,"8","W","W",,"8","C  ",,0,,8,,7,
"249200420","NIEDZICA                      ","2025","07","28","06",16.5,,,"8","W","W",,"8","WSW",,1,,8,,5,
"249200420","NIEDZICA                      ","2025","07","28","12",19.8,,,"8","W","W",,"8","WSW",,2,,8,,7,
"249200420","NIEDZICA                      ","2025","07","28","18",16.1,,,"8","W","W",,"8","W  ",,1,,8,,7,
"249200420","NIEDZICA                      ","2025","07","29","06",14.7,,,"8","W","W",,"8","W  ",,1,,5,,7,
"249200420","NIEDZICA                      ","2025","07","29","12",19.4,,,"8","W","W",,"8","SSW",,1,,5,,8,
"249200420","NIEDZICA                      ","2025","07","29","18",15.9,,,"8","W","W",,"8","WNW",,1,,5,,8,
"249200420","NIEDZICA                      ","2025","07","30","06",14.3,,,"8","W","W",,"8","C  ",,0,,8,,7,
"249200420","NIEDZICA                      ","2025","07","30","12",21.6,,,"8","W","W",,"8","WSW",,2,,4,,7,
"249200420","NIEDZICA                      ","2025","07","30","18",17.1,,,"8","W","W",,"8","C  ",,0,,3,,7,
"249200420","NIEDZICA                      ","2025","07","31","06",12.9,,,"8","W","W",,"8","C  ",,0,,4,,8,
"249200420","NIEDZICA                      ","2025","07","31","12",20.8,,,"8","W","W",,"8","NW ",,1,,5,,8,
"249200420","NIEDZICA                      ","2025","07","31","18",17.2,,,"8","W","W",,"8","C  ",,0,,3,,8,
"249200480","BUKOWINA TATRZAÑSKA           ","2025","07","01","06",13.6,,,"8","W","N",,"8","NNE",,1,,0,,7,
"249200480","BUKOWINA TATRZAÑSKA           ","2025","07","01","12",20.9,,,"8","W","N",,"8","NNW",,2,,0,,7,
"249200480","BUKOWINA TATRZAÑSKA           ","2025","07","01","18",20.1,,,"8","W","N",,"8","C  ",,0,,0,,7,
"249200480","BUKOWINA TATRZAÑSKA           ","2025","07","02","06",18.2,,,"8","W","N",,"8","C  ",,0,,0,,7,
"249200480","BUKOWINA TATRZAÑSKA           ","2025","07","02","12",26.0,,,"8","W","N",,"8","NNE",,2,,0,,7,
"249200480","BUKOWINA TATRZAÑSKA           ","2025","07","02","18",25.6,,,"8","W","N",,"8","C  ",,0,,0,,7,
"249200480","BUKOWINA TATRZAÑSKA           ","2025","07","03","06",22.0,,,"8","W","N",,"8","C  ",,0,,0,,7,
"249200480","BUKOWINA TATRZAÑSKA           ","2025","07","03","12",29.4,,,"8","W","N",,"8","NNW",,3,,1,,7,
"249200480","BUKOWINA TATRZAÑSKA           ","2025","07","03","18",26.0,,,"8","W","N",,"8","NW ",,2,,1,,7,
"249200480","BUKOWINA TATRZAÑSKA           ","2025","07","04","06",15.9,,,"8","W","N",,"8","C  ",,0,,8,,2,
"249200480","BUKOWINA TATRZAÑSKA           ","2025","07","04","12",12.6,,,"8","W","N",,"8","W  ",,2,,8,,5,
"249200480","BUKOWINA TATRZAÑSKA           ","2025","07","04","18",14.7,,,"8","W","N",,"8","C  ",,0,,7,,5,
"249200480","BUKOWINA TATRZAÑSKA           ","2025","07","05","06",13.9,,,"8","W","N",,"8","E  ",,1,,1,,7,
"249200480","BUKOWINA TATRZAÑSKA           ","2025","07","05","12",20.9,,,"8","W","N",,"8","NNE",,2,,1,,7,
"249200480","BUKOWINA TATRZAÑSKA           ","2025","07","05","18",21.7,,,"8","W","N",,"8","C  ",,0,,1,,7,
"249200480","BUKOWINA TATRZAÑSKA           ","2025","07","06","06",20.6,,,"8","W","N",,"8","WSW",,1,,1,,7,
"249200480","BUKOWINA TATRZAÑSKA           ","2025","07","06","12",23.8,,,"8","W","N",,"8","SW ",,1,,6,,7,
"249200480","BUKOWINA TATRZAÑSKA           ","2025","07","06","18",23.4,,,"8","W","N",,"8","C  ",,0,,4,,7,
"249200480","BUKOWINA TATRZAÑSKA           ","2025","07","07","06",19.3,,,"8","W","N",,"8","NW ",,2,,7,,5,
"249200480","BUKOWINA TATRZAÑSKA           ","2025","07","07","12",19.3,,,"8","W","N",,"8","NNE",,1,,8,,5,
"249200480","BUKOWINA TATRZAÑSKA           ","2025","07","07","18",15.0,,,"8","W","N",,"8","NW ",,3,,8,,5,
"249200480","BUKOWINA TATRZAÑSKA           ","2025","07","08","06",13.8,,,"8","W","N",,"8","C  ",,0,,4,,5,
"249200480","BUKOWINA TATRZAÑSKA           ","2025","07","08","12",15.3,,,"8","W","N",,"8","C  ",,0,,8,,5,
"249200480","BUKOWINA TATRZAÑSKA           ","2025","07","08","18",15.1,,,"8","W","N",,"8","NW ",,1,,8,,5,
"249200480","BUKOWINA TATRZAÑSKA           ","2025","07","09","06",10.6,,,"8","W","N",,"8","WSW",,3,,8,,5,
"249200480","BUKOWINA TATRZAÑSKA           ","2025","07","09","12",10.0,,,"8","W","N",,"8","WNW",,4,,8,,5,
"249200480","BUKOWINA TATRZAÑSKA           ","2025","07","09","18",9.6,,,"8","W","N",,"8","WNW",,5,,8,,5,
"249200480","BUKOWINA TATRZAÑSKA           ","2025","07","10","06",10.6,,,"8","W","N",,"8","NW ",,4,,8,,5,
"249200480","BUKOWINA TATRZAÑSKA           ","2025","07","10","12",10.6,,,"8","W","N",,"8","WSW",,4,,8,,5,
"249200480","BUKOWINA TATRZAÑSKA           ","2025","07","10","18",11.0,,,"8","W","N",,"8","WNW",,3,,7,,5,
"249200480","BUKOWINA TATRZAÑSKA           ","2025","07","11","06",10.8,,,"8","W","N",,"8","WSW",,3,,3,,7,
"249200480","BUKOWINA TATRZAÑSKA           ","2025","07","11","12",15.4,,,"8","W","N",,"8","WNW",,3,,6,,7,
"249200480","BUKOWINA TATRZAÑSKA           ","2025","07","11","18",15.5,,,"8","W","N",,"8","NW ",,2,,3,,7,
"249200480","BUKOWINA TATRZAÑSKA           ","2025","07","12","06",12.1,,,"8","W","N",,"8","N  ",,1,,6,,5,
"249200480","BUKOWINA TATRZAÑSKA           ","2025","07","12","12",18.0,,,"8","W","N",,"8","SSE",,2,,6,,5,
"249200480","BUKOWINA TATRZAÑSKA           ","2025","07","12","18",17.5,,,"8","W","N",,"8","WSW",,2,,7,,5,
"249200480","BUKOWINA TATRZAÑSKA           ","2025","07","13","06",13.6,,,"8","W","N",,"8","C  ",,0,,7,,5,
"249200480","BUKOWINA TATRZAÑSKA           ","2025","07","13","12",23.1,,,"8","W","N",,"8","SSE",,2,,3,,5,
"249200480","BUKOWINA TATRZAÑSKA           ","2025","07","13","18",21.6,,,"8","W","N",,"8","WSW",,1,,2,,5,
"249200480","BUKOWINA TATRZAÑSKA           ","2025","07","14","06",18.1,,,"8","W","N",,"8","C  ",,0,,0,,7,
"249200480","BUKOWINA TATRZAÑSKA           ","2025","07","14","12",23.7,,,"8","W","N",,"8","NW ",,3,,6,,7,
"249200480","BUKOWINA TATRZAÑSKA           ","2025","07","14","18",21.2,,,"8","W","N",,"8","W  ",,1,,6,,7,
"249200480","BUKOWINA TATRZAÑSKA           ","2025","07","15","06",16.9,,,"8","W","N",,"8","SW ",,1,,8,,5,
"249200480","BUKOWINA TATRZAÑSKA           ","2025","07","15","12",19.3,,,"8","W","N",,"8","NW ",,4,,7,,5,
"249200480","BUKOWINA TATRZAÑSKA           ","2025","07","15","18",18.8,,,"8","W","N",,"8","C  ",,0,,6,,5,
"249200480","BUKOWINA TATRZAÑSKA           ","2025","07","16","06",13.4,,,"8","W","N",,"8","WNW",,4,,7,,5,
"249200480","BUKOWINA TATRZAÑSKA           ","2025","07","16","12",17.8,,,"8","W","N",,"8","WNW",,4,,5,,5,
"249200480","BUKOWINA TATRZAÑSKA           ","2025","07","16","18",15.9,,,"8","W","N",,"8","C  ",,0,,8,,5,
"249200480","BUKOWINA TATRZAÑSKA           ","2025","07","17","06",10.4,,,"8","W","N",,"8","W  ",,3,,8,,5,
"249200480","BUKOWINA TATRZAÑSKA           ","2025","07","17","12",11.2,,,"8","W","N",,"8","C  ",,0,,8,,5,
"249200480","BUKOWINA TATRZAÑSKA           ","2025","07","17","18",12.2,,,"8","W","N",,"8","W  ",,2,,6,,5,
"249200480","BUKOWINA TATRZAÑSKA           ","2025","07","18","06",11.7,,,"8","W","N",,"8","C  ",,0,,4,,7,
"249200480","BUKOWINA TATRZAÑSKA           ","2025","07","18","12",17.8,,,"8","W","N",,"8","NNE",,2,,6,,7,
"249200480","BUKOWINA TATRZAÑSKA           ","2025","07","18","18",15.5,,,"8","W","N",,"8","W  ",,2,,8,,7,
"249200480","BUKOWINA TATRZAÑSKA           ","2025","07","19","06",13.8,,,"8","W","N",,"8","W  ",,2,,2,,7,
"249200480","BUKOWINA TATRZAÑSKA           ","2025","07","19","12",19.7,,,"8","W","N",,"8","NW ",,4,,6,,7,
"249200480","BUKOWINA TATRZAÑSKA           ","2025","07","19","18",18.7,,,"8","W","N",,"8","NW ",,1,,6,,7,
"249200480","BUKOWINA TATRZAÑSKA           ","2025","07","20","06",17.1,,,"8","W","N",,"8","WNW",,2,,6,,7,
"249200480","BUKOWINA TATRZAÑSKA           ","2025","07","20","12",21.7,,,"8","W","N",,"8","NW ",,4,,3,,7,
"249200480","BUKOWINA TATRZAÑSKA           ","2025","07","20","18",21.9,,,"8","W","N",,"8","WNW",,2,,1,,7,
"249200480","BUKOWINA TATRZAÑSKA           ","2025","07","21","06",21.3,,,"8","W","N",,"8","C  ",,0,,0,,7,
"249200480","BUKOWINA TATRZAÑSKA           ","2025","07","21","12",26.0,,,"8","W","N",,"8","N  ",,3,,3,,7,
"249200480","BUKOWINA TATRZAÑSKA           ","2025","07","21","18",24.5,,,"8","W","N",,"8","SSE",,2,,3,,7,
"249200480","BUKOWINA TATRZAÑSKA           ","2025","07","22","06",14.0,,,"8","W","N",,"8","W  ",,2,,8,,5,
"249200480","BUKOWINA TATRZAÑSKA           ","2025","07","22","12",20.5,,,"8","W","N",,"8","NW ",,5,,4,,5,
"249200480","BUKOWINA TATRZAÑSKA           ","2025","07","22","18",19.3,,,"8","W","N",,"8","NW ",,2,,2,,5,
"249200480","BUKOWINA TATRZAÑSKA           ","2025","07","23","06",15.5,,,"8","W","N",,"8","WNW",,3,,0,,7,
"249200480","BUKOWINA TATRZAÑSKA           ","2025","07","23","12",22.2,,,"8","W","N",,"8","WNW",,6,,3,,7,
"249200480","BUKOWINA TATRZAÑSKA           ","2025","07","23","18",20.5,,,"8","W","N",,"8","W  ",,1,,2,,7,
"249200480","BUKOWINA TATRZAÑSKA           ","2025","07","24","06",19.3,,,"8","W","N",,"8","C  ",,0,,4,,7,
"249200480","BUKOWINA TATRZAÑSKA           ","2025","07","24","12",23.3,,,"8","W","N",,"8","N  ",,2,,6,,7,
"249200480","BUKOWINA TATRZAÑSKA           ","2025","07","24","18",19.4,,,"8","W","N",,"8","C  ",,0,,7,,7,
"249200480","BUKOWINA TATRZAÑSKA           ","2025","07","25","06",15.1,,,"8","W","N",,"8","W  ",,1,,8,,5,
"249200480","BUKOWINA TATRZAÑSKA           ","2025","07","25","12",19.7,,,"8","W","N",,"8","N  ",,2,,8,,5,
"249200480","BUKOWINA TATRZAÑSKA           ","2025","07","25","18",17.7,,,"8","W","N",,"8","C  ",,0,,8,,5,
"249200480","BUKOWINA TATRZAÑSKA           ","2025","07","26","06",16.1,,,"8","W","N",,"8","W  ",,1,,8,,5,
"249200480","BUKOWINA TATRZAÑSKA           ","2025","07","26","12",16.3,,,"8","W","N",,"8","C  ",,0,,8,,5,
"249200480","BUKOWINA TATRZAÑSKA           ","2025","07","26","18",17.8,,,"8","W","N",,"8","NNE",,1,,8,,5,
"249200480","BUKOWINA TATRZAÑSKA           ","2025","07","27","06",15.1,,,"8","W","N",,"8","NW ",,1,,8,,5,
"249200480","BUKOWINA TATRZAÑSKA           ","2025","07","27","12",17.1,,,"8","W","N",,"8","C  ",,0,,8,,5,
"249200480","BUKOWINA TATRZAÑSKA           ","2025","07","27","18",15.7,,,"8","W","N",,"8","NNW",,1,,8,,5,
"249200480","BUKOWINA TATRZAÑSKA           ","2025","07","28","06",14.0,,,"8","W","N",,"8","WSW",,3,,8,,5,
"249200480","BUKOWINA TATRZAÑSKA           ","2025","07","28","12",15.3,,,"8","W","N",,"8","W  ",,3,,8,,5,
"249200480","BUKOWINA TATRZAÑSKA           ","2025","07","28","18",13.0,,,"8","W","N",,"8","WSW",,3,,8,,5,
"249200480","BUKOWINA TATRZAÑSKA           ","2025","07","29","06",11.8,,,"8","W","N",,"8","WNW",,2,,8,,5,
"249200480","BUKOWINA TATRZAÑSKA           ","2025","07","29","12",14.6,,,"8","W","N",,"8","WNW",,4,,7,,5,
"249200480","BUKOWINA TATRZAÑSKA           ","2025","07","29","18",14.2,,,"8","W","N",,"8","W  ",,2,,4,,5,
"249200480","BUKOWINA TATRZAÑSKA           ","2025","07","30","06",11.8,,,"8","W","N",,"8","W  ",,3,,8,,7,
"249200480","BUKOWINA TATRZAÑSKA           ","2025","07","30","12",17.7,,,"8","W","N",,"8","W  ",,3,,4,,7,
"249200480","BUKOWINA TATRZAÑSKA           ","2025","07","30","18",16.2,,,"8","W","N",,"8","C  ",,0,,5,,7,
"249200480","BUKOWINA TATRZAÑSKA           ","2025","07","31","06",14.5,,,"8","W","N",,"8","NNW",,1,,6,,5,
"249200480","BUKOWINA TATRZAÑSKA           ","2025","07","31","12",18.7,,,"8","W","N",,"8","NW ",,5,,6,,5,
"249200480","BUKOWINA TATRZAÑSKA           ","2025","07","31","18",16.7,,,"8","W","N",,"8","WNW",,2,,2,,5,
"249200550","DOLINA PIÊCIU STAWÓW          ","2025","07","01","06",12.1,,,"8","W","N",,"8","ENE",,5,,0,,8,
"249200550","DOLINA PIÊCIU STAWÓW          ","2025","07","01","12",16.5,,,"8","W","N",,"8","NNE",,4,,0,,8,
"249200550","DOLINA PIÊCIU STAWÓW          ","2025","07","01","18",10.7,,,"8","W","N",,"8","C  ",,0,,0,,8,
"249200550","DOLINA PIÊCIU STAWÓW          ","2025","07","02","06",16.9,,,"8","W","N",,"8","NE ",,1,,0,,8,
"249200550","DOLINA PIÊCIU STAWÓW          ","2025","07","02","12",21.8,,,"8","W","N",,"8","NNE",,4,,0,,8,
"249200550","DOLINA PIÊCIU STAWÓW          ","2025","07","02","18",16.7,,,"8","W","N",,"8","NE ",,2,,0,,8,
"249200550","DOLINA PIÊCIU STAWÓW          ","2025","07","03","06",19.4,,,"8","W","N",,"8","SSW",,7,,0,,8,
"249200550","DOLINA PIÊCIU STAWÓW          ","2025","07","03","12",24.0,,,"8","W","N",,"8","SSW",,6,,1,,8,
"249200550","DOLINA PIÊCIU STAWÓW          ","2025","07","03","18",18.9,,,"8","W","N",,"8","NNW",,3,,1,,8,
"249200550","DOLINA PIÊCIU STAWÓW          ","2025","07","04","06",12.9,,,"8","W","N",,"8","NNE",,1,,8,,3,
"249200550","DOLINA PIÊCIU STAWÓW          ","2025","07","04","12",11.5,,,"8","W","N",,"8","N  ",,3,,8,,3,
"249200550","DOLINA PIÊCIU STAWÓW          ","2025","07","04","18",8.9,,,"8","W","N",,"8","E  ",,3,,6,,8,
"249200550","DOLINA PIÊCIU STAWÓW          ","2025","07","05","06",11.5,,,"8","W","N",,"8","NNE",,1,,2,,8,
"249200550","DOLINA PIÊCIU STAWÓW          ","2025","07","05","12",16.7,,,"8","W","N",,"8","NE ",,4,,2,,8,
"249200550","DOLINA PIÊCIU STAWÓW          ","2025","07","05","18",13.1,,,"8","W","N",,"8","NNW",,1,,2,,8,
"249200550","DOLINA PIÊCIU STAWÓW          ","2025","07","06","06",15.3,,,"8","W","N",,"8","SSW",,4,,3,,8,
"249200550","DOLINA PIÊCIU STAWÓW          ","2025","07","06","12",16.7,,,"8","W","N",,"8","SW ",,6,,5,,8,
"249200550","DOLINA PIÊCIU STAWÓW          ","2025","07","06","18",16.7,,,"8","W","N",,"8",,"8",,"8",4,,8,
"249200550","DOLINA PIÊCIU STAWÓW          ","2025","07","07","06",13.7,,,"8","W","N",,"8",,"8",,"8",8,,8,
"249200550","DOLINA PIÊCIU STAWÓW          ","2025","07","07","12",14.1,,,"8","W","N",,"8",,"8",,"8",8,,8,
"249200550","DOLINA PIÊCIU STAWÓW          ","2025","07","07","18",12.1,,,"8","W","N",,"8",,"8",,"8",8,,3,
"249200550","DOLINA PIÊCIU STAWÓW          ","2025","07","08","06",13.2,,,"8","W","N",,"8",,"8",,"8",5,,8,
"249200550","DOLINA PIÊCIU STAWÓW          ","2025","07","08","12",11.3,,,"8","W","N",,"8",,"8",,"8",8,,7,
"249200550","DOLINA PIÊCIU STAWÓW          ","2025","07","08","18",10.3,,,"8","W","N",,"8",,"8",,"8",8,,6,
"249200550","DOLINA PIÊCIU STAWÓW          ","2025","07","09","06",7.2,,,"8","W","N",,"8",,"8",,"8",8,,6,
"249200550","DOLINA PIÊCIU STAWÓW          ","2025","07","09","12",6.3,,,"8","W","N",,"8",,"8",,"8",8,,4,
"249200550","DOLINA PIÊCIU STAWÓW          ","2025","07","09","18",5.3,,,"8","W","N",,"8",,"8",,"8",8,,3,
"249200550","DOLINA PIÊCIU STAWÓW          ","2025","07","10","06",5.7,,,"8","W","N",,"8",,"8",,"8",8,,5,
"249200550","DOLINA PIÊCIU STAWÓW          ","2025","07","10","12",4.6,,,"8",,"N",,"8",,"8",,"8",8,,8,
"249200550","DOLINA PIÊCIU STAWÓW          ","2025","07","10","18",5.3,,,"8","W","N",,"8",,"8",,"8",8,,7,
"249200550","DOLINA PIÊCIU STAWÓW          ","2025","07","11","06",5.2,,,"8","W","N",,"8",,"8",,"8",7,,8,
"249200550","DOLINA PIÊCIU STAWÓW          ","2025","07","11","12",7.5,,,"8","W","N",,"8",,"8",,"8",8,,8,
"249200550","DOLINA PIÊCIU STAWÓW          ","2025","07","11","18",8.1,,,"8","W","N",,"8",,"8",,"8",5,,8,
"249200550","DOLINA PIÊCIU STAWÓW          ","2025","07","12","06",7.2,,,"8","W","N",,"8",,"8",,"8",5,,8,
"249200550","DOLINA PIÊCIU STAWÓW          ","2025","07","12","12",10.3,,,"8","W","N",,"8",,"8",,"8",6,,8,
"249200550","DOLINA PIÊCIU STAWÓW          ","2025","07","12","18",9.2,,,"8","W","N",,"8",,"8",,"8",7,,8,
"249200550","DOLINA PIÊCIU STAWÓW          ","2025","07","13","06",10.2,,,"8","W","N",,"8",,"8",,"8",8,,8,
"249200550","DOLINA PIÊCIU STAWÓW          ","2025","07","13","12",14.5,,,"8","W","N",,"8",,"8",,"8",5,,8,
"249200550","DOLINA PIÊCIU STAWÓW          ","2025","07","13","18",14.3,,,"8","W","N",,"8",,"8",,"8",3,,8,
"249200550","DOLINA PIÊCIU STAWÓW          ","2025","07","14","06",15.6,,,"8","W","N",,"8","C  ",,0,,2,,8,
"249200550","DOLINA PIÊCIU STAWÓW          ","2025","07","14","12",16.3,,,"8","W","N",,"8","SW ",,1,,5,,8,
"249200550","DOLINA PIÊCIU STAWÓW          ","2025","07","14","18",15.1,,,"8","W","N",,"8","S  ",,5,,5,,8,
"249200550","DOLINA PIÊCIU STAWÓW          ","2025","07","15","06",12.9,,,"8","W","N",,"8","C  ",,0,,7,,8,
"249200550","DOLINA PIÊCIU STAWÓW          ","2025","07","15","12",13.3,,,"8","W","N",,"8","NNE",,2,,7,,8,
"249200550","DOLINA PIÊCIU STAWÓW          ","2025","07","15","18",13.2,,,"8","W","N",,"8","SSW",,2,,5,,8,
"249200550","DOLINA PIÊCIU STAWÓW          ","2025","07","16","06",7.7,,,"8","W","N",,"8","NW ",,1,,8,,7,
"249200550","DOLINA PIÊCIU STAWÓW          ","2025","07","16","12",12.9,,,"8","W","N",,"8","SSW",,3,,4,,8,
"249200550","DOLINA PIÊCIU STAWÓW          ","2025","07","16","18",9.3,,,"8","W","N",,"8","WSW",,2,,8,,8,
"249200550","DOLINA PIÊCIU STAWÓW          ","2025","07","17","06",6.7,,,"8","W","N",,"8","S  ",,4,,8,,1,
"249200550","DOLINA PIÊCIU STAWÓW          ","2025","07","17","12",6.3,,,"8","W","N",,"8","NNE",,1,,8,,2,
"249200550","DOLINA PIÊCIU STAWÓW          ","2025","07","17","18",6.1,,,"8","W","N",,"8","ESE",,2,,8,,6,
"249200550","DOLINA PIÊCIU STAWÓW          ","2025","07","18","06",6.7,,,"8","W","N",,"8","C  ",,0,,3,,6,
"249200550","DOLINA PIÊCIU STAWÓW          ","2025","07","18","12",8.5,,,"8","W","N",,"8","C  ",,0,,8,,7,
"249200550","DOLINA PIÊCIU STAWÓW          ","2025","07","18","18",8.9,,,"8","W","N",,"8","NNE",,2,,8,,2,
"249200550","DOLINA PIÊCIU STAWÓW          ","2025","07","19","06",10.5,,,"8","W","N",,"8","NNE",,2,,2,,6,
"249200550","DOLINA PIÊCIU STAWÓW          ","2025","07","19","12",12.9,,,"8","W","N",,"8","WNW",,2,,6,,8,
"249200550","DOLINA PIÊCIU STAWÓW          ","2025","07","19","18",12.1,,,"8","W","N",,"8","SSW",,5,,5,,8,
"249200550","DOLINA PIÊCIU STAWÓW          ","2025","07","20","06",12.9,,,"8","W","N",,"8","N  ",,4,,1,,7,
"249200550","DOLINA PIÊCIU STAWÓW          ","2025","07","20","12",16.1,,,"8","W","N",,"8","N  ",,2,,6,,8,
"249200550","DOLINA PIÊCIU STAWÓW          ","2025","07","20","18",14.3,,,"8","W","N",,"8","S  ",,4,,4,,8,
"249200550","DOLINA PIÊCIU STAWÓW          ","2025","07","21","06",15.4,,,"8","W","N",,"8","S  ",,1,,0,,7,
"249200550","DOLINA PIÊCIU STAWÓW          ","2025","07","21","12",21.9,,,"8","W","N",,"8","W  ",,3,,5,,8,
"249200550","DOLINA PIÊCIU STAWÓW          ","2025","07","21","18",17.7,,,"8","W","N",,"8","SSW",,5,,5,,8,
"249200550","DOLINA PIÊCIU STAWÓW          ","2025","07","22","06",11.5,,,"8","W","N",,"8","WSW",,1,,7,,4,
"249200550","DOLINA PIÊCIU STAWÓW          ","2025","07","22","12",16.3,,,"8","W","N",,"8","SW ",,5,,5,,9,
"249200550","DOLINA PIÊCIU STAWÓW          ","2025","07","22","18",12.3,,,"8","W","N",,"8","SSW",,6,,1,,9,
"249200550","DOLINA PIÊCIU STAWÓW          ","2025","07","23","06",12.5,,,"8","W","N",,"8","S  ",,6,,0,,8,
"249200550","DOLINA PIÊCIU STAWÓW          ","2025","07","23","12",16.7,,,"8","W","N",,"8","SSW",,6,,3,,8,
"249200550","DOLINA PIÊCIU STAWÓW          ","2025","07","23","18",12.3,,,"8","W","N",,"8","SSW",,5,,2,,8,
"249200550","DOLINA PIÊCIU STAWÓW          ","2025","07","24","06",14.2,,,"8","W","N",,"8","SSE",,5,,4,,8,
"249200550","DOLINA PIÊCIU STAWÓW          ","2025","07","24","12",17.4,,,"8","W","N",,"8","SW ",,5,,5,,8,
"249200550","DOLINA PIÊCIU STAWÓW          ","2025","07","24","18",14.3,,,"8","W","N",,"8","SW ",,1,,8,,7,
"249200550","DOLINA PIÊCIU STAWÓW          ","2025","07","25","06",13.2,,,"8","W","N",,"8","N  ",,1,,8,,3,
"249200550","DOLINA PIÊCIU STAWÓW          ","2025","07","25","12",16.1,,,"8","W","N",,"8","N  ",,3,,8,,3,
"249200550","DOLINA PIÊCIU STAWÓW          ","2025","07","25","18",13.1,,,"8","W","N",,"8","SW ",,4,,8,,4,
"249200550","DOLINA PIÊCIU STAWÓW          ","2025","07","26","06",13.1,,,"8","W","N",,"8","SSW",,2,,7,,6,
"249200550","DOLINA PIÊCIU STAWÓW          ","2025","07","26","12",12.9,,,"8","W","N",,"8","NNE",,2,,8,,3,
"249200550","DOLINA PIÊCIU STAWÓW          ","2025","07","26","18",15.1,,,"8","W","N",,"8","SSW",,4,,7,,7,
"249200550","DOLINA PIÊCIU STAWÓW          ","2025","07","27","06",15.7,,,"8","W","N",,"8","N  ",,1,,5,,7,
"249200550","DOLINA PIÊCIU STAWÓW          ","2025","07","27","12",13.1,,,"8","W","N",,"8","S  ",,4,,8,,6,
"249200550","DOLINA PIÊCIU STAWÓW          ","2025","07","27","18",11.7,,,"8","W","N",,"8","SSW",,3,,8,,6,
"249200550","DOLINA PIÊCIU STAWÓW          ","2025","07","28","06",10.1,,,"8","W","N",,"8","SSW",,4,,8,,6,
"249200550","DOLINA PIÊCIU STAWÓW          ","2025","07","28","12",12.1,,,"8","W","N",,"8","NW ",,1,,8,,6,
"249200550","DOLINA PIÊCIU STAWÓW          ","2025","07","28","18",8.7,,,"8","W","N",,"8","NNE",,3,,8,,6,
"249200550","DOLINA PIÊCIU STAWÓW          ","2025","07","29","06",5.6,,,"8","W","N",,"8","E  ",,4,,7,,7,
"249200550","DOLINA PIÊCIU STAWÓW          ","2025","07","29","12",7.9,,,"8","W","N",,"8","SE ",,6,,8,,8,
"249200550","DOLINA PIÊCIU STAWÓW          ","2025","07","29","18",7.5,,,"8","W","N",,"8","E  ",,3,,8,,8,
"249200550","DOLINA PIÊCIU STAWÓW          ","2025","07","30","06",6.5,,,"8","W","N",,"8","NE ",,1,,8,,7,
"249200550","DOLINA PIÊCIU STAWÓW          ","2025","07","30","12",13.2,,,"8","W","N",,"8","NNW",,3,,5,,8,
"249200550","DOLINA PIÊCIU STAWÓW          ","2025","07","30","18",9.7,,,"8","W","N",,"8","N  ",,3,,5,,8,
"249200550","DOLINA PIÊCIU STAWÓW          ","2025","07","31","06",10.4,,,"8","W","N",,"8","SSW",,3,,4,,8,
"249200550","DOLINA PIÊCIU STAWÓW          ","2025","07","31","12",14.2,,,"8","W","N",,"8","WSW",,4,,5,,8,
"249200550","DOLINA PIÊCIU STAWÓW          ","2025","07","31","18",9.9,,,"8","W","N",,"8","WSW",,2,,3,,8,
"249200920","PIWNICZNA                     ","2025","07","01","06",15.6,,,"8","W","W",,"8","NNW",,4,,0,,6,
"249200920","PIWNICZNA                     ","2025","07","01","12",23.7,,,"8","W","W",,"8","NW ",,2,,0,,6,
"249200920","PIWNICZNA                     ","2025","07","01","18",20.5,,,"8","W","W",,"8","C  ",,0,,0,,6,
"249200920","PIWNICZNA                     ","2025","07","02","06",16.7,,,"8","W","W",,"8","C  ",,0,,0,,6,
"249200920","PIWNICZNA                     ","2025","07","02","12",29.7,,,"8","W","W",,"8","NW ",,2,,0,,6,
"249200920","PIWNICZNA                     ","2025","07","02","18",23.0,,,"8","W","W",,"8","C  ",,0,,0,,6,
"249200920","PIWNICZNA                     ","2025","07","03","06",20.1,,,"8","W","W",,"8","ESE",,2,,0,,6,
"249200920","PIWNICZNA                     ","2025","07","03","12",33.6,,,"8","W","W",,"8","ESE",,3,,0,,6,
"249200920","PIWNICZNA                     ","2025","07","03","18",29.7,,,"8","W","W",,"8","NNW",,3,,0,,6,
"249200920","PIWNICZNA                     ","2025","07","04","06",14.8,,,"8","W","W",,"8","N  ",,5,,8,,6,
"249200920","PIWNICZNA                     ","2025","07","04","12",16.3,,,"8","W","W",,"8","N  ",,4,,6,,6,
"249200920","PIWNICZNA                     ","2025","07","04","18",16.5,,,"8","W","W",,"8","C  ",,0,,4,,6,
"249200920","PIWNICZNA                     ","2025","07","05","06",13.8,,,"8","W","W",,"8","C  ",,0,,0,,6,
"249200920","PIWNICZNA                     ","2025","07","05","12",25.8,,,"8","W","W",,"8","W  ",,1,,0,,6,
"249200920","PIWNICZNA                     ","2025","07","05","18",21.3,,,"8","W","W",,"8","SE ",,1,,0,,6,
"249200920","PIWNICZNA                     ","2025","07","06","06",17.1,,,"8","W","W",,"8","SE ",,1,,0,,6,
"249200920","PIWNICZNA                     ","2025","07","06","12",28.8,,,"8","W","W",,"8","E  ",,2,,0,,6,
"249200920","PIWNICZNA                     ","2025","07","06","18",24.6,,,"8","W","W",,"8","S  ",,1,,3,,6,
"249200920","PIWNICZNA                     ","2025","07","07","06",20.3,,,"8","W","W",,"8","SE ",,3,,4,,6,
"249200920","PIWNICZNA                     ","2025","07","07","12",25.2,,,"8","W","W",,"8","SSE",,5,,8,,6,
"249200920","PIWNICZNA                     ","2025","07","07","18",17.1,,,"8","W","W",,"8","C  ",,0,,8,,5,
"249200920","PIWNICZNA                     ","2025","07","08","06",16.7,,,"8","W","W",,"8","SE ",,1,,6,,6,
"249200920","PIWNICZNA                     ","2025","07","08","12",20.1,,,"8","W","W",,"8","C  ",,0,,7,,6,
"249200920","PIWNICZNA                     ","2025","07","08","18",17.1,,,"8","W","W",,"8","C  ",,0,,4,,6,
"249200920","PIWNICZNA                     ","2025","07","09","06",14.2,,,"8","W","W",,"8","C  ",,0,,8,,5,
"249200920","PIWNICZNA                     ","2025","07","09","12",13.6,,,"8","W","W",,"8","NNW",,5,,8,,4,
"249200920","PIWNICZNA                     ","2025","07","09","18",13.2,,,"8","W","W",,"8","N  ",,4,,8,,6,
"249200920","PIWNICZNA                     ","2025","07","10","06",13.4,,,"8","W","W",,"8","N  ",,3,,8,,6,
"249200920","PIWNICZNA                     ","2025","07","10","12",15.2,,,"8","W","W",,"8","N  ",,3,,8,,6,
"249200920","PIWNICZNA                     ","2025","07","10","18",14.2,,,"8","W","W",,"8","C  ",,0,,6,,6,
"249200920","PIWNICZNA                     ","2025","07","11","06",13.6,,,"8","W","W",,"8","C  ",,0,,1,,6,
"249200920","PIWNICZNA                     ","2025","07","11","12",18.7,,,"8","W","W",,"8","N  ",,1,,2,,6,
"249200920","PIWNICZNA                     ","2025","07","11","18",15.6,,,"8","W","W",,"8","C  ",,0,,4,,6,
"249200920","PIWNICZNA                     ","2025","07","12","06",15.2,,,"8","W","W",,"8","E  ",,1,,3,,6,
"249200920","PIWNICZNA                     ","2025","07","12","12",23.1,,,"8","W","W",,"8","SSW",,3,,2,,6,
"249200920","PIWNICZNA                     ","2025","07","12","18",19.3,,,"8","W","W",,"8","SE ",,1,,4,,6,
"249200920","PIWNICZNA                     ","2025","07","13","06",16.1,,,"8","W","W",,"8","NNE",,1,,6,,6,
"249200920","PIWNICZNA                     ","2025","07","13","12",24.8,,,"8","W","W",,"8","SE ",,3,,2,,6,
"249200920","PIWNICZNA                     ","2025","07","13","18",21.5,,,"8","W","W",,"8","NW ",,2,,1,,6,
"249200920","PIWNICZNA                     ","2025","07","14","06",18.7,,,"8","W","W",,"8","SE ",,1,,0,,6,
"249200920","PIWNICZNA                     ","2025","07","14","12",27.4,,,"8","W","W",,"8","NNW",,2,,0,,6,
"249200920","PIWNICZNA                     ","2025","07","14","18",21.1,,,"8","W","W",,"8","ESE",,2,,4,,6,
"249200920","PIWNICZNA                     ","2025","07","15","06",16.7,,,"8","W","W",,"8","C  ",,0,,8,,6,
"249200920","PIWNICZNA                     ","2025","07","15","12",24.4,,,"8","W","W",,"8","NNW",,3,,4,,6,
"249200920","PIWNICZNA                     ","2025","07","15","18",17.1,,,"8","W","W",,"8","C  ",,0,,8,,5,
"249200920","PIWNICZNA                     ","2025","07","16","06",17.3,,,"8","W","W",,"8","NNW",,2,,4,,6,
"249200920","PIWNICZNA                     ","2025","07","16","12",22.1,,,"8","W","W",,"8","NW ",,3,,2,,6,
"249200920","PIWNICZNA                     ","2025","07","16","18",16.7,,,"8","W","W",,"8","C  ",,0,,6,,6,
"249200920","PIWNICZNA                     ","2025","07","17","06",13.6,,,"8","W","W",,"8","C  ",,0,,8,,4,
"249200920","PIWNICZNA                     ","2025","07","17","12",15.2,,,"8","W","W",,"8","NNW",,4,,8,,5,
"249200920","PIWNICZNA                     ","2025","07","17","18",14.4,,,"8","W","W",,"8","C  ",,0,,8,,6,
"249200920","PIWNICZNA                     ","2025","07","18","06",15.2,,,"8","W","W",,"8","C  ",,0,,5,,6,
"249200920","PIWNICZNA                     ","2025","07","18","12",20.5,,,"8","W","W",,"8","NNW",,2,,5,,6,
"249200920","PIWNICZNA                     ","2025","07","18","18",18.1,,,"8","W","W",,"8","C  ",,0,,3,,6,
"249200920","PIWNICZNA                     ","2025","07","19","06",13.6,,,"8","W","W",,"8","S  ",,1,,4,,6,
"249200920","PIWNICZNA                     ","2025","07","19","12",23.5,,,"8","W","W",,"8","WNW",,1,,3,,6,
"249200920","PIWNICZNA                     ","2025","07","19","18",19.3,,,"8","W","W",,"8","C  ",,0,,1,,6,
"249200920","PIWNICZNA                     ","2025","07","20","06",17.7,,,"8","W","W",,"8","C  ",,0,,2,,6,
"249200920","PIWNICZNA                     ","2025","07","20","12",25.2,,,"8","W","W",,"8","SSW",,1,,0,,6,
"249200920","PIWNICZNA                     ","2025","07","20","18",20.7,,,"8","W","W",,"8","C  ",,0,,0,,6,
"249200920","PIWNICZNA                     ","2025","07","21","06",18.7,,,"8","W","W",,"8","C  ",,0,,0,,6,
"249200920","PIWNICZNA                     ","2025","07","21","12",29.7,,,"8","W","W",,"8","ESE",,3,,0,,6,
"249200920","PIWNICZNA                     ","2025","07","21","18",23.7,,,"8","W","W",,"8","S  ",,1,,0,,6,
"249200920","PIWNICZNA                     ","2025","07","22","06",17.3,,,"8","W","W",,"8","NNW",,2,,8,,6,
"249200920","PIWNICZNA                     ","2025","07","22","12",24.6,,,"8","W","W",,"8","W  ",,1,,2,,6,
"249200920","PIWNICZNA                     ","2025","07","22","18",22.5,,,"8","W","W",,"8","C  ",,0,,1,,6,
"249200920","PIWNICZNA                     ","2025","07","23","06",18.3,,,"8","W","W",,"8","NE ",,1,,0,,6,
"249200920","PIWNICZNA                     ","2025","07","23","12",26.8,,,"8","W","W",,"8","NW ",,2,,0,,6,
"249200920","PIWNICZNA                     ","2025","07","23","18",19.3,,,"8","W","W",,"8","C  ",,0,,0,,6,
"249200920","PIWNICZNA                     ","2025","07","24","06",17.1,,,"8","W","W",,"8","SE ",,1,,0,,6,
"249200920","PIWNICZNA                     ","2025","07","24","12",28.2,,,"8","W","W",,"8","SSE",,1,,1,,6,
"249200920","PIWNICZNA                     ","2025","07","24","18",22.3,,,"8","W","W",,"8","C  ",,0,,5,,6,
"249200920","PIWNICZNA                     ","2025","07","25","06",18.5,,,"8","W","W",,"8","C  ",,0,,8,,6,
"249200920","PIWNICZNA                     ","2025","07","25","12",24.6,,,"8","W","W",,"8","NNW",,2,,6,,6,
"249200920","PIWNICZNA                     ","2025","07","25","18",19.7,,,"8","W","W",,"8","C  ",,0,,8,,5,
"249200920","PIWNICZNA                     ","2025","07","26","06",19.3,,,"8","W","W",,"8","C  ",,0,,8,,5,
"249200920","PIWNICZNA                     ","2025","07","26","12",20.3,,,"8","W","W",,"8","C  ",,0,,8,,5,
"249200920","PIWNICZNA                     ","2025","07","26","18",19.5,,,"8","W","W",,"8","C  ",,0,,8,,5,
"249200920","PIWNICZNA                     ","2025","07","27","06",18.7,,,"8","W","W",,"8","C  ",,0,,8,,5,
"249200920","PIWNICZNA                     ","2025","07","27","12",20.7,,,"8","W","W",,"8","SSE",,3,,8,,6,
"249200920","PIWNICZNA                     ","2025","07","27","18",19.3,,,"8","W","W",,"8","C  ",,0,,8,,4,
"249200920","PIWNICZNA                     ","2025","07","28","06",17.5,,,"8","W","W",,"8","ESE",,1,,8,,6,
"249200920","PIWNICZNA                     ","2025","07","28","12",22.1,,,"8","W","W",,"8","W  ",,1,,8,,6,
"249200920","PIWNICZNA                     ","2025","07","28","18",16.7,,,"8","W","W",,"8","C  ",,0,,8,,6,
"249200920","PIWNICZNA                     ","2025","07","29","06",16.3,,,"8","W","W",,"8","N  ",,3,,6,,6,
"249200920","PIWNICZNA                     ","2025","07","29","12",19.7,,,"8","W","W",,"8","N  ",,6,,5,,6,
"249200920","PIWNICZNA                     ","2025","07","29","18",16.7,,,"8","W","W",,"8","C  ",,0,,3,,6,
"249200920","PIWNICZNA                     ","2025","07","30","06",13.8,,,"8","W","W",,"8","C  ",,0,,2,,6,
"249200920","PIWNICZNA                     ","2025","07","30","12",21.1,,,"8","W","W",,"8","N  ",,1,,0,,6,
"249200920","PIWNICZNA                     ","2025","07","30","18",16.3,,,"8","W","W",,"8","C  ",,0,,1,,6,
"249200920","PIWNICZNA                     ","2025","07","31","06",14.8,,,"8","W","W",,"8","C  ",,0,,3,,6,
"249200920","PIWNICZNA                     ","2025","07","31","12",18.1,,,"8","W","W",,"8","ESE",,1,,8,,6,
"249200920","PIWNICZNA                     ","2025","07","31","18",15.2,,,"8","W","W",,"8","C  ",,0,,1,,6,
"249200930","PORONIN                       ","2025","07","01","06",15.2,,11.0,,"W","W",59,,"C  ",,0,,0,,8,
"249200930","PORONIN                       ","2025","07","01","12",21.6,,12.5,,"W","W",32,,"NNW",,2,,0,,8,
"249200930","PORONIN                       ","2025","07","01","18",17.0,,12.4,,"W","W",58,,"N  ",,1,,0,,8,
"249200930","PORONIN                       ","2025","07","02","06",17.3,,11.3,,"W","W",47,,"WNW",,1,,0,,8,
"249200930","PORONIN                       ","2025","07","02","12",27.1,,16.2,,"W","W",30,,"W  ",,2,,1,,8,
"249200930","PORONIN                       ","2025","07","02","18",21.4,,15.4,,"W","W",52,,"NE ",,2,,0,,8,
"249200930","PORONIN                       ","2025","07","03","06",21.2,,14.6,,"W","W",48,,"C  ",,0,,0,,8,
"249200930","PORONIN                       ","2025","07","03","12",30.1,,18.4,,"W","W",31,,"W  ",,3,,0,,8,
"249200930","PORONIN                       ","2025","07","03","18",25.7,,18.2,,"W","W",48,,"W  ",,1,,2,,7,
"249200930","PORONIN                       ","2025","07","04","06",14.8,,14.3,,"W","W",95,,"NW ",,2,,8,,1,
"249200930","PORONIN                       ","2025","07","04","12",13.8,,12.8,,"W","W",89,,"SW ",,1,,8,,6,
"249200930","PORONIN                       ","2025","07","04","18",15.7,,13.4,,"W","W",77,,"C  ",,0,,7,,7,
"249200930","PORONIN                       ","2025","07","05","06",15.5,,11.3,,"W","W",60,,"ENE",,1,,0,,7,
"249200930","PORONIN                       ","2025","07","05","12",21.6,,13.8,,"W","W",40,,"N  ",,2,,1,,8,
"249200930","PORONIN                       ","2025","07","05","18",17.5,,12.5,,"W","W",55,,"NE ",,1,,1,,7,
"249200930","PORONIN                       ","2025","07","06","06",18.9,,13.5,,"W","W",54,,"NE ",,1,,1,,7,
"249200930","PORONIN                       ","2025","07","06","12",25.7,,17.4,,"W","W",43,,"SSW",,2,,5,,7,
"249200930","PORONIN                       ","2025","07","06","18",21.3,,16.5,,"W","W",61,,"NE ",,1,,4,,7,
"249200930","PORONIN                       ","2025","07","07","06",18.1,,15.5,,"W","W",76,,"ENE",,1,,5,,7,
"249200930","PORONIN                       ","2025","07","07","12",21.7,,18.6,,"W","W",74,,"WSW",,1,,8,,6,
"249200930","PORONIN                       ","2025","07","07","18",16.1,,15.2,,"W","W",91,,"W  ",,1,,8,,6,
"249200930","PORONIN                       ","2025","07","08","06",14.4,,12.9,,"W","W",84,,"WSW",,1,,5,,7,
"249200930","PORONIN                       ","2025","07","08","12",15.6,,14.8,,"W","W",92,,"SE ",,1,,8,,3,
"249200930","PORONIN                       ","2025","07","08","18",16.1,,15.0,,"W","W",89,,"NW ",,2,,8,,3,
"249200930","PORONIN                       ","2025","07","09","06",11.3,,11.2,,"W","W",99,,"W  ",,1,,8,,2,
"249200930","PORONIN                       ","2025","07","09","12",10.5,,10.2,,"W","W",96,,"WSW",,2,,8,,1,
"249200930","PORONIN                       ","2025","07","09","18",10.7,,9.8,,"W","W",89,,"WSW",,2,,8,,3,
"249200930","PORONIN                       ","2025","07","10","06",11.3,,11.0,,"W","W",96,,"WSW",,3,,8,,3,
"249200930","PORONIN                       ","2025","07","10","12",12.1,,10.2,,"W","W",79,,"SW ",,3,,8,,7,
"249200930","PORONIN                       ","2025","07","10","18",12.0,,11.4,,"W","W",93,,"C  ",,0,,8,,7,
"249200930","PORONIN                       ","2025","07","11","06",13.0,,10.2,,"W","W",70,,"SE ",,1,,4,,7,
"249200930","PORONIN                       ","2025","07","11","12",17.0,,12.2,,"W","W",56,,"WSW",,2,,4,,8,
"249200930","PORONIN                       ","2025","07","11","18",14.6,,12.0,,"W","W",74,,"C  ",,0,,4,,7,
"249200930","PORONIN                       ","2025","07","12","06",12.5,,10.6,,"W","W",79,,"C  ",,0,,6,,7,
"249200930","PORONIN                       ","2025","07","12","12",20.2,,13.4,,"W","W",45,,"S  ",,3,,6,,7,
"249200930","PORONIN                       ","2025","07","12","18",17.5,,12.6,,"W","W",56,,"WSW",,2,,7,,7,
"249200930","PORONIN                       ","2025","07","13","06",14.6,,12.0,,"W","W",74,,"ENE",,1,,6,,7,
"249200930","PORONIN                       ","2025","07","13","12",24.7,,17.0,,"W","W",45,,"SW ",,3,,3,,8,
"249200930","PORONIN                       ","2025","07","13","18",21.3,,15.0,,"W","W",50,,"WSW",,2,,2,,8,
"249200930","PORONIN                       ","2025","07","14","06",18.6,,14.6,,"W","W",65,,"C  ",,0,,1,,8,
"249200930","PORONIN                       ","2025","07","14","12",24.7,,17.0,,"W","W",45,,"W  ",,3,,4,,8,
"249200930","PORONIN                       ","2025","07","14","18",19.4,,17.2,,"W","W",80,,"C  ",,0,,5,,7,
"249200930","PORONIN                       ","2025","07","15","06",15.9,,14.6,,"W","W",87,,"C  ",,0,,7,,7,
"249200930","PORONIN                       ","2025","07","15","12",20.4,,16.7,,"W","W",69,,"WNW",,2,,5,,7,
"249200930","PORONIN                       ","2025","07","15","18",16.9,,16.0,,"W","W",91,,"NE ",,1,,7,,7,
"249200930","PORONIN                       ","2025","07","16","06",14.5,,13.4,,"W","W",89,,"W  ",,2,,7,,7,
"249200930","PORONIN                       ","2025","07","16","12",19.0,,13.0,,"W","W",49,,"WNW",,3,,5,,7,
"249200930","PORONIN                       ","2025","07","16","18",15.4,,13.4,,"W","W",80,,"NE ",,1,,7,,7,
"249200930","PORONIN                       ","2025","07","17","06",11.2,,11.0,,"W","W",98,,"W  ",,1,,8,,3,
"249200930","PORONIN                       ","2025","07","17","12",13.8,,12.4,,"W","W",85,,"NE ",,1,,7,,6,
"249200930","PORONIN                       ","2025","07","17","18",13.4,,11.4,,"W","W",79,,"C  ",,0,,8,,7,
"249200930","PORONIN                       ","2025","07","18","06",12.2,,10.4,,"W","W",80,,"C  ",,0,,2,,7,
"249200930","PORONIN                       ","2025","07","18","12",17.7,,13.8,,"W","W",65,,"NW ",,2,,6,,7,
"249200930","PORONIN                       ","2025","07","18","18",16.2,,13.7,,"W","W",76,,"SW ",,2,,6,,7,
"249200930","PORONIN                       ","2025","07","19","06",15.3,,12.1,,"W","W",69,,"C  ",,0,,4,,7,
"249200930","PORONIN                       ","2025","07","19","12",21.1,,15.5,,"W","W",55,,"WNW",,3,,4,,7,
"249200930","PORONIN                       ","2025","07","19","18",19.6,,15.0,,"W","W",61,,"C  ",,0,,5,,7,
"249200930","PORONIN                       ","2025","07","20","06",15.6,,14.2,,"W","W",86,,"C  ",,0,,5,,7,
"249200930","PORONIN                       ","2025","07","20","12",22.6,,16.8,,"W","W",55,,"WNW",,2,,6,,7,
"249200930","PORONIN                       ","2025","07","20","18",19.0,,15.7,,"W","W",71,,"NNE",,1,,2,,7,
"249200930","PORONIN                       ","2025","07","21","06",17.4,,14.8,,"W","W",76,,"C  ",,0,,0,,7,
"249200930","PORONIN                       ","2025","07","21","12",26.3,,19.2,,"W","W",51,,"NW ",,3,,4,,7,
"249200930","PORONIN                       ","2025","07","21","18",22.1,,18.6,,"W","W",71,,"ENE",,2,,4,,7,
"249200930","PORONIN                       ","2025","07","22","06",15.5,,14.2,,"W","W",87,,"SW ",,2,,6,,7,
"249200930","PORONIN                       ","2025","07","22","12",22.0,,16.0,,"W","W",53,,"WSW",,4,,2,,7,
"249200930","PORONIN                       ","2025","07","22","18",18.0,,15.0,,"W","W",73,,"C  ",,0,,1,,7,
"249200930","PORONIN                       ","2025","07","23","06",17.5,,13.4,,"W","W",63,,"NW ",,3,,0,,7,
"249200930","PORONIN                       ","2025","07","23","12",23.1,,15.2,,"W","W",42,,"W  ",,4,,4,,7,
"249200930","PORONIN                       ","2025","07","23","18",19.6,,15.2,,"W","W",62,,"NW ",,1,,1,,7,
"249200930","PORONIN                       ","2025","07","24","06",17.8,,12.8,,"W","W",56,,"E  ",,1,,3,,7,
"249200930","PORONIN                       ","2025","07","24","12",23.5,,18.4,,"W","W",61,,"N  ",,2,,7,,7,
"249200930","PORONIN                       ","2025","07","24","18",18.3,,17.8,,"W","W",95,,"ENE",,1,,7,,6,
"249200930","PORONIN                       ","2025","07","25","06",16.7,,16.3,,"W","W",96,,"C  ",,0,,7,,6,
"249200930","PORONIN                       ","2025","07","25","12",21.3,,17.8,,"W","W",71,,"S  ",,1,,6,,7,
"249200930","PORONIN                       ","2025","07","25","18",19.6,,17.7,,"W","W",83,,"NE ",,1,,8,,6,
"249200930","PORONIN                       ","2025","07","26","06",17.2,,16.6,,"W","W",94,,"C  ",,0,,8,,3,
"249200930","PORONIN                       ","2025","07","26","12",17.4,,16.6,,"W","W",92,,"ENE",,1,,8,,3,
"249200930","PORONIN                       ","2025","07","26","18",18.5,,17.6,,"W","W",92,,"NNW",,1,,8,,6,
"249200930","PORONIN                       ","2025","07","27","06",16.7,,16.3,,"W","W",96,,"W  ",,1,,8,,3,
"249200930","PORONIN                       ","2025","07","27","12",18.4,,17.4,,"W","W",91,,"C  ",,0,,8,,2,
"249200930","PORONIN                       ","2025","07","27","18",16.9,,16.3,,"W","W",94,,"NNE",,1,,8,,3,
"249200930","PORONIN                       ","2025","07","28","06",14.9,,14.5,,"W","W",96,,"N  ",,1,,8,,7,
"249200930","PORONIN                       ","2025","07","28","12",16.5,,15.0,,"W","W",85,,"SW ",,2,,8,,3,
"249200930","PORONIN                       ","2025","07","28","18",14.2,,12.8,,"W","W",85,,"WSW",,1,,8,,6,
"249200930","PORONIN                       ","2025","07","29","06",13.3,,12.4,,"W","W",90,,"SSE",,1,,7,,7,
"249200930","PORONIN                       ","2025","07","29","12",17.3,,13.2,,"W","W",63,,"W  ",,2,,6,,7,
"249200930","PORONIN                       ","2025","07","29","18",14.4,,12.7,,"W","W",82,,"C  ",,0,,6,,7,
"249200930","PORONIN                       ","2025","07","30","06",12.0,,11.6,,"W","W",95,,"C  ",,0,,8,,7,
"249200930","PORONIN                       ","2025","07","30","12",18.2,,12.8,,"W","W",53,,"W  ",,2,,5,,7,
"249200930","PORONIN                       ","2025","07","30","18",14.7,,13.3,,"W","W",86,,"C  ",,0,,5,,7,
"249200930","PORONIN                       ","2025","07","31","06",14.6,,11.4,,"W","W",68,,"ESE",,1,,4,,7,
"249200930","PORONIN                       ","2025","07","31","12",20.3,,14.6,,"W","W",53,,"WNW",,3,,4,,7,
"249200930","PORONIN                       ","2025","07","31","18",13.9,,11.9,,"W","W",79,,"NNE",,1,,2,,7,
"249200980","MSZANA DOLNA                  ","2025","07","01","06",15.6,,11.0,,"W","W",56,,"E  ",,1,,0,,8,
"249200980","MSZANA DOLNA                  ","2025","07","01","12",23.7,,13.0,,"W","W",26,,"NNW",,4,,1,,8,
"249200980","MSZANA DOLNA                  ","2025","07","01","18",20.5,,12.0,,"W","W",34,,"NNW",,1,,0,,8,
"249200980","MSZANA DOLNA                  ","2025","07","02","06",16.4,,12.6,,"W","W",64,,"S  ",,1,,0,,8,
"249200980","MSZANA DOLNA                  ","2025","07","02","12",28.4,,16.2,,"W","W",26,,"ENE",,2,,1,,8,
"249200980","MSZANA DOLNA                  ","2025","07","02","18",25.9,,16.0,,"W","W",34,,"N  ",,2,,0,,8,
"249200980","MSZANA DOLNA                  ","2025","07","03","06",22.5,,17.7,,"W","W",62,,"C  ",,0,,0,,8,
"249200980","MSZANA DOLNA                  ","2025","07","03","12",33.1,,18.5,,"W","W",22,,"SW ",,3,,1,,8,
"249200980","MSZANA DOLNA                  ","2025","07","03","18",27.2,,18.5,,"W","W",42,,"NW ",,2,,2,,8,
"249200980","MSZANA DOLNA                  ","2025","07","04","06",14.6,,12.9,,"W","W",82,,"NNW",,1,,8,,7,
"249200980","MSZANA DOLNA                  ","2025","07","04","12",15.8,,13.0,,"W","W",73,,"WSW",,1,,8,,8,
"249200980","MSZANA DOLNA                  ","2025","07","04","18",17.4,,13.5,,"W","W",64,,"WNW",,2,,6,,8,
"249200980","MSZANA DOLNA                  ","2025","07","05","06",14.4,,12.9,,"W","W",84,,"SSE",,1,,2,,8,
"249200980","MSZANA DOLNA                  ","2025","07","05","12",23.6,,14.3,,"W","W",34,,"ESE",,2,,3,,8,
"249200980","MSZANA DOLNA                  ","2025","07","05","18",21.1,,13.0,,"W","W",38,,"N  ",,1,,2,,8,
"249200980","MSZANA DOLNA                  ","2025","07","06","06",19.1,,14.5,,"W","W",60,,"ENE",,1,,2,,8,
"249200980","MSZANA DOLNA                  ","2025","07","06","12",28.7,,18.7,,"W","W",37,,"SW ",,4,,4,,8,
"249200980","MSZANA DOLNA                  ","2025","07","06","18",26.3,,17.3,,"W","W",39,,"WSW",,2,,4,,8,
"249200980","MSZANA DOLNA                  ","2025","07","07","06",18.0,,17.4,,"W","W",94,,"S  ",,3,,5,,8,
"249200980","MSZANA DOLNA                  ","2025","07","07","12",22.1,,18.9,,"W","W",74,,"SSE",,2,,8,,6,
"249200980","MSZANA DOLNA                  ","2025","07","07","18",16.4,,15.8,,"W","W",94,,"NW ",,2,,8,,7,
"249200980","MSZANA DOLNA                  ","2025","07","08","06",16.3,,14.9,,"W","W",86,,"SE ",,2,,4,,8,
"249200980","MSZANA DOLNA                  ","2025","07","08","12",19.5,,17.0,,"W","W",78,,"NNW",,1,,8,,7,
"249200980","MSZANA DOLNA                  ","2025","07","08","18",16.2,,14.5,,"W","W",83,,"N  ",,2,,8,,7,
"249200980","MSZANA DOLNA                  ","2025","07","09","06",13.4,,13.2,,"W","W",98,,"E  ",,1,,8,,6,
"249200980","MSZANA DOLNA                  ","2025","07","09","12",13.4,,13.1,,"W","W",97,,"WNW",,2,,8,,6,
"249200980","MSZANA DOLNA                  ","2025","07","09","18",13.0,,12.3,,"W","W",92,,"WNW",,2,,8,,7,
"249200980","MSZANA DOLNA                  ","2025","07","10","06",13.2,,12.7,,"W","W",95,,"NNW",,3,,8,,7,
"249200980","MSZANA DOLNA                  ","2025","07","10","12",14.7,,12.2,,"W","W",75,,"WSW",,3,,8,,7,
"249200980","MSZANA DOLNA                  ","2025","07","10","18",13.6,,13.0,,"W","W",94,,"WNW",,1,,6,,8,
"249200980","MSZANA DOLNA                  ","2025","07","11","06",15.9,,13.4,,"W","W",76,,"SW ",,3,,5,,8,
"249200980","MSZANA DOLNA                  ","2025","07","11","12",19.7,,13.4,,"W","W",48,,"W  ",,4,,5,,8,
"249200980","MSZANA DOLNA                  ","2025","07","11","18",16.4,,12.1,,"W","W",60,,"WNW",,3,,4,,8,
"249200980","MSZANA DOLNA                  ","2025","07","12","06",15.6,,13.2,,"W","W",76,,"SSW",,5,,7,,8,
"249200980","MSZANA DOLNA                  ","2025","07","12","12",21.8,,14.2,,"W","W",42,,"WSW",,3,,6,,8,
"249200980","MSZANA DOLNA                  ","2025","07","12","18",18.6,,13.8,,"W","W",58,,"C  ",,0,,7,,8,
"249200980","MSZANA DOLNA                  ","2025","07","13","06",14.6,,14.2,,"W","W",96,,"C  ",,0,,7,,8,
"249200980","MSZANA DOLNA                  ","2025","07","13","12",25.9,,16.6,,"W","W",37,,"SSE",,2,,7,,8,
"249200980","MSZANA DOLNA                  ","2025","07","13","18",20.1,,16.1,,"W","W",66,,"NW ",,5,,6,,8,
"249200980","MSZANA DOLNA                  ","2025","07","14","06",18.1,,16.7,,"W","W",87,,"SE ",,1,,1,,8,
"249200980","MSZANA DOLNA                  ","2025","07","14","12",25.0,,19.5,,"W","W",59,,"SE ",,1,,6,,8,
"249200980","MSZANA DOLNA                  ","2025","07","14","18",20.5,,19.4,,"W","W",90,,"C  ",,0,,4,,8,
"249200980","MSZANA DOLNA                  ","2025","07","15","06",16.2,,15.8,,"W","W",96,,"NNW",,1,,8,,8,
"249200980","MSZANA DOLNA                  ","2025","07","15","12",22.1,,17.8,,"W","W",65,,"SSW",,3,,4,,8,
"249200980","MSZANA DOLNA                  ","2025","07","15","18",20.1,,18.2,,"W","W",83,,"ESE",,1,,4,,8,
"249200980","MSZANA DOLNA                  ","2025","07","16","06",15.2,,14.4,,"W","W",92,,"SSW",,3,,6,,8,
"249200980","MSZANA DOLNA                  ","2025","07","16","12",20.1,,14.5,,"W","W",54,,"W  ",,3,,6,,8,
"249200980","MSZANA DOLNA                  ","2025","07","16","18",18.4,,13.9,,"W","W",60,,"WSW",,2,,7,,8,
"249200980","MSZANA DOLNA                  ","2025","07","17","06",13.6,,13.4,,"W","W",98,,"SSW",,2,,8,,6,
"249200980","MSZANA DOLNA                  ","2025","07","17","12",16.4,,14.2,,"W","W",79,,"NW ",,2,,8,,7,
"249200980","MSZANA DOLNA                  ","2025","07","17","18",14.8,,12.2,,"W","W",74,,"NW ",,1,,7,,7,
"249200980","MSZANA DOLNA                  ","2025","07","18","06",14.6,,13.4,,"W","W",88,,"NE ",,1,,3,,8,
"249200980","MSZANA DOLNA                  ","2025","07","18","12",19.9,,15.6,,"W","W",63,,"NE ",,3,,4,,8,
"249200980","MSZANA DOLNA                  ","2025","07","18","18",17.6,,13.5,,"W","W",63,,"W  ",,2,,4,,8,
"249200980","MSZANA DOLNA                  ","2025","07","19","06",15.4,,13.8,,"W","W",84,,"SE ",,2,,4,,8,
"249200980","MSZANA DOLNA                  ","2025","07","19","12",23.1,,16.5,,"W","W",50,,"WNW",,3,,4,,8,
"249200980","MSZANA DOLNA                  ","2025","07","19","18",20.5,,15.0,,"W","W",55,,"W  ",,1,,2,,8,
"249200980","MSZANA DOLNA                  ","2025","07","20","06",19.0,,17.2,,"W","W",84,,"C  ",,0,,3,,8,
"249200980","MSZANA DOLNA                  ","2025","07","20","12",26.3,,18.8,,"W","W",48,,"W  ",,3,,4,,8,
"249200980","MSZANA DOLNA                  ","2025","07","20","18",23.9,,17.8,,"W","W",54,,"SW ",,2,,2,,8,
"249200980","MSZANA DOLNA                  ","2025","07","21","06",21.0,,18.4,,"W","W",78,,"C  ",,0,,0,,8,
"249200980","MSZANA DOLNA                  ","2025","07","21","12",28.7,,18.5,,"W","W",36,,"ESE",,2,,3,,8,
"249200980","MSZANA DOLNA                  ","2025","07","21","18",26.2,,19.4,,"W","W",52,,"C  ",,0,,4,,8,
"249200980","MSZANA DOLNA                  ","2025","07","22","06",18.4,,16.7,,"W","W",84,,"SSW",,2,,3,,8,
"249200980","MSZANA DOLNA                  ","2025","07","22","12",24.3,,16.2,,"W","W",42,,"SW ",,3,,4,,8,
"249200980","MSZANA DOLNA                  ","2025","07","22","18",20.5,,15.4,,"W","W",58,,"SW ",,2,,4,,8,
"249200980","MSZANA DOLNA                  ","2025","07","23","06",19.9,,16.8,,"W","W",73,,"SSW",,4,,1,,8,
"249200980","MSZANA DOLNA                  ","2025","07","23","12",24.9,,18.6,,"W","W",54,,"W  ",,2,,3,,8,
"249200980","MSZANA DOLNA                  ","2025","07","23","18",21.1,,15.7,,"W","W",56,,"SW ",,3,,3,,8,
"249200980","MSZANA DOLNA                  ","2025","07","24","06",19.1,,16.5,,"W","W",77,,"C  ",,0,,1,,8,
"249200980","MSZANA DOLNA                  ","2025","07","24","12",25.0,,19.1,,"W","W",57,,"NW ",,2,,7,,8,
"249200980","MSZANA DOLNA                  ","2025","07","24","18",19.4,,16.9,,"W","W",78,,"C  ",,0,,8,,8,
"249200980","MSZANA DOLNA                  ","2025","07","25","06",17.4,,16.8,,"W","W",94,,"C  ",,0,,8,,7,
"249200980","MSZANA DOLNA                  ","2025","07","25","12",21.8,,17.4,,"W","W",64,,"NNW",,3,,5,,8,
"249200980","MSZANA DOLNA                  ","2025","07","25","18",21.3,,19.2,,"W","W",82,,"C  ",,0,,8,,7,
"249200980","MSZANA DOLNA                  ","2025","07","26","06",18.9,,18.6,,"W","W",97,,"NE ",,1,,8,,6,
"249200980","MSZANA DOLNA                  ","2025","07","26","12",19.3,,18.5,,"W","W",93,,"C  ",,0,,8,,8,
"249200980","MSZANA DOLNA                  ","2025","07","26","18",18.7,,18.3,,"W","W",96,,"NNW",,3,,8,,7,
"249200980","MSZANA DOLNA                  ","2025","07","27","06",18.2,,17.8,,"W","W",96,,"NNE",,1,,8,,8,
"249200980","MSZANA DOLNA                  ","2025","07","27","12",20.2,,18.7,,"W","W",87,,"N  ",,2,,8,,7,
"249200980","MSZANA DOLNA                  ","2025","07","27","18",17.6,,17.4,,"W","W",98,,"SW ",,2,,8,,8,
"249200980","MSZANA DOLNA                  ","2025","07","28","06",16.8,,16.2,,"W","W",94,,"SSW",,4,,8,,7,
"249200980","MSZANA DOLNA                  ","2025","07","28","12",18.0,,15.7,,"W","W",79,,"WSW",,3,,8,,7,
"249200980","MSZANA DOLNA                  ","2025","07","28","18",15.9,,14.8,,"W","W",89,,"SW ",,1,,8,,7,
"249200980","MSZANA DOLNA                  ","2025","07","29","06",15.7,,13.7,,"W","W",80,,"N  ",,1,,7,,7,
"249200980","MSZANA DOLNA                  ","2025","07","29","12",17.9,,13.5,,"W","W",61,,"NNW",,4,,5,,8,
"249200980","MSZANA DOLNA                  ","2025","07","29","18",17.4,,13.4,,"W","W",63,,"WNW",,1,,4,,8,
"249200980","MSZANA DOLNA                  ","2025","07","30","06",13.9,,13.2,,"W","W",93,,"S  ",,2,,8,,8,
"249200980","MSZANA DOLNA                  ","2025","07","30","12",21.9,,16.8,,"W","W",59,,"NW ",,2,,3,,8,
"249200980","MSZANA DOLNA                  ","2025","07","30","18",17.0,,12.5,,"W","W",59,,"SE ",,1,,3,,8,
"249200980","MSZANA DOLNA                  ","2025","07","31","06",14.2,,13.8,,"W","W",96,,"S  ",,1,,6,,8,
"249200980","MSZANA DOLNA                  ","2025","07","31","12",16.6,,13.3,,"W","W",69,,"W  ",,5,,4,,8,
"249200980","MSZANA DOLNA                  ","2025","07","31","18",17.0,,14.4,,"W","W",75,,"WNW",,1,,3,,8,
"249220150","SOLINA-JAWOR                  ","2025","07","01","06",14.1,,,"8","W","N",,"8","NNE",,2,,0,,7,
"249220150","SOLINA-JAWOR                  ","2025","07","01","12",20.9,,,"8","W","N",,"8","NNE",,2,,0,,8,
"249220150","SOLINA-JAWOR                  ","2025","07","01","18",19.6,,,"8","W","N",,"8","C  ",,0,,0,,7,
"249220150","SOLINA-JAWOR                  ","2025","07","02","06",15.4,,,"8","W","N",,"8","C  ",,0,,0,,7,
"249220150","SOLINA-JAWOR                  ","2025","07","02","12",25.8,,,"8","W","N",,"8","SW ",,2,,0,,8,
"249220150","SOLINA-JAWOR                  ","2025","07","02","18",23.7,,,"8","W","N",,"8","E  ",,1,,0,,7,
"249220150","SOLINA-JAWOR                  ","2025","07","03","06",18.8,,,"8","W","N",,"8","C  ",,0,,0,,7,
"249220150","SOLINA-JAWOR                  ","2025","07","03","12",31.6,,,"8","W","N",,"8","SW ",,3,,0,,8,
"249220150","SOLINA-JAWOR                  ","2025","07","03","18",27.1,,,"8","W","N",,"8","C  ",,0,,0,,7,
"249220150","SOLINA-JAWOR                  ","2025","07","04","06",18.1,,,"8","W","N",,"8","NNE",,2,,8,,7,
"249220150","SOLINA-JAWOR                  ","2025","07","04","12",16.4,,,"8","W","N",,"8","N  ",,2,,8,,8,
"249220150","SOLINA-JAWOR                  ","2025","07","04","18",13.5,,,"8","W","N",,"8","C  ",,0,,3,,7,
"249220150","SOLINA-JAWOR                  ","2025","07","05","06",12.8,,,"8","W","N",,"8","C  ",,0,,2,,7,
"249220150","SOLINA-JAWOR                  ","2025","07","05","12",22.8,,,"8","W","N",,"8","N  ",,2,,0,,8,
"249220150","SOLINA-JAWOR                  ","2025","07","05","18",20.9,,,"8","W","N",,"8","E  ",,2,,0,,7,
"249220150","SOLINA-JAWOR                  ","2025","07","06","06",17.0,,,"8","W","N",,"8","C  ",,0,,6,,7,
"249220150","SOLINA-JAWOR                  ","2025","07","06","12",27.9,,,"8","W","N",,"8","SW ",,3,,3,,8,
"249220150","SOLINA-JAWOR                  ","2025","07","06","18",23.7,,,"8","W","N",,"8","C  ",,0,,0,,7,
"249220150","SOLINA-JAWOR                  ","2025","07","07","06",22.8,,,"8","W","N",,"8","SSE",,1,,6,,7,
"249220150","SOLINA-JAWOR                  ","2025","07","07","12",28.9,,,"8","W","N",,"8","SSW",,3,,3,,8,
"249220150","SOLINA-JAWOR                  ","2025","07","07","18",17.8,,,"8","W","N",,"8","C  ",,0,,8,,5,
"249220150","SOLINA-JAWOR                  ","2025","07","08","06",15.4,,,"8","W","N",,"8","ENE",,1,,8,,3,
"249220150","SOLINA-JAWOR                  ","2025","07","08","12",23.3,,,"8","W","N",,"8","NNE",,1,,6,,8,
"249220150","SOLINA-JAWOR                  ","2025","07","08","18",18.3,,,"8","W","N",,"8","SSW",,1,,8,,5,
"249220150","SOLINA-JAWOR                  ","2025","07","09","06",16.9,,,"8","W","N",,"8","C  ",,0,,8,,5,
"249220150","SOLINA-JAWOR                  ","2025","07","09","12",14.2,,,"8","W","N",,"8","W  ",,2,,8,,4,
"249220150","SOLINA-JAWOR                  ","2025","07","09","18",13.1,,,"8","W","N",,"8","NW ",,3,,8,,3,
"249220150","SOLINA-JAWOR                  ","2025","07","10","06",12.2,,,"8","W","N",,"8","NNW",,1,,8,,3,
"249220150","SOLINA-JAWOR                  ","2025","07","10","12",13.4,,,"8","W","N",,"8","WNW",,2,,8,,4,
"249220150","SOLINA-JAWOR                  ","2025","07","10","18",13.6,,,"8","W","N",,"8","C  ",,0,,8,,5,
"249220150","SOLINA-JAWOR                  ","2025","07","11","06",13.8,,,"8","W","N",,"8","SW ",,1,,3,,7,
"249220150","SOLINA-JAWOR                  ","2025","07","11","12",19.9,,,"8","W","N",,"8","SW ",,3,,5,,8,
"249220150","SOLINA-JAWOR                  ","2025","07","11","18",14.4,,,"8","W","N",,"8","C  ",,0,,4,,7,
"249220150","SOLINA-JAWOR                  ","2025","07","12","06",16.1,,,"8","W","N",,"8","S  ",,2,,4,,7,
"249220150","SOLINA-JAWOR                  ","2025","07","12","12",22.2,,,"8","W","N",,"8","SSW",,2,,5,,8,
"249220150","SOLINA-JAWOR                  ","2025","07","12","18",17.6,,,"8","W","N",,"8","SSE",,1,,6,,7,
"249220150","SOLINA-JAWOR                  ","2025","07","13","06",16.3,,,"8","W","N",,"8","C  ",,0,,7,,7,
"249220150","SOLINA-JAWOR                  ","2025","07","13","12",24.1,,,"8","W","N",,"8","SW ",,1,,5,,8,
"249220150","SOLINA-JAWOR                  ","2025","07","13","18",23.8,,,"8","W","N",,"8","S  ",,2,,3,,7,
"249220150","SOLINA-JAWOR                  ","2025","07","14","06",17.3,,,"8","W","N",,"8","C  ",,0,,4,,7,
"249220150","SOLINA-JAWOR                  ","2025","07","14","12",27.4,,,"8","W","N",,"8","WSW",,2,,6,,8,
"249220150","SOLINA-JAWOR                  ","2025","07","14","18",22.6,,,"8","W","N",,"8","WSW",,1,,8,,7,
"249220150","SOLINA-JAWOR                  ","2025","07","15","06",17.1,,,"8","W","N",,"8","C  ",,0,,7,,7,
"249220150","SOLINA-JAWOR                  ","2025","07","15","12",22.7,,,"8","W","N",,"8","W  ",,1,,6,,8,
"249220150","SOLINA-JAWOR                  ","2025","07","15","18",20.6,,,"8","W","N",,"8","C  ",,0,,8,,7,
"249220150","SOLINA-JAWOR                  ","2025","07","16","06",15.9,,,"8","W","N",,"8","W  ",,1,,8,,4,
"249220150","SOLINA-JAWOR                  ","2025","07","16","12",20.9,,,"8","W","N",,"8","W  ",,2,,4,,8,
"249220150","SOLINA-JAWOR                  ","2025","07","16","18",18.2,,,"8","W","N",,"8","C  ",,0,,6,,7,
"249220150","SOLINA-JAWOR                  ","2025","07","17","06",13.7,,,"8","W","N",,"8","C  ",,0,,8,,7,
"249220150","SOLINA-JAWOR                  ","2025","07","17","12",15.1,,,"8","W","N",,"8","C  ",,0,,8,,4,
"249220150","SOLINA-JAWOR                  ","2025","07","17","18",15.0,,,"8","W","N",,"8","C  ",,0,,8,,3,
"249220150","SOLINA-JAWOR                  ","2025","07","18","06",13.3,,,"8","W","N",,"8","NNE",,1,,8,,3,
"249220150","SOLINA-JAWOR                  ","2025","07","18","12",18.9,,,"8","W","N",,"8","W  ",,1,,7,,8,
"249220150","SOLINA-JAWOR                  ","2025","07","18","18",17.8,,,"8","W","N",,"8","C  ",,0,,8,,7,
"249220150","SOLINA-JAWOR                  ","2025","07","19","06",14.7,,,"8","W","N",,"8","C  ",,0,,8,,5,
"249220150","SOLINA-JAWOR                  ","2025","07","19","12",21.9,,,"8","W","N",,"8","SW ",,2,,8,,8,
"249220150","SOLINA-JAWOR                  ","2025","07","19","18",17.9,,,"8","W","N",,"8","C  ",,0,,8,,7,
"249220150","SOLINA-JAWOR                  ","2025","07","20","06",18.5,,,"8","W","N",,"8","SW ",,1,,8,,7,
"249220150","SOLINA-JAWOR                  ","2025","07","20","12",23.5,,,"8","W","N",,"8","SW ",,3,,5,,8,
"249220150","SOLINA-JAWOR                  ","2025","07","20","18",20.3,,,"8","W","N",,"8","C  ",,0,,4,,7,
"249220150","SOLINA-JAWOR                  ","2025","07","21","06",19.0,,,"8","W","N",,"8","C  ",,0,,0,,7,
"249220150","SOLINA-JAWOR                  ","2025","07","21","12",27.8,,,"8","W","N",,"8","WSW",,1,,4,,8,
"249220150","SOLINA-JAWOR                  ","2025","07","21","18",24.9,,,"8","W","N",,"8","SSE",,1,,2,,7,
"249220150","SOLINA-JAWOR                  ","2025","07","22","06",17.9,,,"8","W","N",,"8","WSW",,2,,8,,4,
"249220150","SOLINA-JAWOR                  ","2025","07","22","12",23.5,,,"8","W","N",,"8","WSW",,1,,3,,8,
"249220150","SOLINA-JAWOR                  ","2025","07","22","18",20.6,,,"8","W","N",,"8","C  ",,0,,6,,7,
"249220150","SOLINA-JAWOR                  ","2025","07","23","06",18.4,,,"8","W","N",,"8","C  ",,0,,0,,7,
"249220150","SOLINA-JAWOR                  ","2025","07","23","12",25.5,,,"8","W","N",,"8","W  ",,1,,0,,8,
"249220150","SOLINA-JAWOR                  ","2025","07","23","18",20.4,,,"8","W","N",,"8","C  ",,0,,4,,7,
"249220150","SOLINA-JAWOR                  ","2025","07","24","06",17.3,,,"8","W","N",,"8","C  ",,0,,5,,7,
"249220150","SOLINA-JAWOR                  ","2025","07","24","12",27.5,,,"8","W","N",,"8","NNW",,1,,4,,8,
"249220150","SOLINA-JAWOR                  ","2025","07","24","18",20.1,,,"8","W","N",,"8","C  ",,0,,7,,7,
"249220150","SOLINA-JAWOR                  ","2025","07","25","06",18.6,,,"8","W","N",,"8","C  ",,0,,8,,5,
"249220150","SOLINA-JAWOR                  ","2025","07","25","12",23.5,,,"8","W","N",,"8","NNE",,1,,6,,8,
"249220150","SOLINA-JAWOR                  ","2025","07","25","18",21.7,,,"8","W","N",,"8","C  ",,0,,8,,7,
"249220150","SOLINA-JAWOR                  ","2025","07","26","06",19.1,,,"8","W","N",,"8","C  ",,0,,8,,5,
"249220150","SOLINA-JAWOR                  ","2025","07","26","12",23.9,,,"8","W","N",,"8","C  ",,0,,8,,8,
"249220150","SOLINA-JAWOR                  ","2025","07","26","18",21.4,,,"8","W","N",,"8","ESE",,1,,8,,7,
"249220150","SOLINA-JAWOR                  ","2025","07","27","06",18.5,,,"8","W","N",,"8","C  ",,0,,8,,5,
"249220150","SOLINA-JAWOR                  ","2025","07","27","12",21.9,,,"8","W","N",,"8","SW ",,1,,8,,8,
"249220150","SOLINA-JAWOR                  ","2025","07","27","18",19.3,,,"8","W","N",,"8","S  ",,1,,8,,5,
"249220150","SOLINA-JAWOR                  ","2025","07","28","06",18.1,,,"8","W","N",,"8","SW ",,1,,5,,7,
"249220150","SOLINA-JAWOR                  ","2025","07","28","12",22.8,,,"8","W","N",,"8","SW ",,4,,8,,8,
"249220150","SOLINA-JAWOR                  ","2025","07","28","18",18.3,,,"8","W","N",,"8","NNE",,1,,7,,7,
"249220150","SOLINA-JAWOR                  ","2025","07","29","06",14.9,,,"8","W","N",,"8","NW ",,1,,8,,4,
"249220150","SOLINA-JAWOR                  ","2025","07","29","12",18.7,,,"8","W","N",,"8","NNW",,1,,8,,8,
"249220150","SOLINA-JAWOR                  ","2025","07","29","18",17.4,,,"8","W","N",,"8","C  ",,0,,8,,7,
"249220150","SOLINA-JAWOR                  ","2025","07","30","06",14.1,,,"8","W","N",,"8","C  ",,0,,7,,5,
"249220150","SOLINA-JAWOR                  ","2025","07","30","12",20.4,,,"8","W","N",,"8","WNW",,2,,5,,8,
"249220150","SOLINA-JAWOR                  ","2025","07","30","18",17.0,,,"8","W","N",,"8","SSE",,1,,0,,7,
"249220150","SOLINA-JAWOR                  ","2025","07","31","06",14.6,,,"8","W","N",,"8","C  ",,0,,0,,7,
"249220150","SOLINA-JAWOR                  ","2025","07","31","12",21.7,,,"8","W","N",,"8","WSW",,1,,4,,8,
"249220150","SOLINA-JAWOR                  ","2025","07","31","18",15.6,,,"8","W","N",,"8","C  ",,0,,8,,7,
"249220180","KOMAÑCZA                      ","2025","07","01","06",12.7,,9.4,,"W","W",65,,"N  ",,3,,0,,6,
"249220180","KOMAÑCZA                      ","2025","07","01","12",22.0,,13.8,,"W","W",38,,"N  ",,3,,2,,6,
"249220180","KOMAÑCZA                      ","2025","07","01","18",19.8,,13.2,,"W","W",46,,"N  ",,1,,0,,6,
"249220180","KOMAÑCZA                      ","2025","07","02","06",14.1,,11.7,,"W","W",75,,"N  ",,1,,0,,6,
"249220180","KOMAÑCZA                      ","2025","07","02","12",26.5,,15.8,,"W","W",30,,"NE ",,1,,0,,6,
"249220180","KOMAÑCZA                      ","2025","07","02","18",23.1,,16.6,,"W","W",51,,"NW ",,1,,0,,6,
"249220180","KOMAÑCZA                      ","2025","07","03","06",17.9,,17.0,,"W","W",91,,"NW ",,1,,0,,6,
"249220180","KOMAÑCZA                      ","2025","07","03","12",30.7,,18.3,,"W","W",28,,"SSE",,3,,0,,6,
"249220180","KOMAÑCZA                      ","2025","07","03","18",27.1,,19.0,,"W","W",46,,"C  ",,0,,0,,6,
"249220180","KOMAÑCZA                      ","2025","07","04","06",18.8,,15.2,,"W","W",68,,"N  ",,1,,5,,6,
"249220180","KOMAÑCZA                      ","2025","07","04","12",16.2,,13.4,,"W","W",73,,"NNW",,2,,8,,6,
"249220180","KOMAÑCZA                      ","2025","07","04","18",14.6,,12.2,,"W","W",76,,"N  ",,1,,3,,6,
"249220180","KOMAÑCZA                      ","2025","07","05","06",12.9,,11.8,,"W","W",88,,"E  ",,1,,0,,6,
"249220180","KOMAÑCZA                      ","2025","07","05","12",23.7,,15.0,,"W","W",38,,"NW ",,2,,0,,6,
"249220180","KOMAÑCZA                      ","2025","07","05","18",21.0,,14.4,,"W","W",48,,"NW ",,1,,0,,6,
"249220180","KOMAÑCZA                      ","2025","07","06","06",15.1,,13.3,,"W","W",82,,"C  ",,0,,2,,6,
"249220180","KOMAÑCZA                      ","2025","07","06","12",27.1,,16.9,,"W","W",34,,"SSW",,3,,3,,6,
"249220180","KOMAÑCZA                      ","2025","07","06","18",24.7,,16.9,,"W","W",45,,"SW ",,1,,3,,6,
"249220180","KOMAÑCZA                      ","2025","07","07","06",22.7,,16.0,,"W","W",49,,"SSE",,3,,6,,6,
"249220180","KOMAÑCZA                      ","2025","07","07","12",28.9,,19.4,,"W","W",40,,"S  ",,4,,4,,6,
"249220180","KOMAÑCZA                      ","2025","07","07","18",16.8,,16.8,,"W","W",100,,"ENE",,1,,8,,6,
"249220180","KOMAÑCZA                      ","2025","07","08","06",16.6,,16.4,,"W","W",98,,"ENE",,1,,8,,4,
"249220180","KOMAÑCZA                      ","2025","07","08","12",22.0,,18.4,,"W","W",71,,"ENE",,1,,5,,6,
"249220180","KOMAÑCZA                      ","2025","07","08","18",17.6,,17.4,,"W","W",98,,"ESE",,1,,8,,4,
"249220180","KOMAÑCZA                      ","2025","07","09","06",16.2,,16.0,,"W","W",98,,"WSW",,2,,6,,6,
"249220180","KOMAÑCZA                      ","2025","07","09","12",13.8,,13.8,,"W","W",100,,"NW ",,4,,8,,6,
"249220180","KOMAÑCZA                      ","2025","07","09","18",13.3,,13.0,,"W","W",97,,"NW ",,4,,8,,4,
"249220180","KOMAÑCZA                      ","2025","07","10","06",12.9,,12.4,,"W","W",94,,"NNW",,4,,8,,6,
"249220180","KOMAÑCZA                      ","2025","07","10","12",13.8,,13.4,,"W","W",96,,"WNW",,2,,8,,6,
"249220180","KOMAÑCZA                      ","2025","07","10","18",13.7,,13.0,,"W","W",92,,"W  ",,1,,6,,6,
"249220180","KOMAÑCZA                      ","2025","07","11","06",11.3,,11.0,,"W","W",96,,"SW ",,2,,2,,6,
"249220180","KOMAÑCZA                      ","2025","07","11","12",18.6,,11.8,,"W","W",43,,"W  ",,4,,6,,6,
"249220180","KOMAÑCZA                      ","2025","07","11","18",16.8,,12.7,,"W","W",62,,"W  ",,1,,2,,6,
"249220180","KOMAÑCZA                      ","2025","07","12","06",16.1,,12.9,,"W","W",69,,"SSE",,3,,1,,6,
"249220180","KOMAÑCZA                      ","2025","07","12","12",21.8,,15.1,,"W","W",48,,"SSE",,3,,5,,6,
"249220180","KOMAÑCZA                      ","2025","07","12","18",16.8,,13.4,,"W","W",68,,"S  ",,2,,6,,6,
"249220180","KOMAÑCZA                      ","2025","07","13","06",15.2,,12.5,,"W","W",73,,"S  ",,1,,8,,6,
"249220180","KOMAÑCZA                      ","2025","07","13","12",24.9,,17.2,,"W","W",45,,"SSE",,3,,1,,6,
"249220180","KOMAÑCZA                      ","2025","07","13","18",22.7,,16.7,,"W","W",54,,"SSE",,2,,3,,6,
"249220180","KOMAÑCZA                      ","2025","07","14","06",16.8,,16.8,,"W","W",100,,,"8",,"8",3,,6,
"249220180","KOMAÑCZA                      ","2025","07","14","12",25.1,,21.7,,"W","W",74,,,"8",,"8",6,,6,
"249220180","KOMAÑCZA                      ","2025","07","14","18",21.0,,20.4,,"W","W",95,,,"8",,"8",6,,6,
"249220180","KOMAÑCZA                      ","2025","07","15","06",15.8,,15.8,,"W","W",100,,,"8",,"8",7,,6,
"249220180","KOMAÑCZA                      ","2025","07","15","12",22.9,,20.9,,"W","W",84,,,"8",,"8",5,,6,
"249220180","KOMAÑCZA                      ","2025","07","15","18",19.8,,19.6,,"W","W",98,,,"8",,"8",7,,6,
"249220180","KOMAÑCZA                      ","2025","07","16","06",15.8,,15.4,,"W","W",96,,,"8",,"8",8,,6,
"249220180","KOMAÑCZA                      ","2025","07","16","12",21.8,,18.0,,"W","W",69,,,"8",,"8",4,,6,
"249220180","KOMAÑCZA                      ","2025","07","16","18",19.0,,18.6,,"W","W",96,,,"8",,"8",5,,6,
"249220180","KOMAÑCZA                      ","2025","07","17","06",14.2,,14.0,,"W","W",98,,,"8",,"8",8,,6,
"249220180","KOMAÑCZA                      ","2025","07","17","12",16.3,,16.0,,"W","W",97,,,"8",,"8",6,,6,
"249220180","KOMAÑCZA                      ","2025","07","17","18",15.6,,15.0,,"W","W",94,,,"8",,"8",8,,6,
"249220180","KOMAÑCZA                      ","2025","07","18","06",13.7,,13.6,,"W","W",99,,,"8",,"8",8,,6,
"249220180","KOMAÑCZA                      ","2025","07","18","12",18.6,,16.0,,"W","W",76,,,"8",,"8",6,,6,
"249220180","KOMAÑCZA                      ","2025","07","18","18",18.2,,17.6,,"W","W",94,,,"8",,"8",3,,4,
"249220180","KOMAÑCZA                      ","2025","07","19","06",13.8,,13.5,,"W","W",97,,"C  ",,0,,7,,6,
"249220180","KOMAÑCZA                      ","2025","07","19","12",21.4,,19.0,,"W","W",80,,"W  ",,1,,6,,6,
"249220180","KOMAÑCZA                      ","2025","07","19","18",20.2,,19.8,,"W","W",96,,"ENE",,1,,8,,6,
"249220180","KOMAÑCZA                      ","2025","07","20","06",17.0,,16.7,,"W","W",97,,"NNE",,1,,8,,6,
"249220180","KOMAÑCZA                      ","2025","07","20","12",23.7,,19.0,,"W","W",64,,"SW ",,2,,5,,6,
"249220180","KOMAÑCZA                      ","2025","07","20","18",21.8,,19.2,,"W","W",78,,"NW ",,1,,5,,6,
"249220180","KOMAÑCZA                      ","2025","07","21","06",17.4,,17.0,,"W","W",96,,"C  ",,0,,3,,6,
"249220180","KOMAÑCZA                      ","2025","07","21","12",27.7,,18.3,,"W","W",39,,"S  ",,2,,2,,6,
"249220180","KOMAÑCZA                      ","2025","07","21","18",25.7,,19.4,,"W","W",55,,"SSW",,1,,0,,6,
"249220180","KOMAÑCZA                      ","2025","07","22","06",17.2,,16.8,,"W","W",96,,"NW ",,4,,8,,6,
"249220180","KOMAÑCZA                      ","2025","07","22","12",25.3,,18.6,,"W","W",52,,"WSW",,3,,2,,6,
"249220180","KOMAÑCZA                      ","2025","07","22","18",22.3,,18.5,,"W","W",69,,"C  ",,0,,3,,6,
"249220180","KOMAÑCZA                      ","2025","07","23","06",15.9,,15.9,,"W","W",100,,"C  ",,0,,0,,6,
"249220180","KOMAÑCZA                      ","2025","07","23","12",25.7,,17.0,,"W","W",40,,"WNW",,4,,3,,6,
"249220180","KOMAÑCZA                      ","2025","07","23","18",22.0,,19.0,,"W","W",75,,"NW ",,1,,2,,6,
"249220180","KOMAÑCZA                      ","2025","07","24","06",14.6,,13.2,,"W","W",86,,"C  ",,0,,4,,6,
"249220180","KOMAÑCZA                      ","2025","07","24","12",27.9,,18.5,,"W","W",39,,"S  ",,1,,3,,6,
"249220180","KOMAÑCZA                      ","2025","07","24","18",20.2,,19.8,,"W","W",96,,"NE ",,1,,6,,6,
"249220180","KOMAÑCZA                      ","2025","07","25","06",17.8,,17.8,,"W","W",100,,"WNW",,1,,8,,6,
"249220180","KOMAÑCZA                      ","2025","07","25","12",23.7,,20.0,,"W","W",71,,"NNE",,2,,4,,6,
"249220180","KOMAÑCZA                      ","2025","07","25","18",21.8,,19.4,,"W","W",80,,"C  ",,0,,6,,6,
"249220180","KOMAÑCZA                      ","2025","07","26","06",19.0,,18.8,,"W","W",98,,"WSW",,1,,8,,6,
"249220180","KOMAÑCZA                      ","2025","07","26","12",22.9,,19.3,,"W","W",71,,"NNE",,2,,4,,6,
"249220180","KOMAÑCZA                      ","2025","07","26","18",22.0,,19.5,,"W","W",79,,"ENE",,1,,4,,6,
"249220180","KOMAÑCZA                      ","2025","07","27","06",19.8,,19.0,,"W","W",93,,"WNW",,1,,8,,6,
"249220180","KOMAÑCZA                      ","2025","07","27","12",20.3,,19.8,,"W","W",95,,"SW ",,1,,6,,6,
"249220180","KOMAÑCZA                      ","2025","07","27","18",19.8,,19.4,,"W","W",96,,"NNW",,1,,8,,4,
"249220180","KOMAÑCZA                      ","2025","07","28","06",17.2,,16.8,,"W","W",96,,"SSE",,2,,8,,6,
"249220180","KOMAÑCZA                      ","2025","07","28","12",21.8,,17.8,,"W","W",67,,"S  ",,3,,3,,6,
"249220180","KOMAÑCZA                      ","2025","07","28","18",17.6,,16.8,,"W","W",92,,"NNW",,1,,8,,6,
"249220180","KOMAÑCZA                      ","2025","07","29","06",15.0,,14.4,,"W","W",94,,"NW ",,3,,8,,6,
"249220180","KOMAÑCZA                      ","2025","07","29","12",18.8,,15.8,,"W","W",73,,"NW ",,5,,6,,6,
"249220180","KOMAÑCZA                      ","2025","07","29","18",17.4,,15.1,,"W","W",78,,"WNW",,1,,8,,6,
"249220180","KOMAÑCZA                      ","2025","07","30","06",13.1,,12.0,,"W","W",88,,"SW ",,1,,7,,6,
"249220180","KOMAÑCZA                      ","2025","07","30","12",20.8,,14.3,,"W","W",48,,"NW ",,1,,5,,6,
"249220180","KOMAÑCZA                      ","2025","07","30","18",16.8,,13.9,,"W","W",73,,"NNW",,1,,4,,6,
"249220180","KOMAÑCZA                      ","2025","07","31","06",12.0,,11.6,,"W","W",95,,"NNW",,1,,6,,6,
"249220180","KOMAÑCZA                      ","2025","07","31","12",16.4,,14.9,,"W","W",85,,"NW ",,6,,8,,6,
"249220180","KOMAÑCZA                      ","2025","07","31","18",15.0,,15.0,,"W","W",100,,"NW ",,1,,7,,6,
"250180580","DRONIOWICE                    ","2025","07","01","06",18.5,,13.3,,"W","N",52,,"SE ",,3,,1,,8,
"250180580","DRONIOWICE                    ","2025","07","01","12",26.4,,15.7,,"W","N",27,,"SE ",,2,,1,,8,
"250180580","DRONIOWICE                    ","2025","07","01","18",23.9,,15.7,,"W","N",38,,"NE ",,1,,1,,7,
"250180580","DRONIOWICE                    ","2025","07","02","06",22.6,,15.9,,"W","N",46,,"SSE",,2,,1,,8,
"250180580","DRONIOWICE                    ","2025","07","02","12",32.3,,19.6,,"W","N",26,,"SE ",,3,,1,,8,
"250180580","DRONIOWICE                    ","2025","07","02","18",26.1,,18.3,,"W","N",44,,"SE ",,2,,1,,8,
"250180580","DRONIOWICE                    ","2025","07","03","06",26.6,,17.9,,"W","N",39,,"SSW",,2,,2,,8,
"250180580","DRONIOWICE                    ","2025","07","03","12",31.4,,19.7,,"W","N",30,,"WNW",,5,,6,,7,
"250180580","DRONIOWICE                    ","2025","07","03","18",24.0,,19.1,,"W","N",61,,"N  ",,5,,5,,7,
"250180580","DRONIOWICE                    ","2025","07","04","06",17.7,,14.7,,"W","N",71,,"E  ",,2,,6,,6,
"250180580","DRONIOWICE                    ","2025","07","04","12",21.9,,14.6,,"W","N",41,,"NNW",,4,,4,,7,
"250180580","DRONIOWICE                    ","2025","07","04","18",19.9,,13.1,,"W","N",42,,"N  ",,2,,1,,7,
"250180580","DRONIOWICE                    ","2025","07","05","06",19.5,,13.7,,"W","N",49,,"SSW",,2,,2,,8,
"250180580","DRONIOWICE                    ","2025","07","05","12",26.7,,16.1,,"W","N",28,,"SSW",,3,,1,,8,
"250180580","DRONIOWICE                    ","2025","07","05","18",21.0,,14.7,,"W","N",47,,"SW ",,2,,2,,8,
"250180580","DRONIOWICE                    ","2025","07","06","06",22.1,,16.3,,"W","N",52,,"SW ",,2,,4,,8,
"250180580","DRONIOWICE                    ","2025","07","06","12",31.7,,18.7,,"W","N",24,,"SSW",,3,,3,,8,
"250180580","DRONIOWICE                    ","2025","07","06","18",27.4,,18.7,,"W","N",40,,"SSW",,1,,7,,7,
"250180580","DRONIOWICE                    ","2025","07","07","06",18.1,,16.9,,"W","N",88,,"WSW",,4,,8,,5,
"250180580","DRONIOWICE                    ","2025","07","07","12",21.3,,15.9,,"W","N",54,,"W  ",,3,,7,,7,
"250180580","DRONIOWICE                    ","2025","07","07","18",17.6,,16.1,,"W","N",85,,"WSW",,2,,4,,6,
"250180580","DRONIOWICE                    ","2025","07","08","06",17.0,,15.5,,"W","N",85,,"WNW",,2,,8,,5,
"250180580","DRONIOWICE                    ","2025","07","08","12",20.1,,16.2,,"W","N",65,,"N  ",,3,,7,,7,
"250180580","DRONIOWICE                    ","2025","07","08","18",15.7,,15.1,,"W","N",94,,"N  ",,3,,8,,4,
"250180580","DRONIOWICE                    ","2025","07","09","06",13.3,,12.3,,"W","N",88,,"NNW",,6,,8,,5,
"250180580","DRONIOWICE                    ","2025","07","09","12",14.3,,13.9,,"W","N",95,,"NNW",,4,,8,,4,
"250180580","DRONIOWICE                    ","2025","07","09","18",14.2,,13.9,,"W","N",97,,"WNW",,2,,8,,4,
"250180580","DRONIOWICE                    ","2025","07","10","06",12.8,,12.3,,"W","N",94,,"NNW",,4,,8,,4,
"250180580","DRONIOWICE                    ","2025","07","10","12",22.0,,14.6,,"W","N",41,,"NW ",,5,,5,,7,
"250180580","DRONIOWICE                    ","2025","07","10","18",18.0,,14.3,,"W","N",65,,"NW ",,3,,7,,7,
"250180580","DRONIOWICE                    ","2025","07","11","06",12.5,,12.1,,"W","N",95,,"WNW",,5,,8,,4,
"250180580","DRONIOWICE                    ","2025","07","11","12",20.8,,14.8,,"W","N",49,,"WNW",,6,,4,,7,
"250180580","DRONIOWICE                    ","2025","07","11","18",14.1,,13.7,,"W","N",95,,"SSW",,1,,8,,4,
"250180580","DRONIOWICE                    ","2025","07","12","06",14.3,,13.7,,"W","N",93,,"SSW",,3,,8,,4,
"250180580","DRONIOWICE                    ","2025","07","12","12",20.1,,16.9,,"W","N",71,,"SSW",,1,,5,,6,
"250180580","DRONIOWICE                    ","2025","07","12","18",16.8,,14.5,,"W","N",77,,"S  ",,2,,8,,6,
"250180580","DRONIOWICE                    ","2025","07","13","06",17.1,,14.8,,"W","N",77,,"SW ",,1,,8,,6,
"250180580","DRONIOWICE                    ","2025","07","13","12",24.9,,20.0,,"W","N",62,,"SSW",,3,,8,,7,
"250180580","DRONIOWICE                    ","2025","07","13","18",20.1,,18.5,,"W","N",85,,"ESE",,1,,7,,5,
"250180580","DRONIOWICE                    ","2025","07","14","06",19.8,,18.0,,"W","N",83,,"SSW",,2,,3,,6,
"250180580","DRONIOWICE                    ","2025","07","14","12",27.9,,18.3,,"W","N",36,,"NW ",,4,,5,,7,
"250180580","DRONIOWICE                    ","2025","07","14","18",21.4,,17.0,,"W","N",62,,"W  ",,2,,4,,7,
"250180580","DRONIOWICE                    ","2025","07","15","06",21.3,,17.6,,"W","N",68,,"WNW",,1,,3,,7,
"250180580","DRONIOWICE                    ","2025","07","15","12",22.5,,20.7,,"W","N",84,,"W  ",,3,,7,,5,
"250180580","DRONIOWICE                    ","2025","07","15","18",21.1,,18.3,,"W","N",75,,"NW ",,2,,8,,6,
"250180580","DRONIOWICE                    ","2025","07","16","06",15.9,,14.7,,"W","N",87,,"WNW",,4,,8,,5,
"250180580","DRONIOWICE                    ","2025","07","16","12",21.3,,14.7,,"W","N",45,,"NW ",,5,,5,,7,
"250180580","DRONIOWICE                    ","2025","07","16","18",16.9,,14.0,,"W","N",71,,"W  ",,4,,8,,6,
"250180580","DRONIOWICE                    ","2025","07","17","06",16.2,,13.9,,"W","N",76,,"NW ",,3,,7,,6,
"250180580","DRONIOWICE                    ","2025","07","17","12",17.1,,15.7,,"W","N",86,,"N  ",,2,,8,,5,
"250180580","DRONIOWICE                    ","2025","07","17","18",15.9,,13.8,,"W","N",78,,"WNW",,2,,8,,6,
"250180580","DRONIOWICE                    ","2025","07","18","06",15.6,,14.5,,"W","N",88,,"ESE",,2,,6,,5,
"250180580","DRONIOWICE                    ","2025","07","18","12",21.7,,16.5,,"W","N",56,,"NNE",,2,,5,,7,
"250180580","DRONIOWICE                    ","2025","07","18","18",19.2,,16.9,,"W","N",78,,"C  ",,0,,6,,6,
"250180580","DRONIOWICE                    ","2025","07","19","06",18.8,,16.2,,"W","N",75,,"WNW",,3,,3,,6,
"250180580","DRONIOWICE                    ","2025","07","19","12",23.9,,17.1,,"W","N",47,,"NW ",,4,,5,,7,
"250180580","DRONIOWICE                    ","2025","07","19","18",21.1,,17.9,,"W","N",72,,"NE ",,4,,6,,6,
"250180580","DRONIOWICE                    ","2025","07","20","06",19.9,,18.0,,"W","N",82,,"NW ",,1,,3,,6,
"250180580","DRONIOWICE                    ","2025","07","20","12",27.6,,19.3,,"W","N",43,,"N  ",,3,,4,,7,
"250180580","DRONIOWICE                    ","2025","07","20","18",20.0,,15.0,,"W","N",56,,"NNW",,1,,4,,7,
"250180580","DRONIOWICE                    ","2025","07","21","06",23.8,,19.7,,"W","N",67,,"SSE",,1,,3,,7,
"250180580","DRONIOWICE                    ","2025","07","21","12",31.4,,21.6,,"W","N",39,,"SSE",,3,,5,,7,
"250180580","DRONIOWICE                    ","2025","07","21","18",26.3,,20.3,,"W","N",56,,"SE ",,1,,5,,7,
"250180580","DRONIOWICE                    ","2025","07","22","06",18.1,,16.3,,"W","N",82,,"W  ",,7,,3,,6,
"250180580","DRONIOWICE                    ","2025","07","22","12",26.0,,17.0,,"W","N",36,,"W  ",,8,,5,,7,
"250180580","DRONIOWICE                    ","2025","07","22","18",20.3,,15.5,,"W","N",58,,"W  ",,5,,4,,7,
"250180580","DRONIOWICE                    ","2025","07","23","06",19.6,,16.1,,"W","N",68,,"WSW",,3,,4,,7,
"250180580","DRONIOWICE                    ","2025","07","23","12",24.7,,17.3,,"W","N",45,,"W  ",,5,,4,,7,
"250180580","DRONIOWICE                    ","2025","07","23","18",22.3,,17.7,,"W","N",62,,"SW ",,1,,4,,7,
"250180580","DRONIOWICE                    ","2025","07","24","06",20.9,,16.2,,"W","N",59,,"SW ",,2,,4,,7,
"250180580","DRONIOWICE                    ","2025","07","24","12",25.7,,17.5,,"W","N",41,,"W  ",,4,,4,,7,
"250180580","DRONIOWICE                    ","2025","07","24","18",23.1,,18.8,,"W","N",65,,"WNW",,1,,6,,7,
"250180580","DRONIOWICE                    ","2025","07","25","06",17.5,,17.0,,"W","N",95,,"NW ",,2,,8,,4,
"250180580","DRONIOWICE                    ","2025","07","25","12",24.0,,18.6,,"W","N",57,,"NNE",,2,,5,,7,
"250180580","DRONIOWICE                    ","2025","07","25","18",21.7,,18.7,,"W","N",74,,"C  ",,0,,5,,6,
"250180580","DRONIOWICE                    ","2025","07","26","06",21.5,,19.1,,"W","N",79,,"C  ",,0,,3,,6,
"250180580","DRONIOWICE                    ","2025","07","26","12",25.1,,19.5,,"W","N",57,,"E  ",,1,,6,,7,
"250180580","DRONIOWICE                    ","2025","07","26","18",21.8,,19.1,,"W","N",76,,"WSW",,2,,8,,6,
"250180580","DRONIOWICE                    ","2025","07","27","06",18.9,,18.1,,"W","N",92,,"NNE",,2,,8,,4,
"250180580","DRONIOWICE                    ","2025","07","27","12",23.1,,19.6,,"W","N",71,,"NNW",,3,,6,,6,
"250180580","DRONIOWICE                    ","2025","07","27","18",19.5,,18.0,,"W","N",86,,"NNW",,3,,8,,5,
"250180580","DRONIOWICE                    ","2025","07","28","06",15.9,,15.7,,"W","N",98,,"NW ",,4,,8,,4,
"250180580","DRONIOWICE                    ","2025","07","28","12",16.5,,16.3,,"W","N",98,,"NW ",,6,,8,,4,
"250180580","DRONIOWICE                    ","2025","07","28","18",16.5,,16.1,,"W","N",96,,"NW ",,3,,8,,4,
"250180580","DRONIOWICE                    ","2025","07","29","06",15.5,,14.6,,"W","N",90,,"NW ",,3,,5,,6,
"250180580","DRONIOWICE                    ","2025","07","29","12",20.7,,14.8,,"W","N",50,,"NNW",,6,,5,,7,
"250180580","DRONIOWICE                    ","2025","07","29","18",17.4,,14.0,,"W","N",67,,"NW ",,2,,5,,7,
"250180580","DRONIOWICE                    ","2025","07","30","06",16.8,,14.0,,"W","N",72,,"NW ",,2,,5,,6,
"250180580","DRONIOWICE                    ","2025","07","30","12",22.7,,15.0,,"W","N",40,,"WNW",,5,,5,,7,
"250180580","DRONIOWICE                    ","2025","07","30","18",18.8,,16.0,,"W","N",74,,"C  ",,0,,6,,6,
"250180580","DRONIOWICE                    ","2025","07","31","06",16.7,,14.7,,"W","N",80,,"W  ",,4,,6,,6,
"250180580","DRONIOWICE                    ","2025","07","31","12",20.1,,16.7,,"W","N",69,,"WSW",,3,,6,,7,
"250180580","DRONIOWICE                    ","2025","07","31","18",17.5,,15.0,,"W","N",75,,"WNW",,2,,7,,6,
"250190390","KRAKÓW-OBSERWATORIUM          ","2025","07","01","06",16.9,,11.3,,"W","W",50,,"S  ",,3,,0,,9,
"250190390","KRAKÓW-OBSERWATORIUM          ","2025","07","01","12",26.2,,15.3,,"W","W",29,,"E  ",,1,,0,,9,
"250190390","KRAKÓW-OBSERWATORIUM          ","2025","07","01","18",24.1,,15.3,,"W","W",38,,"NE ",,1,,0,,9,
"250190390","KRAKÓW-OBSERWATORIUM          ","2025","07","02","06",19.4,,13.9,,"W","W",54,,"NNE",,1,,0,,9,
"250190390","KRAKÓW-OBSERWATORIUM          ","2025","07","02","12",30.5,,17.9,,"W","W",27,,"ENE",,2,,0,,9,
"250190390","KRAKÓW-OBSERWATORIUM          ","2025","07","02","18",28.5,,17.9,,"W","W",34,,"E  ",,2,,0,,9,
"250190390","KRAKÓW-OBSERWATORIUM          ","2025","07","03","06",22.6,,16.8,,"W","W",55,,"C  ",,0,,0,,9,
"250190390","KRAKÓW-OBSERWATORIUM          ","2025","07","03","12",34.9,,20.1,,"W","W",24,,"W  ",,2,,1,,9,
"250190390","KRAKÓW-OBSERWATORIUM          ","2025","07","03","18",29.6,,20.7,,"W","W",44,,"N  ",,3,,4,,8,
"250190390","KRAKÓW-OBSERWATORIUM          ","2025","07","04","06",16.0,,13.3,,"W","W",74,,"ENE",,1,,8,,9,
"250190390","KRAKÓW-OBSERWATORIUM          ","2025","07","04","12",18.2,,14.4,,"W","W",66,,"WSW",,1,,7,,9,
"250190390","KRAKÓW-OBSERWATORIUM          ","2025","07","04","18",21.4,,14.1,,"W","W",43,,"NW ",,2,,1,,9,
"250190390","KRAKÓW-OBSERWATORIUM          ","2025","07","05","06",15.7,,12.7,,"W","W",71,,"SE ",,1,,1,,9,
"250190390","KRAKÓW-OBSERWATORIUM          ","2025","07","05","12",24.9,,14.9,,"W","W",32,,"ESE",,2,,1,,9,
"250190390","KRAKÓW-OBSERWATORIUM          ","2025","07","05","18",23.9,,15.7,,"W","W",41,,"SSE",,2,,2,,9,
"250190390","KRAKÓW-OBSERWATORIUM          ","2025","07","06","06",19.8,,14.6,,"W","W",56,,"C  ",,0,,2,,9,
"250190390","KRAKÓW-OBSERWATORIUM          ","2025","07","06","12",31.3,,18.1,,"W","W",25,,"C  ",,0,,5,,9,
"250190390","KRAKÓW-OBSERWATORIUM          ","2025","07","06","18",28.3,,20.1,,"W","W",46,,"ESE",,1,,4,,9,
"250190390","KRAKÓW-OBSERWATORIUM          ","2025","07","07","06",20.5,,18.7,,"W","W",84,,"WNW",,1,,5,,8,
"250190390","KRAKÓW-OBSERWATORIUM          ","2025","07","07","12",21.4,,19.7,,"W","W",85,,"E  ",,2,,7,,8,
"250190390","KRAKÓW-OBSERWATORIUM          ","2025","07","07","18",18.2,,16.7,,"W","W",86,,"WNW",,2,,7,,8,
"250190390","KRAKÓW-OBSERWATORIUM          ","2025","07","08","06",17.8,,15.4,,"W","W",78,,"ESE",,1,,3,,9,
"250190390","KRAKÓW-OBSERWATORIUM          ","2025","07","08","12",21.4,,18.5,,"W","W",76,,"SE ",,2,,8,,8,
"250190390","KRAKÓW-OBSERWATORIUM          ","2025","07","08","18",19.4,,17.3,,"W","W",81,,"W  ",,3,,8,,8,
"250190390","KRAKÓW-OBSERWATORIUM          ","2025","07","09","06",15.4,,14.6,,"W","W",92,,"WNW",,2,,8,,8,
"250190390","KRAKÓW-OBSERWATORIUM          ","2025","07","09","12",15.2,,14.3,,"W","W",91,,"NNW",,3,,8,,7,
"250190390","KRAKÓW-OBSERWATORIUM          ","2025","07","09","18",15.3,,13.5,,"W","W",82,,"WNW",,2,,8,,8,
"250190390","KRAKÓW-OBSERWATORIUM          ","2025","07","10","06",15.3,,13.2,,"W","W",79,,"NNW",,2,,8,,8,
"250190390","KRAKÓW-OBSERWATORIUM          ","2025","07","10","12",15.7,,13.4,,"W","W",77,,"WNW",,3,,8,,9,
"250190390","KRAKÓW-OBSERWATORIUM          ","2025","07","10","18",17.7,,15.2,,"W","W",77,,"WSW",,1,,4,,9,
"250190390","KRAKÓW-OBSERWATORIUM          ","2025","07","11","06",15.8,,13.4,,"W","W",76,,"WSW",,4,,3,,8,
"250190390","KRAKÓW-OBSERWATORIUM          ","2025","07","11","12",21.1,,14.8,,"W","W",50,,"W  ",,4,,6,,8,
"250190390","KRAKÓW-OBSERWATORIUM          ","2025","07","11","18",18.5,,13.3,,"W","W",55,,"WNW",,2,,3,,8,
"250190390","KRAKÓW-OBSERWATORIUM          ","2025","07","12","06",15.1,,13.0,,"W","W",79,,"C  ",,0,,7,,9,
"250190390","KRAKÓW-OBSERWATORIUM          ","2025","07","12","12",23.4,,16.1,,"W","W",46,,"NW ",,1,,6,,9,
"250190390","KRAKÓW-OBSERWATORIUM          ","2025","07","12","18",18.8,,17.0,,"W","W",84,,"C  ",,0,,6,,9,
"250190390","KRAKÓW-OBSERWATORIUM          ","2025","07","13","06",17.0,,14.9,,"W","W",80,,"E  ",,1,,8,,8,
"250190390","KRAKÓW-OBSERWATORIUM          ","2025","07","13","12",21.9,,19.6,,"W","W",81,,"NE ",,1,,7,,8,
"250190390","KRAKÓW-OBSERWATORIUM          ","2025","07","13","18",18.6,,18.2,,"W","W",96,,"SE ",,2,,7,,9,
"250190390","KRAKÓW-OBSERWATORIUM          ","2025","07","14","06",17.7,,16.7,,"W","W",90,,"S  ",,1,,0,,9,
"250190390","KRAKÓW-OBSERWATORIUM          ","2025","07","14","12",28.9,,18.8,,"W","W",37,,"WNW",,3,,2,,8,
"250190390","KRAKÓW-OBSERWATORIUM          ","2025","07","14","18",25.9,,19.2,,"W","W",53,,"WSW",,1,,2,,8,
"250190390","KRAKÓW-OBSERWATORIUM          ","2025","07","15","06",18.4,,17.7,,"W","W",93,,"WSW",,1,,7,,7,
"250190390","KRAKÓW-OBSERWATORIUM          ","2025","07","15","12",27.3,,19.3,,"W","W",46,,"WSW",,2,,1,,8,
"250190390","KRAKÓW-OBSERWATORIUM          ","2025","07","15","18",22.1,,20.2,,"W","W",84,,"WSW",,1,,7,,8,
"250190390","KRAKÓW-OBSERWATORIUM          ","2025","07","16","06",17.1,,15.4,,"W","W",84,,"NW ",,1,,6,,8,
"250190390","KRAKÓW-OBSERWATORIUM          ","2025","07","16","12",22.2,,16.5,,"W","W",55,,"W  ",,4,,5,,8,
"250190390","KRAKÓW-OBSERWATORIUM          ","2025","07","16","18",20.7,,15.2,,"W","W",55,,"NNW",,1,,7,,8,
"250190390","KRAKÓW-OBSERWATORIUM          ","2025","07","17","06",14.9,,14.5,,"W","W",96,,"W  ",,3,,8,,7,
"250190390","KRAKÓW-OBSERWATORIUM          ","2025","07","17","12",20.7,,15.5,,"W","W",57,,"NW ",,2,,7,,8,
"250190390","KRAKÓW-OBSERWATORIUM          ","2025","07","17","18",16.8,,15.1,,"W","W",84,,"W  ",,1,,6,,8,
"250190390","KRAKÓW-OBSERWATORIUM          ","2025","07","18","06",15.5,,13.9,,"W","W",84,,"N  ",,1,,3,,8,
"250190390","KRAKÓW-OBSERWATORIUM          ","2025","07","18","12",21.8,,16.2,,"W","W",56,,"NNW",,1,,6,,8,
"250190390","KRAKÓW-OBSERWATORIUM          ","2025","07","18","18",21.3,,15.7,,"W","W",55,,"WNW",,2,,4,,8,
"250190390","KRAKÓW-OBSERWATORIUM          ","2025","07","19","06",17.0,,14.9,,"W","W",80,,"SSW",,1,,7,,8,
"250190390","KRAKÓW-OBSERWATORIUM          ","2025","07","19","12",24.4,,17.7,,"W","W",51,,"WNW",,3,,5,,9,
"250190390","KRAKÓW-OBSERWATORIUM          ","2025","07","19","18",24.6,,17.4,,"W","W",48,,"WNW",,1,,7,,9,
"250190390","KRAKÓW-OBSERWATORIUM          ","2025","07","20","06",19.6,,17.6,,"W","W",82,,"NW ",,2,,2,,8,
"250190390","KRAKÓW-OBSERWATORIUM          ","2025","07","20","12",27.9,,19.9,,"W","W",47,,"WNW",,3,,5,,8,
"250190390","KRAKÓW-OBSERWATORIUM          ","2025","07","20","18",26.5,,20.4,,"W","W",57,,"N  ",,1,,1,,8,
"250190390","KRAKÓW-OBSERWATORIUM          ","2025","07","21","06",21.1,,17.9,,"W","W",73,,"ESE",,1,,1,,9,
"250190390","KRAKÓW-OBSERWATORIUM          ","2025","07","21","12",31.2,,21.9,,"W","W",44,,"E  ",,1,,2,,9,
"250190390","KRAKÓW-OBSERWATORIUM          ","2025","07","21","18",28.4,,21.4,,"W","W",53,,"ESE",,2,,2,,9,
"250190390","KRAKÓW-OBSERWATORIUM          ","2025","07","22","06",18.7,,17.0,,"W","W",84,,"WSW",,1,,3,,8,
"250190390","KRAKÓW-OBSERWATORIUM          ","2025","07","22","12",25.4,,18.5,,"W","W",51,,"WNW",,4,,5,,9,
"250190390","KRAKÓW-OBSERWATORIUM          ","2025","07","22","18",24.1,,17.9,,"W","W",54,,"SW ",,1,,1,,9,
"250190390","KRAKÓW-OBSERWATORIUM          ","2025","07","23","06",20.0,,16.2,,"W","W",68,,"SW ",,2,,0,,8,
"250190390","KRAKÓW-OBSERWATORIUM          ","2025","07","23","12",26.6,,18.3,,"W","W",44,,"W  ",,4,,3,,9,
"250190390","KRAKÓW-OBSERWATORIUM          ","2025","07","23","18",25.0,,18.2,,"W","W",51,,"N  ",,1,,1,,9,
"250190390","KRAKÓW-OBSERWATORIUM          ","2025","07","24","06",20.7,,17.2,,"W","W",70,,"W  ",,1,,2,,8,
"250190390","KRAKÓW-OBSERWATORIUM          ","2025","07","24","12",27.2,,18.4,,"W","W",42,,"N  ",,3,,7,,8,
"250190390","KRAKÓW-OBSERWATORIUM          ","2025","07","24","18",23.5,,18.7,,"W","W",63,,"C  ",,0,,7,,8,
"250190390","KRAKÓW-OBSERWATORIUM          ","2025","07","25","06",18.8,,18.4,,"W","W",96,,"SW ",,1,,8,,8,
"250190390","KRAKÓW-OBSERWATORIUM          ","2025","07","25","12",23.4,,20.1,,"W","W",74,,"NNW",,2,,7,,8,
"250190390","KRAKÓW-OBSERWATORIUM          ","2025","07","25","18",23.2,,19.1,,"W","W",68,,"NW ",,1,,6,,8,
"250190390","KRAKÓW-OBSERWATORIUM          ","2025","07","26","06",20.5,,18.7,,"W","W",84,,"W  ",,1,,7,,7,
"250190390","KRAKÓW-OBSERWATORIUM          ","2025","07","26","12",20.9,,19.8,,"W","W",90,,"SSW",,1,,8,,7,
"250190390","KRAKÓW-OBSERWATORIUM          ","2025","07","26","18",19.5,,19.0,,"W","W",95,,"NE ",,1,,7,,8,
"250190390","KRAKÓW-OBSERWATORIUM          ","2025","07","27","06",19.2,,17.9,,"W","W",88,,"C  ",,0,,8,,8,
"250190390","KRAKÓW-OBSERWATORIUM          ","2025","07","27","12",23.1,,19.9,,"W","W",74,,"N  ",,1,,8,,8,
"250190390","KRAKÓW-OBSERWATORIUM          ","2025","07","27","18",19.2,,19.1,,"W","W",99,,"NE ",,1,,8,,5,
"250190390","KRAKÓW-OBSERWATORIUM          ","2025","07","28","06",16.9,,16.5,,"W","W",96,,"W  ",,1,,8,,6,
"250190390","KRAKÓW-OBSERWATORIUM          ","2025","07","28","12",18.3,,17.1,,"W","W",89,,"WNW",,5,,8,,7,
"250190390","KRAKÓW-OBSERWATORIUM          ","2025","07","28","18",17.2,,15.9,,"W","W",87,,"W  ",,4,,8,,8,
"250190390","KRAKÓW-OBSERWATORIUM          ","2025","07","29","06",15.7,,14.6,,"W","W",89,,"WNW",,3,,3,,8,
"250190390","KRAKÓW-OBSERWATORIUM          ","2025","07","29","12",21.9,,15.4,,"W","W",49,,"NNW",,3,,6,,9,
"250190390","KRAKÓW-OBSERWATORIUM          ","2025","07","29","18",19.9,,15.3,,"W","W",61,,"NNW",,2,,6,,9,
"250190390","KRAKÓW-OBSERWATORIUM          ","2025","07","30","06",17.3,,14.5,,"W","W",74,,"W  ",,2,,2,,8,
"250190390","KRAKÓW-OBSERWATORIUM          ","2025","07","30","12",22.9,,15.7,,"W","W",46,,"NW ",,3,,6,,9,
"250190390","KRAKÓW-OBSERWATORIUM          ","2025","07","30","18",20.8,,15.4,,"W","W",56,,"NE ",,1,,3,,9,
"250190390","KRAKÓW-OBSERWATORIUM          ","2025","07","31","06",17.5,,14.5,,"W","W",72,,"W  ",,3,,7,,8,
"250190390","KRAKÓW-OBSERWATORIUM          ","2025","07","31","12",23.6,,16.4,,"W","W",47,,"W  ",,3,,7,,8,
"250190390","KRAKÓW-OBSERWATORIUM          ","2025","07","31","18",19.5,,15.1,,"W","W",62,,"NW ",,1,,4,,9,
"250210050","ŒWIÊTY KRZY¯                  ","2025","07","01","06",13.8,,10.8,,"W","W",69,,"NE ",,3,,,"8",,"8"
"250210050","ŒWIÊTY KRZY¯                  ","2025","07","01","12",21.6,,13.7,,"W","W",40,,"NE ",,4,,,"8",,"8"
"250210050","ŒWIÊTY KRZY¯                  ","2025","07","01","18",19.0,,13.2,,"W","W",51,,"NE ",,2,,,"8",,"8"
"250210050","ŒWIÊTY KRZY¯                  ","2025","07","02","06",20.9,,14.0,,"W","W",45,,"W  ",,1,,,"8",,"8"
"250210050","ŒWIÊTY KRZY¯                  ","2025","07","02","12",26.1,,16.0,,"W","W",33,,"N  ",,1,,,"8",,"8"
"250210050","ŒWIÊTY KRZY¯                  ","2025","07","02","18",23.1,,16.5,,"W","W",50,,"S  ",,3,,,"8",,"8"
"250210050","ŒWIÊTY KRZY¯                  ","2025","07","03","06",21.7,,15.9,,"W","W",54,,"SSW",,4,,,"8",,"8"
"250210050","ŒWIÊTY KRZY¯                  ","2025","07","03","12",30.3,,17.2,,"W","W",24,,"SW ",,4,,,"8",,"8"
"250210050","ŒWIÊTY KRZY¯                  ","2025","07","03","18",25.7,,18.7,,"W","W",51,,"N  ",,6,,,"8",,"8"
"250210050","ŒWIÊTY KRZY¯                  ","2025","07","04","06",12.3,,11.8,,"W","W",94,,"NNE",,4,,,"8",,"8"
"250210050","ŒWIÊTY KRZY¯                  ","2025","07","04","12",17.1,,12.9,,"W","W",61,,"NW ",,2,,,"8",,"8"
"250210050","ŒWIÊTY KRZY¯                  ","2025","07","04","18",15.7,,11.3,,"W","W",58,,"N  ",,3,,,"8",,"8"
"250210050","ŒWIÊTY KRZY¯                  ","2025","07","05","06",16.3,,11.5,,"W","W",55,,"S  ",,1,,,"8",,"8"
"250210050","ŒWIÊTY KRZY¯                  ","2025","07","05","12",20.6,,13.9,,"W","W",46,,"W  ",,2,,,"8",,"8"
"250210050","ŒWIÊTY KRZY¯                  ","2025","07","05","18",18.4,,13.1,,"W","W",54,,"S  ",,3,,,"8",,"8"
"250210050","ŒWIÊTY KRZY¯                  ","2025","07","06","06",19.9,,13.9,,"W","W",51,,"SW ",,5,,,"8",,"8"
"250210050","ŒWIÊTY KRZY¯                  ","2025","07","06","12",26.0,,16.3,,"W","W",35,,"SSW",,4,,,"8",,"8"
"250210050","ŒWIÊTY KRZY¯                  ","2025","07","06","18",23.1,,15.4,,"W","W",43,,"S  ",,4,,,"8",,"8"
"250210050","ŒWIÊTY KRZY¯                  ","2025","07","07","06",19.1,,16.3,,"W","W",75,,"SSW",,5,,,"8",,"8"
"250210050","ŒWIÊTY KRZY¯                  ","2025","07","07","12",17.9,,17.4,,"W","W",95,,"SSW",,4,,,"8",,"8"
"250210050","ŒWIÊTY KRZY¯                  ","2025","07","07","18",16.7,,16.5,,"W","W",98,,"NNW",,4,,,"8",,"8"
"250210050","ŒWIÊTY KRZY¯                  ","2025","07","08","06",17.0,,15.8,,"W","W",88,,"N  ",,1,,,"8",,"8"
"250210050","ŒWIÊTY KRZY¯                  ","2025","07","08","12",17.4,,16.3,,"W","W",89,,"S  ",,3,,,"8",,"8"
"250210050","ŒWIÊTY KRZY¯                  ","2025","07","08","18",17.9,,16.4,,"W","W",86,,"E  ",,2,,,"8",,"8"
"250210050","ŒWIÊTY KRZY¯                  ","2025","07","09","06",14.6,,14.6,,"W","W",100,,"N  ",,5,,,"8",,"8"
"250210050","ŒWIÊTY KRZY¯                  ","2025","07","09","12",12.5,,12.5,,"W","W",100,,"N  ",,7,,,"8",,"8"
"250210050","ŒWIÊTY KRZY¯                  ","2025","07","09","18",12.0,,12.0,,"W","W",100,,"NNE",,6,,,"8",,"8"
"250210050","ŒWIÊTY KRZY¯                  ","2025","07","10","06",11.0,,11.0,,"W","W",100,,"N  ",,6,,,"8",,"8"
"250210050","ŒWIÊTY KRZY¯                  ","2025","07","10","12",12.4,,12.4,,"W","W",100,,"N  ",,6,,,"8",,"8"
"250210050","ŒWIÊTY KRZY¯                  ","2025","07","10","18",14.4,,11.4,,"W","W",70,,"N  ",,5,,,"8",,"8"
"250210050","ŒWIÊTY KRZY¯                  ","2025","07","11","06",11.4,,10.2,,"W","W",86,,"W  ",,6,,,"8",,"8"
"250210050","ŒWIÊTY KRZY¯                  ","2025","07","11","12",14.7,,11.5,,"W","W",68,,"WNW",,5,,,"8",,"8"
"250210050","ŒWIÊTY KRZY¯                  ","2025","07","11","18",13.3,,12.0,,"W","W",86,,"W  ",,5,,,"8",,"8"
"250210050","ŒWIÊTY KRZY¯                  ","2025","07","12","06",11.6,,11.1,,"W","W",94,,"SSW",,4,,,"8",,"8"
"250210050","ŒWIÊTY KRZY¯                  ","2025","07","12","12",16.3,,14.1,,"W","W",79,,"SSW",,3,,,"8",,"8"
"250210050","ŒWIÊTY KRZY¯                  ","2025","07","12","18",17.0,,14.0,,"W","W",72,,"W  ",,3,,,"8",,"8"
"250210050","ŒWIÊTY KRZY¯                  ","2025","07","13","06",14.8,,13.2,,"W","W",84,,"SSW",,4,,,"8",,"8"
"250210050","ŒWIÊTY KRZY¯                  ","2025","07","13","12",21.2,,16.8,,"W","W",64,,"S  ",,2,,,"8",,"8"
"250210050","ŒWIÊTY KRZY¯                  ","2025","07","13","18",16.8,,14.6,,"W","W",79,,"SW ",,3,,,"8",,"8"
"250210050","ŒWIÊTY KRZY¯                  ","2025","07","14","06",16.0,,15.6,,"W","W",96,,"SW ",,7,,,"8",,"8"
"250210050","ŒWIÊTY KRZY¯                  ","2025","07","14","12",24.6,,17.2,,"W","W",47,,"WSW",,4,,,"8",,"8"
"250210050","ŒWIÊTY KRZY¯                  ","2025","07","14","18",20.0,,17.1,,"W","W",75,,"ENE",,2,,,"8",,"8"
"250210050","ŒWIÊTY KRZY¯                  ","2025","07","15","06",20.1,,16.1,,"W","W",66,,"NW ",,4,,,"8",,"8"
"250210050","ŒWIÊTY KRZY¯                  ","2025","07","15","12",23.7,,18.6,,"W","W",61,,"SSW",,2,,,"8",,"8"
"250210050","ŒWIÊTY KRZY¯                  ","2025","07","15","18",20.8,,16.6,,"W","W",65,,"WNW",,3,,,"8",,"8"
"250210050","ŒWIÊTY KRZY¯                  ","2025","07","16","06",15.0,,13.3,,"W","W",83,,"NW ",,7,,,"8",,"8"
"250210050","ŒWIÊTY KRZY¯                  ","2025","07","16","12",20.1,,14.3,,"W","W",52,,"NW ",,4,,,"8",,"8"
"250210050","ŒWIÊTY KRZY¯                  ","2025","07","16","18",18.0,,12.9,,"W","W",55,,"WNW",,3,,,"8",,"8"
"250210050","ŒWIÊTY KRZY¯                  ","2025","07","17","06",15.7,,12.5,,"W","W",69,,"NNW",,4,,,"8",,"8"
"250210050","ŒWIÊTY KRZY¯                  ","2025","07","17","12",16.6,,14.4,,"W","W",79,,"WSW",,1,,,"8",,"8"
"250210050","ŒWIÊTY KRZY¯                  ","2025","07","17","18",14.4,,12.8,,"W","W",83,,"NNW",,4,,,"8",,"8"
"250210050","ŒWIÊTY KRZY¯                  ","2025","07","18","06",14.0,,13.3,,"W","W",93,,"N  ",,3,,,"8",,"8"
"250210050","ŒWIÊTY KRZY¯                  ","2025","07","18","12",19.2,,16.0,,"W","W",72,,"NE ",,3,,,"8",,"8"
"250210050","ŒWIÊTY KRZY¯                  ","2025","07","18","18",18.0,,15.2,,"W","W",74,,"NNW",,3,,,"8",,"8"
"250210050","ŒWIÊTY KRZY¯                  ","2025","07","19","06",17.6,,15.0,,"W","W",76,,"NW ",,5,,,"8",,"8"
"250210050","ŒWIÊTY KRZY¯                  ","2025","07","19","12",17.9,,15.9,,"W","W",81,,"WNW",,4,,,"8",,"8"
"250210050","ŒWIÊTY KRZY¯                  ","2025","07","19","18",17.9,,16.3,,"W","W",85,,"W  ",,5,,,"8",,"8"
"250210050","ŒWIÊTY KRZY¯                  ","2025","07","20","06",18.0,,17.1,,"W","W",91,,"NW ",,4,,,"8",,"8"
"250210050","ŒWIÊTY KRZY¯                  ","2025","07","20","12",23.4,,18.2,,"W","W",60,,"NNW",,5,,,"8",,"8"
"250210050","ŒWIÊTY KRZY¯                  ","2025","07","20","18",20.8,,18.0,,"W","W",76,,"N  ",,3,,,"8",,"8"
"250210050","ŒWIÊTY KRZY¯                  ","2025","07","21","06",21.9,,18.1,,"W","W",69,,"W  ",,2,,,"8",,"8"
"250210050","ŒWIÊTY KRZY¯                  ","2025","07","21","12",26.1,,19.5,,"W","W",53,,"NE ",,1,,,"8",,"8"
"250210050","ŒWIÊTY KRZY¯                  ","2025","07","21","18",23.0,,18.0,,"W","W",61,,"S  ",,4,,,"8",,"8"
"250210050","ŒWIÊTY KRZY¯                  ","2025","07","22","06",14.4,,14.3,,"W","W",99,,"W  ",,7,,,"8",,"8"
"250210050","ŒWIÊTY KRZY¯                  ","2025","07","22","12",21.8,,16.7,,"W","W",59,,"W  ",,6,,,"8",,"8"
"250210050","ŒWIÊTY KRZY¯                  ","2025","07","22","18",21.0,,15.8,,"W","W",58,,"W  ",,4,,,"8",,"8"
"250210050","ŒWIÊTY KRZY¯                  ","2025","07","23","06",16.1,,13.6,,"W","W",76,,"W  ",,5,,,"8",,"8"
"250210050","ŒWIÊTY KRZY¯                  ","2025","07","23","12",21.1,,15.5,,"W","W",55,,"WSW",,5,,,"8",,"8"
"250210050","ŒWIÊTY KRZY¯                  ","2025","07","23","18",20.7,,15.1,,"W","W",54,,"W  ",,4,,,"8",,"8"
"250210050","ŒWIÊTY KRZY¯                  ","2025","07","24","06",20.2,,15.5,,"W","W",61,,"W  ",,3,,,"8",,"8"
"250210050","ŒWIÊTY KRZY¯                  ","2025","07","24","12",24.3,,17.0,,"W","W",47,,"WNW",,4,,,"8",,"8"
"250210050","ŒWIÊTY KRZY¯                  ","2025","07","24","18",21.3,,16.5,,"W","W",61,,"N  ",,4,,,"8",,"8"
"250210050","ŒWIÊTY KRZY¯                  ","2025","07","25","06",18.6,,16.2,,"W","W",78,,"NNE",,3,,,"8",,"8"
"250210050","ŒWIÊTY KRZY¯                  ","2025","07","25","12",20.9,,17.8,,"W","W",74,,"NW ",,1,,,"8",,"8"
"250210050","ŒWIÊTY KRZY¯                  ","2025","07","25","18",18.9,,16.1,,"W","W",75,,"W  ",,2,,,"8",,"8"
"250210050","ŒWIÊTY KRZY¯                  ","2025","07","26","06",19.9,,16.5,,"W","W",71,,"NNW",,1,,,"8",,"8"
"250210050","ŒWIÊTY KRZY¯                  ","2025","07","26","12",22.7,,18.0,,"W","W",63,,"SW ",,1,,,"8",,"8"
"250210050","ŒWIÊTY KRZY¯                  ","2025","07","26","18",18.4,,17.1,,"W","W",88,,"SW ",,5,,,"8",,"8"
"250210050","ŒWIÊTY KRZY¯                  ","2025","07","27","06",17.1,,16.6,,"W","W",95,,"NNE",,3,,,"8",,"8"
"250210050","ŒWIÊTY KRZY¯                  ","2025","07","27","12",21.1,,19.0,,"W","W",82,,"E  ",,1,,,"8",,"8"
"250210050","ŒWIÊTY KRZY¯                  ","2025","07","27","18",18.8,,18.8,,"W","W",100,,"WNW",,1,,,"8",,"8"
"250210050","ŒWIÊTY KRZY¯                  ","2025","07","28","06",16.1,,16.1,,"W","W",100,,"SSW",,6,,,"8",,"8"
"250210050","ŒWIÊTY KRZY¯                  ","2025","07","28","12",15.5,,15.5,,"W","W",100,,"SW ",,6,,,"8",,"8"
"250210050","ŒWIÊTY KRZY¯                  ","2025","07","28","18",15.7,,15.7,,"W","W",100,,"NW ",,5,,,"8",,"8"
"250210050","ŒWIÊTY KRZY¯                  ","2025","07","29","06",13.6,,13.6,,"W","W",100,,"NW ",,6,,,"8",,"8"
"250210050","ŒWIÊTY KRZY¯                  ","2025","07","29","12",18.6,,14.4,,"W","W",63,,"N  ",,5,,,"8",,"8"
"250210050","ŒWIÊTY KRZY¯                  ","2025","07","29","18",16.1,,13.4,,"W","W",74,,"NNW",,4,,,"8",,"8"
"250210050","ŒWIÊTY KRZY¯                  ","2025","07","30","06",16.3,,13.0,,"W","W",69,,"N  ",,3,,,"8",,"8"
"250210050","ŒWIÊTY KRZY¯                  ","2025","07","30","12",20.4,,14.3,,"W","W",50,,"NW ",,5,,,"8",,"8"
"250210050","ŒWIÊTY KRZY¯                  ","2025","07","30","18",17.6,,12.9,,"W","W",58,,"NW ",,2,,,"8",,"8"
"250210050","ŒWIÊTY KRZY¯                  ","2025","07","31","06",16.4,,12.5,,"W","W",63,,"WNW",,2,,,"8",,"8"
"250210050","ŒWIÊTY KRZY¯                  ","2025","07","31","12",18.3,,14.5,,"W","W",66,,"WSW",,3,,,"8",,"8"
"250210050","ŒWIÊTY KRZY¯                  ","2025","07","31","18",14.5,,13.9,,"W","W",94,,"WSW",,3,,,"8",,"8"
"250210130","STASZÓW                       ","2025","07","01","06",16.0,,,"8","W","N",,"8",,"8",,"8",0,,6,
"250210130","STASZÓW                       ","2025","07","01","12",23.5,,,"8","W","N",,"8",,"8",,"8",0,,6,
"250210130","STASZÓW                       ","2025","07","01","18",23.2,,,"8","W","N",,"8",,"8",,"8",0,,6,
"250210130","STASZÓW                       ","2025","07","02","06",19.5,,,"8","W","N",,"8",,"8",,"8",0,,6,
"250210130","STASZÓW                       ","2025","07","02","12",29.1,,,"8","W","N",,"8",,"8",,"8",0,,6,
"250210130","STASZÓW                       ","2025","07","02","18",27.2,,,"8","W","N",,"8",,"8",,"8",0,,6,
"250210130","STASZÓW                       ","2025","07","03","06",21.9,,,"8","W","N",,"8",,"8",,"8",0,,6,
"250210130","STASZÓW                       ","2025","07","03","12",23.7,,,"8","W","N",,"8",,"8",,"8",1,,6,
"250210130","STASZÓW                       ","2025","07","03","18",30.3,,,"8","W","N",,"8",,"8",,"8",7,,6,
"250210130","STASZÓW                       ","2025","07","04","06",14.2,,,"8","W","N",,"8",,"8",,"8",8,,6,
"250210130","STASZÓW                       ","2025","07","04","12",16.8,,,"8","W","N",,"8",,"8",,"8",8,,6,
"250210130","STASZÓW                       ","2025","07","04","18",20.0,,,"8","W","N",,"8",,"8",,"8",2,,6,
"250210130","STASZÓW                       ","2025","07","05","06",17.3,,,"8","W","N",,"8",,"8",,"8",0,,6,
"250210130","STASZÓW                       ","2025","07","05","12",23.3,,,"8","W","N",,"8",,"8",,"8",1,,6,
"250210130","STASZÓW                       ","2025","07","05","18",21.9,,,"8","W","N",,"8",,"8",,"8",1,,6,
"250210130","STASZÓW                       ","2025","07","06","06",18.6,,,"8","W","N",,"8",,"8",,"8",2,,6,
"250210130","STASZÓW                       ","2025","07","06","12",27.9,,,"8","W","N",,"8",,"8",,"8",3,,6,
"250210130","STASZÓW                       ","2025","07","06","18",27.4,,,"8","W","N",,"8",,"8",,"8",3,,6,
"250210130","STASZÓW                       ","2025","07","07","06",21.0,,,"8","W","N",,"8",,"8",,"8",8,,6,
"250210130","STASZÓW                       ","2025","07","07","12",21.0,,,"8","W","N",,"8",,"8",,"8",8,,6,
"250210130","STASZÓW                       ","2025","07","07","18",17.5,,,"8","W","N",,"8",,"8",,"8",8,,6,
"250210130","STASZÓW                       ","2025","07","08","06",14.9,,,"8","W","N",,"8",,"8",,"8",8,,1,
"250210130","STASZÓW                       ","2025","07","08","12",,"8",,"8",,"N",,"8",,"8",,"8",8,,6,
"250210130","STASZÓW                       ","2025","07","08","18",20.1,,,"8","W","N",,"8",,"8",,"8",8,,6,
"250210130","STASZÓW                       ","2025","07","09","06",16.4,,,"8","W","N",,"8",,"8",,"8",8,,6,
"250210130","STASZÓW                       ","2025","07","09","12",17.9,,,"8","W","N",,"8",,"8",,"8",8,,6,
"250210130","STASZÓW                       ","2025","07","09","18",14.1,,,"8","W","N",,"8",,"8",,"8",8,,6,
"250210130","STASZÓW                       ","2025","07","10","06",14.7,,,"8","W","N",,"8",,"8",,"8",8,,6,
"250210130","STASZÓW                       ","2025","07","10","12",16.6,,,"8","W","N",,"8",,"8",,"8",5,,6,
"250210130","STASZÓW                       ","2025","07","10","18",17.9,,,"8","W","N",,"8",,"8",,"8",5,,6,
"250210130","STASZÓW                       ","2025","07","11","06",15.9,,,"8","W","N",,"8",,"8",,"8",2,,6,
"250210130","STASZÓW                       ","2025","07","11","12",20.1,,,"8","W","N",,"8",,"8",,"8",7,,6,
"250210130","STASZÓW                       ","2025","07","11","18",15.2,,,"8","W","N",,"8",,"8",,"8",8,,6,
"250210130","STASZÓW                       ","2025","07","12","06",14.6,,,"8","W","N",,"8",,"8",,"8",8,,6,
"250210130","STASZÓW                       ","2025","07","12","12",20.5,,,"8","W","N",,"8",,"8",,"8",8,,6,
"250210130","STASZÓW                       ","2025","07","12","18",19.9,,,"8","W","N",,"8",,"8",,"8",8,,6,
"250210130","STASZÓW                       ","2025","07","13","06",16.1,,,"8","W","N",,"8",,"8",,"8",8,,6,
"250210130","STASZÓW                       ","2025","07","13","12",25.5,,,"8","W","N",,"8",,"8",,"8",3,,6,
"250210130","STASZÓW                       ","2025","07","13","18",18.4,,,"8","W","N",,"8",,"8",,"8",5,,6,
"250210130","STASZÓW                       ","2025","07","14","06",18.7,,,"8","W","N",,"8",,"8",,"8",1,,6,
"250210130","STASZÓW                       ","2025","07","14","12",27.1,,,"8","W","N",,"8",,"8",,"8",3,,6,
"250210130","STASZÓW                       ","2025","07","14","18",23.4,,,"8","W","N",,"8",,"8",,"8",3,,6,
"250210130","STASZÓW                       ","2025","07","15","06",18.9,,,"8","W","N",,"8",,"8",,"8",8,,6,
"250210130","STASZÓW                       ","2025","07","15","12",18.1,,,"8","W","N",,"8","SE ",,1,,8,,6,
"250210130","STASZÓW                       ","2025","07","15","18",19.4,,,"8","W","N",,"8","SW ",,1,,7,,6,
"250210130","STASZÓW                       ","2025","07","16","06",17.0,,,"8","W","N",,"8","WNW",,2,,8,,6,
"250210130","STASZÓW                       ","2025","07","16","12",22.6,,,"8","W","N",,"8","WNW",,4,,5,,6,
"250210130","STASZÓW                       ","2025","07","16","18",20.4,,,"8","W","N",,"8","NW ",,1,,2,,6,
"250210130","STASZÓW                       ","2025","07","17","06",16.1,,,"8","W","N",,"8","W  ",,1,,8,,6,
"250210130","STASZÓW                       ","2025","07","17","12",18.8,,,"8","W","N",,"8","NW ",,1,,8,,6,
"250210130","STASZÓW                       ","2025","07","17","18",16.6,,,"8","W","N",,"8","NW ",,1,,8,,6,
"250210130","STASZÓW                       ","2025","07","18","06",14.9,,,"8","W","N",,"8","WNW",,2,,6,,6,
"250210130","STASZÓW                       ","2025","07","18","12",19.7,,,"8","W","N",,"8","E  ",,1,,8,,6,
"250210130","STASZÓW                       ","2025","07","18","18",20.5,,,"8","W","N",,"8","C  ",,0,,3,,6,
"250210130","STASZÓW                       ","2025","07","19","06",16.9,,,"8","W","N",,"8","W  ",,2,,4,,6,
"250210130","STASZÓW                       ","2025","07","19","12",20.3,,,"8","W","N",,"8","C  ",,0,,8,,6,
"250210130","STASZÓW                       ","2025","07","19","18",20.4,,,"8","W","N",,"8","W  ",,1,,8,,6,
"250210130","STASZÓW                       ","2025","07","20","06",19.7,,,"8","W","N",,"8","W  ",,3,,4,,6,
"250210130","STASZÓW                       ","2025","07","20","12",26.7,,,"8","W","N",,"8","WNW",,4,,3,,6,
"250210130","STASZÓW                       ","2025","07","20","18",25.5,,,"8","W","N",,"8","NW ",,1,,1,,6,
"250210130","STASZÓW                       ","2025","07","21","06",22.5,,,"8","W","N",,"8","C  ",,0,,0,,6,
"250210130","STASZÓW                       ","2025","07","21","12",29.7,,,"8","W","N",,"8","SSW",,3,,4,,6,
"250210130","STASZÓW                       ","2025","07","21","18",26.9,,,"8","W","N",,"8","E  ",,1,,1,,6,
"250210130","STASZÓW                       ","2025","07","22","06",17.9,,,"8","W","N",,"8","W  ",,5,,8,,6,
"250210130","STASZÓW                       ","2025","07","22","12",25.7,,,"8","W","N",,"8","WSW",,6,,5,,6,
"250210130","STASZÓW                       ","2025","07","22","18",23.2,,,"8","W","N",,"8","WSW",,1,,5,,6,
"250210130","STASZÓW                       ","2025","07","23","06",19.3,,,"8","W","N",,"8","W  ",,3,,0,,6,
"250210130","STASZÓW                       ","2025","07","23","12",25.2,,,"8","W","N",,"8","WSW",,3,,4,,6,
"250210130","STASZÓW                       ","2025","07","23","18",24.9,,,"8","W","N",,"8","WSW",,1,,1,,6,
"250210130","STASZÓW                       ","2025","07","24","06",19.9,,,"8","W","N",,"8","S  ",,1,,1,,6,
"250210130","STASZÓW                       ","2025","07","24","12",28.9,,,"8","W","N",,"8","WSW",,4,,3,,6,
"250210130","STASZÓW                       ","2025","07","24","18",22.9,,,"8","W","N",,"8","SSW",,2,,7,,6,
"250210130","STASZÓW                       ","2025","07","25","06",18.9,,,"8","W","N",,"8","N  ",,1,,8,,6,
"250210130","STASZÓW                       ","2025","07","25","12",21.7,,,"8","W","N",,"8","NW ",,1,,8,,6,
"250210130","STASZÓW                       ","2025","07","25","18",22.1,,,"8","W","N",,"8","NNW",,1,,8,,6,
"250210130","STASZÓW                       ","2025","07","26","06",19.0,,,"8","W","N",,"8","WSW",,1,,8,,6,
"250210130","STASZÓW                       ","2025","07","26","12",25.3,,,"8","W","N",,"8","SSW",,1,,8,,6,
"250210130","STASZÓW                       ","2025","07","26","18",19.7,,,"8","W","N",,"8","N  ",,1,,8,,6,
"250210130","STASZÓW                       ","2025","07","27","06",19.1,,,"8","W","N",,"8","NE ",,2,,8,,6,
"250210130","STASZÓW                       ","2025","07","27","12",22.9,,,"8","W","N",,"8","SSE",,2,,8,,6,
"250210130","STASZÓW                       ","2025","07","27","18",21.6,,,"8","W","N",,"8","SSE",,2,,8,,6,
"250210130","STASZÓW                       ","2025","07","28","06",18.8,,,"8","W","N",,"8","SSW",,3,,8,,6,
"250210130","STASZÓW                       ","2025","07","28","12",18.3,,,"8","W","N",,"8","SW ",,4,,8,,6,
"250210130","STASZÓW                       ","2025","07","28","18",16.8,,,"8","W","N",,"8","WSW",,4,,8,,6,
"250210130","STASZÓW                       ","2025","07","29","06",15.4,,,"8","W","N",,"8","W  ",,2,,8,,6,
"250210130","STASZÓW                       ","2025","07","29","12",21.9,,,"8","W","N",,"8","WNW",,5,,4,,6,
"250210130","STASZÓW                       ","2025","07","29","18",20.1,,,"8","W","N",,"8","NW ",,2,,7,,6,
"250210130","STASZÓW                       ","2025","07","30","06",17.4,,,"8","W","N",,"8","W  ",,2,,2,,6,
"250210130","STASZÓW                       ","2025","07","30","12",22.9,,,"8","W","N",,"8","NW ",,3,,2,,6,
"250210130","STASZÓW                       ","2025","07","30","18",19.1,,,"8","W","N",,"8","C  ",,0,,1,,6,
"250210130","STASZÓW                       ","2025","07","31","06",13.9,,,"8","W","N",,"8","SSW",,2,,8,,6,
"250210130","STASZÓW                       ","2025","07","31","12",20.9,,,"8","W","N",,"8","WNW",,2,,8,,6,
"250210130","STASZÓW                       ","2025","07","31","18",17.3,,,"8","W","N",,"8","WNW",,1,,1,,6,
"250220120","JAROCIN                       ","2025","07","01","06",14.9,,,"8","W","W",,"8","W  ",,1,,1,,6,
"250220120","JAROCIN                       ","2025","07","01","12",22.6,,,"8","W","W",,"8","SSE",,3,,1,,6,
"250220120","JAROCIN                       ","2025","07","01","18",22.6,,,"8","W","W",,"8","SSE",,1,,1,,6,
"250220120","JAROCIN                       ","2025","07","02","06",20.4,,,"8","W","W",,"8","C  ",,0,,1,,6,
"250220120","JAROCIN                       ","2025","07","02","12",29.8,,,"8","W","W",,"8","SSW",,1,,1,,6,
"250220120","JAROCIN                       ","2025","07","02","18",28.4,,,"8","W","W",,"8","C  ",,0,,1,,6,
"250220120","JAROCIN                       ","2025","07","03","06",23.6,,,"8","W","W",,"8","SSE",,1,,1,,6,
"250220120","JAROCIN                       ","2025","07","03","12",34.0,,,"8","W","W",,"8","NNW",,3,,1,,6,
"250220120","JAROCIN                       ","2025","07","03","18",29.6,,,"8","W","W",,"8","NE ",,1,,3,,6,
"250220120","JAROCIN                       ","2025","07","04","06",13.9,,,"8","W","W",,"8","SSW",,1,,8,,4,
"250220120","JAROCIN                       ","2025","07","04","12",14.9,,,"8","W","W",,"8","S  ",,1,,8,,5,
"250220120","JAROCIN                       ","2025","07","04","18",18.2,,,"8","W","W",,"8","SSE",,1,,1,,6,
"250220120","JAROCIN                       ","2025","07","05","06",17.3,,,"8","W","W",,"8","SE ",,1,,1,,6,
"250220120","JAROCIN                       ","2025","07","05","12",23.4,,,"8","W","W",,"8","SW ",,1,,1,,6,
"250220120","JAROCIN                       ","2025","07","05","18",22.2,,,"8","W","W",,"8","SE ",,1,,1,,6,
"250220120","JAROCIN                       ","2025","07","06","06",19.4,,,"8","W","W",,"8","C  ",,0,,1,,6,
"250220120","JAROCIN                       ","2025","07","06","12",30.0,,,"8","W","W",,"8","SW ",,2,,3,,6,
"250220120","JAROCIN                       ","2025","07","06","18",26.8,,,"8","W","W",,"8","C  ",,0,,2,,6,
"250220120","JAROCIN                       ","2025","07","07","06",18.4,,,"8","W","W",,"8","SW ",,2,,6,,5,
"250220120","JAROCIN                       ","2025","07","07","12",22.6,,,"8","W","W",,"8","SSW",,3,,8,,6,
"250220120","JAROCIN                       ","2025","07","07","18",19.2,,,"8","W","W",,"8","NNW",,1,,8,,4,
"250220120","JAROCIN                       ","2025","07","08","06",16.5,,,"8","W","W",,"8","SE ",,1,,8,,5,
"250220120","JAROCIN                       ","2025","07","08","12",23.8,,,"8","W","W",,"8","E  ",,1,,3,,6,
"250220120","JAROCIN                       ","2025","07","08","18",20.8,,,"8","W","W",,"8","C  ",,0,,8,,6,
"250220120","JAROCIN                       ","2025","07","09","06",18.4,,,"8","W","W",,"8","SSE",,1,,8,,4,
"250220120","JAROCIN                       ","2025","07","09","12",17.1,,,"8","W","W",,"8","WSW",,5,,8,,4,
"250220120","JAROCIN                       ","2025","07","09","18",14.5,,,"8","W","W",,"8","NNW",,5,,8,,4,
"250220120","JAROCIN                       ","2025","07","10","06",13.3,,,"8","W","W",,"8","NW ",,4,,8,,4,
"250220120","JAROCIN                       ","2025","07","10","12",14.7,,,"8","W","W",,"8","WNW",,5,,8,,4,
"250220120","JAROCIN                       ","2025","07","10","18",17.3,,,"8","W","W",,"8","S  ",,2,,6,,6,
"250220120","JAROCIN                       ","2025","07","11","06",15.3,,,"8","W","W",,"8","NW ",,4,,1,,6,
"250220120","JAROCIN                       ","2025","07","11","12",17.1,,,"8","W","W",,"8","NW ",,2,,6,,6,
"250220120","JAROCIN                       ","2025","07","11","18",15.5,,,"8","W","W",,"8","C  ",,0,,3,,6,
"250220120","JAROCIN                       ","2025","07","12","06",15.3,,,"8","W","W",,"8","NW ",,1,,2,,6,
"250220120","JAROCIN                       ","2025","07","12","12",23.6,,,"8","W","W",,"8","NW ",,3,,8,,6,
"250220120","JAROCIN                       ","2025","07","12","18",18.0,,,"8","W","W",,"8","C  ",,0,,3,,6,
"250220120","JAROCIN                       ","2025","07","13","06",18.0,,,"8","W","W",,"8","WNW",,2,,4,,6,
"250220120","JAROCIN                       ","2025","07","13","12",25.6,,,"8","W","W",,"8","NW ",,1,,3,,6,
"250220120","JAROCIN                       ","2025","07","13","18",17.1,,,"8","W","W",,"8","WNW",,1,,8,,4,
"250220120","JAROCIN                       ","2025","07","14","06",19.6,,,"8","W","W",,"8","WNW",,1,,3,,6,
"250220120","JAROCIN                       ","2025","07","14","12",27.2,,,"8","W","W",,"8","NW ",,1,,3,,6,
"250220120","JAROCIN                       ","2025","07","14","18",21.0,,,"8","W","W",,"8","WNW",,1,,3,,6,
"250220120","JAROCIN                       ","2025","07","15","06",20.2,,,"8","W","W",,"8","NW ",,1,,3,,6,
"250220120","JAROCIN                       ","2025","07","15","12",25.4,,,"8","W","W",,"8","W  ",,2,,6,,6,
"250220120","JAROCIN                       ","2025","07","15","18",20.8,,,"8","W","W",,"8","C  ",,0,,8,,6,
"250220120","JAROCIN                       ","2025","07","16","06",18.0,,,"8","W","W",,"8","SW ",,3,,8,,6,
"250220120","JAROCIN                       ","2025","07","16","12",22.8,,,"8","W","W",,"8","WNW",,5,,6,,6,
"250220120","JAROCIN                       ","2025","07","16","18",20.6,,,"8","W","W",,"8","C  ",,0,,1,,6,
"250220120","JAROCIN                       ","2025","07","17","06",17.1,,,"8","W","W",,"8","WSW",,1,,8,,6,
"250220120","JAROCIN                       ","2025","07","17","12",16.5,,,"8","W","W",,"8","WNW",,2,,8,,5,
"250220120","JAROCIN                       ","2025","07","17","18",16.9,,,"8","W","W",,"8","WSW",,1,,8,,5,
"250220120","JAROCIN                       ","2025","07","18","06",15.1,,,"8","W","W",,"8","WNW",,1,,8,,4,
"250220120","JAROCIN                       ","2025","07","18","12",18.6,,,"8","W","W",,"8","SW ",,3,,8,,6,
"250220120","JAROCIN                       ","2025","07","18","18",17.5,,,"8","W","W",,"8","W  ",,1,,8,,5,
"250220120","JAROCIN                       ","2025","07","19","06",16.5,,,"8","W","W",,"8","W  ",,2,,8,,6,
"250220120","JAROCIN                       ","2025","07","19","12",17.1,,,"8","W","W",,"8","W  ",,2,,8,,5,
"250220120","JAROCIN                       ","2025","07","19","18",18.8,,,"8","W","W",,"8","C  ",,0,,6,,6,
"250220120","JAROCIN                       ","2025","07","20","06",19.2,,,"8","W","W",,"8","S  ",,3,,5,,4,
"250220120","JAROCIN                       ","2025","07","20","12",22.4,,,"8","W","W",,"8","WSW",,2,,5,,5,
"250220120","JAROCIN                       ","2025","07","20","18",23.6,,,"8","W","W",,"8","SSE",,1,,3,,6,
"250220120","JAROCIN                       ","2025","07","21","06",21.0,,,"8","W","W",,"8","C  ",,0,,1,,6,
"250220120","JAROCIN                       ","2025","07","21","12",28.6,,,"8","W","W",,"8","SW ",,1,,3,,6,
"250220120","JAROCIN                       ","2025","07","21","18",26.6,,,"8","W","W",,"8","C  ",,0,,1,,6,
"250220120","JAROCIN                       ","2025","07","22","06",20.2,,,"8","W","W",,"8","SW ",,5,,8,,6,
"250220120","JAROCIN                       ","2025","07","22","12",24.4,,,"8","W","W",,"8","SW ",,5,,3,,6,
"250220120","JAROCIN                       ","2025","07","22","18",23.6,,,"8","W","W",,"8","SW ",,1,,1,,6,
"250220120","JAROCIN                       ","2025","07","23","06",20.4,,,"8","W","W",,"8","SW ",,2,,1,,6,
"250220120","JAROCIN                       ","2025","07","23","12",25.4,,,"8","W","W",,"8","SW ",,4,,3,,6,
"250220120","JAROCIN                       ","2025","07","23","18",24.4,,,"8","W","W",,"8","C  ",,0,,1,,6,
"250220120","JAROCIN                       ","2025","07","24","06",20.6,,,"8","W","W",,"8","SW ",,2,,1,,6,
"250220120","JAROCIN                       ","2025","07","24","12",28.0,,,"8","W","W",,"8","SW ",,3,,3,,6,
"250220120","JAROCIN                       ","2025","07","24","18",24.6,,,"8","W","W",,"8","SW ",,2,,5,,6,
"250220120","JAROCIN                       ","2025","07","25","06",19.6,,,"8","W","W",,"8","SW ",,1,,6,,6,
"250220120","JAROCIN                       ","2025","07","25","12",25.2,,,"8","W","W",,"8","SSW",,2,,8,,6,
"250220120","JAROCIN                       ","2025","07","25","18",22.6,,,"8","W","W",,"8","C  ",,0,,1,,6,
"250220120","JAROCIN                       ","2025","07","26","06",20.0,,,"8","W","W",,"8","C  ",,0,,4,,6,
"250220120","JAROCIN                       ","2025","07","26","12",27.0,,,"8","W","W",,"8","C  ",,0,,8,,6,
"250220120","JAROCIN                       ","2025","07","26","18",20.8,,,"8","W","W",,"8","SSW",,1,,8,,6,
"250220120","JAROCIN                       ","2025","07","27","06",20.6,,,"8","W","W",,"8","C  ",,0,,8,,4,
"250220120","JAROCIN                       ","2025","07","27","12",23.8,,,"8","W","W",,"8","C  ",,0,,8,,4,
"250220120","JAROCIN                       ","2025","07","27","18",19.8,,,"8","W","W",,"8","SW ",,1,,8,,4,
"250220120","JAROCIN                       ","2025","07","28","06",19.6,,,"8","W","W",,"8","SW ",,3,,8,,6,
"250220120","JAROCIN                       ","2025","07","28","12",20.2,,,"8","W","W",,"8","SW ",,4,,8,,5,
"250220120","JAROCIN                       ","2025","07","28","18",17.3,,,"8","W","W",,"8","SSW",,4,,8,,6,
"250220120","JAROCIN                       ","2025","07","29","06",16.9,,,"8","W","W",,"8","SSW",,3,,8,,6,
"250220120","JAROCIN                       ","2025","07","29","12",22.2,,,"8","W","W",,"8","SSW",,4,,6,,6,
"250220120","JAROCIN                       ","2025","07","29","18",19.2,,,"8","W","W",,"8","SSW",,2,,6,,6,
"250220120","JAROCIN                       ","2025","07","30","06",16.9,,,"8","W","W",,"8","SSW",,3,,2,,6,
"250220120","JAROCIN                       ","2025","07","30","12",21.8,,,"8","W","W",,"8","SSW",,4,,8,,6,
"250220120","JAROCIN                       ","2025","07","30","18",19.6,,,"8","W","W",,"8","C  ",,0,,1,,6,
"250220120","JAROCIN                       ","2025","07","31","06",14.9,,,"8","W","W",,"8","C  ",,0,,8,,6,
"250220120","JAROCIN                       ","2025","07","31","12",22.4,,,"8","W","W",,"8","SW ",,3,,3,,6,
"250220120","JAROCIN                       ","2025","07","31","18",17.5,,,"8","W","W",,"8","C  ",,0,,1,,6,
"250240010","STRZY¯ÓW                      ","2025","07","01","06",14.1,,,"8","W","W",,"8",,"8",,"8",1,,8,
"250240010","STRZY¯ÓW                      ","2025","07","01","12",22.9,,,"8","W","W",,"8",,"8",,"8",1,,8,
"250240010","STRZY¯ÓW                      ","2025","07","01","18",20.9,,,"8","W","W",,"8",,"8",,"8",1,,8,
"250240010","STRZY¯ÓW                      ","2025","07","02","06",18.5,,,"8","W","W",,"8",,"8",,"8",1,,8,
"250240010","STRZY¯ÓW                      ","2025","07","02","12",30.9,,,"8","W","W",,"8",,"8",,"8",1,,8,
"250240010","STRZY¯ÓW                      ","2025","07","02","18",21.9,,,"8","W","W",,"8",,"8",,"8",1,,8,
"250240010","STRZY¯ÓW                      ","2025","07","03","06",20.3,,,"8","W","W",,"8",,"8",,"8",1,,8,
"250240010","STRZY¯ÓW                      ","2025","07","03","12",30.5,,,"8","W","W",,"8",,"8",,"8",1,,7,
"250240010","STRZY¯ÓW                      ","2025","07","03","18",24.9,,,"8","W","W",,"8",,"8",,"8",1,,8,
"250240010","STRZY¯ÓW                      ","2025","07","04","06",18.5,,,"8","W","W",,"8",,"8",,"8",7,,7,
"250240010","STRZY¯ÓW                      ","2025","07","04","12",21.3,,,"8","W","W",,"8",,"8",,"8",8,,7,
"250240010","STRZY¯ÓW                      ","2025","07","04","18",19.3,,,"8","W","W",,"8",,"8",,"8",2,,8,
"250240010","STRZY¯ÓW                      ","2025","07","05","06",14.7,,,"8","W","W",,"8",,"8",,"8",1,,8,
"250240010","STRZY¯ÓW                      ","2025","07","05","12",22.3,,,"8","W","W",,"8",,"8",,"8",1,,8,
"250240010","STRZY¯ÓW                      ","2025","07","05","18",21.9,,,"8","W","W",,"8",,"8",,"8",1,,8,
"250240010","STRZY¯ÓW                      ","2025","07","06","06",16.3,,,"8","W","W",,"8",,"8",,"8",1,,8,
"250240010","STRZY¯ÓW                      ","2025","07","06","12",28.5,,,"8","W","W",,"8",,"8",,"8",1,,8,
"250240010","STRZY¯ÓW                      ","2025","07","06","18",24.9,,,"8","W","W",,"8",,"8",,"8",1,,8,
"250240010","STRZY¯ÓW                      ","2025","07","07","06",21.1,,,"8","W","W",,"8",,"8",,"8",1,,8,
"250240010","STRZY¯ÓW                      ","2025","07","07","12",29.3,,,"8","W","W",,"8",,"8",,"8",6,,8,
"250240010","STRZY¯ÓW                      ","2025","07","07","18",21.9,,,"8","W","W",,"8",,"8",,"8",8,,5,
"250240010","STRZY¯ÓW                      ","2025","07","08","06",18.5,,,"8","W","W",,"8",,"8",,"8",6,,8,
"250240010","STRZY¯ÓW                      ","2025","07","08","12",23.7,,,"8","W","W",,"8",,"8",,"8",2,,8,
"250240010","STRZY¯ÓW                      ","2025","07","08","18",22.5,,,"8","W","W",,"8",,"8",,"8",8,,7,
"250240010","STRZY¯ÓW                      ","2025","07","09","06",17.5,,,"8","W","W",,"8",,"8",,"8",6,,7,
"250240010","STRZY¯ÓW                      ","2025","07","09","12",23.3,,,"8","W","W",,"8",,"8",,"8",2,,7,
"250240010","STRZY¯ÓW                      ","2025","07","09","18",21.9,,,"8","W","W",,"8",,"8",,"8",8,,7,
"250240010","STRZY¯ÓW                      ","2025","07","10","06",14.9,,,"8","W","W",,"8",,"8",,"8",8,,6,
"250240010","STRZY¯ÓW                      ","2025","07","10","12",15.5,,,"8","W","W",,"8",,"8",,"8",8,,6,
"250240010","STRZY¯ÓW                      ","2025","07","10","18",15.1,,,"8","W","W",,"8",,"8",,"8",8,,5,
"250240010","STRZY¯ÓW                      ","2025","07","11","06",13.5,,,"8","W","W",,"8",,"8",,"8",4,,8,
"250240010","STRZY¯ÓW                      ","2025","07","11","12",20.1,,,"8","W","W",,"8",,"8",,"8",1,,8,
"250240010","STRZY¯ÓW                      ","2025","07","11","18",17.1,,,"8","W","W",,"8",,"8",,"8",4,,8,
"250240010","STRZY¯ÓW                      ","2025","07","12","06",16.9,,,"8","W","W",,"8",,"8",,"8",1,,8,
"250240010","STRZY¯ÓW                      ","2025","07","12","12",23.9,,,"8","W","W",,"8",,"8",,"8",1,,8,
"250240010","STRZY¯ÓW                      ","2025","07","12","18",18.1,,,"8","W","W",,"8",,"8",,"8",1,,8,
"250240010","STRZY¯ÓW                      ","2025","07","13","06",16.1,,,"8","W","W",,"8",,"8",,"8",1,,8,
"250240010","STRZY¯ÓW                      ","2025","07","13","12",23.9,,,"8","W","W",,"8",,"8",,"8",1,,8,
"250240010","STRZY¯ÓW                      ","2025","07","13","18",21.3,,,"8","W","W",,"8",,"8",,"8",6,,7,
"250240010","STRZY¯ÓW                      ","2025","07","14","06",18.9,,,"8","W","W",,"8",,"8",,"8",1,,8,
"250240010","STRZY¯ÓW                      ","2025","07","14","12",25.3,,,"8","W","W",,"8",,"8",,"8",1,,8,
"250240010","STRZY¯ÓW                      ","2025","07","14","18",18.9,,,"8","W","W",,"8",,"8",,"8",4,,8,
"250240010","STRZY¯ÓW                      ","2025","07","15","06",14.5,,,"8","W","W",,"8",,"8",,"8",1,,8,
"250240010","STRZY¯ÓW                      ","2025","07","15","12",26.3,,,"8","W","W",,"8",,"8",,"8",1,,8,
"250240010","STRZY¯ÓW                      ","2025","07","15","18",20.9,,,"8","W","W",,"8",,"8",,"8",1,,8,
"250240010","STRZY¯ÓW                      ","2025","07","16","06",18.9,,,"8","W","W",,"8",,"8",,"8",1,,8,
"250240010","STRZY¯ÓW                      ","2025","07","16","12",22.9,,,"8","W","W",,"8",,"8",,"8",1,,8,
"250240010","STRZY¯ÓW                      ","2025","07","16","18",17.1,,,"8","W","W",,"8",,"8",,"8",1,,8,
"250240010","STRZY¯ÓW                      ","2025","07","17","06",17.9,,,"8","W","W",,"8",,"8",,"8",1,,8,
"250240010","STRZY¯ÓW                      ","2025","07","17","12",23.7,,,"8","W","W",,"8",,"8",,"8",2,,8,
"250240010","STRZY¯ÓW                      ","2025","07","17","18",18.9,,,"8","W","W",,"8",,"8",,"8",4,,8,
"250240010","STRZY¯ÓW                      ","2025","07","18","06",16.9,,,"8","W","W",,"8",,"8",,"8",7,,7,
"250240010","STRZY¯ÓW                      ","2025","07","18","12",24.7,,,"8","W","W",,"8",,"8",,"8",1,,8,
"250240010","STRZY¯ÓW                      ","2025","07","18","18",22.7,,,"8","W","W",,"8",,"8",,"8",2,,8,
"250240010","STRZY¯ÓW                      ","2025","07","19","06",16.3,,,"8","W","W",,"8",,"8",,"8",8,,6,
"250240010","STRZY¯ÓW                      ","2025","07","19","12",25.3,,,"8","W","W",,"8",,"8",,"8",7,,7,
"250240010","STRZY¯ÓW                      ","2025","07","19","18",16.9,,,"8","W","W",,"8",,"8",,"8",4,,7,
"250240010","STRZY¯ÓW                      ","2025","07","20","06",17.5,,,"8","W","W",,"8",,"8",,"8",6,,7,
"250240010","STRZY¯ÓW                      ","2025","07","20","12",24.5,,,"8","W","W",,"8",,"8",,"8",4,,7,
"250240010","STRZY¯ÓW                      ","2025","07","20","18",18.6,,,"8","W","W",,"8",,"8",,"8",2,,8,
"250240010","STRZY¯ÓW                      ","2025","07","21","06",18.7,,,"8","W","W",,"8",,"8",,"8",8,,6,
"250240010","STRZY¯ÓW                      ","2025","07","21","12",26.7,,,"8","W","W",,"8",,"8",,"8",4,,6,
"250240010","STRZY¯ÓW                      ","2025","07","21","18",22.9,,,"8","W","W",,"8",,"8",,"8",4,,7,
"250240010","STRZY¯ÓW                      ","2025","07","22","06",19.7,,,"8","W","W",,"8",,"8",,"8",7,,7,
"250240010","STRZY¯ÓW                      ","2025","07","22","12",23.9,,,"8","W","W",,"8",,"8",,"8",2,,8,
"250240010","STRZY¯ÓW                      ","2025","07","22","18",19.7,,,"8","W","W",,"8",,"8",,"8",1,,8,
"250240010","STRZY¯ÓW                      ","2025","07","23","06",19.5,,,"8","W","W",,"8",,"8",,"8",1,,8,
"250240010","STRZY¯ÓW                      ","2025","07","23","12",24.7,,,"8","W","W",,"8",,"8",,"8",1,,8,
"250240010","STRZY¯ÓW                      ","2025","07","23","18",18.9,,,"8","W","W",,"8",,"8",,"8",1,,8,
"250240010","STRZY¯ÓW                      ","2025","07","24","06",20.1,,,"8","W","W",,"8",,"8",,"8",1,,8,
"250240010","STRZY¯ÓW                      ","2025","07","24","12",26.3,,,"8","W","W",,"8",,"8",,"8",1,,8,
"250240010","STRZY¯ÓW                      ","2025","07","24","18",23.1,,,"8","W","W",,"8",,"8",,"8",2,,8,
"250240010","STRZY¯ÓW                      ","2025","07","25","06",18.1,,,"8","W","W",,"8",,"8",,"8",8,,6,
"250240010","STRZY¯ÓW                      ","2025","07","25","12",25.1,,,"8","W","W",,"8",,"8",,"8",2,,8,
"250240010","STRZY¯ÓW                      ","2025","07","25","18",19.9,,,"8","W","W",,"8",,"8",,"8",1,,8,
"250240010","STRZY¯ÓW                      ","2025","07","26","06",18.9,,,"8","W","W",,"8",,"8",,"8",6,,7,
"250240010","STRZY¯ÓW                      ","2025","07","26","12",25.7,,,"8","W","W",,"8",,"8",,"8",4,,8,
"250240010","STRZY¯ÓW                      ","2025","07","26","18",22.3,,,"8","W","W",,"8",,"8",,"8",6,,8,
"250240010","STRZY¯ÓW                      ","2025","07","27","06",19.1,,,"8","W","W",,"8",,"8",,"8",7,,7,
"250240010","STRZY¯ÓW                      ","2025","07","27","12",23.3,,,"8","W","W",,"8",,"8",,"8",4,,8,
"250240010","STRZY¯ÓW                      ","2025","07","27","18",20.3,,,"8","W","W",,"8",,"8",,"8",6,,8,
"250240010","STRZY¯ÓW                      ","2025","07","28","06",20.1,,,"8","W","W",,"8",,"8",,"8",2,,8,
"250240010","STRZY¯ÓW                      ","2025","07","28","12",25.5,,,"8","W","W",,"8",,"8",,"8",4,,8,
"250240010","STRZY¯ÓW                      ","2025","07","28","18",20.1,,,"8","W","W",,"8",,"8",,"8",1,,8,
"250240010","STRZY¯ÓW                      ","2025","07","29","06",17.1,,,"8","W","W",,"8",,"8",,"8",6,,8,
"250240010","STRZY¯ÓW                      ","2025","07","29","12",22.1,,,"8","W","W",,"8",,"8",,"8",2,,8,
"250240010","STRZY¯ÓW                      ","2025","07","29","18",19.1,,,"8","W","W",,"8",,"8",,"8",6,,8,
"250240010","STRZY¯ÓW                      ","2025","07","30","06",18.3,,,"8","W","W",,"8",,"8",,"8",2,,8,
"250240010","STRZY¯ÓW                      ","2025","07","30","12",22.3,,,"8","W","W",,"8",,"8",,"8",1,,8,
"250240010","STRZY¯ÓW                      ","2025","07","30","18",18.9,,,"8","W","W",,"8",,"8",,"8",4,,8,
"250240010","STRZY¯ÓW                      ","2025","07","31","06",15.9,,,"8","W","W",,"8",,"8",,"8",1,,8,
"250240010","STRZY¯ÓW                      ","2025","07","31","12",23.3,,,"8","W","W",,"8",,"8",,"8",2,,8,
"250240010","STRZY¯ÓW                      ","2025","07","31","18",18.9,,,"8","W","W",,"8",,"8",,"8",4,,8,
"251160320","RADZYÑ                        ","2025","07","01","06",18.3,,14.7,,"W","W",68,,"SSE",,1,,0,,8,
"251160320","RADZYÑ                        ","2025","07","01","12",27.5,,17.9,,"W","W",38,,"NE ",,2,,0,,8,
"251160320","RADZYÑ                        ","2025","07","01","18",28.0,,18.1,,"W","W",37,,"SE ",,2,,0,,8,
"251160320","RADZYÑ                        ","2025","07","02","06",23.1,,16.3,,"W","W",49,,"SSE",,2,,0,,8,
"251160320","RADZYÑ                        ","2025","07","02","12",33.1,,20.6,,"W","W",31,,"SE ",,2,,0,,8,
"251160320","RADZYÑ                        ","2025","07","02","18",31.9,,20.2,,"W","W",33,,"SE ",,2,,0,,8,
"251160320","RADZYÑ                        ","2025","07","03","06",26.7,,20.0,,"W","W",53,,"W  ",,2,,5,,8,
"251160320","RADZYÑ                        ","2025","07","03","12",25.2,,20.1,,"W","W",62,,"NW ",,3,,7,,8,
"251160320","RADZYÑ                        ","2025","07","03","18",21.6,,18.7,,"W","W",76,,"SSW",,1,,6,,8,
"251160320","RADZYÑ                        ","2025","07","04","06",16.3,,13.0,,"W","W",69,,"NNW",,1,,1,,8,
"251160320","RADZYÑ                        ","2025","07","04","12",22.8,,14.9,,"W","W",41,,"NNW",,4,,4,,8,
"251160320","RADZYÑ                        ","2025","07","04","18",22.5,,14.7,,"W","W",42,,"NNW",,1,,2,,8,
"251160320","RADZYÑ                        ","2025","07","05","06",19.4,,13.7,,"W","W",52,,"SSE",,2,,2,,8,
"251160320","RADZYÑ                        ","2025","07","05","12",28.7,,18.6,,"W","W",37,,"S  ",,3,,2,,8,
"251160320","RADZYÑ                        ","2025","07","05","18",28.1,,16.5,,"W","W",28,,"W  ",,2,,2,,8,
"251160320","RADZYÑ                        ","2025","07","06","06",20.7,,15.3,,"W","W",56,,"ENE",,1,,6,,8,
"251160320","RADZYÑ                        ","2025","07","06","12",30.3,,18.6,,"W","W",31,,"SSW",,3,,3,,8,
"251160320","RADZYÑ                        ","2025","07","06","18",28.3,,17.2,,"W","W",31,,"WNW",,2,,7,,8,
"251160320","RADZYÑ                        ","2025","07","07","06",18.7,,14.8,,"W","W",66,,"WSW",,1,,8,,7,
"251160320","RADZYÑ                        ","2025","07","07","12",22.3,,16.8,,"W","W",57,,"SW ",,2,,8,,8,
"251160320","RADZYÑ                        ","2025","07","07","18",22.9,,17.1,,"W","W",55,,"S  ",,2,,6,,8,
"251160320","RADZYÑ                        ","2025","07","08","06",15.9,,15.1,,"W","W",92,,"W  ",,1,,8,,7,
"251160320","RADZYÑ                        ","2025","07","08","12",15.5,,14.8,,"W","W",93,,"WNW",,2,,8,,7,
"251160320","RADZYÑ                        ","2025","07","08","18",19.1,,14.7,,"W","W",62,,"W  ",,1,,8,,8,
"251160320","RADZYÑ                        ","2025","07","09","06",16.0,,14.1,,"W","W",81,,"WNW",,3,,7,,8,
"251160320","RADZYÑ                        ","2025","07","09","12",19.3,,15.8,,"W","W",69,,"WNW",,3,,7,,8,
"251160320","RADZYÑ                        ","2025","07","09","18",17.8,,15.9,,"W","W",82,,"W  ",,2,,7,,8,
"251160320","RADZYÑ                        ","2025","07","10","06",17.0,,15.0,,"W","W",81,,"NW ",,2,,2,,8,
"251160320","RADZYÑ                        ","2025","07","10","12",21.1,,16.1,,"W","W",59,,"N  ",,6,,8,,8,
"251160320","RADZYÑ                        ","2025","07","10","18",17.6,,14.6,,"W","W",72,,"NW ",,2,,7,,7,
"251160320","RADZYÑ                        ","2025","07","11","06",16.6,,14.2,,"W","W",77,,"W  ",,2,,7,,8,
"251160320","RADZYÑ                        ","2025","07","11","12",18.2,,15.0,,"W","W",71,,"W  ",,3,,8,,7,
"251160320","RADZYÑ                        ","2025","07","11","18",14.5,,14.2,,"W","W",97,,"WSW",,2,,8,,6,
"251160320","RADZYÑ                        ","2025","07","12","06",14.4,,14.2,,"W","W",98,,"WSW",,2,,8,,6,
"251160320","RADZYÑ                        ","2025","07","12","12",16.7,,15.8,,"W","W",91,,"S  ",,2,,8,,7,
"251160320","RADZYÑ                        ","2025","07","12","18",17.4,,16.2,,"W","W",88,,"SSE",,2,,7,,7,
"251160320","RADZYÑ                        ","2025","07","13","06",16.1,,14.8,,"W","W",87,,"SE ",,3,,8,,8,
"251160320","RADZYÑ                        ","2025","07","13","12",20.6,,17.6,,"W","W",74,,"SSE",,2,,7,,8,
"251160320","RADZYÑ                        ","2025","07","13","18",19.6,,18.7,,"W","W",92,,"SSE",,2,,4,,8,
"251160320","RADZYÑ                        ","2025","07","14","06",18.2,,17.5,,"W","W",93,,"S  ",,1,,5,,8,
"251160320","RADZYÑ                        ","2025","07","14","12",27.0,,19.8,,"W","W",51,,"SSW",,2,,7,,8,
"251160320","RADZYÑ                        ","2025","07","14","18",24.9,,18.5,,"W","W",54,,"C  ",,0,,3,,8,
"251160320","RADZYÑ                        ","2025","07","15","06",20.6,,18.2,,"W","W",79,,"SW ",,2,,6,,7,
"251160320","RADZYÑ                        ","2025","07","15","12",22.2,,19.3,,"W","W",76,,"SW ",,2,,7,,7,
"251160320","RADZYÑ                        ","2025","07","15","18",19.3,,17.4,,"W","W",83,,"WNW",,2,,8,,8,
"251160320","RADZYÑ                        ","2025","07","16","06",16.1,,14.6,,"W","W",85,,"W  ",,2,,3,,7,
"251160320","RADZYÑ                        ","2025","07","16","12",21.8,,16.3,,"W","W",56,,"W  ",,2,,7,,7,
"251160320","RADZYÑ                        ","2025","07","16","18",18.5,,14.7,,"W","W",66,,"WSW",,2,,6,,8,
"251160320","RADZYÑ                        ","2025","07","17","06",14.7,,13.6,,"W","W",89,,"SW ",,1,,8,,7,
"251160320","RADZYÑ                        ","2025","07","17","12",18.4,,17.1,,"W","W",88,,"E  ",,1,,8,,8,
"251160320","RADZYÑ                        ","2025","07","17","18",16.9,,15.5,,"W","W",86,,"SW ",,2,,8,,8,
"251160320","RADZYÑ                        ","2025","07","18","06",16.3,,15.5,,"W","W",92,,"SE ",,1,,8,,7,
"251160320","RADZYÑ                        ","2025","07","18","12",19.8,,17.1,,"W","W",76,,"N  ",,1,,8,,8,
"251160320","RADZYÑ                        ","2025","07","18","18",20.2,,17.7,,"W","W",78,,"C  ",,0,,4,,8,
"251160320","RADZYÑ                        ","2025","07","19","06",19.3,,17.1,,"W","W",80,,"NNW",,3,,3,,8,
"251160320","RADZYÑ                        ","2025","07","19","12",24.5,,19.7,,"W","W",64,,"NW ",,2,,7,,8,
"251160320","RADZYÑ                        ","2025","07","19","18",23.5,,20.2,,"W","W",74,,"N  ",,1,,6,,7,
"251160320","RADZYÑ                        ","2025","07","20","06",21.4,,19.3,,"W","W",82,,"NE ",,1,,3,,7,
"251160320","RADZYÑ                        ","2025","07","20","12",28.5,,21.1,,"W","W",51,,"NE ",,1,,5,,8,
"251160320","RADZYÑ                        ","2025","07","20","18",28.3,,22.2,,"W","W",59,,"ENE",,2,,6,,8,
"251160320","RADZYÑ                        ","2025","07","21","06",22.3,,19.1,,"W","W",74,,"NE ",,1,,7,,8,
"251160320","RADZYÑ                        ","2025","07","21","12",29.9,,21.6,,"W","W",47,,"E  ",,3,,6,,8,
"251160320","RADZYÑ                        ","2025","07","21","18",21.2,,19.7,,"W","W",87,,"SW ",,3,,8,,8,
"251160320","RADZYÑ                        ","2025","07","22","06",16.3,,15.7,,"W","W",94,,"SSW",,2,,6,,8,
"251160320","RADZYÑ                        ","2025","07","22","12",22.9,,18.3,,"W","W",64,,"WSW",,3,,7,,7,
"251160320","RADZYÑ                        ","2025","07","22","18",16.7,,16.3,,"W","W",96,,"SSW",,1,,7,,8,
"251160320","RADZYÑ                        ","2025","07","23","06",16.5,,15.5,,"W","W",90,,"S  ",,2,,8,,7,
"251160320","RADZYÑ                        ","2025","07","23","12",21.6,,18.4,,"W","W",73,,"NNE",,1,,6,,7,
"251160320","RADZYÑ                        ","2025","07","23","18",19.7,,18.7,,"W","W",91,,"SSW",,1,,7,,8,
"251160320","RADZYÑ                        ","2025","07","24","06",19.5,,17.1,,"W","W",79,,"WNW",,2,,6,,8,
"251160320","RADZYÑ                        ","2025","07","24","12",23.8,,18.3,,"W","W",58,,"W  ",,2,,7,,8,
"251160320","RADZYÑ                        ","2025","07","24","18",22.7,,19.5,,"W","W",74,,"NW ",,1,,7,,8,
"251160320","RADZYÑ                        ","2025","07","25","06",18.6,,17.4,,"W","W",89,,"S  ",,1,,8,,8,
"251160320","RADZYÑ                        ","2025","07","25","12",22.5,,19.6,,"W","W",76,,"WNW",,3,,7,,8,
"251160320","RADZYÑ                        ","2025","07","25","18",23.6,,19.8,,"W","W",70,,"WNW",,1,,2,,8,
"251160320","RADZYÑ                        ","2025","07","26","06",18.6,,18.1,,"W","W",95,,"NNW",,1,,8,,7,
"251160320","RADZYÑ                        ","2025","07","26","12",23.2,,19.3,,"W","W",69,,"NNW",,2,,7,,8,
"251160320","RADZYÑ                        ","2025","07","26","18",21.8,,18.4,,"W","W",72,,"NNW",,2,,7,,8,
"251160320","RADZYÑ                        ","2025","07","27","06",18.1,,17.2,,"W","W",91,,"NW ",,2,,8,,7,
"251160320","RADZYÑ                        ","2025","07","27","12",21.7,,18.1,,"W","W",70,,"NNW",,1,,8,,8,
"251160320","RADZYÑ                        ","2025","07","27","18",21.4,,18.4,,"W","W",75,,"WNW",,1,,7,,8,
"251160320","RADZYÑ                        ","2025","07","28","06",16.9,,15.7,,"W","W",88,,"NW ",,2,,7,,7,
"251160320","RADZYÑ                        ","2025","07","28","12",23.4,,18.4,,"W","W",61,,"NNW",,3,,8,,8,
"251160320","RADZYÑ                        ","2025","07","28","18",19.7,,16.6,,"W","W",73,,"W  ",,2,,7,,8,
"251160320","RADZYÑ                        ","2025","07","29","06",17.2,,14.9,,"W","W",78,,"W  ",,3,,2,,7,
"251160320","RADZYÑ                        ","2025","07","29","12",22.6,,15.8,,"W","W",48,,"WSW",,4,,6,,8,
"251160320","RADZYÑ                        ","2025","07","29","18",20.6,,14.9,,"W","W",54,,"W  ",,2,,5,,8,
"251160320","RADZYÑ                        ","2025","07","30","06",15.3,,13.2,,"W","W",79,,"S  ",,1,,4,,8,
"251160320","RADZYÑ                        ","2025","07","30","12",22.8,,15.2,,"W","W",43,,"SW ",,3,,4,,8,
"251160320","RADZYÑ                        ","2025","07","30","18",20.1,,16.1,,"W","W",66,,"S  ",,2,,3,,8,
"251160320","RADZYÑ                        ","2025","07","31","06",16.7,,14.4,,"W","W",78,,"WSW",,2,,7,,8,
"251160320","RADZYÑ                        ","2025","07","31","12",17.1,,14.0,,"W","W",71,,"WSW",,3,,7,,7,
"251160320","RADZYÑ                        ","2025","07","31","18",16.1,,15.0,,"W","W",89,,"S  ",,1,,7,,8,
"251190050","PUCZNIEW                      ","2025","07","01","06",16.6,,,"8",,,,"8",,"8",,"8",0,,7,
"251190050","PUCZNIEW                      ","2025","07","01","18",26.8,,,"8",,,,"8",,"8",,"8",0,,7,
"251190050","PUCZNIEW                      ","2025","07","02","06",20.8,,,"8",,,,"8",,"8",,"8",0,,7,
"251190050","PUCZNIEW                      ","2025","07","02","18",29.7,,,"8",,,,"8",,"8",,"8",0,,7,
"251190050","PUCZNIEW                      ","2025","07","03","06",25.2,,,"8",,,,"8",,"8",,"8",0,,7,
"251190050","PUCZNIEW                      ","2025","07","03","18",22.6,,,"8",,,,"8",,"8",,"8",6,,7,
"251190050","PUCZNIEW                      ","2025","07","04","06",17.1,,,"8",,,,"8",,"8",,"8",2,,7,
"251190050","PUCZNIEW                      ","2025","07","04","18",20.8,,,"8",,,,"8",,"8",,"8",0,,7,
"251190050","PUCZNIEW                      ","2025","07","05","06",18.9,,,"8",,,,"8",,"8",,"8",0,,7,
"251190050","PUCZNIEW                      ","2025","07","05","18",22.8,,,"8",,,,"8",,"8",,"8",4,,7,
"251190050","PUCZNIEW                      ","2025","07","06","06",18.6,,,"8",,,,"8",,"8",,"8",6,,7,
"251190050","PUCZNIEW                      ","2025","07","06","18",28.7,,,"8",,,,"8",,"8",,"8",4,,7,
"251190050","PUCZNIEW                      ","2025","07","07","06",16.9,,,"8",,,,"8",,"8",,"8",8,,7,
"251190050","PUCZNIEW                      ","2025","07","07","18",18.2,,,"8",,,,"8",,"8",,"8",7,,7,
"251190050","PUCZNIEW                      ","2025","07","08","06",18.0,,,"8",,,,"8",,"8",,"8",7,,7,
"251190050","PUCZNIEW                      ","2025","07","08","18",15.4,,,"8",,,,"8",,"8",,"8",8,,7,
"251190050","PUCZNIEW                      ","2025","07","09","06",13.1,,,"8",,,,"8",,"8",,"8",8,,6,
"251190050","PUCZNIEW                      ","2025","07","09","18",15.5,,,"8",,,,"8",,"8",,"8",8,,6,
"251190050","PUCZNIEW                      ","2025","07","10","06",13.8,,,"8",,,,"8",,"8",,"8",7,,7,
"251190050","PUCZNIEW                      ","2025","07","10","18",18.3,,,"8",,,,"8",,"8",,"8",6,,7,
"251190050","PUCZNIEW                      ","2025","07","11","06",14.8,,,"8",,,,"8",,"8",,"8",7,,7,
"251190050","PUCZNIEW                      ","2025","07","11","18",15.2,,,"8",,,,"8",,"8",,"8",7,,7,
"251190050","PUCZNIEW                      ","2025","07","12","06",13.6,,,"8",,,,"8",,"8",,"8",8,,7,
"251190050","PUCZNIEW                      ","2025","07","12","18",19.7,,,"8",,,,"8",,"8",,"8",8,,7,
"251190050","PUCZNIEW                      ","2025","07","13","06",16.3,,,"8",,,,"8",,"8",,"8",8,,7,
"251190050","PUCZNIEW                      ","2025","07","13","18",18.9,,,"8",,,,"8",,"8",,"8",5,,7,
"251190050","PUCZNIEW                      ","2025","07","14","06",18.6,,,"8",,,,"8",,"8",,"8",4,,7,
"251190050","PUCZNIEW                      ","2025","07","14","18",24.3,,,"8",,,,"8",,"8",,"8",7,,7,
"251190050","PUCZNIEW                      ","2025","07","15","06",19.8,,,"8",,,,"8",,"8",,"8",4,,7,
"251190050","PUCZNIEW                      ","2025","07","15","18",22.5,,,"8",,,,"8",,"8",,"8",4,,7,
"251190050","PUCZNIEW                      ","2025","07","16","06",16.1,,,"8",,,,"8",,"8",,"8",7,,7,
"251190050","PUCZNIEW                      ","2025","07","16","18",20.8,,,"8",,,,"8",,"8",,"8",7,,7,
"251190050","PUCZNIEW                      ","2025","07","17","06",16.1,,,"8",,,,"8",,"8",,"8",7,,7,
"251190050","PUCZNIEW                      ","2025","07","17","18",16.1,,,"8",,,,"8",,"8",,"8",6,,7,
"251190050","PUCZNIEW                      ","2025","07","18","06",16.7,,,"8",,,,"8",,"8",,"8",7,,7,
"251190050","PUCZNIEW                      ","2025","07","18","18",21.6,,,"8",,,,"8",,"8",,"8",4,,7,
"251190050","PUCZNIEW                      ","2025","07","19","06",16.7,,,"8",,,,"8",,"8",,"8",7,,7,
"251190050","PUCZNIEW                      ","2025","07","19","18",20.8,,,"8",,,,"8",,"8",,"8",8,,7,
"251190050","PUCZNIEW                      ","2025","07","20","06",18.5,,,"8",,,,"8",,"8",,"8",8,,5,
"251190050","PUCZNIEW                      ","2025","07","20","18",27.6,,,"8",,,,"8",,"8",,"8",0,,7,
"251190050","PUCZNIEW                      ","2025","07","21","06",21.8,,,"8",,,,"8",,"8",,"8",0,,7,
"251190050","PUCZNIEW                      ","2025","07","21","18",26.8,,,"8",,,,"8",,"8",,"8",3,,7,
"251190050","PUCZNIEW                      ","2025","07","22","06",16.9,,,"8",,,,"8",,"8",,"8",7,,7,
"251190050","PUCZNIEW                      ","2025","07","22","18",21.8,,,"8",,,,"8",,"8",,"8",6,,7,
"251190050","PUCZNIEW                      ","2025","07","23","06",18.4,,,"8",,,,"8",,"8",,"8",3,,7,
"251190050","PUCZNIEW                      ","2025","07","23","18",19.7,,,"8",,,,"8",,"8",,"8",7,,7,
"251190050","PUCZNIEW                      ","2025","07","24","06",18.3,,,"8",,,,"8",,"8",,"8",7,,7,
"251190050","PUCZNIEW                      ","2025","07","24","18",22.7,,,"8",,,,"8",,"8",,"8",3,,7,
"251190050","PUCZNIEW                      ","2025","07","25","06",17.3,,,"8",,,,"8",,"8",,"8",6,,6,
"251190050","PUCZNIEW                      ","2025","07","25","18",23.3,,,"8",,,,"8",,"8",,"8",6,,7,
"251190050","PUCZNIEW                      ","2025","07","26","06",20.6,,,"8",,,,"8",,"8",,"8",1,,7,
"251190050","PUCZNIEW                      ","2025","07","26","18",23.1,,,"8",,,,"8",,"8",,"8",4,,7,
"251190050","PUCZNIEW                      ","2025","07","27","06",19.1,,,"8",,,,"8",,"8",,"8",8,,6,
"251190050","PUCZNIEW                      ","2025","07","27","18",21.6,,,"8",,,,"8",,"8",,"8",8,,6,
"251190050","PUCZNIEW                      ","2025","07","28","06",16.8,,,"8",,,,"8",,"8",,"8",8,,6,
"251190050","PUCZNIEW                      ","2025","07","28","18",16.6,,,"8",,,,"8",,"8",,"8",8,,6,
"251190050","PUCZNIEW                      ","2025","07","29","06",15.8,,,"8",,,,"8",,"8",,"8",6,,7,
"251190050","PUCZNIEW                      ","2025","07","29","18",20.4,,,"8",,,,"8",,"8",,"8",2,,7,
"251190050","PUCZNIEW                      ","2025","07","30","06",14.9,,,"8",,,,"8",,"8",,"8",0,,7,
"251190050","PUCZNIEW                      ","2025","07","30","18",20.5,,,"8",,,,"8",,"8",,"8",2,,7,
"251190050","PUCZNIEW                      ","2025","07","31","06",15.9,,,"8",,,,"8",,"8",,"8",7,,7,
"251190050","PUCZNIEW                      ","2025","07","31","18",14.3,,,"8",,,,"8",,"8",,"8",6,,7,
"251200030","SKIERNIEWICE                  ","2025","07","01","06",16.7,,12.0,,"W","W",57,,"SSW",,1,,0,,7,
"251200030","SKIERNIEWICE                  ","2025","07","01","12",23.9,,15.2,,"W","W",38,,"NW ",,2,,0,,7,
"251200030","SKIERNIEWICE                  ","2025","07","01","18",24.1,,15.0,,"W","W",36,,"NNW",,1,,0,,7,
"251200030","SKIERNIEWICE                  ","2025","07","02","06",21.9,,15.6,,"W","W",51,,"SSE",,1,,0,,7,
"251200030","SKIERNIEWICE                  ","2025","07","02","12",30.3,,17.8,,"W","W",27,,"SE ",,4,,0,,7,
"251200030","SKIERNIEWICE                  ","2025","07","02","18",26.5,,17.9,,"W","W",42,,"SE ",,2,,0,,7,
"251200030","SKIERNIEWICE                  ","2025","07","03","06",25.3,,17.8,,"W","W",47,,"SSE",,4,,0,,7,
"251200030","SKIERNIEWICE                  ","2025","07","03","12",34.9,,19.6,,"W","W",22,,"WSW",,7,,1,,7,
"251200030","SKIERNIEWICE                  ","2025","07","03","18",22.7,,18.2,,"W","W",64,,"WNW",,4,,8,,7,
"251200030","SKIERNIEWICE                  ","2025","07","04","06",16.6,,12.8,,"W","W",64,,"N  ",,1,,2,,7,
"251200030","SKIERNIEWICE                  ","2025","07","04","12",22.1,,13.4,,"W","W",35,,"NW ",,7,,4,,7,
"251200030","SKIERNIEWICE                  ","2025","07","04","18",20.3,,12.7,,"W","W",40,,"NW ",,2,,1,,7,
"251200030","SKIERNIEWICE                  ","2025","07","05","06",19.5,,13.2,,"W","W",48,,"S  ",,4,,1,,7,
"251200030","SKIERNIEWICE                  ","2025","07","05","12",25.5,,15.2,,"W","W",31,,"SSE",,4,,1,,7,
"251200030","SKIERNIEWICE                  ","2025","07","05","18",24.7,,15.1,,"W","W",34,,"S  ",,1,,2,,7,
"251200030","SKIERNIEWICE                  ","2025","07","06","06",21.7,,15.0,,"W","W",48,,"SSW",,1,,8,,7,
"251200030","SKIERNIEWICE                  ","2025","07","06","12",29.6,,18.2,,"W","W",31,,"WNW",,2,,7,,7,
"251200030","SKIERNIEWICE                  ","2025","07","06","18",27.0,,18.2,,"W","W",41,,"SSE",,1,,8,,7,
"251200030","SKIERNIEWICE                  ","2025","07","07","06",18.4,,16.6,,"W","W",83,,"WSW",,1,,8,,7,
"251200030","SKIERNIEWICE                  ","2025","07","07","12",22.5,,18.0,,"W","W",64,,"WSW",,2,,8,,7,
"251200030","SKIERNIEWICE                  ","2025","07","07","18",21.3,,17.0,,"W","W",65,,"WNW",,1,,8,,7,
"251200030","SKIERNIEWICE                  ","2025","07","08","06",19.1,,17.0,,"W","W",81,,"SW ",,2,,3,,7,
"251200030","SKIERNIEWICE                  ","2025","07","08","12",21.7,,17.6,,"W","W",67,,"NNW",,4,,8,,7,
"251200030","SKIERNIEWICE                  ","2025","07","08","18",17.0,,16.7,,"W","W",97,,"NNW",,1,,8,,6,
"251200030","SKIERNIEWICE                  ","2025","07","09","06",13.9,,13.6,,"W","W",97,,"NNW",,1,,8,,5,
"251200030","SKIERNIEWICE                  ","2025","07","09","12",14.7,,14.2,,"W","W",95,,"NNW",,4,,8,,6,
"251200030","SKIERNIEWICE                  ","2025","07","09","18",15.5,,15.2,,"W","W",97,,"WNW",,1,,8,,6,
"251200030","SKIERNIEWICE                  ","2025","07","10","06",13.9,,13.2,,"W","W",93,,"NNW",,2,,8,,6,
"251200030","SKIERNIEWICE                  ","2025","07","10","12",19.4,,15.2,,"W","W",64,,"NNW",,4,,6,,7,
"251200030","SKIERNIEWICE                  ","2025","07","10","18",17.7,,12.6,,"W","W",55,,"NNW",,2,,6,,7,
"251200030","SKIERNIEWICE                  ","2025","07","11","06",14.4,,12.4,,"W","W",79,,"NW ",,1,,8,,6,
"251200030","SKIERNIEWICE                  ","2025","07","11","12",18.0,,13.8,,"W","W",62,,"W  ",,4,,8,,7,
"251200030","SKIERNIEWICE                  ","2025","07","11","18",15.1,,12.9,,"W","W",78,,"WSW",,2,,8,,7,
"251200030","SKIERNIEWICE                  ","2025","07","12","06",14.1,,13.2,,"W","W",90,,"SSW",,2,,8,,7,
"251200030","SKIERNIEWICE                  ","2025","07","12","12",17.1,,15.9,,"W","W",88,,"S  ",,2,,8,,6,
"251200030","SKIERNIEWICE                  ","2025","07","12","18",18.9,,16.6,,"W","W",79,,"SSE",,4,,8,,6,
"251200030","SKIERNIEWICE                  ","2025","07","13","06",19.5,,15.9,,"W","W",69,,"SSW",,2,,7,,7,
"251200030","SKIERNIEWICE                  ","2025","07","13","12",22.2,,17.4,,"W","W",62,,"SSE",,2,,8,,7,
"251200030","SKIERNIEWICE                  ","2025","07","13","18",18.1,,16.8,,"W","W",88,,"SSE",,4,,8,,7,
"251200030","SKIERNIEWICE                  ","2025","07","14","06",18.8,,17.5,,"W","W",88,,"S  ",,1,,7,,6,
"251200030","SKIERNIEWICE                  ","2025","07","14","12",19.8,,17.4,,"W","W",79,,"ENE",,2,,5,,7,
"251200030","SKIERNIEWICE                  ","2025","07","14","18",22.7,,20.0,,"W","W",78,,"C  ",,0,,6,,7,
"251200030","SKIERNIEWICE                  ","2025","07","15","06",19.8,,17.1,,"W","W",76,,"W  ",,1,,4,,6,
"251200030","SKIERNIEWICE                  ","2025","07","15","12",25.1,,18.8,,"W","W",54,,"WNW",,2,,5,,7,
"251200030","SKIERNIEWICE                  ","2025","07","15","18",22.3,,18.0,,"W","W",66,,"WSW",,2,,7,,7,
"251200030","SKIERNIEWICE                  ","2025","07","16","06",16.7,,15.6,,"W","W",89,,"W  ",,2,,8,,7,
"251200030","SKIERNIEWICE                  ","2025","07","16","12",21.7,,15.2,,"W","W",49,,"WSW",,7,,5,,7,
"251200030","SKIERNIEWICE                  ","2025","07","16","18",20.9,,14.5,,"W","W",49,,"WSW",,1,,6,,7,
"251200030","SKIERNIEWICE                  ","2025","07","17","06",16.3,,14.4,,"W","W",81,,"NNW",,1,,6,,7,
"251200030","SKIERNIEWICE                  ","2025","07","17","12",20.5,,14.0,,"W","W",48,,"WNW",,2,,7,,7,
"251200030","SKIERNIEWICE                  ","2025","07","17","18",18.3,,15.0,,"W","W",70,,"WNW",,1,,6,,7,
"251200030","SKIERNIEWICE                  ","2025","07","18","06",15.2,,14.5,,"W","W",93,,"NW ",,1,,7,,7,
"251200030","SKIERNIEWICE                  ","2025","07","18","12",22.9,,16.9,,"W","W",54,,"WNW",,2,,6,,7,
"251200030","SKIERNIEWICE                  ","2025","07","18","18",21.0,,16.4,,"W","W",62,,"NW ",,1,,5,,7,
"251200030","SKIERNIEWICE                  ","2025","07","19","06",16.4,,15.9,,"W","W",95,,"WSW",,1,,8,,6,
"251200030","SKIERNIEWICE                  ","2025","07","19","12",22.3,,18.6,,"W","W",70,,"NW ",,1,,8,,7,
"251200030","SKIERNIEWICE                  ","2025","07","19","18",22.3,,19.1,,"W","W",74,,"N  ",,2,,7,,7,
"251200030","SKIERNIEWICE                  ","2025","07","20","06",17.7,,17.6,,"W","W",99,,"NW ",,2,,8,,3,
"251200030","SKIERNIEWICE                  ","2025","07","20","12",26.5,,20.6,,"W","W",58,,"WSW",,2,,4,,7,
"251200030","SKIERNIEWICE                  ","2025","07","20","18",23.2,,20.2,,"W","W",76,,"E  ",,1,,6,,7,
"251200030","SKIERNIEWICE                  ","2025","07","21","06",21.7,,19.7,,"W","W",83,,"SSE",,1,,2,,6,
"251200030","SKIERNIEWICE                  ","2025","07","21","12",29.1,,20.0,,"W","W",42,,"SSE",,2,,4,,7,
"251200030","SKIERNIEWICE                  ","2025","07","21","18",23.9,,19.6,,"W","W",67,,"E  ",,2,,3,,7,
"251200030","SKIERNIEWICE                  ","2025","07","22","06",16.9,,15.8,,"W","W",89,,"W  ",,4,,8,,7,
"251200030","SKIERNIEWICE                  ","2025","07","22","12",23.9,,17.4,,"W","W",52,,"W  ",,4,,4,,7,
"251200030","SKIERNIEWICE                  ","2025","07","22","18",22.6,,17.4,,"W","W",59,,"W  ",,2,,7,,7,
"251200030","SKIERNIEWICE                  ","2025","07","23","06",19.5,,15.7,,"W","W",67,,"SW ",,2,,3,,7,
"251200030","SKIERNIEWICE                  ","2025","07","23","12",22.3,,17.2,,"W","W",60,,"WSW",,2,,6,,7,
"251200030","SKIERNIEWICE                  ","2025","07","23","18",19.0,,17.8,,"W","W",89,,"SSE",,1,,7,,7,
"251200030","SKIERNIEWICE                  ","2025","07","24","06",19.0,,16.4,,"W","W",77,,"SW ",,2,,7,,7,
"251200030","SKIERNIEWICE                  ","2025","07","24","12",24.9,,18.2,,"W","W",52,,"W  ",,7,,7,,7,
"251200030","SKIERNIEWICE                  ","2025","07","24","18",22.8,,17.5,,"W","W",59,,"NNW",,2,,5,,7,
"251200030","SKIERNIEWICE                  ","2025","07","25","06",19.8,,17.5,,"W","W",80,,"NW ",,1,,8,,7,
"251200030","SKIERNIEWICE                  ","2025","07","25","12",23.9,,18.8,,"W","W",61,,"SW ",,2,,8,,7,
"251200030","SKIERNIEWICE                  ","2025","07","25","18",22.9,,18.3,,"W","W",64,,"WNW",,1,,6,,7,
"251200030","SKIERNIEWICE                  ","2025","07","26","06",21.5,,18.5,,"W","W",75,,"WNW",,2,,6,,7,
"251200030","SKIERNIEWICE                  ","2025","07","26","12",27.5,,19.8,,"W","W",48,,"N  ",,2,,6,,7,
"251200030","SKIERNIEWICE                  ","2025","07","26","18",23.5,,19.8,,"W","W",71,,"SSW",,4,,8,,7,
"251200030","SKIERNIEWICE                  ","2025","07","27","06",19.6,,18.4,,"W","W",89,,"NNE",,2,,8,,7,
"251200030","SKIERNIEWICE                  ","2025","07","27","12",23.3,,20.1,,"W","W",74,,"NNE",,2,,8,,7,
"251200030","SKIERNIEWICE                  ","2025","07","27","18",21.7,,19.8,,"W","W",84,,"NNW",,2,,8,,7,
"251200030","SKIERNIEWICE                  ","2025","07","28","06",19.0,,18.7,,"W","W",97,,"NNE",,2,,8,,5,
"251200030","SKIERNIEWICE                  ","2025","07","28","12",22.7,,20.6,,"W","W",83,,"NNW",,4,,7,,7,
"251200030","SKIERNIEWICE                  ","2025","07","28","18",17.4,,16.6,,"W","W",92,,"WNW",,2,,8,,7,
"251200030","SKIERNIEWICE                  ","2025","07","29","06",16.4,,14.6,,"W","W",82,,"NW ",,7,,8,,7,
"251200030","SKIERNIEWICE                  ","2025","07","29","12",20.3,,15.8,,"W","W",62,,"WNW",,7,,5,,7,
"251200030","SKIERNIEWICE                  ","2025","07","29","18",20.3,,15.2,,"W","W",58,,"WNW",,1,,7,,7,
"251200030","SKIERNIEWICE                  ","2025","07","30","06",16.2,,13.6,,"W","W",75,,"WNW",,1,,3,,7,
"251200030","SKIERNIEWICE                  ","2025","07","30","12",23.1,,15.6,,"W","W",44,,"WNW",,2,,4,,7,
"251200030","SKIERNIEWICE                  ","2025","07","30","18",20.6,,13.9,,"W","W",46,,"W  ",,1,,2,,7,
"251200030","SKIERNIEWICE                  ","2025","07","31","06",17.5,,14.4,,"W","W",71,,"S  ",,2,,8,,7,
"251200030","SKIERNIEWICE                  ","2025","07","31","12",20.0,,15.4,,"W","W",61,,"SSE",,2,,8,,7,
"251200030","SKIERNIEWICE                  ","2025","07","31","18",17.0,,13.6,,"W","W",68,,"SW ",,2,,7,,7,
"251210040","JARCZEW                       ","2025","07","01","06",16.3,,13.3,,"W","W",71,,"NW ",,3,,1,,7,
"251210040","JARCZEW                       ","2025","07","01","12",23.0,,16.7,,"W","W",52,,"NW ",,3,,1,,7,
"251210040","JARCZEW                       ","2025","07","01","18",21.9,,18.4,,"W","W",71,,"NW ",,2,,1,,7,
"251210040","JARCZEW                       ","2025","07","02","06",20.7,,17.2,,"W","W",70,,"NE ",,1,,1,,7,
"251210040","JARCZEW                       ","2025","07","02","12",27.9,,20.5,,"W","W",50,,"WNW",,3,,1,,7,
"251210040","JARCZEW                       ","2025","07","02","18",25.6,,22.4,,"W","W",76,,"C  ",,0,,1,,7,
"251210040","JARCZEW                       ","2025","07","03","06",25.0,,17.8,,"W","W",49,,"S  ",,4,,1,,7,
"251210040","JARCZEW                       ","2025","07","03","12",33.7,,20.9,,"W","W",30,,"SW ",,3,,1,,7,
"251210040","JARCZEW                       ","2025","07","03","18",26.9,,20.4,,"W","W",55,,"NW ",,5,,6,,7,
"251210040","JARCZEW                       ","2025","07","04","06",16.6,,14.2,,"W","W",77,,"NW ",,3,,2,,7,
"251210040","JARCZEW                       ","2025","07","04","12",21.2,,15.0,,"W","W",51,,"NW ",,4,,4,,7,
"251210040","JARCZEW                       ","2025","07","04","18",19.0,,15.1,,"W","W",66,,"WNW",,3,,3,,7,
"251210040","JARCZEW                       ","2025","07","05","06",17.4,,13.4,,"W","W",63,,"SSE",,3,,1,,7,
"251210040","JARCZEW                       ","2025","07","05","12",24.0,,17.1,,"W","W",49,,"W  ",,3,,1,,7,
"251210040","JARCZEW                       ","2025","07","05","18",22.4,,15.9,,"W","W",50,,"SSE",,2,,1,,7,
"251210040","JARCZEW                       ","2025","07","06","06",21.7,,15.4,,"W","W",51,,"SSW",,3,,6,,7,
"251210040","JARCZEW                       ","2025","07","06","12",29.3,,18.3,,"W","W",33,,"S  ",,4,,7,,7,
"251210040","JARCZEW                       ","2025","07","06","18",26.7,,20.1,,"W","W",54,,"SSE",,2,,7,,7,
"251210040","JARCZEW                       ","2025","07","07","06",20.0,,17.1,,"W","W",75,,"S  ",,2,,8,,7,
"251210040","JARCZEW                       ","2025","07","07","12",26.9,,21.8,,"W","W",64,,"WSW",,3,,7,,7,
"251210040","JARCZEW                       ","2025","07","07","18",19.3,,18.8,,"W","W",95,,"C  ",,0,,8,,7,
"251210040","JARCZEW                       ","2025","07","08","06",16.7,,16.5,,"W","W",98,,"WNW",,2,,8,,7,
"251210040","JARCZEW                       ","2025","07","08","12",23.8,,18.1,,"W","W",57,,"SE ",,3,,7,,7,
"251210040","JARCZEW                       ","2025","07","08","18",22.8,,21.0,,"W","W",85,,"C  ",,0,,8,,7,
"251210040","JARCZEW                       ","2025","07","09","06",15.9,,15.8,,"W","W",99,,"N  ",,2,,8,,7,
"251210040","JARCZEW                       ","2025","07","09","12",15.5,,15.3,,"W","W",98,,"NW ",,3,,8,,6,
"251210040","JARCZEW                       ","2025","07","09","18",15.3,,14.5,,"W","W",92,,"NW ",,3,,8,,7,
"251210040","JARCZEW                       ","2025","07","10","06",13.5,,13.2,,"W","W",97,,"NW ",,5,,8,,7,
"251210040","JARCZEW                       ","2025","07","10","12",17.7,,15.0,,"W","W",75,,"NW ",,6,,8,,7,
"251210040","JARCZEW                       ","2025","07","10","18",14.1,,13.3,,"W","W",92,,"NW ",,4,,8,,7,
"251210040","JARCZEW                       ","2025","07","11","06",15.3,,13.0,,"W","W",77,,"WNW",,6,,7,,7,
"251210040","JARCZEW                       ","2025","07","11","12",15.1,,13.9,,"W","W",88,,"W  ",,5,,8,,7,
"251210040","JARCZEW                       ","2025","07","11","18",16.3,,13.9,,"W","W",77,,"SW ",,2,,3,,7,
"251210040","JARCZEW                       ","2025","07","12","06",15.2,,13.2,,"W","W",80,,"S  ",,3,,7,,7,
"251210040","JARCZEW                       ","2025","07","12","12",22.5,,16.3,,"W","W",52,,"S  ",,3,,6,,7,
"251210040","JARCZEW                       ","2025","07","12","18",19.2,,15.0,,"W","W",64,,"SSE",,3,,7,,7,
"251210040","JARCZEW                       ","2025","07","13","06",18.3,,15.5,,"W","W",75,,"SE ",,4,,1,,7,
"251210040","JARCZEW                       ","2025","07","13","12",25.1,,19.0,,"W","W",56,,"SE ",,3,,7,,7,
"251210040","JARCZEW                       ","2025","07","13","18",23.7,,22.2,,"W","W",88,,"SSE",,3,,8,,7,
"251210040","JARCZEW                       ","2025","07","14","06",18.7,,17.8,,"W","W",92,,"WNW",,1,,3,,7,
"251210040","JARCZEW                       ","2025","07","14","12",25.6,,20.0,,"W","W",59,,"SSE",,2,,7,,7,
"251210040","JARCZEW                       ","2025","07","14","18",20.2,,19.6,,"W","W",95,,"C  ",,0,,3,,7,
"251210040","JARCZEW                       ","2025","07","15","06",19.3,,17.9,,"W","W",87,,"NW ",,3,,7,,7,
"251210040","JARCZEW                       ","2025","07","15","12",25.9,,20.8,,"W","W",63,,"WNW",,4,,7,,7,
"251210040","JARCZEW                       ","2025","07","15","18",22.6,,19.8,,"W","W",77,,"WNW",,3,,6,,7,
"251210040","JARCZEW                       ","2025","07","16","06",17.6,,16.6,,"W","W",90,,"W  ",,5,,8,,7,
"251210040","JARCZEW                       ","2025","07","16","12",18.7,,16.7,,"W","W",82,,"NW ",,5,,7,,7,
"251210040","JARCZEW                       ","2025","07","16","18",19.6,,18.0,,"W","W",86,,"C  ",,0,,4,,7,
"251210040","JARCZEW                       ","2025","07","17","06",17.3,,15.4,,"W","W",82,,"E  ",,2,,6,,7,
"251210040","JARCZEW                       ","2025","07","17","12",20.8,,18.2,,"W","W",78,,"W  ",,2,,7,,7,
"251210040","JARCZEW                       ","2025","07","17","18",19.5,,18.8,,"W","W",94,,"C  ",,0,,7,,7,
"251210040","JARCZEW                       ","2025","07","18","06",16.6,,15.8,,"W","W",92,,"WNW",,2,,8,,7,
"251210040","JARCZEW                       ","2025","07","18","12",23.2,,19.1,,"W","W",68,,"WNW",,3,,6,,7,
"251210040","JARCZEW                       ","2025","07","18","18",21.9,,18.1,,"W","W",69,,"NW ",,3,,6,,7,
"251210040","JARCZEW                       ","2025","07","19","06",15.4,,15.3,,"W","W",99,,"WSW",,2,,8,,6,
"251210040","JARCZEW                       ","2025","07","19","12",18.4,,18.0,,"W","W",96,,"WNW",,3,,8,,7,
"251210040","JARCZEW                       ","2025","07","19","18",21.1,,19.7,,"W","W",88,,"WNW",,3,,7,,7,
"251210040","JARCZEW                       ","2025","07","20","06",18.0,,17.9,,"W","W",99,,"WNW",,4,,8,,7,
"251210040","JARCZEW                       ","2025","07","20","12",23.8,,20.7,,"W","W",75,,"WNW",,4,,7,,7,
"251210040","JARCZEW                       ","2025","07","20","18",20.9,,20.1,,"W","W",93,,"WNW",,3,,6,,7,
"251210040","JARCZEW                       ","2025","07","21","06",18.9,,18.9,,"W","W",100,,"WNW",,1,,3,,7,
"251210040","JARCZEW                       ","2025","07","21","12",27.7,,23.2,,"W","W",68,,"NW ",,2,,3,,7,
"251210040","JARCZEW                       ","2025","07","21","18",24.6,,22.4,,"W","W",83,,"C  ",,0,,2,,7,
"251210040","JARCZEW                       ","2025","07","22","06",20.3,,19.7,,"W","W",95,,"W  ",,4,,8,,7,
"251210040","JARCZEW                       ","2025","07","22","12",23.7,,19.2,,"W","W",65,,"W  ",,7,,6,,7,
"251210040","JARCZEW                       ","2025","07","22","18",23.1,,19.8,,"W","W",74,,"W  ",,2,,5,,7,
"251210040","JARCZEW                       ","2025","07","23","06",18.7,,16.6,,"W","W",81,,"WNW",,3,,2,,7,
"251210040","JARCZEW                       ","2025","07","23","12",22.9,,19.2,,"W","W",70,,"WSW",,3,,8,,7,
"251210040","JARCZEW                       ","2025","07","23","18",20.1,,19.8,,"W","W",97,,"C  ",,0,,2,,7,
"251210040","JARCZEW                       ","2025","07","24","06",21.3,,18.6,,"W","W",77,,"W  ",,3,,1,,7,
"251210040","JARCZEW                       ","2025","07","24","12",25.7,,19.4,,"W","W",55,,"W  ",,4,,3,,7,
"251210040","JARCZEW                       ","2025","07","24","18",23.7,,20.3,,"W","W",73,,"NW ",,2,,2,,7,
"251210040","JARCZEW                       ","2025","07","25","06",18.0,,17.2,,"W","W",92,,"WNW",,1,,6,,7,
"251210040","JARCZEW                       ","2025","07","25","12",22.5,,20.0,,"W","W",79,,"WSW",,3,,8,,7,
"251210040","JARCZEW                       ","2025","07","25","18",22.2,,20.6,,"W","W",87,,"WNW",,1,,6,,7,
"251210040","JARCZEW                       ","2025","07","26","06",19.5,,18.9,,"W","W",94,,"WSW",,1,,7,,7,
"251210040","JARCZEW                       ","2025","07","26","12",26.9,,21.2,,"W","W",60,,"W  ",,2,,6,,7,
"251210040","JARCZEW                       ","2025","07","26","18",24.6,,21.6,,"W","W",77,,"C  ",,0,,7,,7,
"251210040","JARCZEW                       ","2025","07","27","06",20.2,,18.6,,"W","W",86,,"ESE",,3,,8,,7,
"251210040","JARCZEW                       ","2025","07","27","12",22.6,,20.0,,"W","W",79,,"E  ",,4,,7,,7,
"251210040","JARCZEW                       ","2025","07","27","18",21.5,,20.8,,"W","W",94,,"NNW",,1,,8,,7,
"251210040","JARCZEW                       ","2025","07","28","06",18.6,,18.3,,"W","W",97,,"SSE",,2,,8,,7,
"251210040","JARCZEW                       ","2025","07","28","12",20.5,,17.7,,"W","W",76,,"SSE",,4,,8,,7,
"251210040","JARCZEW                       ","2025","07","28","18",18.7,,18.1,,"W","W",94,,"SW ",,1,,8,,7,
"251210040","JARCZEW                       ","2025","07","29","06",15.6,,14.9,,"W","W",93,,"W  ",,4,,8,,7,
"251210040","JARCZEW                       ","2025","07","29","12",18.2,,16.3,,"W","W",82,,"WNW",,5,,8,,7,
"251210040","JARCZEW                       ","2025","07","29","18",18.4,,18.0,,"W","W",96,,"NW ",,1,,7,,7,
"251210040","JARCZEW                       ","2025","07","30","06",16.1,,15.3,,"W","W",92,,"NW ",,2,,3,,7,
"251210040","JARCZEW                       ","2025","07","30","12",22.0,,16.3,,"W","W",55,,"WNW",,5,,4,,7,
"251210040","JARCZEW                       ","2025","07","30","18",18.9,,17.8,,"W","W",90,,"WNW",,2,,1,,7,
"251210040","JARCZEW                       ","2025","07","31","06",16.5,,15.1,,"W","W",86,,"SW ",,1,,8,,7,
"251210040","JARCZEW                       ","2025","07","31","12",21.1,,16.8,,"W","W",65,,"SW ",,2,,8,,7,
"251210040","JARCZEW                       ","2025","07","31","18",17.5,,16.1,,"W","W",87,,"WNW",,2,,8,,7,
"252150120","GORZYÑ                        ","2025","07","01","06",9.7,,9.3,,"W","W",95,,"C  ",,0,,2,,7,
"252150120","GORZYÑ                        ","2025","07","01","12",30.4,,26.4,,"W","W",73,,"N  ",,1,,3,,7,
"252150120","GORZYÑ                        ","2025","07","01","18",28.8,,18.9,,"W","W",38,,"N  ",,1,,0,,7,
"252150120","GORZYÑ                        ","2025","07","02","06",16.4,,13.1,,"W","W",69,,"C  ",,0,,1,,7,
"252150120","GORZYÑ                        ","2025","07","02","12",34.0,,30.6,,"W","W",78,,"C  ",,0,,2,,7,
"252150120","GORZYÑ                        ","2025","07","02","18",29.4,,28.9,,"W","W",96,,"E  ",,1,,2,,7,
"252150120","GORZYÑ                        ","2025","07","03","06",22.2,,17.1,,"W","W",60,,"C  ",,0,,2,,7,
"252150120","GORZYÑ                        ","2025","07","03","12",24.0,,20.0,,"W","W",69,,"W  ",,1,,3,,7,
"252150120","GORZYÑ                        ","2025","07","03","18",19.0,,14.6,,"W","W",62,,"NW ",,1,,4,,7,
"252150120","GORZYÑ                        ","2025","07","04","06",11.7,,10.7,,"W","W",89,,"C  ",,0,,2,,7,
"252150120","GORZYÑ                        ","2025","07","04","12",24.0,,22.9,,"W","W",91,,"NW ",,1,,3,,7,
"252150120","GORZYÑ                        ","2025","07","04","18",21.4,,14.0,,"W","W",43,,"NW ",,1,,2,,7,
"252150120","GORZYÑ                        ","2025","07","05","06",20.8,,13.8,,"W","W",45,,"W  ",,1,,2,,7,
"252150120","GORZYÑ                        ","2025","07","05","12",26.0,,22.9,,"W","W",77,,"W  ",,2,,3,,7,
"252150120","GORZYÑ                        ","2025","07","05","18",25.8,,24.9,,"W","W",93,,"W  ",,2,,3,,7,
"252150120","GORZYÑ                        ","2025","07","06","06",21.0,,15.6,,"W","W",56,,"C  ",,0,,2,,7,
"252150120","GORZYÑ                        ","2025","07","06","12",28.8,,24.9,,"W","W",73,,"C  ",,0,,3,,7,
"252150120","GORZYÑ                        ","2025","07","06","18",24.0,,16.9,,"W","W",48,,"C  ",,0,,5,,7,
"252150120","GORZYÑ                        ","2025","07","07","06",18.8,,15.2,,"W","W",68,,"C  ",,0,,7,,7,
"252150120","GORZYÑ                        ","2025","07","07","12",23.0,,21.9,,"W","W",91,,"W  ",,1,,7,,7,
"252150120","GORZYÑ                        ","2025","07","07","18",20.3,,17.3,,"W","W",74,,"C  ",,0,,5,,7,
"252150120","GORZYÑ                        ","2025","07","08","06",16.2,,15.4,,"W","W",92,,"NW ",,2,,7,,7,
"252150120","GORZYÑ                        ","2025","07","08","12",20.9,,20.0,,"W","W",92,,"NW ",,2,,7,,7,
"252150120","GORZYÑ                        ","2025","07","08","18",19.0,,15.8,,"W","W",72,,"C  ",,0,,6,,7,
"252150120","GORZYÑ                        ","2025","07","09","06",15.7,,14.0,,"W","W",83,,"NW ",,4,,4,,7,
"252150120","GORZYÑ                        ","2025","07","09","12",22.7,,21.9,,"W","W",93,,"NW ",,2,,3,,7,
"252150120","GORZYÑ                        ","2025","07","09","18",18.6,,15.7,,"W","W",74,,"NW ",,1,,5,,7,
"252150120","GORZYÑ                        ","2025","07","10","06",17.0,,15.4,,"W","W",85,,"NW ",,4,,2,,7,
"252150120","GORZYÑ                        ","2025","07","10","12",24.0,,22.9,,"W","W",91,,"NW ",,2,,6,,7,
"252150120","GORZYÑ                        ","2025","07","10","18",20.1,,14.8,,"W","W",56,,"NW ",,2,,3,,7,
"252150120","GORZYÑ                        ","2025","07","11","06",14.9,,14.0,,"W","W",91,,"C  ",,0,,7,,7,
"252150120","GORZYÑ                        ","2025","07","11","12",19.5,,19.1,,"W","W",96,,"NW ",,2,,8,,7,
"252150120","GORZYÑ                        ","2025","07","11","18",14.3,,14.2,,"W","W",99,,"NW ",,1,,8,,7,
"252150120","GORZYÑ                        ","2025","07","12","06",14.9,,14.8,,"W","W",99,,"C  ",,0,,7,,7,
"252150120","GORZYÑ                        ","2025","07","12","12",18.0,,17.3,,"W","W",93,,"W  ",,2,,8,,7,
"252150120","GORZYÑ                        ","2025","07","12","18",16.8,,16.2,,"W","W",94,,"W  ",,1,,7,,7,
"252150120","GORZYÑ                        ","2025","07","13","06",15.7,,15.4,,"W","W",97,,"E  ",,2,,7,,7,
"252150120","GORZYÑ                        ","2025","07","13","12",21.2,,21.0,,"W","W",98,,"E  ",,2,,7,,7,
"252150120","GORZYÑ                        ","2025","07","13","18",19.8,,18.3,,"W","W",87,,"W  ",,1,,6,,7,
"252150120","GORZYÑ                        ","2025","07","14","06",16.8,,16.2,,"W","W",94,,"C  ",,0,,6,,7,
"252150120","GORZYÑ                        ","2025","07","14","12",27.0,,25.9,,"W","W",92,,"W  ",,1,,7,,7,
"252150120","GORZYÑ                        ","2025","07","14","18",20.4,,18.1,,"W","W",80,,"N  ",,1,,6,,7,
"252150120","GORZYÑ                        ","2025","07","15","06",19.0,,17.5,,"W","W",86,,"C  ",,0,,2,,7,
"252150120","GORZYÑ                        ","2025","07","15","12",24.1,,22.9,,"W","W",90,,"W  ",,2,,7,,7,
"252150120","GORZYÑ                        ","2025","07","15","18",18.6,,16.6,,"W","W",82,,"NW ",,1,,7,,7,
"252150120","GORZYÑ                        ","2025","07","16","06",15.5,,14.0,,"W","W",85,,"NW ",,2,,2,,7,
"252150120","GORZYÑ                        ","2025","07","16","12",23.0,,20.0,,"W","W",76,,"NW ",,1,,3,,7,
"252150120","GORZYÑ                        ","2025","07","16","18",19.0,,15.0,,"W","W",65,,"C  ",,0,,3,,7,
"252150120","GORZYÑ                        ","2025","07","17","06",15.9,,14.2,,"W","W",83,,"C  ",,0,,7,,7,
"252150120","GORZYÑ                        ","2025","07","17","12",17.3,,17.1,,"W","W",98,,"NW ",,1,,7,,7,
"252150120","GORZYÑ                        ","2025","07","17","18",16.2,,15.8,,"W","W",96,,"C  ",,0,,7,,7,
"252150120","GORZYÑ                        ","2025","07","18","06",16.2,,15.8,,"W","W",96,,"C  ",,0,,7,,7,
"252150120","GORZYÑ                        ","2025","07","18","12",22.5,,20.7,,"W","W",85,,"W  ",,1,,5,,7,
"252150120","GORZYÑ                        ","2025","07","18","18",21.0,,17.7,,"W","W",72,,"C  ",,0,,3,,7,
"252150120","GORZYÑ                        ","2025","07","19","06",18.6,,17.3,,"W","W",88,,"C  ",,0,,2,,7,
"252150120","GORZYÑ                        ","2025","07","19","12",28.0,,25.5,,"W","W",82,,"W  ",,1,,3,,7,
"252150120","GORZYÑ                        ","2025","07","19","18",21.6,,20.2,,"W","W",88,,"C  ",,0,,2,,7,
"252150120","GORZYÑ                        ","2025","07","20","06",18.4,,15.0,,"W","W",69,,"C  ",,0,,2,,7,
"252150120","GORZYÑ                        ","2025","07","20","12",30.0,,25.6,,"W","W",70,,"C  ",,0,,2,,7,
"252150120","GORZYÑ                        ","2025","07","20","18",26.8,,21.1,,"W","W",60,,"C  ",,0,,3,,7,
"252150120","GORZYÑ                        ","2025","07","21","06",22.8,,18.5,,"W","W",66,,"E  ",,4,,2,,7,
"252150120","GORZYÑ                        ","2025","07","21","12",30.0,,29.9,,"W","W",99,,"E  ",,2,,5,,7,
"252150120","GORZYÑ                        ","2025","07","21","18",24.0,,21.2,,"W","W",78,,"W  ",,2,,7,,7,
"252150120","GORZYÑ                        ","2025","07","22","06",16.6,,15.8,,"W","W",92,,"W  ",,2,,7,,7,
"252150120","GORZYÑ                        ","2025","07","22","12",23.5,,22.7,,"W","W",93,,"W  ",,1,,6,,7,
"252150120","GORZYÑ                        ","2025","07","22","18",19.8,,17.3,,"W","W",78,,"W  ",,1,,6,,7,
"252150120","GORZYÑ                        ","2025","07","23","06",16.6,,16.0,,"W","W",94,,"C  ",,0,,7,,7,
"252150120","GORZYÑ                        ","2025","07","23","12",19.0,,18.4,,"W","W",94,,"W  ",,2,,7,,7,
"252150120","GORZYÑ                        ","2025","07","23","18",17.8,,16.9,,"W","W",91,,"W  ",,4,,7,,7,
"252150120","GORZYÑ                        ","2025","07","24","06",18.8,,17.5,,"W","W",88,,"C  ",,0,,7,,7,
"252150120","GORZYÑ                        ","2025","07","24","12",22.0,,20.7,,"W","W",89,,"C  ",,0,,5,,7,
"252150120","GORZYÑ                        ","2025","07","24","18",21.8,,18.9,,"W","W",76,,"C  ",,0,,4,,7,
"252150120","GORZYÑ                        ","2025","07","25","06",17.6,,17.1,,"W","W",95,,"C  ",,0,,4,,7,
"252150120","GORZYÑ                        ","2025","07","25","12",25.7,,23.3,,"W","W",82,,"C  ",,0,,5,,7,
"252150120","GORZYÑ                        ","2025","07","25","18",23.2,,20.0,,"W","W",74,,"C  ",,0,,4,,7,
"252150120","GORZYÑ                        ","2025","07","26","06",19.0,,17.9,,"W","W",90,,"C  ",,0,,5,,7,
"252150120","GORZYÑ                        ","2025","07","26","12",24.2,,23.3,,"W","W",93,,"W  ",,1,,5,,7,
"252150120","GORZYÑ                        ","2025","07","26","18",21.8,,18.1,,"W","W",70,,"C  ",,0,,4,,7,
"252150120","GORZYÑ                        ","2025","07","27","06",18.8,,16.9,,"W","W",83,,"C  ",,0,,5,,7,
"252150120","GORZYÑ                        ","2025","07","27","12",24.0,,21.6,,"W","W",81,,"NW ",,1,,6,,7,
"252150120","GORZYÑ                        ","2025","07","27","18",22.0,,17.9,,"W","W",67,,"C  ",,0,,5,,7,
"252150120","GORZYÑ                        ","2025","07","28","06",15.1,,14.8,,"W","W",97,,"C  ",,0,,6,,7,
"252150120","GORZYÑ                        ","2025","07","28","12",21.7,,20.0,,"W","W",86,,"NW ",,2,,5,,7,
"252150120","GORZYÑ                        ","2025","07","28","18",19.8,,15.2,,"W","W",61,,"NW ",,1,,4,,7,
"252150120","GORZYÑ                        ","2025","07","29","06",16.4,,14.6,,"W","W",82,,"W  ",,2,,6,,7,
"252150120","GORZYÑ                        ","2025","07","29","12",22.2,,20.0,,"W","W",82,,"NW ",,2,,4,,7,
"252150120","GORZYÑ                        ","2025","07","29","18",19.6,,14.8,,"W","W",59,,"W  ",,4,,5,,7,
"252150120","GORZYÑ                        ","2025","07","30","06",15.5,,13.3,,"W","W",78,,"C  ",,0,,5,,7,
"252150120","GORZYÑ                        ","2025","07","30","12",24.0,,21.9,,"W","W",83,,"NW ",,1,,5,,7,
"252150120","GORZYÑ                        ","2025","07","30","18",22.0,,15.6,,"W","W",50,,"NW ",,1,,3,,7,
"252150120","GORZYÑ                        ","2025","07","31","06",17.2,,14.4,,"W","W",74,,"C  ",,0,,2,,7,
"252150120","GORZYÑ                        ","2025","07","31","12",21.0,,19.7,,"W","W",89,,"C  ",,0,,4,,7,
"252150120","GORZYÑ                        ","2025","07","31","18",16.4,,15.6,,"W","W",92,,"C  ",,0,,4,,7,
"252150270","BABIMOST                      ","2025","07","01","06",18.4,,15.0,,"W","W",69,,"SSE",,1,,0,,8,
"252150270","BABIMOST                      ","2025","07","01","12",27.5,,15.7,,"W","W",26,,"WNW",,2,,0,,8,
"252150270","BABIMOST                      ","2025","07","01","18",27.8,,18.3,,"W","W",39,,"ENE",,2,,0,,8,
"252150270","BABIMOST                      ","2025","07","02","06",21.6,,16.8,,"W","W",61,,"C  ",,0,,0,,8,
"252150270","BABIMOST                      ","2025","07","02","12",32.7,,17.2,,"W","W",18,,"E  ",,3,,0,,8,
"252150270","BABIMOST                      ","2025","07","02","18",32.5,,18.2,,"W","W",22,,"SE ",,3,,0,,8,
"252150270","BABIMOST                      ","2025","07","03","06",25.8,,18.6,,"W","W",49,,"W  ",,5,,6,,8,
"252150270","BABIMOST                      ","2025","07","03","12",22.2,,18.5,,"W","W",70,,"WNW",,5,,8,,8,
"252150270","BABIMOST                      ","2025","07","03","18",23.3,,16.0,,"W","W",46,,"NNW",,3,,3,,8,
"252150270","BABIMOST                      ","2025","07","04","06",16.7,,13.2,,"W","W",67,,"NE ",,3,,4,,8,
"252150270","BABIMOST                      ","2025","07","04","12",22.1,,14.3,,"W","W",41,,"NW ",,6,,4,,8,
"252150270","BABIMOST                      ","2025","07","04","18",22.0,,13.8,,"W","W",38,,"NNW",,3,,7,,8,
"252150270","BABIMOST                      ","2025","07","05","06",17.9,,12.2,,"W","W",50,,"SSW",,2,,4,,8,
"252150270","BABIMOST                      ","2025","07","05","12",28.2,,17.3,,"W","W",32,,"S  ",,5,,5,,8,
"252150270","BABIMOST                      ","2025","07","05","18",27.4,,16.4,,"W","W",30,,"W  ",,5,,3,,8,
"252150270","BABIMOST                      ","2025","07","06","06",20.7,,15.1,,"W","W",54,,"SW ",,2,,7,,8,
"252150270","BABIMOST                      ","2025","07","06","12",29.7,,18.1,,"W","W",31,,"SSW",,4,,6,,8,
"252150270","BABIMOST                      ","2025","07","06","18",27.3,,16.4,,"W","W",31,,"WSW",,4,,6,,8,
"252150270","BABIMOST                      ","2025","07","07","06",17.5,,15.4,,"W","W",80,,"SSW",,2,,8,,7,
"252150270","BABIMOST                      ","2025","07","07","12",21.0,,16.2,,"W","W",61,,"WSW",,4,,8,,8,
"252150270","BABIMOST                      ","2025","07","07","18",18.1,,15.4,,"W","W",75,,"NNW",,3,,7,,8,
"252150270","BABIMOST                      ","2025","07","08","06",15.8,,14.9,,"W","W",91,,"W  ",,3,,8,,7,
"252150270","BABIMOST                      ","2025","07","08","12",17.3,,14.8,,"W","W",77,,"W  ",,5,,8,,8,
"252150270","BABIMOST                      ","2025","07","08","18",19.9,,14.6,,"W","W",56,,"NW ",,3,,8,,8,
"252150270","BABIMOST                      ","2025","07","09","06",15.9,,13.8,,"W","W",79,,"E  ",,3,,7,,8,
"252150270","BABIMOST                      ","2025","07","09","12",18.6,,16.4,,"W","W",80,,"WNW",,6,,8,,8,
"252150270","BABIMOST                      ","2025","07","09","18",18.5,,15.6,,"W","W",74,,"W  ",,4,,6,,8,
"252150270","BABIMOST                      ","2025","07","10","06",17.0,,15.2,,"W","W",83,,"NW ",,4,,7,,7,
"252150270","BABIMOST                      ","2025","07","10","12",18.0,,14.4,,"W","W",67,,"NNE",,4,,7,,7,
"252150270","BABIMOST                      ","2025","07","10","18",18.6,,14.6,,"W","W",65,,"WNW",,3,,6,,8,
"252150270","BABIMOST                      ","2025","07","11","06",14.8,,13.3,,"W","W",85,,"SW ",,3,,7,,8,
"252150270","BABIMOST                      ","2025","07","11","12",17.2,,15.7,,"W","W",86,,"W  ",,4,,8,,8,
"252150270","BABIMOST                      ","2025","07","11","18",15.1,,14.6,,"W","W",95,,"WSW",,4,,8,,8,
"252150270","BABIMOST                      ","2025","07","12","06",14.4,,14.3,,"W","W",99,,"WSW",,4,,8,,5,
"252150270","BABIMOST                      ","2025","07","12","12",16.3,,15.8,,"W","W",95,,"SSW",,5,,8,,6,
"252150270","BABIMOST                      ","2025","07","12","18",16.9,,15.7,,"W","W",88,,"SSW",,4,,8,,8,
"252150270","BABIMOST                      ","2025","07","13","06",16.1,,15.3,,"W","W",92,,"SSE",,3,,8,,7,
"252150270","BABIMOST                      ","2025","07","13","12",20.3,,17.1,,"W","W",73,,"SE ",,4,,6,,8,
"252150270","BABIMOST                      ","2025","07","13","18",19.0,,18.1,,"W","W",92,,"SSE",,1,,5,,8,
"252150270","BABIMOST                      ","2025","07","14","06",16.7,,16.4,,"W","W",97,,"S  ",,1,,6,,7,
"252150270","BABIMOST                      ","2025","07","14","12",26.0,,19.1,,"W","W",52,,"WSW",,4,,7,,8,
"252150270","BABIMOST                      ","2025","07","14","18",24.6,,18.8,,"W","W",57,,"W  ",,3,,7,,8,
"252150270","BABIMOST                      ","2025","07","15","06",18.7,,17.5,,"W","W",89,,"WSW",,4,,6,,7,
"252150270","BABIMOST                      ","2025","07","15","12",22.4,,19.0,,"W","W",72,,"NNW",,2,,7,,8,
"252150270","BABIMOST                      ","2025","07","15","18",19.0,,16.6,,"W","W",78,,"W  ",,4,,7,,8,
"252150270","BABIMOST                      ","2025","07","16","06",16.9,,14.8,,"W","W",80,,"WSW",,4,,2,,8,
"252150270","BABIMOST                      ","2025","07","16","12",22.6,,15.4,,"W","W",46,,"WSW",,5,,6,,8,
"252150270","BABIMOST                      ","2025","07","16","18",17.0,,14.1,,"W","W",73,,"WSW",,2,,6,,8,
"252150270","BABIMOST                      ","2025","07","17","06",14.5,,13.4,,"W","W",89,,"WSW",,4,,7,,8,
"252150270","BABIMOST                      ","2025","07","17","12",19.6,,14.2,,"W","W",55,,"WSW",,4,,8,,8,
"252150270","BABIMOST                      ","2025","07","17","18",16.6,,15.8,,"W","W",92,,"SW ",,4,,8,,6,
"252150270","BABIMOST                      ","2025","07","18","06",16.4,,15.9,,"W","W",95,,"E  ",,3,,8,,6,
"252150270","BABIMOST                      ","2025","07","18","12",20.0,,16.8,,"W","W",72,,"WSW",,1,,7,,8,
"252150270","BABIMOST                      ","2025","07","18","18",21.0,,17.6,,"W","W",71,,"E  ",,2,,5,,8,
"252150270","BABIMOST                      ","2025","07","19","06",19.7,,17.4,,"W","W",80,,"WNW",,2,,2,,8,
"252150270","BABIMOST                      ","2025","07","19","12",26.2,,19.5,,"W","W",53,,"NW ",,4,,6,,8,
"252150270","BABIMOST                      ","2025","07","19","18",24.6,,20.0,,"W","W",65,,"ENE",,3,,6,,8,
"252150270","BABIMOST                      ","2025","07","20","06",20.4,,18.9,,"W","W",87,,"SSW",,1,,1,,8,
"252150270","BABIMOST                      ","2025","07","20","12",28.5,,20.7,,"W","W",49,,"NE ",,2,,3,,8,
"252150270","BABIMOST                      ","2025","07","20","18",28.1,,21.2,,"W","W",54,,"E  ",,2,,4,,8,
"252150270","BABIMOST                      ","2025","07","21","06",21.9,,18.7,,"W","W",74,,"E  ",,3,,7,,8,
"252150270","BABIMOST                      ","2025","07","21","12",30.4,,22.4,,"W","W",50,,"ESE",,4,,7,,8,
"252150270","BABIMOST                      ","2025","07","21","18",21.1,,20.2,,"W","W",92,,"WSW",,5,,8,,6,
"252150270","BABIMOST                      ","2025","07","22","06",16.6,,15.7,,"W","W",91,,"WSW",,5,,8,,7,
"252150270","BABIMOST                      ","2025","07","22","12",22.3,,17.7,,"W","W",63,,"WSW",,5,,6,,8,
"252150270","BABIMOST                      ","2025","07","22","18",18.4,,17.0,,"W","W",87,,"WSW",,4,,6,,8,
"252150270","BABIMOST                      ","2025","07","23","06",16.7,,16.2,,"W","W",95,,"SW ",,5,,8,,8,
"252150270","BABIMOST                      ","2025","07","23","12",20.6,,17.4,,"W","W",73,,"WSW",,3,,8,,8,
"252150270","BABIMOST                      ","2025","07","23","18",18.6,,18.0,,"W","W",94,,"WSW",,2,,7,,8,
"252150270","BABIMOST                      ","2025","07","24","06",18.7,,17.4,,"W","W",88,,"W  ",,4,,7,,8,
"252150270","BABIMOST                      ","2025","07","24","12",23.1,,18.6,,"W","W",65,,"WSW",,5,,7,,8,
"252150270","BABIMOST                      ","2025","07","24","18",21.9,,18.8,,"W","W",74,,"NW ",,1,,7,,8,
"252150270","BABIMOST                      ","2025","07","25","06",19.1,,17.6,,"W","W",86,,"WSW",,2,,7,,8,
"252150270","BABIMOST                      ","2025","07","25","12",23.6,,19.5,,"W","W",68,,"WSW",,4,,7,,8,
"252150270","BABIMOST                      ","2025","07","25","18",24.5,,19.2,,"W","W",60,,"WSW",,3,,1,,8,
"252150270","BABIMOST                      ","2025","07","26","06",18.9,,18.0,,"W","W",92,,"NW ",,2,,8,,7,
"252150270","BABIMOST                      ","2025","07","26","12",24.3,,18.9,,"W","W",60,,"NW ",,3,,6,,8,
"252150270","BABIMOST                      ","2025","07","26","18",20.8,,17.5,,"W","W",72,,"WNW",,2,,5,,8,
"252150270","BABIMOST                      ","2025","07","27","06",18.3,,17.0,,"W","W",88,,"NNW",,3,,8,,8,
"252150270","BABIMOST                      ","2025","07","27","12",23.3,,17.8,,"W","W",58,,"N  ",,3,,7,,8,
"252150270","BABIMOST                      ","2025","07","27","18",22.6,,17.4,,"W","W",59,,"NNW",,2,,5,,8,
"252150270","BABIMOST                      ","2025","07","28","06",17.2,,15.9,,"W","W",87,,"NW ",,6,,7,,7,
"252150270","BABIMOST                      ","2025","07","28","12",20.0,,16.6,,"W","W",71,,"N  ",,6,,8,,8,
"252150270","BABIMOST                      ","2025","07","28","18",20.6,,16.3,,"W","W",64,,"WNW",,3,,7,,8,
"252150270","BABIMOST                      ","2025","07","29","06",16.4,,14.0,,"W","W",77,,"W  ",,6,,3,,8,
"252150270","BABIMOST                      ","2025","07","29","12",21.6,,14.8,,"W","W",47,,"W  ",,6,,6,,8,
"252150270","BABIMOST                      ","2025","07","29","18",20.2,,15.1,,"W","W",58,,"WSW",,5,,6,,8,
"252150270","BABIMOST                      ","2025","07","30","06",15.8,,13.4,,"W","W",76,,"WSW",,3,,3,,8,
"252150270","BABIMOST                      ","2025","07","30","12",21.4,,14.7,,"W","W",47,,"SW ",,5,,6,,8,
"252150270","BABIMOST                      ","2025","07","30","18",21.4,,15.2,,"W","W",51,,"WSW",,3,,3,,8,
"252150270","BABIMOST                      ","2025","07","31","06",17.0,,13.9,,"W","W",71,,"WSW",,4,,8,,8,
"252150270","BABIMOST                      ","2025","07","31","12",19.4,,15.8,,"W","W",69,,"SSW",,4,,7,,7,
"252150270","BABIMOST                      ","2025","07","31","18",16.1,,14.8,,"W","W",87,,"SSW",,2,,7,,8,
"252160230","WIELICHOWO                    ","2025","07","01","06",18.5,,,"8",,,,"8",,"8",,"8",0,,8,
"252160230","WIELICHOWO                    ","2025","07","01","12",26.6,,,"8",,,,"8",,"8",,"8",0,,8,
"252160230","WIELICHOWO                    ","2025","07","01","18",26.6,,,"8",,,,"8",,"8",,"8",0,,8,
"252160230","WIELICHOWO                    ","2025","07","02","06",22.2,,,"8",,,,"8",,"8",,"8",0,,8,
"252160230","WIELICHOWO                    ","2025","07","02","12",32.8,,,"8",,,,"8",,"8",,"8",0,,8,
"252160230","WIELICHOWO                    ","2025","07","02","18",30.5,,,"8",,,,"8",,"8",,"8",0,,8,
"252160230","WIELICHOWO                    ","2025","07","03","06",24.8,,,"8",,,,"8",,"8",,"8",5,,8,
"252160230","WIELICHOWO                    ","2025","07","03","12",24.3,,,"8",,,,"8",,"8",,"8",8,,8,
"252160230","WIELICHOWO                    ","2025","07","03","18",20.5,,,"8",,,,"8",,"8",,"8",5,,8,
"252160230","WIELICHOWO                    ","2025","07","04","06",17.0,,,"8",,,,"8",,"8",,"8",0,,8,
"252160230","WIELICHOWO                    ","2025","07","04","12",22.1,,,"8",,,,"8",,"8",,"8",2,,8,
"252160230","WIELICHOWO                    ","2025","07","04","18",22.1,,,"8",,,,"8",,"8",,"8",7,,7,
"252160230","WIELICHOWO                    ","2025","07","05","06",18.0,,,"8",,,,"8",,"8",,"8",0,,8,
"252160230","WIELICHOWO                    ","2025","07","05","12",27.8,,,"8",,,,"8",,"8",,"8",2,,8,
"252160230","WIELICHOWO                    ","2025","07","05","18",27.8,,,"8",,,,"8",,"8",,"8",7,,7,
"252160230","WIELICHOWO                    ","2025","07","06","06",18.3,,,"8",,,,"8",,"8",,"8",0,,8,
"252160230","WIELICHOWO                    ","2025","07","06","12",30.6,,,"8",,,,"8",,"8",,"8",0,,8,
"252160230","WIELICHOWO                    ","2025","07","06","18",27.3,,,"8",,,,"8",,"8",,"8",8,,7,
"252160230","WIELICHOWO                    ","2025","07","07","06",19.6,,,"8",,,,"8",,"8",,"8",8,,7,
"252160230","WIELICHOWO                    ","2025","07","07","12",20.9,,,"8",,,,"8",,"8",,"8",8,,8,
"252160230","WIELICHOWO                    ","2025","07","07","18",22.6,,,"8",,,,"8",,"8",,"8",7,,8,
"252160230","WIELICHOWO                    ","2025","07","08","06",15.5,,,"8",,,,"8",,"8",,"8",8,,7,
"252160230","WIELICHOWO                    ","2025","07","08","12",15.8,,,"8",,,,"8",,"8",,"8",8,,7,
"252160230","WIELICHOWO                    ","2025","07","08","18",18.0,,,"8",,,,"8",,"8",,"8",8,,7,
"252160230","WIELICHOWO                    ","2025","07","09","06",15.2,,,"8",,,,"8",,"8",,"8",0,,8,
"252160230","WIELICHOWO                    ","2025","07","09","12",21.6,,,"8",,,,"8",,"8",,"8",0,,8,
"252160230","WIELICHOWO                    ","2025","07","09","18",20.0,,,"8",,,,"8",,"8",,"8",8,,8,
"252160230","WIELICHOWO                    ","2025","07","10","06",16.6,,,"8",,,,"8",,"8",,"8",0,,8,
"252160230","WIELICHOWO                    ","2025","07","10","12",19.1,,,"8",,,,"8",,"8",,"8",7,,7,
"252160230","WIELICHOWO                    ","2025","07","10","18",19.2,,,"8",,,,"8",,"8",,"8",7,,7,
"252160230","WIELICHOWO                    ","2025","07","11","06",15.4,,,"8",,,,"8",,"8",,"8",8,,8,
"252160230","WIELICHOWO                    ","2025","07","11","12",17.1,,,"8",,,,"8",,"8",,"8",8,,7,
"252160230","WIELICHOWO                    ","2025","07","11","18",14.5,,,"8",,,,"8",,"8",,"8",8,,7,
"252160230","WIELICHOWO                    ","2025","07","12","06",14.4,,,"8",,,,"8",,"8",,"8",8,,7,
"252160230","WIELICHOWO                    ","2025","07","12","12",17.1,,,"8",,,,"8",,"8",,"8",8,,7,
"252160230","WIELICHOWO                    ","2025","07","12","18",17.4,,,"8",,,,"8",,"8",,"8",8,,7,
"252160230","WIELICHOWO                    ","2025","07","13","06",16.4,,,"8",,,,"8",,"8",,"8",8,,8,
"252160230","WIELICHOWO                    ","2025","07","13","12",21.8,,,"8",,,,"8",,"8",,"8",4,,8,
"252160230","WIELICHOWO                    ","2025","07","13","18",20.4,,,"8",,,,"8",,"8",,"8",7,,8,
"252160230","WIELICHOWO                    ","2025","07","14","06",17.8,,,"8",,,,"8",,"8",,"8",0,,8,
"252160230","WIELICHOWO                    ","2025","07","14","12",26.6,,,"8",,,,"8",,"8",,"8",5,,8,
"252160230","WIELICHOWO                    ","2025","07","14","18",25.0,,,"8",,,,"8",,"8",,"8",7,,8,
"252160230","WIELICHOWO                    ","2025","07","15","06",19.7,,,"8",,,,"8",,"8",,"8",1,,7,
"252160230","WIELICHOWO                    ","2025","07","15","12",23.4,,,"8",,,,"8",,"8",,"8",6,,8,
"252160230","WIELICHOWO                    ","2025","07","15","18",20.0,,,"8",,,,"8",,"8",,"8",8,,8,
"252160230","WIELICHOWO                    ","2025","07","16","06",17.0,,,"8",,,,"8",,"8",,"8",0,,8,
"252160230","WIELICHOWO                    ","2025","07","16","12",23.3,,,"8",,,,"8",,"8",,"8",3,,8,
"252160230","WIELICHOWO                    ","2025","07","16","18",17.3,,,"8",,,,"8",,"8",,"8",4,,8,
"252160230","WIELICHOWO                    ","2025","07","17","06",14.5,,,"8",,,,"8",,"8",,"8",8,,8,
"252160230","WIELICHOWO                    ","2025","07","17","12",17.1,,,"8",,,,"8",,"8",,"8",8,,8,
"252160230","WIELICHOWO                    ","2025","07","17","18",16.9,,,"8",,,,"8",,"8",,"8",7,,8,
"252160230","WIELICHOWO                    ","2025","07","18","06",16.7,,,"8",,,,"8",,"8",,"8",8,,8,
"252160230","WIELICHOWO                    ","2025","07","18","12",20.3,,,"8",,,,"8",,"8",,"8",8,,8,
"252160230","WIELICHOWO                    ","2025","07","18","18",21.1,,,"8",,,,"8",,"8",,"8",4,,8,
"252160230","WIELICHOWO                    ","2025","07","19","06",20.1,,,"8",,,,"8",,"8",,"8",3,,8,
"252160230","WIELICHOWO                    ","2025","07","19","12",24.9,,,"8",,,,"8",,"8",,"8",3,,8,
"252160230","WIELICHOWO                    ","2025","07","19","18",24.1,,,"8",,,,"8",,"8",,"8",5,,8,
"252160230","WIELICHOWO                    ","2025","07","20","06",21.4,,,"8",,,,"8",,"8",,"8",0,,8,
"252160230","WIELICHOWO                    ","2025","07","20","12",28.6,,,"8",,,,"8",,"8",,"8",0,,8,
"252160230","WIELICHOWO                    ","2025","07","20","18",27.0,,,"8",,,,"8",,"8",,"8",0,,8,
"252160230","WIELICHOWO                    ","2025","07","21","06",22.7,,,"8",,,,"8",,"8",,"8",0,,8,
"252160230","WIELICHOWO                    ","2025","07","21","12",29.8,,,"8",,,,"8",,"8",,"8",3,,8,
"252160230","WIELICHOWO                    ","2025","07","21","18",24.0,,,"8",,,,"8",,"8",,"8",7,,8,
"252160230","WIELICHOWO                    ","2025","07","22","06",16.1,,,"8",,,,"8",,"8",,"8",8,,8,
"252160230","WIELICHOWO                    ","2025","07","22","12",20.5,,,"8",,,,"8",,"8",,"8",7,,8,
"252160230","WIELICHOWO                    ","2025","07","22","18",16.9,,,"8",,,,"8",,"8",,"8",5,,8,
"252160230","WIELICHOWO                    ","2025","07","23","06",16.4,,,"8",,,,"8",,"8",,"8",8,,8,
"252160230","WIELICHOWO                    ","2025","07","23","12",20.6,,,"8",,,,"8",,"8",,"8",7,,8,
"252160230","WIELICHOWO                    ","2025","07","23","18",18.7,,,"8",,,,"8",,"8",,"8",8,,8,
"252160230","WIELICHOWO                    ","2025","07","24","06",18.7,,,"8",,,,"8",,"8",,"8",2,,8,
"252160230","WIELICHOWO                    ","2025","07","24","12",23.3,,,"8",,,,"8",,"8",,"8",4,,8,
"252160230","WIELICHOWO                    ","2025","07","24","18",22.1,,,"8",,,,"8",,"8",,"8",2,,8,
"252160230","WIELICHOWO                    ","2025","07","25","06",18.1,,,"8",,,,"8",,"8",,"8",6,,8,
"252160230","WIELICHOWO                    ","2025","07","25","12",22.5,,,"8",,,,"8",,"8",,"8",6,,8,
"252160230","WIELICHOWO                    ","2025","07","25","18",23.5,,,"8",,,,"8",,"8",,"8",0,,8,
"252160230","WIELICHOWO                    ","2025","07","26","06",18.7,,,"8",,,,"8",,"8",,"8",8,,8,
"252160230","WIELICHOWO                    ","2025","07","26","12",24.7,,,"8",,,,"8",,"8",,"8",6,,8,
"252160230","WIELICHOWO                    ","2025","07","26","18",21.7,,,"8",,,,"8",,"8",,"8",6,,8,
"252160230","WIELICHOWO                    ","2025","07","27","06",18.3,,,"8",,,,"8",,"8",,"8",8,,8,
"252160230","WIELICHOWO                    ","2025","07","27","12",23.3,,,"8",,,,"8",,"8",,"8",8,,8,
"252160230","WIELICHOWO                    ","2025","07","27","18",21.7,,,"8",,,,"8",,"8",,"8",3,,8,
"252160230","WIELICHOWO                    ","2025","07","28","06",17.9,,,"8",,,,"8",,"8",,"8",6,,8,
"252160230","WIELICHOWO                    ","2025","07","28","12",20.9,,,"8",,,,"8",,"8",,"8",8,,8,
"252160230","WIELICHOWO                    ","2025","07","28","18",19.9,,,"8",,,,"8",,"8",,"8",2,,8,
"252160230","WIELICHOWO                    ","2025","07","29","06",17.4,,,"8",,,,"8",,"8",,"8",0,,8,
"252160230","WIELICHOWO                    ","2025","07","29","12",21.1,,,"8",,,,"8",,"8",,"8",5,,8,
"252160230","WIELICHOWO                    ","2025","07","29","18",20.3,,,"8",,,,"8",,"8",,"8",1,,8,
"252160230","WIELICHOWO                    ","2025","07","30","06",15.1,,,"8",,,,"8",,"8",,"8",1,,8,
"252160230","WIELICHOWO                    ","2025","07","30","12",21.7,,,"8",,,,"8",,"8",,"8",5,,8,
"252160230","WIELICHOWO                    ","2025","07","30","18",16.9,,,"8",,,,"8",,"8",,"8",1,,8,
"252160230","WIELICHOWO                    ","2025","07","31","06",14.9,,,"8",,,,"8",,"8",,"8",1,,8,
"252160230","WIELICHOWO                    ","2025","07","31","12",22.0,,,"8",,,,"8",,"8",,"8",5,,8,
"252160230","WIELICHOWO                    ","2025","07","31","18",15.9,,,"8",,,,"8",,"8",,"8",7,,8,
"252180080","KO£UDA WIELKA                 ","2025","07","01","06",14.5,,,"8",,,,"8",,"8",,"8",0,,7,
"252180080","KO£UDA WIELKA                 ","2025","07","01","12",14.9,,,"8",,,,"8",,"8",,"8",0,,7,
"252180080","KO£UDA WIELKA                 ","2025","07","01","18",20.7,,,"8",,,,"8",,"8",,"8",0,,7,
"252180080","KO£UDA WIELKA                 ","2025","07","02","06",17.1,,,"8",,,,"8",,"8",,"8",0,,7,
"252180080","KO£UDA WIELKA                 ","2025","07","02","12",31.1,,,"8",,,,"8",,"8",,"8",0,,7,
"252180080","KO£UDA WIELKA                 ","2025","07","02","18",29.9,,,"8",,,,"8",,"8",,"8",0,,7,
"252180080","KO£UDA WIELKA                 ","2025","07","03","06",20.1,,,"8",,,,"8",,"8",,"8",3,,7,
"252180080","KO£UDA WIELKA                 ","2025","07","03","12",26.7,,,"8",,,,"8",,"8",,"8",8,,7,
"252180080","KO£UDA WIELKA                 ","2025","07","03","18",18.3,,,"8",,,,"8",,"8",,"8",8,,7,
"252180080","KO£UDA WIELKA                 ","2025","07","04","06",13.9,,,"8",,,,"8",,"8",,"8",8,,7,
"252180080","KO£UDA WIELKA                 ","2025","07","04","12",20.3,,,"8",,,,"8",,"8",,"8",4,,7,
"252180080","KO£UDA WIELKA                 ","2025","07","04","18",19.7,,,"8",,,,"8",,"8",,"8",3,,7,
"252180080","KO£UDA WIELKA                 ","2025","07","05","06",14.3,,,"8",,,,"8",,"8",,"8",0,,7,
"252180080","KO£UDA WIELKA                 ","2025","07","05","12",27.3,,,"8",,,,"8",,"8",,"8",2,,7,
"252180080","KO£UDA WIELKA                 ","2025","07","05","18",20.3,,,"8",,,,"8",,"8",,"8",8,,7,
"252180080","KO£UDA WIELKA                 ","2025","07","06","06",16.9,,,"8",,,,"8",,"8",,"8",5,,7,
"252180080","KO£UDA WIELKA                 ","2025","07","06","12",29.9,,,"8",,,,"8",,"8",,"8",2,,7,
"252180080","KO£UDA WIELKA                 ","2025","07","06","18",24.9,,,"8",,,,"8",,"8",,"8",8,,7,
"252180080","KO£UDA WIELKA                 ","2025","07","07","06",17.9,,,"8",,,,"8",,"8",,"8",8,,7,
"252180080","KO£UDA WIELKA                 ","2025","07","07","12",21.7,,,"8",,,,"8",,"8",,"8",8,,7,
"252180080","KO£UDA WIELKA                 ","2025","07","07","18",19.9,,,"8",,,,"8",,"8",,"8",6,,7,
"252180080","KO£UDA WIELKA                 ","2025","07","08","06",15.7,,,"8",,,,"8",,"8",,"8",8,,7,
"252180080","KO£UDA WIELKA                 ","2025","07","08","12",20.7,,,"8",,,,"8",,"8",,"8",8,,7,
"252180080","KO£UDA WIELKA                 ","2025","07","08","18",16.4,,,"8",,,,"8",,"8",,"8",8,,7,
"252180080","KO£UDA WIELKA                 ","2025","07","09","06",14.3,,,"8",,,,"8",,"8",,"8",8,,7,
"252180080","KO£UDA WIELKA                 ","2025","07","09","12",18.7,,,"8",,,,"8",,"8",,"8",8,,7,
"252180080","KO£UDA WIELKA                 ","2025","07","09","18",18.8,,,"8",,,,"8",,"8",,"8",8,,7,
"252180080","KO£UDA WIELKA                 ","2025","07","10","06",13.5,,,"8",,,,"8",,"8",,"8",6,,7,
"252180080","KO£UDA WIELKA                 ","2025","07","10","12",22.1,,,"8",,,,"8",,"8",,"8",5,,7,
"252180080","KO£UDA WIELKA                 ","2025","07","10","18",17.7,,,"8",,,,"8",,"8",,"8",4,,7,
"252180080","KO£UDA WIELKA                 ","2025","07","11","06",13.9,,,"8",,,,"8",,"8",,"8",8,,7,
"252180080","KO£UDA WIELKA                 ","2025","07","11","12",16.3,,,"8",,,,"8",,"8",,"8",8,,7,
"252180080","KO£UDA WIELKA                 ","2025","07","11","18",14.7,,,"8",,,,"8",,"8",,"8",8,,7,
"252180080","KO£UDA WIELKA                 ","2025","07","12","06",15.5,,,"8",,,,"8",,"8",,"8",8,,6,
"252180080","KO£UDA WIELKA                 ","2025","07","12","12",17.1,,,"8",,,,"8",,"8",,"8",8,,6,
"252180080","KO£UDA WIELKA                 ","2025","07","12","18",17.3,,,"8",,,,"8",,"8",,"8",8,,7,
"252180080","KO£UDA WIELKA                 ","2025","07","13","06",15.7,,,"8",,,,"8",,"8",,"8",8,,7,
"252180080","KO£UDA WIELKA                 ","2025","07","13","12",22.7,,,"8",,,,"8",,"8",,"8",8,,7,
"252180080","KO£UDA WIELKA                 ","2025","07","13","18",17.1,,,"8",,,,"8",,"8",,"8",8,,7,
"252180080","KO£UDA WIELKA                 ","2025","07","14","06",16.7,,,"8",,,,"8",,"8",,"8",6,,7,
"252180080","KO£UDA WIELKA                 ","2025","07","14","12",26.5,,,"8",,,,"8",,"8",,"8",6,,7,
"252180080","KO£UDA WIELKA                 ","2025","07","14","18",20.1,,,"8",,,,"8",,"8",,"8",5,,7,
"252180080","KO£UDA WIELKA                 ","2025","07","15","06",17.7,,,"8",,,,"8",,"8",,"8",2,,7,
"252180080","KO£UDA WIELKA                 ","2025","07","15","12",22.3,,,"8",,,,"8",,"8",,"8",6,,7,
"252180080","KO£UDA WIELKA                 ","2025","07","15","18",19.1,,,"8",,,,"8",,"8",,"8",8,,7,
"252180080","KO£UDA WIELKA                 ","2025","07","16","06",15.5,,,"8",,,,"8",,"8",,"8",8,,7,
"252180080","KO£UDA WIELKA                 ","2025","07","16","12",22.1,,,"8",,,,"8",,"8",,"8",6,,7,
"252180080","KO£UDA WIELKA                 ","2025","07","16","18",15.9,,,"8",,,,"8",,"8",,"8",8,,7,
"252180080","KO£UDA WIELKA                 ","2025","07","17","06",14.9,,,"8",,,,"8",,"8",,"8",8,,7,
"252180080","KO£UDA WIELKA                 ","2025","07","17","12",18.1,,,"8",,,,"8",,"8",,"8",5,,7,
"252180080","KO£UDA WIELKA                 ","2025","07","17","18",15.5,,,"8",,,,"8",,"8",,"8",8,,7,
"252180080","KO£UDA WIELKA                 ","2025","07","18","06",15.7,,,"8",,,,"8",,"8",,"8",8,,7,
"252180080","KO£UDA WIELKA                 ","2025","07","18","12",21.1,,,"8",,,,"8",,"8",,"8",7,,7,
"252180080","KO£UDA WIELKA                 ","2025","07","18","18",20.1,,,"8",,,,"8",,"8",,"8",8,,7,
"252180080","KO£UDA WIELKA                 ","2025","07","19","06",17.9,,,"8",,,,"8",,"8",,"8",8,,7,
"252180080","KO£UDA WIELKA                 ","2025","07","19","12",22.7,,,"8",,,,"8",,"8",,"8",8,,7,
"252180080","KO£UDA WIELKA                 ","2025","07","19","18",20.3,,,"8",,,,"8",,"8",,"8",8,,7,
"252180080","KO£UDA WIELKA                 ","2025","07","20","06",20.3,,,"8",,,,"8",,"8",,"8",8,,7,
"252180080","KO£UDA WIELKA                 ","2025","07","20","12",27.3,,,"8",,,,"8",,"8",,"8",0,,7,
"252180080","KO£UDA WIELKA                 ","2025","07","20","18",21.3,,,"8",,,,"8",,"8",,"8",0,,7,
"252180080","KO£UDA WIELKA                 ","2025","07","21","06",16.1,,,"8",,,,"8",,"8",,"8",0,,7,
"252180080","KO£UDA WIELKA                 ","2025","07","21","12",28.5,,,"8",,,,"8",,"8",,"8",5,,7,
"252180080","KO£UDA WIELKA                 ","2025","07","21","18",25.9,,,"8",,,,"8",,"8",,"8",8,,7,
"252180080","KO£UDA WIELKA                 ","2025","07","22","06",16.5,,,"8",,,,"8",,"8",,"8",8,,6,
"252180080","KO£UDA WIELKA                 ","2025","07","22","12",24.1,,,"8",,,,"8",,"8",,"8",5,,7,
"252180080","KO£UDA WIELKA                 ","2025","07","22","18",16.7,,,"8",,,,"8",,"8",,"8",8,,7,
"252180080","KO£UDA WIELKA                 ","2025","07","23","06",15.5,,,"8",,,,"8",,"8",,"8",8,,7,
"252180080","KO£UDA WIELKA                 ","2025","07","23","12",21.1,,,"8",,,,"8",,"8",,"8",8,,7,
"252180080","KO£UDA WIELKA                 ","2025","07","23","18",19.3,,,"8",,,,"8",,"8",,"8",8,,7,
"252180080","KO£UDA WIELKA                 ","2025","07","24","06",17.5,,,"8",,,,"8",,"8",,"8",8,,7,
"252180080","KO£UDA WIELKA                 ","2025","07","24","12",18.7,,,"8",,,,"8",,"8",,"8",8,,7,
"252180080","KO£UDA WIELKA                 ","2025","07","24","18",18.3,,,"8",,,,"8",,"8",,"8",8,,7,
"252180080","KO£UDA WIELKA                 ","2025","07","25","06",17.5,,,"8",,,,"8",,"8",,"8",8,,7,
"252180080","KO£UDA WIELKA                 ","2025","07","25","12",23.3,,,"8",,,,"8",,"8",,"8",6,,7,
"252180080","KO£UDA WIELKA                 ","2025","07","25","18",22.1,,,"8",,,,"8",,"8",,"8",8,,7,
"252180080","KO£UDA WIELKA                 ","2025","07","26","06",17.1,,,"8",,,,"8",,"8",,"8",3,,7,
"252180080","KO£UDA WIELKA                 ","2025","07","26","12",21.1,,,"8",,,,"8",,"8",,"8",5,,7,
"252180080","KO£UDA WIELKA                 ","2025","07","26","18",20.1,,,"8",,,,"8",,"8",,"8",4,,7,
"252180080","KO£UDA WIELKA                 ","2025","07","27","06",18.9,,,"8",,,,"8",,"8",,"8",8,,6,
"252180080","KO£UDA WIELKA                 ","2025","07","27","12",19.0,,,"8",,,,"8",,"8",,"8",8,,6,
"252180080","KO£UDA WIELKA                 ","2025","07","27","18",18.1,,,"8",,,,"8",,"8",,"8",8,,6,
"252180080","KO£UDA WIELKA                 ","2025","07","28","06",16.4,,,"8",,,,"8",,"8",,"8",8,,5,
"252180080","KO£UDA WIELKA                 ","2025","07","28","12",18.1,,,"8",,,,"8",,"8",,"8",8,,5,
"252180080","KO£UDA WIELKA                 ","2025","07","28","18",16.6,,,"8",,,,"8",,"8",,"8",8,,5,
"252180080","KO£UDA WIELKA                 ","2025","07","29","06",15.1,,,"8",,,,"8",,"8",,"8",4,,7,
"252180080","KO£UDA WIELKA                 ","2025","07","29","12",20.1,,,"8",,,,"8",,"8",,"8",4,,7,
"252180080","KO£UDA WIELKA                 ","2025","07","29","18",19.3,,,"8",,,,"8",,"8",,"8",3,,7,
"252180080","KO£UDA WIELKA                 ","2025","07","30","06",11.5,,,"8",,,,"8",,"8",,"8",0,,7,
"252180080","KO£UDA WIELKA                 ","2025","07","30","12",23.1,,,"8",,,,"8",,"8",,"8",2,,7,
"252180080","KO£UDA WIELKA                 ","2025","07","30","18",21.1,,,"8",,,,"8",,"8",,"8",3,,7,
"252180080","KO£UDA WIELKA                 ","2025","07","31","06",16.1,,,"8",,,,"8",,"8",,"8",0,,7,
"252180080","KO£UDA WIELKA                 ","2025","07","31","12",21.7,,,"8",,,,"8",,"8",,"8",8,,7,
"252180080","KO£UDA WIELKA                 ","2025","07","31","18",17.1,,,"8",,,,"8",,"8",,"8",8,,7,
"252200120","LEGIONOWO                     ","2025","07","01","06",17.4,,,"8","W","W",,"8","WNW",,2,,,"8",,"8"
"252200120","LEGIONOWO                     ","2025","07","01","12",24.9,,,"8","W","W",,"8","N  ",,3,,,"8",,"8"
"252200120","LEGIONOWO                     ","2025","07","01","18",25.1,,,"8","W","W",,"8","NW ",,2,,,"8",,"8"
"252200120","LEGIONOWO                     ","2025","07","02","06",22.5,,,"8","W","W",,"8","SW ",,1,,,"8",,"8"
"252200120","LEGIONOWO                     ","2025","07","02","12",30.6,,,"8","W","W",,"8","NW ",,2,,,"8",,"8"
"252200120","LEGIONOWO                     ","2025","07","02","18",30.5,,,"8","W","W",,"8","WNW",,1,,,"8",,"8"
"252200120","LEGIONOWO                     ","2025","07","03","06",26.1,,,"8","W","W",,"8","SSE",,2,,,"8",,"8"
"252200120","LEGIONOWO                     ","2025","07","03","12",35.3,,,"8","W","W",,"8","SW ",,3,,,"8",,"8"
"252200120","LEGIONOWO                     ","2025","07","03","18",23.0,,,"8","W","W",,"8","NW ",,4,,,"8",,"8"
"252200120","LEGIONOWO                     ","2025","07","04","06",17.5,,,"8","W","W",,"8","WNW",,2,,,"8",,"8"
"252200120","LEGIONOWO                     ","2025","07","04","12",23.7,,,"8","W","W",,"8","WNW",,4,,,"8",,"8"
"252200120","LEGIONOWO                     ","2025","07","04","18",21.0,,,"8","W","W",,"8","WNW",,3,,,"8",,"8"
"252200120","LEGIONOWO                     ","2025","07","05","06",19.4,,,"8","W","W",,"8","SW ",,2,,,"8",,"8"
"252200120","LEGIONOWO                     ","2025","07","05","12",25.2,,,"8","W","W",,"8","SW ",,4,,,"8",,"8"
"252200120","LEGIONOWO                     ","2025","07","05","18",25.7,,,"8","W","W",,"8","SW ",,2,,,"8",,"8"
"252200120","LEGIONOWO                     ","2025","07","06","06",21.6,,,"8","W","W",,"8","SW ",,2,,,"8",,"8"
"252200120","LEGIONOWO                     ","2025","07","06","12",30.5,,,"8","W","W",,"8","SW ",,3,,,"8",,"8"
"252200120","LEGIONOWO                     ","2025","07","06","18",27.8,,,"8","W","W",,"8","SE ",,1,,,"8",,"8"
"252200120","LEGIONOWO                     ","2025","07","07","06",18.8,,,"8","W","W",,"8","WNW",,2,,,"8",,"8"
"252200120","LEGIONOWO                     ","2025","07","07","12",21.7,,,"8","W","W",,"8","SW ",,2,,,"8",,"8"
"252200120","LEGIONOWO                     ","2025","07","07","18",22.0,,,"8","W","W",,"8","W  ",,2,,,"8",,"8"
"252200120","LEGIONOWO                     ","2025","07","08","06",19.0,,,"8","W","W",,"8","SW ",,1,,,"8",,"8"
"252200120","LEGIONOWO                     ","2025","07","08","12",19.4,,,"8","W","W",,"8","WNW",,4,,,"8",,"8"
"252200120","LEGIONOWO                     ","2025","07","08","18",18.0,,,"8","W","W",,"8","NNE",,1,,,"8",,"8"
"252200120","LEGIONOWO                     ","2025","07","09","06",14.6,,,"8","W","W",,"8","NNW",,3,,,"8",,"8"
"252200120","LEGIONOWO                     ","2025","07","09","12",15.0,,,"8","W","W",,"8","NNW",,3,,,"8",,"8"
"252200120","LEGIONOWO                     ","2025","07","09","18",15.4,,,"8","W","W",,"8","NNW",,2,,,"8",,"8"
"252200120","LEGIONOWO                     ","2025","07","10","06",14.9,,,"8","W","W",,"8","WNW",,3,,,"8",,"8"
"252200120","LEGIONOWO                     ","2025","07","10","12",20.1,,,"8","W","W",,"8","NW ",,3,,,"8",,"8"
"252200120","LEGIONOWO                     ","2025","07","10","18",17.5,,,"8","W","W",,"8","NW ",,3,,,"8",,"8"
"252200120","LEGIONOWO                     ","2025","07","11","06",13.4,,,"8","W","W",,"8","W  ",,4,,,"8",,"8"
"252200120","LEGIONOWO                     ","2025","07","11","12",16.5,,,"8","W","W",,"8","W  ",,3,,,"8",,"8"
"252200120","LEGIONOWO                     ","2025","07","11","18",17.5,,,"8","W","W",,"8","SW ",,2,,,"8",,"8"
"252200120","LEGIONOWO                     ","2025","07","12","06",14.7,,,"8","W","W",,"8","S  ",,3,,,"8",,"8"
"252200120","LEGIONOWO                     ","2025","07","12","12",18.1,,,"8","W","W",,"8","SSW",,2,,,"8",,"8"
"252200120","LEGIONOWO                     ","2025","07","12","18",19.3,,,"8","W","W",,"8","ESE",,1,,,"8",,"8"
"252200120","LEGIONOWO                     ","2025","07","13","06",19.2,,,"8","W","W",,"8","ESE",,2,,,"8",,"8"
"252200120","LEGIONOWO                     ","2025","07","13","12",24.2,,,"8","W","W",,"8","SSW",,2,,,"8",,"8"
"252200120","LEGIONOWO                     ","2025","07","13","18",20.8,,,"8","W","W",,"8","E  ",,1,,,"8",,"8"
"252200120","LEGIONOWO                     ","2025","07","14","06",20.0,,,"8","W","W",,"8","NW ",,1,,,"8",,"8"
"252200120","LEGIONOWO                     ","2025","07","14","12",18.2,,,"8","W","W",,"8","WSW",,2,,,"8",,"8"
"252200120","LEGIONOWO                     ","2025","07","14","18",23.1,,,"8","W","W",,"8","C  ",,0,,,"8",,"8"
"252200120","LEGIONOWO                     ","2025","07","15","06",19.5,,,"8","W","W",,"8","WSW",,2,,,"8",,"8"
"252200120","LEGIONOWO                     ","2025","07","15","12",25.1,,,"8","W","W",,"8","SSW",,1,,,"8",,"8"
"252200120","LEGIONOWO                     ","2025","07","15","18",23.7,,,"8","W","W",,"8","W  ",,2,,,"8",,"8"
"252200120","LEGIONOWO                     ","2025","07","16","06",17.3,,,"8","W","W",,"8","WSW",,4,,,"8",,"8"
"252200120","LEGIONOWO                     ","2025","07","16","12",17.4,,,"8","W","W",,"8","NW ",,2,,,"8",,"8"
"252200120","LEGIONOWO                     ","2025","07","16","18",18.4,,,"8","W","W",,"8","N  ",,1,,,"8",,"8"
"252200120","LEGIONOWO                     ","2025","07","17","06",18.1,,,"8","W","W",,"8","C  ",,0,,,"8",,"8"
"252200120","LEGIONOWO                     ","2025","07","17","12",22.7,,,"8","W","W",,"8","W  ",,2,,,"8",,"8"
"252200120","LEGIONOWO                     ","2025","07","17","18",22.2,,,"8","W","W",,"8","SW ",,1,,,"8",,"8"
"252200120","LEGIONOWO                     ","2025","07","18","06",16.6,,,"8","W","W",,"8","NW ",,1,,,"8",,"8"
"252200120","LEGIONOWO                     ","2025","07","18","12",25.0,,,"8","W","W",,"8","N  ",,1,,,"8",,"8"
"252200120","LEGIONOWO                     ","2025","07","18","18",23.4,,,"8","W","W",,"8","NW ",,2,,,"8",,"8"
"252200120","LEGIONOWO                     ","2025","07","19","06",17.2,,,"8","W","W",,"8","WNW",,2,,,"8",,"8"
"252200120","LEGIONOWO                     ","2025","07","19","12",22.3,,,"8","W","W",,"8","WNW",,2,,,"8",,"8"
"252200120","LEGIONOWO                     ","2025","07","19","18",22.1,,,"8","W","W",,"8","W  ",,1,,,"8",,"8"
"252200120","LEGIONOWO                     ","2025","07","20","06",18.8,,,"8","W","W",,"8","WNW",,3,,,"8",,"8"
"252200120","LEGIONOWO                     ","2025","07","20","12",26.7,,,"8","W","W",,"8","NW ",,3,,,"8",,"8"
"252200120","LEGIONOWO                     ","2025","07","20","18",24.3,,,"8","W","W",,"8","WNW",,1,,,"8",,"8"
"252200120","LEGIONOWO                     ","2025","07","21","06",21.9,,,"8","W","W",,"8","C  ",,0,,,"8",,"8"
"252200120","LEGIONOWO                     ","2025","07","21","12",27.7,,,"8","W","W",,"8","E  ",,1,,,"8",,"8"
"252200120","LEGIONOWO                     ","2025","07","21","18",27.3,,,"8","W","W",,"8","E  ",,1,,,"8",,"8"
"252200120","LEGIONOWO                     ","2025","07","22","06",19.8,,,"8","W","W",,"8","WSW",,4,,,"8",,"8"
"252200120","LEGIONOWO                     ","2025","07","22","12",22.9,,,"8","W","W",,"8","WSW",,4,,,"8",,"8"
"252200120","LEGIONOWO                     ","2025","07","22","18",24.3,,,"8","W","W",,"8","WNW",,2,,,"8",,"8"
"252200120","LEGIONOWO                     ","2025","07","23","06",18.6,,,"8","W","W",,"8","W  ",,3,,,"8",,"8"
"252200120","LEGIONOWO                     ","2025","07","23","12",23.7,,,"8","W","W",,"8","WSW",,4,,,"8",,"8"
"252200120","LEGIONOWO                     ","2025","07","23","18",21.2,,,"8","W","W",,"8","SW ",,2,,,"8",,"8"
"252200120","LEGIONOWO                     ","2025","07","24","06",19.9,,,"8","W","W",,"8","SSW",,2,,,"8",,"8"
"252200120","LEGIONOWO                     ","2025","07","24","12",25.5,,,"8","W","W",,"8","W  ",,6,,,"8",,"8"
"252200120","LEGIONOWO                     ","2025","07","24","18",23.1,,,"8","W","W",,"8","WNW",,2,,,"8",,"8"
"252200120","LEGIONOWO                     ","2025","07","25","06",19.1,,,"8","W","W",,"8","C  ",,0,,,"8",,"8"
"252200120","LEGIONOWO                     ","2025","07","25","12",25.3,,,"8","W","W",,"8","WSW",,3,,,"8",,"8"
"252200120","LEGIONOWO                     ","2025","07","25","18",23.4,,,"8","W","W",,"8","SW ",,2,,,"8",,"8"
"252200120","LEGIONOWO                     ","2025","07","26","06",20.9,,,"8","W","W",,"8","W  ",,1,,,"8",,"8"
"252200120","LEGIONOWO                     ","2025","07","26","12",28.0,,,"8","W","W",,"8","NNW",,1,,,"8",,"8"
"252200120","LEGIONOWO                     ","2025","07","26","18",26.4,,,"8","W","W",,"8","NNE",,1,,,"8",,"8"
"252200120","LEGIONOWO                     ","2025","07","27","06",19.1,,,"8","W","W",,"8","ENE",,1,,,"8",,"8"
"252200120","LEGIONOWO                     ","2025","07","27","12",24.0,,,"8","W","W",,"8","NE ",,2,,,"8",,"8"
"252200120","LEGIONOWO                     ","2025","07","27","18",19.9,,,"8","W","W",,"8","NNE",,2,,,"8",,"8"
"252200120","LEGIONOWO                     ","2025","07","28","06",19.4,,,"8","W","W",,"8","E  ",,1,,,"8",,"8"
"252200120","LEGIONOWO                     ","2025","07","28","12",23.4,,,"8","W","W",,"8","SSE",,1,,,"8",,"8"
"252200120","LEGIONOWO                     ","2025","07","28","18",17.8,,,"8","W","W",,"8","WNW",,4,,,"8",,"8"
"252200120","LEGIONOWO                     ","2025","07","29","06",16.4,,,"8","W","W",,"8","W  ",,4,,,"8",,"8"
"252200120","LEGIONOWO                     ","2025","07","29","12",19.2,,,"8","W","W",,"8","W  ",,5,,,"8",,"8"
"252200120","LEGIONOWO                     ","2025","07","29","18",20.8,,,"8","W","W",,"8","WNW",,1,,,"8",,"8"
"252200120","LEGIONOWO                     ","2025","07","30","06",17.0,,,"8","W","W",,"8","W  ",,2,,,"8",,"8"
"252200120","LEGIONOWO                     ","2025","07","30","12",23.0,,,"8","W","W",,"8","WNW",,3,,,"8",,"8"
"252200120","LEGIONOWO                     ","2025","07","30","18",21.5,,,"8","W","W",,"8","WNW",,1,,,"8",,"8"
"252200120","LEGIONOWO                     ","2025","07","31","06",15.9,,,"8","W","W",,"8","C  ",,0,,,"8",,"8"
"252200120","LEGIONOWO                     ","2025","07","31","12",19.5,,,"8","W","W",,"8","SW ",,2,,,"8",,"8"
"252200120","LEGIONOWO                     ","2025","07","31","18",18.5,,,"8","W","W",,"8","WSW",,2,,,"8",,"8"
"252200230","WARSZAWA-FILTRY               ","2025","07","01","06",17.8,,,"8","W","W",,"8","W  ",,3,,1,,8,
"252200230","WARSZAWA-FILTRY               ","2025","07","01","12",25.2,,,"8","W","W",,"8","NNW",,3,,0,,8,
"252200230","WARSZAWA-FILTRY               ","2025","07","01","18",24.3,,,"8","W","W",,"8","WNW",,2,,0,,8,
"252200230","WARSZAWA-FILTRY               ","2025","07","02","06",23.7,,,"8","W","W",,"8","SW ",,2,,1,,8,
"252200230","WARSZAWA-FILTRY               ","2025","07","02","12",31.0,,,"8","W","W",,"8","NW ",,2,,0,,8,
"252200230","WARSZAWA-FILTRY               ","2025","07","02","18",29.2,,,"8","W","W",,"8","SE ",,2,,1,,8,
"252200230","WARSZAWA-FILTRY               ","2025","07","03","06",26.6,,,"8","W","W",,"8","SE ",,3,,0,,8,
"252200230","WARSZAWA-FILTRY               ","2025","07","03","12",36.0,,,"8","W","W",,"8","SW ",,5,,0,,8,
"252200230","WARSZAWA-FILTRY               ","2025","07","03","18",23.6,,,"8","W","W",,"8","W  ",,5,,4,,8,
"252200230","WARSZAWA-FILTRY               ","2025","07","04","06",18.6,,,"8","W","W",,"8","WNW",,1,,0,,8,
"252200230","WARSZAWA-FILTRY               ","2025","07","04","12",24.1,,,"8","W","W",,"8","WSW",,7,,6,,8,
"252200230","WARSZAWA-FILTRY               ","2025","07","04","18",20.6,,,"8","W","W",,"8","WNW",,3,,4,,8,
"252200230","WARSZAWA-FILTRY               ","2025","07","05","06",19.3,,,"8","W","W",,"8","SSE",,3,,0,,8,
"252200230","WARSZAWA-FILTRY               ","2025","07","05","12",26.2,,,"8","W","W",,"8","SW ",,5,,1,,8,
"252200230","WARSZAWA-FILTRY               ","2025","07","05","18",25.1,,,"8","W","W",,"8","SSE",,2,,5,,8,
"252200230","WARSZAWA-FILTRY               ","2025","07","06","06",21.5,,,"8","W","W",,"8","SSE",,1,,6,,8,
"252200230","WARSZAWA-FILTRY               ","2025","07","06","12",31.5,,,"8","W","W",,"8","SSW",,4,,7,,8,
"252200230","WARSZAWA-FILTRY               ","2025","07","06","18",25.8,,,"8","W","W",,"8","E  ",,3,,6,,8,
"252200230","WARSZAWA-FILTRY               ","2025","07","07","06",20.1,,,"8","W","W",,"8","SW ",,2,,7,,7,
"252200230","WARSZAWA-FILTRY               ","2025","07","07","12",21.8,,,"8","W","W",,"8","SW ",,2,,8,,7,
"252200230","WARSZAWA-FILTRY               ","2025","07","07","18",22.1,,,"8","W","W",,"8","WSW",,4,,8,,8,
"252200230","WARSZAWA-FILTRY               ","2025","07","08","06",20.2,,,"8","W","W",,"8","S  ",,1,,8,,7,
"252200230","WARSZAWA-FILTRY               ","2025","07","08","12",23.0,,,"8","W","W",,"8","WSW",,6,,8,,7,
"252200230","WARSZAWA-FILTRY               ","2025","07","08","18",17.7,,,"8","W","W",,"8","NW ",,3,,8,,8,
"252200230","WARSZAWA-FILTRY               ","2025","07","09","06",15.5,,,"8","W","W",,"8","NW ",,4,,8,,7,
"252200230","WARSZAWA-FILTRY               ","2025","07","09","12",15.1,,,"8","W","W",,"8","WNW",,5,,8,,6,
"252200230","WARSZAWA-FILTRY               ","2025","07","09","18",15.5,,,"8","W","W",,"8","WNW",,2,,8,,6,
"252200230","WARSZAWA-FILTRY               ","2025","07","10","06",14.9,,,"8","W","W",,"8","W  ",,3,,8,,7,
"252200230","WARSZAWA-FILTRY               ","2025","07","10","12",20.7,,,"8","W","W",,"8","WNW",,4,,8,,7,
"252200230","WARSZAWA-FILTRY               ","2025","07","10","18",17.9,,,"8","W","W",,"8","WNW",,5,,8,,7,
"252200230","WARSZAWA-FILTRY               ","2025","07","11","06",13.5,,,"8","W","W",,"8","WSW",,6,,8,,7,
"252200230","WARSZAWA-FILTRY               ","2025","07","11","12",16.6,,,"8","W","W",,"8","SW ",,5,,6,,8,
"252200230","WARSZAWA-FILTRY               ","2025","07","11","18",17.2,,,"8","W","W",,"8","SSW",,3,,8,,8,
"252200230","WARSZAWA-FILTRY               ","2025","07","12","06",14.8,,,"8","W","W",,"8","ESE",,3,,8,,7,
"252200230","WARSZAWA-FILTRY               ","2025","07","12","12",17.7,,,"8","W","W",,"8","SE ",,3,,8,,7,
"252200230","WARSZAWA-FILTRY               ","2025","07","12","18",19.4,,,"8","W","W",,"8","ESE",,2,,8,,8,
"252200230","WARSZAWA-FILTRY               ","2025","07","13","06",19.4,,,"8","W","W",,"8","E  ",,3,,6,,6,
"252200230","WARSZAWA-FILTRY               ","2025","07","13","12",21.5,,,"8","W","W",,"8","E  ",,6,,8,,7,
"252200230","WARSZAWA-FILTRY               ","2025","07","13","18",20.8,,,"8","W","W",,"8","E  ",,1,,8,,7,
"252200230","WARSZAWA-FILTRY               ","2025","07","14","06",21.3,,,"8","W","W",,"8","SSW",,1,,3,,8,
"252200230","WARSZAWA-FILTRY               ","2025","07","14","12",18.7,,,"8","W","W",,"8","W  ",,3,,8,,5,
"252200230","WARSZAWA-FILTRY               ","2025","07","14","18",22.2,,,"8","W","W",,"8","ESE",,2,,5,,6,
"252200230","WARSZAWA-FILTRY               ","2025","07","15","06",20.3,,,"8","W","W",,"8","WSW",,3,,3,,8,
"252200230","WARSZAWA-FILTRY               ","2025","07","15","12",27.5,,,"8","W","W",,"8","W  ",,4,,5,,8,
"252200230","WARSZAWA-FILTRY               ","2025","07","15","18",24.1,,,"8","W","W",,"8","WSW",,4,,7,,7,
"252200230","WARSZAWA-FILTRY               ","2025","07","16","06",17.4,,,"8","W","W",,"8","SW ",,7,,8,,7,
"252200230","WARSZAWA-FILTRY               ","2025","07","16","12",19.6,,,"8","W","W",,"8","WSW",,6,,8,,7,
"252200230","WARSZAWA-FILTRY               ","2025","07","16","18",19.0,,,"8","W","W",,"8","NNW",,2,,8,,8,
"252200230","WARSZAWA-FILTRY               ","2025","07","17","06",18.8,,,"8","W","W",,"8","E  ",,2,,3,,7,
"252200230","WARSZAWA-FILTRY               ","2025","07","17","12",22.4,,,"8","W","W",,"8","WSW",,3,,7,,7,
"252200230","WARSZAWA-FILTRY               ","2025","07","17","18",21.6,,,"8","W","W",,"8","SW ",,2,,8,,7,
"252200230","WARSZAWA-FILTRY               ","2025","07","18","06",17.1,,,"8","W","W",,"8","W  ",,3,,4,,7,
"252200230","WARSZAWA-FILTRY               ","2025","07","18","12",24.2,,,"8","W","W",,"8","NW ",,2,,3,,8,
"252200230","WARSZAWA-FILTRY               ","2025","07","18","18",23.2,,,"8","W","W",,"8","W  ",,3,,3,,8,
"252200230","WARSZAWA-FILTRY               ","2025","07","19","06",16.6,,,"8","W","W",,"8","WSW",,3,,8,,6,
"252200230","WARSZAWA-FILTRY               ","2025","07","19","12",21.0,,,"8","W","W",,"8","WSW",,3,,8,,7,
"252200230","WARSZAWA-FILTRY               ","2025","07","19","18",21.8,,,"8","W","W",,"8","W  ",,2,,3,,8,
"252200230","WARSZAWA-FILTRY               ","2025","07","20","06",18.9,,,"8","W","W",,"8","W  ",,4,,8,,7,
"252200230","WARSZAWA-FILTRY               ","2025","07","20","12",25.7,,,"8","W","W",,"8","WSW",,5,,6,,8,
"252200230","WARSZAWA-FILTRY               ","2025","07","20","18",22.6,,,"8","W","W",,"8","WSW",,2,,8,,8,
"252200230","WARSZAWA-FILTRY               ","2025","07","21","06",23.3,,,"8","W","W",,"8","NW ",,1,,1,,7,
"252200230","WARSZAWA-FILTRY               ","2025","07","21","12",29.2,,,"8","W","W",,"8","SE ",,2,,3,,8,
"252200230","WARSZAWA-FILTRY               ","2025","07","21","18",26.6,,,"8","W","W",,"8","E  ",,2,,3,,8,
"252200230","WARSZAWA-FILTRY               ","2025","07","22","06",18.9,,,"8","W","W",,"8","SW ",,7,,8,,8,
"252200230","WARSZAWA-FILTRY               ","2025","07","22","12",25.2,,,"8","W","W",,"8","SW ",,7,,7,,8,
"252200230","WARSZAWA-FILTRY               ","2025","07","22","18",24.6,,,"8","W","W",,"8","WSW",,4,,5,,8,
"252200230","WARSZAWA-FILTRY               ","2025","07","23","06",19.8,,,"8","W","W",,"8","WSW",,4,,5,,8,
"252200230","WARSZAWA-FILTRY               ","2025","07","23","12",24.0,,,"8","W","W",,"8","WSW",,8,,7,,8,
"252200230","WARSZAWA-FILTRY               ","2025","07","23","18",20.2,,,"8","W","W",,"8","SSW",,2,,8,,7,
"252200230","WARSZAWA-FILTRY               ","2025","07","24","06",20.9,,,"8","W","W",,"8","SSW",,3,,4,,8,
"252200230","WARSZAWA-FILTRY               ","2025","07","24","12",25.7,,,"8","W","W",,"8","WSW",,6,,4,,8,
"252200230","WARSZAWA-FILTRY               ","2025","07","24","18",23.3,,,"8","W","W",,"8","W  ",,3,,2,,8,
"252200230","WARSZAWA-FILTRY               ","2025","07","25","06",20.7,,,"8","W","W",,"8","SSW",,1,,5,,8,
"252200230","WARSZAWA-FILTRY               ","2025","07","25","12",24.5,,,"8","W","W",,"8","SW ",,4,,4,,8,
"252200230","WARSZAWA-FILTRY               ","2025","07","25","18",23.4,,,"8","W","W",,"8","WSW",,2,,7,,8,
"252200230","WARSZAWA-FILTRY               ","2025","07","26","06",20.7,,,"8","W","W",,"8","SW ",,1,,5,,8,
"252200230","WARSZAWA-FILTRY               ","2025","07","26","12",28.0,,,"8","W","W",,"8","NW ",,2,,4,,8,
"252200230","WARSZAWA-FILTRY               ","2025","07","26","18",24.3,,,"8","W","W",,"8","C  ",,0,,8,,7,
"252200230","WARSZAWA-FILTRY               ","2025","07","27","06",19.9,,,"8","W","W",,"8","NNE",,1,,7,,7,
"252200230","WARSZAWA-FILTRY               ","2025","07","27","12",24.2,,,"8","W","W",,"8","NW ",,2,,8,,7,
"252200230","WARSZAWA-FILTRY               ","2025","07","27","18",22.1,,,"8","W","W",,"8","NNW",,2,,8,,7,
"252200230","WARSZAWA-FILTRY               ","2025","07","28","06",19.3,,,"8","W","W",,"8","E  ",,3,,8,,7,
"252200230","WARSZAWA-FILTRY               ","2025","07","28","12",23.7,,,"8","W","W",,"8","NE ",,1,,7,,8,
"252200230","WARSZAWA-FILTRY               ","2025","07","28","18",17.4,,,"8","W","W",,"8","W  ",,5,,8,,8,
"252200230","WARSZAWA-FILTRY               ","2025","07","29","06",16.5,,,"8","W","W",,"8","WSW",,6,,8,,7,
"252200230","WARSZAWA-FILTRY               ","2025","07","29","12",19.1,,,"8","W","W",,"8","WSW",,5,,8,,8,
"252200230","WARSZAWA-FILTRY               ","2025","07","29","18",20.4,,,"8","W","W",,"8","W  ",,2,,6,,8,
"252200230","WARSZAWA-FILTRY               ","2025","07","30","06",17.9,,,"8","W","W",,"8","W  ",,3,,2,,7,
"252200230","WARSZAWA-FILTRY               ","2025","07","30","12",23.3,,,"8","W","W",,"8","WSW",,6,,4,,7,
"252200230","WARSZAWA-FILTRY               ","2025","07","30","18",22.0,,,"8","W","W",,"8","WSW",,3,,3,,8,
"252200230","WARSZAWA-FILTRY               ","2025","07","31","06",18.1,,,"8","W","W",,"8","C  ",,0,,8,,6,
"252200230","WARSZAWA-FILTRY               ","2025","07","31","12",20.5,,,"8","W","W",,"8","WSW",,2,,7,,6,
"252200230","WARSZAWA-FILTRY               ","2025","07","31","18",18.0,,,"8","W","W",,"8","WSW",,2,,2,,8,
"252210050","PU£TUSK                       ","2025","07","01","06",16.7,,,"8","W","W",,"8","WNW",,1,,,"8",,"8"
"252210050","PU£TUSK                       ","2025","07","01","12",24.3,,,"8","W","W",,"8","W  ",,3,,,"8",,"8"
"252210050","PU£TUSK                       ","2025","07","01","18",23.5,,,"8","W","W",,"8","WNW",,1,,,"8",,"8"
"252210050","PU£TUSK                       ","2025","07","02","06",20.3,,,"8","W","W",,"8","C  ",,0,,,"8",,"8"
"252210050","PU£TUSK                       ","2025","07","02","12",29.3,,,"8","W","W",,"8","WSW",,1,,,"8",,"8"
"252210050","PU£TUSK                       ","2025","07","02","18",28.6,,,"8","W","W",,"8","C  ",,0,,,"8",,"8"
"252210050","PU£TUSK                       ","2025","07","03","06",23.1,,,"8","W","W",,"8","SE ",,1,,,"8",,"8"
"252210050","PU£TUSK                       ","2025","07","03","12",34.8,,,"8","W","W",,"8","S  ",,1,,,"8",,"8"
"252210050","PU£TUSK                       ","2025","07","03","18",21.4,,,"8","W","W",,"8","WNW",,4,,,"8",,"8"
"252210050","PU£TUSK                       ","2025","07","04","06",16.4,,,"8","W","W",,"8","W  ",,2,,,"8",,"8"
"252210050","PU£TUSK                       ","2025","07","04","12",23.3,,,"8","W","W",,"8","W  ",,4,,,"8",,"8"
"252210050","PU£TUSK                       ","2025","07","04","18",19.8,,,"8","W","W",,"8","W  ",,1,,,"8",,"8"
"252210050","PU£TUSK                       ","2025","07","05","06",17.1,,,"8","W","W",,"8","S  ",,2,,,"8",,"8"
"252210050","PU£TUSK                       ","2025","07","05","12",25.1,,,"8","W","W",,"8","SSW",,3,,,"8",,"8"
"252210050","PU£TUSK                       ","2025","07","05","18",24.9,,,"8","W","W",,"8","S  ",,1,,,"8",,"8"
"252210050","PU£TUSK                       ","2025","07","06","06",20.4,,,"8","W","W",,"8","S  ",,2,,,"8",,"8"
"252210050","PU£TUSK                       ","2025","07","06","12",29.7,,,"8","W","W",,"8","SSW",,2,,,"8",,"8"
"252210050","PU£TUSK                       ","2025","07","06","18",28.5,,,"8","W","W",,"8","E  ",,1,,,"8",,"8"
"252210050","PU£TUSK                       ","2025","07","07","06",19.4,,,"8","W","W",,"8","SW ",,2,,,"8",,"8"
"252210050","PU£TUSK                       ","2025","07","07","12",21.8,,,"8","W","W",,"8","SE ",,2,,,"8",,"8"
"252210050","PU£TUSK                       ","2025","07","07","18",21.3,,,"8","W","W",,"8","SW ",,1,,,"8",,"8"
"252210050","PU£TUSK                       ","2025","07","08","06",19.4,,,"8","W","W",,"8","S  ",,1,,,"8",,"8"
"252210050","PU£TUSK                       ","2025","07","08","12",24.4,,,"8","W","W",,"8","SSE",,2,,,"8",,"8"
"252210050","PU£TUSK                       ","2025","07","08","18",19.2,,,"8","W","W",,"8","C  ",,0,,,"8",,"8"
"252210050","PU£TUSK                       ","2025","07","09","06",14.7,,,"8","W","W",,"8","NW ",,1,,,"8",,"8"
"252210050","PU£TUSK                       ","2025","07","09","12",15.0,,,"8","W","W",,"8","W  ",,4,,,"8",,"8"
"252210050","PU£TUSK                       ","2025","07","09","18",15.2,,,"8","W","W",,"8","W  ",,1,,,"8",,"8"
"252210050","PU£TUSK                       ","2025","07","10","06",15.6,,,"8","W","W",,"8","WSW",,3,,,"8",,"8"
"252210050","PU£TUSK                       ","2025","07","10","12",19.8,,,"8","W","W",,"8","WNW",,5,,,"8",,"8"
"252210050","PU£TUSK                       ","2025","07","10","18",14.6,,,"8","W","W",,"8","WNW",,3,,,"8",,"8"
"252210050","PU£TUSK                       ","2025","07","11","06",13.8,,,"8","W","W",,"8","WSW",,5,,,"8",,"8"
"252210050","PU£TUSK                       ","2025","07","11","12",15.5,,,"8","W","W",,"8","SW ",,3,,,"8",,"8"
"252210050","PU£TUSK                       ","2025","07","11","18",16.5,,,"8","W","W",,"8","C  ",,0,,,"8",,"8"
"252210050","PU£TUSK                       ","2025","07","12","06",15.1,,,"8","W","W",,"8","S  ",,3,,,"8",,"8"
"252210050","PU£TUSK                       ","2025","07","12","12",18.3,,,"8","W","W",,"8","SSE",,3,,,"8",,"8"
"252210050","PU£TUSK                       ","2025","07","12","18",18.6,,,"8","W","W",,"8","E  ",,2,,,"8",,"8"
"252210050","PU£TUSK                       ","2025","07","13","06",19.4,,,"8","W","W",,"8","ESE",,2,,,"8",,"8"
"252210050","PU£TUSK                       ","2025","07","13","12",24.8,,,"8","W","W",,"8","SE ",,1,,,"8",,"8"
"252210050","PU£TUSK                       ","2025","07","13","18",20.9,,,"8","W","W",,"8","E  ",,1,,,"8",,"8"
"252210050","PU£TUSK                       ","2025","07","14","06",19.3,,,"8","W","W",,"8","SSE",,1,,,"8",,"8"
"252210050","PU£TUSK                       ","2025","07","14","12",15.8,,,"8","W","W",,"8","SE ",,1,,,"8",,"8"
"252210050","PU£TUSK                       ","2025","07","14","18",22.0,,,"8","W","W",,"8","C  ",,0,,,"8",,"8"
"252210050","PU£TUSK                       ","2025","07","15","06",19.5,,,"8","W","W",,"8","C  ",,0,,,"8",,"8"
"252210050","PU£TUSK                       ","2025","07","15","12",26.4,,,"8","W","W",,"8","W  ",,3,,,"8",,"8"
"252210050","PU£TUSK                       ","2025","07","15","18",22.2,,,"8","W","W",,"8","C  ",,0,,,"8",,"8"
"252210050","PU£TUSK                       ","2025","07","16","06",17.4,,,"8","W","W",,"8","W  ",,3,,,"8",,"8"
"252210050","PU£TUSK                       ","2025","07","16","12",19.5,,,"8","W","W",,"8","WSW",,6,,,"8",,"8"
"252210050","PU£TUSK                       ","2025","07","16","18",15.7,,,"8","W","W",,"8","WNW",,1,,,"8",,"8"
"252210050","PU£TUSK                       ","2025","07","17","06",16.5,,,"8","W","W",,"8","WSW",,2,,,"8",,"8"
"252210050","PU£TUSK                       ","2025","07","17","12",23.5,,,"8","W","W",,"8","SW ",,1,,,"8",,"8"
"252210050","PU£TUSK                       ","2025","07","17","18",20.5,,,"8","W","W",,"8","C  ",,0,,,"8",,"8"
"252210050","PU£TUSK                       ","2025","07","18","06",17.2,,,"8","W","W",,"8","C  ",,0,,,"8",,"8"
"252210050","PU£TUSK                       ","2025","07","18","12",25.1,,,"8","W","W",,"8","NW ",,2,,,"8",,"8"
"252210050","PU£TUSK                       ","2025","07","18","18",22.8,,,"8","W","W",,"8","NW ",,2,,,"8",,"8"
"252210050","PU£TUSK                       ","2025","07","19","06",17.8,,,"8","W","W",,"8","WNW",,2,,,"8",,"8"
"252210050","PU£TUSK                       ","2025","07","19","12",22.3,,,"8","W","W",,"8","W  ",,2,,,"8",,"8"
"252210050","PU£TUSK                       ","2025","07","19","18",19.3,,,"8","W","W",,"8","WSW",,2,,,"8",,"8"
"252210050","PU£TUSK                       ","2025","07","20","06",18.1,,,"8","W","W",,"8","W  ",,2,,,"8",,"8"
"252210050","PU£TUSK                       ","2025","07","20","12",23.3,,,"8","W","W",,"8","NW ",,2,,,"8",,"8"
"252210050","PU£TUSK                       ","2025","07","20","18",24.0,,,"8","W","W",,"8","C  ",,0,,,"8",,"8"
"252210050","PU£TUSK                       ","2025","07","21","06",20.9,,,"8","W","W",,"8","C  ",,0,,,"8",,"8"
"252210050","PU£TUSK                       ","2025","07","21","12",27.9,,,"8","W","W",,"8","C  ",,0,,,"8",,"8"
"252210050","PU£TUSK                       ","2025","07","21","18",26.5,,,"8","W","W",,"8","ENE",,1,,,"8",,"8"
"252210050","PU£TUSK                       ","2025","07","22","06",20.0,,,"8","W","W",,"8","S  ",,2,,,"8",,"8"
"252210050","PU£TUSK                       ","2025","07","22","12",21.0,,,"8","W","W",,"8","SW ",,4,,,"8",,"8"
"252210050","PU£TUSK                       ","2025","07","22","18",22.7,,,"8","W","W",,"8","WSW",,1,,,"8",,"8"
"252210050","PU£TUSK                       ","2025","07","23","06",19.2,,,"8","W","W",,"8","SSW",,2,,,"8",,"8"
"252210050","PU£TUSK                       ","2025","07","23","12",23.5,,,"8","W","W",,"8","SW ",,4,,,"8",,"8"
"252210050","PU£TUSK                       ","2025","07","23","18",21.2,,,"8","W","W",,"8","C  ",,0,,,"8",,"8"
"252210050","PU£TUSK                       ","2025","07","24","06",18.6,,,"8","W","W",,"8","SSE",,2,,,"8",,"8"
"252210050","PU£TUSK                       ","2025","07","24","12",22.5,,,"8","W","W",,"8","WSW",,5,,,"8",,"8"
"252210050","PU£TUSK                       ","2025","07","24","18",22.2,,,"8","W","W",,"8","W  ",,1,,,"8",,"8"
"252210050","PU£TUSK                       ","2025","07","25","06",20.2,,,"8","W","W",,"8","C  ",,0,,,"8",,"8"
"252210050","PU£TUSK                       ","2025","07","25","12",25.5,,,"8","W","W",,"8","WNW",,1,,,"8",,"8"
"252210050","PU£TUSK                       ","2025","07","25","18",21.3,,,"8","W","W",,"8","C  ",,0,,,"8",,"8"
"252210050","PU£TUSK                       ","2025","07","26","06",20.5,,,"8","W","W",,"8","C  ",,0,,,"8",,"8"
"252210050","PU£TUSK                       ","2025","07","26","12",28.9,,,"8","W","W",,"8","SSW",,1,,,"8",,"8"
"252210050","PU£TUSK                       ","2025","07","26","18",24.5,,,"8","W","W",,"8","C  ",,0,,,"8",,"8"
"252210050","PU£TUSK                       ","2025","07","27","06",19.8,,,"8","W","W",,"8","C  ",,0,,,"8",,"8"
"252210050","PU£TUSK                       ","2025","07","27","12",25.2,,,"8","W","W",,"8","NE ",,1,,,"8",,"8"
"252210050","PU£TUSK                       ","2025","07","27","18",19.2,,,"8","W","W",,"8","C  ",,0,,,"8",,"8"
"252210050","PU£TUSK                       ","2025","07","28","06",19.4,,,"8","W","W",,"8","E  ",,1,,,"8",,"8"
"252210050","PU£TUSK                       ","2025","07","28","12",22.9,,,"8","W","W",,"8","C  ",,0,,,"8",,"8"
"252210050","PU£TUSK                       ","2025","07","28","18",18.0,,,"8","W","W",,"8","WSW",,3,,,"8",,"8"
"252210050","PU£TUSK                       ","2025","07","29","06",16.5,,,"8","W","W",,"8","WSW",,5,,,"8",,"8"
"252210050","PU£TUSK                       ","2025","07","29","12",19.0,,,"8","W","W",,"8","WSW",,3,,,"8",,"8"
"252210050","PU£TUSK                       ","2025","07","29","18",20.0,,,"8","W","W",,"8","W  ",,1,,,"8",,"8"
"252210050","PU£TUSK                       ","2025","07","30","06",17.6,,,"8","W","W",,"8","WSW",,1,,,"8",,"8"
"252210050","PU£TUSK                       ","2025","07","30","12",23.5,,,"8","W","W",,"8","WNW",,4,,,"8",,"8"
"252210050","PU£TUSK                       ","2025","07","30","18",20.6,,,"8","W","W",,"8","W  ",,1,,,"8",,"8"
"252210050","PU£TUSK                       ","2025","07","31","06",16.6,,,"8","W","W",,"8","C  ",,0,,,"8",,"8"
"252210050","PU£TUSK                       ","2025","07","31","12",20.1,,,"8","W","W",,"8","SSE",,1,,,"8",,"8"
"252210050","PU£TUSK                       ","2025","07","31","18",17.2,,,"8","W","W",,"8","C  ",,0,,,"8",,"8"
"252210170","WARSZAWA-OBSERWATORIUM II     ","2025","07","01","06",15.9,,,"8","W","W",,"8",,"8",,"8",,"8",,"8"
"252210170","WARSZAWA-OBSERWATORIUM II     ","2025","07","01","12",24.8,,,"8","W","W",,"8",,"8",,"8",,"8",,"8"
"252210170","WARSZAWA-OBSERWATORIUM II     ","2025","07","01","18",22.7,,,"8","W","W",,"8",,"8",,"8",,"8",,"8"
"252210170","WARSZAWA-OBSERWATORIUM II     ","2025","07","02","06",19.6,,,"8","W","W",,"8",,"8",,"8",,"8",,"8"
"252210170","WARSZAWA-OBSERWATORIUM II     ","2025","07","02","12",30.0,,,"8","W","W",,"8",,"8",,"8",,"8",,"8"
"252210170","WARSZAWA-OBSERWATORIUM II     ","2025","07","02","18",26.7,,,"8","W","W",,"8",,"8",,"8",,"8",,"8"
"252210170","WARSZAWA-OBSERWATORIUM II     ","2025","07","03","06",21.4,,,"8","W","W",,"8",,"8",,"8",,"8",,"8"
"252210170","WARSZAWA-OBSERWATORIUM II     ","2025","07","03","12",35.0,,,"8","W","W",,"8",,"8",,"8",,"8",,"8"
"252210170","WARSZAWA-OBSERWATORIUM II     ","2025","07","03","18",23.0,,,"8","W","W",,"8",,"8",,"8",,"8",,"8"
"252210170","WARSZAWA-OBSERWATORIUM II     ","2025","07","04","06",17.0,,,"8","W","W",,"8",,"8",,"8",,"8",,"8"
"252210170","WARSZAWA-OBSERWATORIUM II     ","2025","07","04","12",24.0,,,"8","W","W",,"8",,"8",,"8",,"8",,"8"
"252210170","WARSZAWA-OBSERWATORIUM II     ","2025","07","04","18",19.8,,,"8","W","W",,"8",,"8",,"8",,"8",,"8"
"252210170","WARSZAWA-OBSERWATORIUM II     ","2025","07","05","06",17.1,,,"8","W","W",,"8",,"8",,"8",,"8",,"8"
"252210170","WARSZAWA-OBSERWATORIUM II     ","2025","07","05","12",25.4,,,"8","W","W",,"8",,"8",,"8",,"8",,"8"
"252210170","WARSZAWA-OBSERWATORIUM II     ","2025","07","05","18",23.4,,,"8","W","W",,"8",,"8",,"8",,"8",,"8"
"252210170","WARSZAWA-OBSERWATORIUM II     ","2025","07","06","06",20.1,,,"8","W","W",,"8",,"8",,"8",,"8",,"8"
"252210170","WARSZAWA-OBSERWATORIUM II     ","2025","07","06","12",30.3,,,"8","W","W",,"8",,"8",,"8",,"8",,"8"
"252210170","WARSZAWA-OBSERWATORIUM II     ","2025","07","06","18",23.5,,,"8","W","W",,"8",,"8",,"8",,"8",,"8"
"252210170","WARSZAWA-OBSERWATORIUM II     ","2025","07","07","06",19.7,,,"8","W","W",,"8",,"8",,"8",,"8",,"8"
"252210170","WARSZAWA-OBSERWATORIUM II     ","2025","07","07","12",21.8,,,"8","W","W",,"8",,"8",,"8",,"8",,"8"
"252210170","WARSZAWA-OBSERWATORIUM II     ","2025","07","07","18",21.7,,,"8","W","W",,"8",,"8",,"8",,"8",,"8"
"252210170","WARSZAWA-OBSERWATORIUM II     ","2025","07","08","06",18.0,,,"8","W","W",,"8",,"8",,"8",,"8",,"8"
"252210170","WARSZAWA-OBSERWATORIUM II     ","2025","07","08","12",22.0,,,"8","W","W",,"8",,"8",,"8",,"8",,"8"
"252210170","WARSZAWA-OBSERWATORIUM II     ","2025","07","08","18",17.5,,,"8","W","W",,"8",,"8",,"8",,"8",,"8"
"252210170","WARSZAWA-OBSERWATORIUM II     ","2025","07","09","06",15.2,,,"8","W","W",,"8",,"8",,"8",,"8",,"8"
"252210170","WARSZAWA-OBSERWATORIUM II     ","2025","07","09","12",15.1,,,"8","W","W",,"8",,"8",,"8",,"8",,"8"
"252210170","WARSZAWA-OBSERWATORIUM II     ","2025","07","09","18",15.0,,,"8","W","W",,"8",,"8",,"8",,"8",,"8"
"252210170","WARSZAWA-OBSERWATORIUM II     ","2025","07","10","06",14.7,,,"8","W","W",,"8",,"8",,"8",,"8",,"8"
"252210170","WARSZAWA-OBSERWATORIUM II     ","2025","07","10","12",19.5,,,"8","W","W",,"8",,"8",,"8",,"8",,"8"
"252210170","WARSZAWA-OBSERWATORIUM II     ","2025","07","10","18",17.0,,,"8","W","W",,"8",,"8",,"8",,"8",,"8"
"252210170","WARSZAWA-OBSERWATORIUM II     ","2025","07","11","06",13.5,,,"8","W","W",,"8",,"8",,"8",,"8",,"8"
"252210170","WARSZAWA-OBSERWATORIUM II     ","2025","07","11","12",15.7,,,"8","W","W",,"8",,"8",,"8",,"8",,"8"
"252210170","WARSZAWA-OBSERWATORIUM II     ","2025","07","11","18",16.3,,,"8","W","W",,"8",,"8",,"8",,"8",,"8"
"252210170","WARSZAWA-OBSERWATORIUM II     ","2025","07","12","06",14.0,,,"8","W","W",,"8",,"8",,"8",,"8",,"8"
"252210170","WARSZAWA-OBSERWATORIUM II     ","2025","07","12","12",16.7,,,"8","W","W",,"8",,"8",,"8",,"8",,"8"
"252210170","WARSZAWA-OBSERWATORIUM II     ","2025","07","12","18",17.8,,,"8","W","W",,"8",,"8",,"8",,"8",,"8"
"252210170","WARSZAWA-OBSERWATORIUM II     ","2025","07","13","06",16.4,,,"8","W","W",,"8",,"8",,"8",,"8",,"8"
"252210170","WARSZAWA-OBSERWATORIUM II     ","2025","07","13","12",17.6,,,"8","W","W",,"8",,"8",,"8",,"8",,"8"
"252210170","WARSZAWA-OBSERWATORIUM II     ","2025","07","13","18",19.4,,,"8","W","W",,"8",,"8",,"8",,"8",,"8"
"252210170","WARSZAWA-OBSERWATORIUM II     ","2025","07","14","06",18.7,,,"8","W","W",,"8",,"8",,"8",,"8",,"8"
"252210170","WARSZAWA-OBSERWATORIUM II     ","2025","07","14","12",17.6,,,"8","W","W",,"8",,"8",,"8",,"8",,"8"
"252210170","WARSZAWA-OBSERWATORIUM II     ","2025","07","14","18",20.6,,,"8","W","W",,"8",,"8",,"8",,"8",,"8"
"252210170","WARSZAWA-OBSERWATORIUM II     ","2025","07","15","06",19.3,,,"8","W","W",,"8",,"8",,"8",,"8",,"8"
"252210170","WARSZAWA-OBSERWATORIUM II     ","2025","07","15","12",24.7,,,"8","W","W",,"8",,"8",,"8",,"8",,"8"
"252210170","WARSZAWA-OBSERWATORIUM II     ","2025","07","15","18",23.1,,,"8","W","W",,"8",,"8",,"8",,"8",,"8"
"252210170","WARSZAWA-OBSERWATORIUM II     ","2025","07","16","06",17.3,,,"8","W","W",,"8",,"8",,"8",,"8",,"8"
"252210170","WARSZAWA-OBSERWATORIUM II     ","2025","07","16","12",19.8,,,"8","W","W",,"8",,"8",,"8",,"8",,"8"
"252210170","WARSZAWA-OBSERWATORIUM II     ","2025","07","16","18",17.8,,,"8","W","W",,"8",,"8",,"8",,"8",,"8"
"252210170","WARSZAWA-OBSERWATORIUM II     ","2025","07","17","06",15.1,,,"8","W","W",,"8",,"8",,"8",,"8",,"8"
"252210170","WARSZAWA-OBSERWATORIUM II     ","2025","07","17","12",21.5,,,"8","W","W",,"8",,"8",,"8",,"8",,"8"
"252210170","WARSZAWA-OBSERWATORIUM II     ","2025","07","17","18",19.9,,,"8","W","W",,"8",,"8",,"8",,"8",,"8"
"252210170","WARSZAWA-OBSERWATORIUM II     ","2025","07","18","06",16.5,,,"8","W","W",,"8",,"8",,"8",,"8",,"8"
"252210170","WARSZAWA-OBSERWATORIUM II     ","2025","07","18","12",22.9,,,"8","W","W",,"8",,"8",,"8",,"8",,"8"
"252210170","WARSZAWA-OBSERWATORIUM II     ","2025","07","18","18",22.0,,,"8","W","W",,"8",,"8",,"8",,"8",,"8"
"252210170","WARSZAWA-OBSERWATORIUM II     ","2025","07","19","06",16.5,,,"8","W","W",,"8",,"8",,"8",,"8",,"8"
"252210170","WARSZAWA-OBSERWATORIUM II     ","2025","07","19","12",20.8,,,"8","W","W",,"8",,"8",,"8",,"8",,"8"
"252210170","WARSZAWA-OBSERWATORIUM II     ","2025","07","19","18",20.8,,,"8","W","W",,"8",,"8",,"8",,"8",,"8"
"252210170","WARSZAWA-OBSERWATORIUM II     ","2025","07","20","06",18.8,,,"8","W","W",,"8",,"8",,"8",,"8",,"8"
"252210170","WARSZAWA-OBSERWATORIUM II     ","2025","07","20","12",24.8,,,"8","W","W",,"8",,"8",,"8",,"8",,"8"
"252210170","WARSZAWA-OBSERWATORIUM II     ","2025","07","20","18",21.6,,,"8","W","W",,"8",,"8",,"8",,"8",,"8"
"252210170","WARSZAWA-OBSERWATORIUM II     ","2025","07","21","06",20.1,,,"8","W","W",,"8",,"8",,"8",,"8",,"8"
"252210170","WARSZAWA-OBSERWATORIUM II     ","2025","07","21","12",26.9,,,"8","W","W",,"8",,"8",,"8",,"8",,"8"
"252210170","WARSZAWA-OBSERWATORIUM II     ","2025","07","21","18",24.3,,,"8","W","W",,"8",,"8",,"8",,"8",,"8"
"252210170","WARSZAWA-OBSERWATORIUM II     ","2025","07","22","06",18.1,,,"8","W","W",,"8",,"8",,"8",,"8",,"8"
"252210170","WARSZAWA-OBSERWATORIUM II     ","2025","07","22","12",24.0,,,"8","W","W",,"8",,"8",,"8",,"8",,"8"
"252210170","WARSZAWA-OBSERWATORIUM II     ","2025","07","22","18",23.4,,,"8","W","W",,"8",,"8",,"8",,"8",,"8"
"252210170","WARSZAWA-OBSERWATORIUM II     ","2025","07","23","06",18.6,,,"8","W","W",,"8",,"8",,"8",,"8",,"8"
"252210170","WARSZAWA-OBSERWATORIUM II     ","2025","07","23","12",22.9,,,"8","W","W",,"8",,"8",,"8",,"8",,"8"
"252210170","WARSZAWA-OBSERWATORIUM II     ","2025","07","23","18",19.5,,,"8","W","W",,"8",,"8",,"8",,"8",,"8"
"252210170","WARSZAWA-OBSERWATORIUM II     ","2025","07","24","06",19.4,,,"8","W","W",,"8",,"8",,"8",,"8",,"8"
"252210170","WARSZAWA-OBSERWATORIUM II     ","2025","07","24","12",24.3,,,"8","W","W",,"8",,"8",,"8",,"8",,"8"
"252210170","WARSZAWA-OBSERWATORIUM II     ","2025","07","24","18",22.3,,,"8","W","W",,"8",,"8",,"8",,"8",,"8"
"252210170","WARSZAWA-OBSERWATORIUM II     ","2025","07","25","06",19.4,,,"8","W","W",,"8",,"8",,"8",,"8",,"8"
"252210170","WARSZAWA-OBSERWATORIUM II     ","2025","07","25","12",23.8,,,"8","W","W",,"8",,"8",,"8",,"8",,"8"
"252210170","WARSZAWA-OBSERWATORIUM II     ","2025","07","25","18",22.3,,,"8","W","W",,"8",,"8",,"8",,"8",,"8"
"252210170","WARSZAWA-OBSERWATORIUM II     ","2025","07","26","06",19.4,,,"8","W","W",,"8",,"8",,"8",,"8",,"8"
"252210170","WARSZAWA-OBSERWATORIUM II     ","2025","07","26","12",28.1,,,"8","W","W",,"8",,"8",,"8",,"8",,"8"
"252210170","WARSZAWA-OBSERWATORIUM II     ","2025","07","26","18",24.0,,,"8","W","W",,"8",,"8",,"8",,"8",,"8"
"252210170","WARSZAWA-OBSERWATORIUM II     ","2025","07","27","06",19.4,,,"8","W","W",,"8",,"8",,"8",,"8",,"8"
"252210170","WARSZAWA-OBSERWATORIUM II     ","2025","07","27","12",23.6,,,"8","W","W",,"8",,"8",,"8",,"8",,"8"
"252210170","WARSZAWA-OBSERWATORIUM II     ","2025","07","27","18",21.8,,,"8","W","W",,"8",,"8",,"8",,"8",,"8"
"252210170","WARSZAWA-OBSERWATORIUM II     ","2025","07","28","06",19.1,,,"8","W","W",,"8",,"8",,"8",,"8",,"8"
"252210170","WARSZAWA-OBSERWATORIUM II     ","2025","07","28","12",22.6,,,"8","W","W",,"8",,"8",,"8",,"8",,"8"
"252210170","WARSZAWA-OBSERWATORIUM II     ","2025","07","28","18",17.4,,,"8","W","W",,"8",,"8",,"8",,"8",,"8"
"252210170","WARSZAWA-OBSERWATORIUM II     ","2025","07","29","06",16.1,,,"8","W","W",,"8",,"8",,"8",,"8",,"8"
"252210170","WARSZAWA-OBSERWATORIUM II     ","2025","07","29","12",19.1,,,"8","W","W",,"8",,"8",,"8",,"8",,"8"
"252210170","WARSZAWA-OBSERWATORIUM II     ","2025","07","29","18",18.9,,,"8","W","W",,"8",,"8",,"8",,"8",,"8"
"252210170","WARSZAWA-OBSERWATORIUM II     ","2025","07","30","06",16.9,,,"8","W","W",,"8",,"8",,"8",,"8",,"8"
"252210170","WARSZAWA-OBSERWATORIUM II     ","2025","07","30","12",23.3,,,"8","W","W",,"8",,"8",,"8",,"8",,"8"
"252210170","WARSZAWA-OBSERWATORIUM II     ","2025","07","30","18",20.6,,,"8","W","W",,"8",,"8",,"8",,"8",,"8"
"252210170","WARSZAWA-OBSERWATORIUM II     ","2025","07","31","06",16.3,,,"8","W","W",,"8",,"8",,"8",,"8",,"8"
"252210170","WARSZAWA-OBSERWATORIUM II     ","2025","07","31","12",20.3,,,"8","W","W",,"8",,"8",,"8",,"8",,"8"
"252210170","WARSZAWA-OBSERWATORIUM II     ","2025","07","31","18",16.7,,,"8","W","W",,"8",,"8",,"8",,"8",,"8"
"252220030","SZEPIETOWO                    ","2025","07","01","06",16.7,,,"8",,"U",,"8",,"8",,"8",2,,7,
"252220030","SZEPIETOWO                    ","2025","07","01","12",23.6,,,"8",,"U",,"8",,"8",,"8",4,,7,
"252220030","SZEPIETOWO                    ","2025","07","01","18",22.8,,,"8",,"U",,"8",,"8",,"8",2,,7,
"252220030","SZEPIETOWO                    ","2025","07","02","06",19.9,,,"8",,"U",,"8",,"8",,"8",1,,7,
"252220030","SZEPIETOWO                    ","2025","07","02","12",28.2,,,"8",,"U",,"8",,"8",,"8",1,,7,
"252220030","SZEPIETOWO                    ","2025","07","02","18",28.0,,,"8",,"U",,"8",,"8",,"8",0,,7,
"252220030","SZEPIETOWO                    ","2025","07","03","06",23.8,,,"8",,"U",,"8",,"8",,"8",1,,7,
"252220030","SZEPIETOWO                    ","2025","07","03","12",33.6,,,"8",,"U",,"8",,"8",,"8",1,,7,
"252220030","SZEPIETOWO                    ","2025","07","03","18",24.4,,,"8",,"U",,"8",,"8",,"8",6,,7,
"252220030","SZEPIETOWO                    ","2025","07","04","06",16.9,,,"8",,"U",,"8",,"8",,"8",2,,7,
"252220030","SZEPIETOWO                    ","2025","07","04","12",22.2,,,"8",,"U",,"8",,"8",,"8",5,,7,
"252220030","SZEPIETOWO                    ","2025","07","04","18",19.7,,,"8",,"U",,"8",,"8",,"8",6,,7,
"252220030","SZEPIETOWO                    ","2025","07","05","06",15.4,,,"8",,"U",,"8",,"8",,"8",2,,7,
"252220030","SZEPIETOWO                    ","2025","07","05","12",23.8,,,"8",,"U",,"8",,"8",,"8",4,,7,
"252220030","SZEPIETOWO                    ","2025","07","05","18",23.4,,,"8",,"U",,"8",,"8",,"8",5,,7,
"252220030","SZEPIETOWO                    ","2025","07","06","06",20.5,,,"8",,"U",,"8",,"8",,"8",6,,7,
"252220030","SZEPIETOWO                    ","2025","07","06","12",29.5,,,"8",,"U",,"8",,"8",,"8",6,,7,
"252220030","SZEPIETOWO                    ","2025","07","06","18",26.2,,,"8",,"U",,"8",,"8",,"8",6,,7,
"252220030","SZEPIETOWO                    ","2025","07","07","06",22.0,,,"8",,"U",,"8",,"8",,"8",5,,7,
"252220030","SZEPIETOWO                    ","2025","07","07","12",24.2,,,"8",,"U",,"8",,"8",,"8",4,,7,
"252220030","SZEPIETOWO                    ","2025","07","07","18",22.2,,,"8",,"U",,"8",,"8",,"8",6,,7,
"252220030","SZEPIETOWO                    ","2025","07","08","06",19.5,,,"8",,"U",,"8",,"8",,"8",3,,6,
"252220030","SZEPIETOWO                    ","2025","07","08","12",25.4,,,"8",,"U",,"8",,"8",,"8",5,,7,
"252220030","SZEPIETOWO                    ","2025","07","08","18",21.2,,,"8",,"U",,"8",,"8",,"8",7,,7,
"252220030","SZEPIETOWO                    ","2025","07","09","06",18.5,,,"8",,"U",,"8",,"8",,"8",8,,6,
"252220030","SZEPIETOWO                    ","2025","07","09","12",15.7,,,"8",,"U",,"8",,"8",,"8",8,,6,
"252220030","SZEPIETOWO                    ","2025","07","09","18",15.9,,,"8",,"U",,"8",,"8",,"8",8,,7,
"252220030","SZEPIETOWO                    ","2025","07","10","06",16.1,,,"8",,"U",,"8",,"8",,"8",8,,7,
"252220030","SZEPIETOWO                    ","2025","07","10","12",16.1,,,"8",,"U",,"8",,"8",,"8",8,,7,
"252220030","SZEPIETOWO                    ","2025","07","10","18",13.9,,,"8",,"U",,"8",,"8",,"8",8,,6,
"252220030","SZEPIETOWO                    ","2025","07","11","06",13.7,,,"8",,"U",,"8",,"8",,"8",8,,6,
"252220030","SZEPIETOWO                    ","2025","07","11","12",15.9,,,"8",,"U",,"8",,"8",,"8",8,,7,
"252220030","SZEPIETOWO                    ","2025","07","11","18",15.3,,,"8",,"U",,"8",,"8",,"8",8,,7,
"252220030","SZEPIETOWO                    ","2025","07","12","06",14.7,,,"8",,"U",,"8",,"8",,"8",2,,7,
"252220030","SZEPIETOWO                    ","2025","07","12","12",21.4,,,"8",,"U",,"8",,"8",,"8",6,,7,
"252220030","SZEPIETOWO                    ","2025","07","12","18",21.2,,,"8",,"U",,"8",,"8",,"8",6,,7,
"252220030","SZEPIETOWO                    ","2025","07","13","06",18.5,,,"8",,"U",,"8",,"8",,"8",1,,7,
"252220030","SZEPIETOWO                    ","2025","07","13","12",27.2,,,"8",,"U",,"8",,"8",,"8",5,,7,
"252220030","SZEPIETOWO                    ","2025","07","13","18",21.8,,,"8",,"U",,"8",,"8",,"8",6,,7,
"252220030","SZEPIETOWO                    ","2025","07","14","06",19.3,,,"8",,"U",,"8",,"8",,"8",3,,7,
"252220030","SZEPIETOWO                    ","2025","07","14","12",26.0,,,"8",,"U",,"8",,"8",,"8",6,,7,
"252220030","SZEPIETOWO                    ","2025","07","14","18",22.0,,,"8",,"U",,"8",,"8",,"8",4,,7,
"252220030","SZEPIETOWO                    ","2025","07","15","06",19.3,,,"8",,"U",,"8",,"8",,"8",4,,6,
"252220030","SZEPIETOWO                    ","2025","07","15","12",24.8,,,"8",,"U",,"8",,"8",,"8",6,,7,
"252220030","SZEPIETOWO                    ","2025","07","15","18",20.2,,,"8",,"U",,"8",,"8",,"8",5,,7,
"252220030","SZEPIETOWO                    ","2025","07","16","06",17.1,,,"8",,"U",,"8",,"8",,"8",6,,6,
"252220030","SZEPIETOWO                    ","2025","07","16","12",19.1,,,"8",,"U",,"8",,"8",,"8",6,,7,
"252220030","SZEPIETOWO                    ","2025","07","16","18",16.5,,,"8",,"U",,"8",,"8",,"8",6,,7,
"252220030","SZEPIETOWO                    ","2025","07","17","06",16.9,,,"8",,"U",,"8",,"8",,"8",3,,7,
"252220030","SZEPIETOWO                    ","2025","07","17","12",22.4,,,"8",,"U",,"8",,"8",,"8",5,,7,
"252220030","SZEPIETOWO                    ","2025","07","17","18",20.4,,,"8",,"U",,"8",,"8",,"8",5,,7,
"252220030","SZEPIETOWO                    ","2025","07","18","06",17.9,,,"8",,"U",,"8",,"8",,"8",3,,6,
"252220030","SZEPIETOWO                    ","2025","07","18","12",23.4,,,"8",,"U",,"8",,"8",,"8",6,,7,
"252220030","SZEPIETOWO                    ","2025","07","18","18",21.2,,,"8",,"U",,"8",,"8",,"8",8,,7,
"252220030","SZEPIETOWO                    ","2025","07","19","06",18.5,,,"8",,"U",,"8",,"8",,"8",8,,5,
"252220030","SZEPIETOWO                    ","2025","07","19","12",23.4,,,"8",,"U",,"8",,"8",,"8",6,,7,
"252220030","SZEPIETOWO                    ","2025","07","19","18",22.2,,,"8",,"U",,"8",,"8",,"8",8,,7,
"252220030","SZEPIETOWO                    ","2025","07","20","06",18.3,,,"8",,"U",,"8",,"8",,"8",8,,6,
"252220030","SZEPIETOWO                    ","2025","07","20","12",23.8,,,"8",,"U",,"8",,"8",,"8",5,,7,
"252220030","SZEPIETOWO                    ","2025","07","20","18",23.8,,,"8",,"U",,"8",,"8",,"8",3,,7,
"252220030","SZEPIETOWO                    ","2025","07","21","06",22.0,,,"8",,"U",,"8",,"8",,"8",1,,7,
"252220030","SZEPIETOWO                    ","2025","07","21","12",27.2,,,"8",,"U",,"8",,"8",,"8",3,,7,
"252220030","SZEPIETOWO                    ","2025","07","21","18",24.4,,,"8",,"U",,"8",,"8",,"8",4,,7,
"252220030","SZEPIETOWO                    ","2025","07","22","06",23.6,,,"8",,"U",,"8",,"8",,"8",4,,7,
"252220030","SZEPIETOWO                    ","2025","07","22","12",18.1,,,"8",,"U",,"8",,"8",,"8",8,,5,
"252220030","SZEPIETOWO                    ","2025","07","22","18",21.8,,,"8",,"U",,"8",,"8",,"8",3,,7,
"252220030","SZEPIETOWO                    ","2025","07","23","06",18.1,,,"8",,"U",,"8",,"8",,"8",2,,7,
"252220030","SZEPIETOWO                    ","2025","07","23","12",23.2,,,"8",,"U",,"8",,"8",,"8",6,,7,
"252220030","SZEPIETOWO                    ","2025","07","23","18",19.5,,,"8",,"U",,"8",,"8",,"8",5,,7,
"252220030","SZEPIETOWO                    ","2025","07","24","06",19.7,,,"8",,"U",,"8",,"8",,"8",3,,7,
"252220030","SZEPIETOWO                    ","2025","07","24","12",24.2,,,"8",,"U",,"8",,"8",,"8",7,,7,
"252220030","SZEPIETOWO                    ","2025","07","24","18",21.2,,,"8",,"U",,"8",,"8",,"8",4,,7,
"252220030","SZEPIETOWO                    ","2025","07","25","06",18.9,,,"8",,"U",,"8",,"8",,"8",2,,7,
"252220030","SZEPIETOWO                    ","2025","07","25","12",24.8,,,"8",,"U",,"8",,"8",,"8",5,,7,
"252220030","SZEPIETOWO                    ","2025","07","25","18",22.4,,,"8",,"U",,"8",,"8",,"8",6,,7,
"252220030","SZEPIETOWO                    ","2025","07","26","06",20.2,,,"8",,"U",,"8",,"8",,"8",2,,7,
"252220030","SZEPIETOWO                    ","2025","07","26","12",26.8,,,"8",,"U",,"8",,"8",,"8",5,,7,
"252220030","SZEPIETOWO                    ","2025","07","26","18",26.6,,,"8",,"U",,"8",,"8",,"8",5,,7,
"252220030","SZEPIETOWO                    ","2025","07","27","06",19.3,,,"8",,"U",,"8",,"8",,"8",5,,7,
"252220030","SZEPIETOWO                    ","2025","07","27","12",25.4,,,"8",,"U",,"8",,"8",,"8",6,,7,
"252220030","SZEPIETOWO                    ","2025","07","27","18",21.0,,,"8",,"U",,"8",,"8",,"8",8,,7,
"252220030","SZEPIETOWO                    ","2025","07","28","06",19.9,,,"8",,"U",,"8",,"8",,"8",6,,7,
"252220030","SZEPIETOWO                    ","2025","07","28","12",23.6,,,"8",,"U",,"8",,"8",,"8",6,,7,
"252220030","SZEPIETOWO                    ","2025","07","28","18",20.2,,,"8",,"U",,"8",,"8",,"8",8,,7,
"252220030","SZEPIETOWO                    ","2025","07","29","06",16.9,,,"8",,"U",,"8",,"8",,"8",8,,6,
"252220030","SZEPIETOWO                    ","2025","07","29","12",19.5,,,"8",,"U",,"8",,"8",,"8",8,,6,
"252220030","SZEPIETOWO                    ","2025","07","29","18",18.1,,,"8",,"U",,"8",,"8",,"8",8,,7,
"252220030","SZEPIETOWO                    ","2025","07","30","06",16.3,,,"8",,"U",,"8",,"8",,"8",2,,7,
"252220030","SZEPIETOWO                    ","2025","07","30","12",22.2,,,"8",,"U",,"8",,"8",,"8",5,,7,
"252220030","SZEPIETOWO                    ","2025","07","30","18",20.8,,,"8",,"U",,"8",,"8",,"8",3,,7,
"252220030","SZEPIETOWO                    ","2025","07","31","06",17.5,,,"8",,"U",,"8",,"8",,"8",2,,7,
"252220030","SZEPIETOWO                    ","2025","07","31","12",21.4,,,"8",,"U",,"8",,"8",,"8",6,,7,
"252220030","SZEPIETOWO                    ","2025","07","31","18",17.3,,,"8",,"U",,"8",,"8",,"8",7,,7,
"253140060","GOLENIÓW                      ","2025","07","01","06",17.1,,,"8",,,,"8","SSE",,1,,0,,8,
"253140060","GOLENIÓW                      ","2025","07","01","12",25.5,,,"8",,,,"8","SSE",,1,,0,,8,
"253140060","GOLENIÓW                      ","2025","07","01","18",26.6,,,"8",,,,"8","E  ",,3,,0,,8,
"253140060","GOLENIÓW                      ","2025","07","02","06",22.1,,,"8",,,,"8","SE ",,4,,0,,8,
"253140060","GOLENIÓW                      ","2025","07","02","12",32.3,,,"8",,,,"8","SSE",,4,,0,,8,
"253140060","GOLENIÓW                      ","2025","07","02","18",31.2,,,"8",,,,"8","ESE",,3,,0,,8,
"253140060","GOLENIÓW                      ","2025","07","03","06",21.4,,,"8",,,,"8","NW ",,7,,6,,8,
"253140060","GOLENIÓW                      ","2025","07","03","12",21.1,,,"8",,,,"8","WNW",,10,,4,,8,
"253140060","GOLENIÓW                      ","2025","07","03","18",19.4,,,"8",,,,"8","WNW",,3,,1,,8,
"253140060","GOLENIÓW                      ","2025","07","04","06",15.0,,,"8",,,,"8","WNW",,2,,4,,8,
"253140060","GOLENIÓW                      ","2025","07","04","12",20.4,,,"8",,,,"8","W  ",,3,,4,,8,
"253140060","GOLENIÓW                      ","2025","07","04","18",20.3,,,"8",,,,"8","W  ",,1,,3,,8,
"253140060","GOLENIÓW                      ","2025","07","05","06",17.9,,,"8",,,,"8","S  ",,3,,6,,8,
"253140060","GOLENIÓW                      ","2025","07","05","12",25.6,,,"8",,,,"8","WSW",,5,,7,,8,
"253140060","GOLENIÓW                      ","2025","07","05","18",24.2,,,"8",,,,"8","SSW",,1,,6,,8,
"253140060","GOLENIÓW                      ","2025","07","06","06",18.3,,,"8",,,,"8","SE ",,1,,6,,8,
"253140060","GOLENIÓW                      ","2025","07","06","12",27.3,,,"8",,,,"8","SW ",,6,,5,,8,
"253140060","GOLENIÓW                      ","2025","07","06","18",23.5,,,"8",,,,"8","W  ",,2,,7,,8,
"253140060","GOLENIÓW                      ","2025","07","07","06",18.3,,,"8",,,,"8","S  ",,4,,4,,8,
"253140060","GOLENIÓW                      ","2025","07","07","12",19.1,,,"8",,,,"8","NW ",,3,,7,,8,
"253140060","GOLENIÓW                      ","2025","07","07","18",20.5,,,"8",,,,"8","NE ",,2,,4,,8,
"253140060","GOLENIÓW                      ","2025","07","08","06",14.5,,,"8",,,,"8","W  ",,3,,8,,6,
"253140060","GOLENIÓW                      ","2025","07","08","12",17.9,,,"8",,,,"8","W  ",,2,,7,,8,
"253140060","GOLENIÓW                      ","2025","07","08","18",18.3,,,"8",,,,"8","SE ",,1,,4,,8,
"253140060","GOLENIÓW                      ","2025","07","09","06",15.1,,,"8",,,,"8","W  ",,3,,7,,8,
"253140060","GOLENIÓW                      ","2025","07","09","12",19.6,,,"8",,,,"8","NNW",,6,,4,,8,
"253140060","GOLENIÓW                      ","2025","07","09","18",18.0,,,"8",,,,"8","NW ",,8,,6,,8,
"253140060","GOLENIÓW                      ","2025","07","10","06",17.3,,,"8",,,,"8","NW ",,4,,7,,8,
"253140060","GOLENIÓW                      ","2025","07","10","12",21.8,,,"8",,,,"8","NNW",,7,,4,,8,
"253140060","GOLENIÓW                      ","2025","07","10","18",20.1,,,"8",,,,"8","NW ",,5,,1,,8,
"253140060","GOLENIÓW                      ","2025","07","11","06",17.7,,,"8",,,,"8","NW ",,8,,7,,8,
"253140060","GOLENIÓW                      ","2025","07","11","12",17.8,,,"8",,,,"8","NW ",,8,,8,,8,
"253140060","GOLENIÓW                      ","2025","07","11","18",14.6,,,"8",,,,"8","NW ",,9,,8,,6,
"253140060","GOLENIÓW                      ","2025","07","12","06",15.9,,,"8",,,,"8","NW ",,3,,8,,7,
"253140060","GOLENIÓW                      ","2025","07","12","12",18.3,,,"8",,,,"8","ESE",,2,,8,,8,
"253140060","GOLENIÓW                      ","2025","07","12","18",17.2,,,"8",,,,"8","ENE",,1,,8,,8,
"253140060","GOLENIÓW                      ","2025","07","13","06",16.7,,,"8",,,,"8","E  ",,4,,7,,8,
"253140060","GOLENIÓW                      ","2025","07","13","12",19.7,,,"8",,,,"8","SE ",,6,,6,,8,
"253140060","GOLENIÓW                      ","2025","07","13","18",19.0,,,"8",,,,"8","SE ",,2,,6,,8,
"253140060","GOLENIÓW                      ","2025","07","14","06",17.7,,,"8",,,,"8","SSE",,2,,8,,7,
"253140060","GOLENIÓW                      ","2025","07","14","12",23.6,,,"8",,,,"8","WNW",,4,,6,,8,
"253140060","GOLENIÓW                      ","2025","07","14","18",22.6,,,"8",,,,"8","NNW",,2,,5,,8,
"253140060","GOLENIÓW                      ","2025","07","15","06",18.5,,,"8",,,,"8","W  ",,2,,7,,8,
"253140060","GOLENIÓW                      ","2025","07","15","12",22.6,,,"8",,,,"8","SW ",,5,,6,,8,
"253140060","GOLENIÓW                      ","2025","07","15","18",16.9,,,"8",,,,"8","W  ",,3,,7,,8,
"253140060","GOLENIÓW                      ","2025","07","16","06",15.2,,,"8",,,,"8","W  ",,3,,4,,8,
"253140060","GOLENIÓW                      ","2025","07","16","12",20.3,,,"8",,,,"8","W  ",,3,,5,,8,
"253140060","GOLENIÓW                      ","2025","07","16","18",19.2,,,"8",,,,"8","NW ",,1,,6,,8,
"253140060","GOLENIÓW                      ","2025","07","17","06",15.8,,,"8",,,,"8","WSW",,2,,8,,8,
"253140060","GOLENIÓW                      ","2025","07","17","12",16.7,,,"8",,,,"8","SW ",,3,,8,,7,
"253140060","GOLENIÓW                      ","2025","07","17","18",18.3,,,"8",,,,"8","ENE",,3,,3,,8,
"253140060","GOLENIÓW                      ","2025","07","18","06",18.2,,,"8",,,,"8","NNE",,1,,7,,8,
"253140060","GOLENIÓW                      ","2025","07","18","12",22.4,,,"8",,,,"8","SE ",,2,,7,,8,
"253140060","GOLENIÓW                      ","2025","07","18","18",22.6,,,"8",,,,"8","N  ",,3,,3,,8,
"253140060","GOLENIÓW                      ","2025","07","19","06",18.5,,,"8",,,,"8","N  ",,2,,3,,8,
"253140060","GOLENIÓW                      ","2025","07","19","12",25.6,,,"8",,,,"8","N  ",,4,,4,,8,
"253140060","GOLENIÓW                      ","2025","07","19","18",24.7,,,"8",,,,"8","NNE",,4,,6,,8,
"253140060","GOLENIÓW                      ","2025","07","20","06",22.0,,,"8",,,,"8","NE ",,1,,2,,8,
"253140060","GOLENIÓW                      ","2025","07","20","12",27.2,,,"8",,,,"8","NE ",,2,,3,,8,
"253140060","GOLENIÓW                      ","2025","07","20","18",27.4,,,"8",,,,"8","ENE",,2,,4,,8,
"253140060","GOLENIÓW                      ","2025","07","21","06",21.7,,,"8",,,,"8","SSE",,2,,7,,8,
"253140060","GOLENIÓW                      ","2025","07","21","12",28.0,,,"8",,,,"8","E  ",,3,,7,,8,
"253140060","GOLENIÓW                      ","2025","07","21","18",21.7,,,"8",,,,"8","N  ",,2,,7,,8,
"253140060","GOLENIÓW                      ","2025","07","22","06",15.5,,,"8",,,,"8","WSW",,4,,8,,6,
"253140060","GOLENIÓW                      ","2025","07","22","12",20.5,,,"8",,,,"8","WSW",,4,,6,,8,
"253140060","GOLENIÓW                      ","2025","07","22","18",18.9,,,"8",,,,"8","SW ",,4,,4,,8,
"253140060","GOLENIÓW                      ","2025","07","23","06",17.5,,,"8",,,,"8","SSW",,4,,8,,8,
"253140060","GOLENIÓW                      ","2025","07","23","12",16.8,,,"8",,,,"8","SSW",,5,,8,,6,
"253140060","GOLENIÓW                      ","2025","07","23","18",17.1,,,"8",,,,"8","SSW",,3,,8,,5,
"253140060","GOLENIÓW                      ","2025","07","24","06",18.8,,,"8",,,,"8","WSW",,2,,7,,8,
"253140060","GOLENIÓW                      ","2025","07","24","12",21.5,,,"8",,,,"8","NW ",,1,,4,,8,
"253140060","GOLENIÓW                      ","2025","07","24","18",22.7,,,"8",,,,"8","NNW",,1,,4,,8,
"253140060","GOLENIÓW                      ","2025","07","25","06",19.2,,,"8",,,,"8","WSW",,2,,8,,7,
"253140060","GOLENIÓW                      ","2025","07","25","12",23.7,,,"8",,,,"8","WSW",,2,,7,,8,
"253140060","GOLENIÓW                      ","2025","07","25","18",21.9,,,"8",,,,"8","NW ",,2,,6,,8,
"253140060","GOLENIÓW                      ","2025","07","26","06",17.8,,,"8",,,,"8","W  ",,2,,7,,8,
"253140060","GOLENIÓW                      ","2025","07","26","12",20.8,,,"8",,,,"8","NW ",,3,,7,,8,
"253140060","GOLENIÓW                      ","2025","07","26","18",20.3,,,"8",,,,"8","NW ",,2,,7,,8,
"253140060","GOLENIÓW                      ","2025","07","27","06",19.0,,,"8",,,,"8","SW ",,1,,6,,8,
"253140060","GOLENIÓW                      ","2025","07","27","12",22.1,,,"8",,,,"8","WNW",,4,,7,,8,
"253140060","GOLENIÓW                      ","2025","07","27","18",21.2,,,"8",,,,"8","N  ",,3,,5,,8,
"253140060","GOLENIÓW                      ","2025","07","28","06",17.1,,,"8",,,,"8","NW ",,3,,7,,7,
"253140060","GOLENIÓW                      ","2025","07","28","12",20.4,,,"8",,,,"8","NW ",,8,,7,,8,
"253140060","GOLENIÓW                      ","2025","07","28","18",20.2,,,"8",,,,"8","NW ",,7,,7,,8,
"253140060","GOLENIÓW                      ","2025","07","29","06",16.5,,,"8",,,,"8","W  ",,4,,4,,8,
"253140060","GOLENIÓW                      ","2025","07","29","12",19.5,,,"8",,,,"8","WNW",,3,,6,,8,
"253140060","GOLENIÓW                      ","2025","07","29","18",19.6,,,"8",,,,"8","WSW",,2,,2,,8,
"253140060","GOLENIÓW                      ","2025","07","30","06",16.3,,,"8",,,,"8","SW ",,3,,4,,8,
"253140060","GOLENIÓW                      ","2025","07","30","12",21.2,,,"8",,,,"8","SW ",,5,,5,,8,
"253140060","GOLENIÓW                      ","2025","07","30","18",18.0,,,"8",,,,"8","NE ",,2,,5,,8,
"253140060","GOLENIÓW                      ","2025","07","31","06",15.8,,,"8",,,,"8","SSE",,3,,6,,8,
"253140060","GOLENIÓW                      ","2025","07","31","12",15.9,,,"8",,,,"8","SSW",,4,,8,,8,
"253140060","GOLENIÓW                      ","2025","07","31","18",17.2,,,"8",,,,"8","S  ",,3,,6,,8,
"253170210","CHRZ¥STOWO                    ","2025","07","01","06",17.0,,,"8",,,,"8",,"8",,"8",0,,7,
"253170210","CHRZ¥STOWO                    ","2025","07","01","12",24.3,,,"8",,,,"8",,"8",,"8",0,,7,
"253170210","CHRZ¥STOWO                    ","2025","07","01","18",24.2,,,"8",,,,"8",,"8",,"8",0,,8,
"253170210","CHRZ¥STOWO                    ","2025","07","02","06",20.8,,,"8",,,,"8",,"8",,"8",0,,7,
"253170210","CHRZ¥STOWO                    ","2025","07","02","12",30.0,,,"8",,,,"8",,"8",,"8",0,,8,
"253170210","CHRZ¥STOWO                    ","2025","07","02","18",28.0,,,"8",,,,"8",,"8",,"8",0,,8,
"253170210","CHRZ¥STOWO                    ","2025","07","03","06",24.2,,,"8",,,,"8",,"8",,"8",3,,8,
"253170210","CHRZ¥STOWO                    ","2025","07","03","12",21.0,,,"8",,,,"8",,"8",,"8",8,,8,
"253170210","CHRZ¥STOWO                    ","2025","07","03","18",18.8,,,"8",,,,"8",,"8",,"8",3,,8,
"253170210","CHRZ¥STOWO                    ","2025","07","04","06",14.9,,,"8",,,,"8",,"8",,"8",1,,7,
"253170210","CHRZ¥STOWO                    ","2025","07","04","12",19.2,,,"8",,,,"8",,"8",,"8",7,,8,
"253170210","CHRZ¥STOWO                    ","2025","07","04","18",18.0,,,"8",,,,"8",,"8",,"8",2,,8,
"253170210","CHRZ¥STOWO                    ","2025","07","05","06",17.5,,,"8",,,,"8",,"8",,"8",1,,8,
"253170210","CHRZ¥STOWO                    ","2025","07","05","12",26.5,,,"8",,,,"8",,"8",,"8",1,,8,
"253170210","CHRZ¥STOWO                    ","2025","07","05","18",23.6,,,"8",,,,"8",,"8",,"8",5,,7,
"253170210","CHRZ¥STOWO                    ","2025","07","06","06",17.3,,,"8",,,,"8",,"8",,"8",6,,7,
"253170210","CHRZ¥STOWO                    ","2025","07","06","12",27.9,,,"8",,,,"8",,"8",,"8",4,,8,
"253170210","CHRZ¥STOWO                    ","2025","07","06","18",25.2,,,"8",,,,"8",,"8",,"8",7,,8,
"253170210","CHRZ¥STOWO                    ","2025","07","07","06",18.7,,,"8",,,,"8",,"8",,"8",8,,8,
"253170210","CHRZ¥STOWO                    ","2025","07","07","12",21.4,,,"8",,,,"8",,"8",,"8",8,,8,
"253170210","CHRZ¥STOWO                    ","2025","07","07","18",20.0,,,"8",,,,"8",,"8",,"8",8,,8,
"253170210","CHRZ¥STOWO                    ","2025","07","08","06",18.4,,,"8",,,,"8",,"8",,"8",3,,7,
"253170210","CHRZ¥STOWO                    ","2025","07","08","12",16.9,,,"8",,,,"8",,"8",,"8",8,,7,
"253170210","CHRZ¥STOWO                    ","2025","07","08","18",16.1,,,"8",,,,"8",,"8",,"8",7,,8,
"253170210","CHRZ¥STOWO                    ","2025","07","09","06",15.0,,,"8",,,,"8",,"8",,"8",6,,7,
"253170210","CHRZ¥STOWO                    ","2025","07","09","12",20.6,,,"8",,,,"8",,"8",,"8",8,,8,
"253170210","CHRZ¥STOWO                    ","2025","07","09","18",19.2,,,"8",,,,"8",,"8",,"8",7,,8,
"253170210","CHRZ¥STOWO                    ","2025","07","10","06",14.7,,,"8",,,,"8",,"8",,"8",2,,7,
"253170210","CHRZ¥STOWO                    ","2025","07","10","12",20.4,,,"8",,,,"8",,"8",,"8",5,,8,
"253170210","CHRZ¥STOWO                    ","2025","07","10","18",18.4,,,"8",,,,"8",,"8",,"8",3,,8,
"253170210","CHRZ¥STOWO                    ","2025","07","11","06",15.4,,,"8",,,,"8",,"8",,"8",8,,8,
"253170210","CHRZ¥STOWO                    ","2025","07","11","12",15.2,,,"8",,,,"8",,"8",,"8",8,,7,
"253170210","CHRZ¥STOWO                    ","2025","07","11","18",14.1,,,"8",,,,"8",,"8",,"8",8,,7,
"253170210","CHRZ¥STOWO                    ","2025","07","12","06",15.7,,,"8",,,,"8",,"8",,"8",8,,5,
"253170210","CHRZ¥STOWO                    ","2025","07","12","12",17.4,,,"8",,,,"8",,"8",,"8",8,,7,
"253170210","CHRZ¥STOWO                    ","2025","07","12","18",16.4,,,"8",,,,"8",,"8",,"8",7,,8,
"253170210","CHRZ¥STOWO                    ","2025","07","13","06",16.5,,,"8",,,,"8",,"8",,"8",6,,7,
"253170210","CHRZ¥STOWO                    ","2025","07","13","12",22.7,,,"8",,,,"8",,"8",,"8",5,,8,
"253170210","CHRZ¥STOWO                    ","2025","07","13","18",18.8,,,"8",,,,"8",,"8",,"8",6,,7,
"253170210","CHRZ¥STOWO                    ","2025","07","14","06",17.9,,,"8",,,,"8",,"8",,"8",5,,7,
"253170210","CHRZ¥STOWO                    ","2025","07","14","12",25.7,,,"8",,,,"8",,"8",,"8",4,,8,
"253170210","CHRZ¥STOWO                    ","2025","07","14","18",20.2,,,"8",,,,"8",,"8",,"8",4,,7,
"253170210","CHRZ¥STOWO                    ","2025","07","15","06",18.3,,,"8",,,,"8",,"8",,"8",4,,6,
"253170210","CHRZ¥STOWO                    ","2025","07","15","12",26.0,,,"8",,,,"8",,"8",,"8",4,,8,
"253170210","CHRZ¥STOWO                    ","2025","07","15","18",19.0,,,"8",,,,"8",,"8",,"8",7,,8,
"253170210","CHRZ¥STOWO                    ","2025","07","16","06",15.5,,,"8",,,,"8",,"8",,"8",8,,7,
"253170210","CHRZ¥STOWO                    ","2025","07","16","12",20.4,,,"8",,,,"8",,"8",,"8",6,,8,
"253170210","CHRZ¥STOWO                    ","2025","07","16","18",18.7,,,"8",,,,"8",,"8",,"8",5,,8,
"253170210","CHRZ¥STOWO                    ","2025","07","17","06",13.8,,,"8",,,,"8",,"8",,"8",8,,7,
"253170210","CHRZ¥STOWO                    ","2025","07","17","12",17.0,,,"8",,,,"8",,"8",,"8",8,,6,
"253170210","CHRZ¥STOWO                    ","2025","07","17","18",16.4,,,"8",,,,"8",,"8",,"8",7,,7,
"253170210","CHRZ¥STOWO                    ","2025","07","18","06",14.7,,,"8",,,,"8",,"8",,"8",8,,4,
"253170210","CHRZ¥STOWO                    ","2025","07","18","12",22.4,,,"8",,,,"8",,"8",,"8",4,,7,
"253170210","CHRZ¥STOWO                    ","2025","07","18","18",22.0,,,"8",,,,"8",,"8",,"8",5,,8,
"253170210","CHRZ¥STOWO                    ","2025","07","19","06",19.0,,,"8",,,,"8",,"8",,"8",6,,7,
"253170210","CHRZ¥STOWO                    ","2025","07","19","12",23.0,,,"8",,,,"8",,"8",,"8",5,,8,
"253170210","CHRZ¥STOWO                    ","2025","07","19","18",21.8,,,"8",,,,"8",,"8",,"8",4,,7,
"253170210","CHRZ¥STOWO                    ","2025","07","20","06",20.0,,,"8",,,,"8",,"8",,"8",0,,7,
"253170210","CHRZ¥STOWO                    ","2025","07","20","12",27.1,,,"8",,,,"8",,"8",,"8",3,,7,
"253170210","CHRZ¥STOWO                    ","2025","07","20","18",24.6,,,"8",,,,"8",,"8",,"8",3,,7,
"253170210","CHRZ¥STOWO                    ","2025","07","21","06",20.2,,,"8",,,,"8",,"8",,"8",2,,7,
"253170210","CHRZ¥STOWO                    ","2025","07","21","12",27.7,,,"8",,,,"8",,"8",,"8",5,,7,
"253170210","CHRZ¥STOWO                    ","2025","07","21","18",24.2,,,"8",,,,"8",,"8",,"8",4,,7,
"253170210","CHRZ¥STOWO                    ","2025","07","22","06",16.0,,,"8",,,,"8",,"8",,"8",8,,7,
"253170210","CHRZ¥STOWO                    ","2025","07","22","12",22.6,,,"8",,,,"8",,"8",,"8",5,,8,
"253170210","CHRZ¥STOWO                    ","2025","07","22","18",18.0,,,"8",,,,"8",,"8",,"8",5,,8,
"253170210","CHRZ¥STOWO                    ","2025","07","23","06",15.9,,,"8",,,,"8",,"8",,"8",8,,7,
"253170210","CHRZ¥STOWO                    ","2025","07","23","12",21.0,,,"8",,,,"8",,"8",,"8",6,,7,
"253170210","CHRZ¥STOWO                    ","2025","07","23","18",18.6,,,"8",,,,"8",,"8",,"8",7,,8,
"253170210","CHRZ¥STOWO                    ","2025","07","24","06",17.7,,,"8",,,,"8",,"8",,"8",7,,7,
"253170210","CHRZ¥STOWO                    ","2025","07","24","12",20.8,,,"8",,,,"8",,"8",,"8",7,,7,
"253170210","CHRZ¥STOWO                    ","2025","07","24","18",21.4,,,"8",,,,"8",,"8",,"8",5,,8,
"253170210","CHRZ¥STOWO                    ","2025","07","25","06",19.8,,,"8",,,,"8",,"8",,"8",3,,7,
"253170210","CHRZ¥STOWO                    ","2025","07","25","12",23.6,,,"8",,,,"8",,"8",,"8",6,,7,
"253170210","CHRZ¥STOWO                    ","2025","07","25","18",21.0,,,"8",,,,"8",,"8",,"8",5,,7,
"253170210","CHRZ¥STOWO                    ","2025","07","26","06",18.6,,,"8",,,,"8",,"8",,"8",8,,5,
"253170210","CHRZ¥STOWO                    ","2025","07","26","12",21.8,,,"8",,,,"8",,"8",,"8",5,,7,
"253170210","CHRZ¥STOWO                    ","2025","07","26","18",21.2,,,"8",,,,"8",,"8",,"8",3,,7,
"253170210","CHRZ¥STOWO                    ","2025","07","27","06",18.0,,,"8",,,,"8",,"8",,"8",5,,7,
"253170210","CHRZ¥STOWO                    ","2025","07","27","12",22.6,,,"8",,,,"8",,"8",,"8",7,,7,
"253170210","CHRZ¥STOWO                    ","2025","07","27","18",21.6,,,"8",,,,"8",,"8",,"8",8,,7,
"253170210","CHRZ¥STOWO                    ","2025","07","28","06",17.1,,,"8",,,,"8",,"8",,"8",8,,7,
"253170210","CHRZ¥STOWO                    ","2025","07","28","12",18.7,,,"8",,,,"8",,"8",,"8",8,,6,
"253170210","CHRZ¥STOWO                    ","2025","07","28","18",16.0,,,"8",,,,"8",,"8",,"8",8,,7,
"253170210","CHRZ¥STOWO                    ","2025","07","29","06",16.3,,,"8",,,,"8",,"8",,"8",3,,7,
"253170210","CHRZ¥STOWO                    ","2025","07","29","12",22.0,,,"8",,,,"8",,"8",,"8",5,,8,
"253170210","CHRZ¥STOWO                    ","2025","07","29","18",18.4,,,"8",,,,"8",,"8",,"8",3,,8,
"253170210","CHRZ¥STOWO                    ","2025","07","30","06",15.5,,,"8",,,,"8",,"8",,"8",0,,7,
"253170210","CHRZ¥STOWO                    ","2025","07","30","12",23.0,,,"8",,,,"8",,"8",,"8",4,,8,
"253170210","CHRZ¥STOWO                    ","2025","07","30","18",18.8,,,"8",,,,"8",,"8",,"8",3,,8,
"253170210","CHRZ¥STOWO                    ","2025","07","31","06",15.4,,,"8",,,,"8",,"8",,"8",2,,7,
"253170210","CHRZ¥STOWO                    ","2025","07","31","12",22.4,,,"8",,,,"8",,"8",,"8",5,,8,
"253170210","CHRZ¥STOWO                    ","2025","07","31","18",17.5,,,"8",,,,"8",,"8",,"8",5,,8,
"253220330","MARIANOWO II                  ","2025","07","01","06",16.3,,14.1,,"W","W",79,,"WNW",,2,,0,,8,
"253220330","MARIANOWO II                  ","2025","07","01","12",24.0,,14.6,,"W","W",34,,"NW ",,3,,,"8",,"8"
"253220330","MARIANOWO II                  ","2025","07","01","18",21.4,,14.6,,"W","W",47,,"N  ",,3,,,"8",,"8"
"253220330","MARIANOWO II                  ","2025","07","02","06",18.9,,14.9,,"W","W",65,,"C  ",,0,,0,,8,
"253220330","MARIANOWO II                  ","2025","07","02","12",28.9,,17.0,,"W","W",28,,"WSW",,2,,,"8",,"8"
"253220330","MARIANOWO II                  ","2025","07","02","18",28.1,,17.6,,"W","W",34,,"C  ",,0,,,"8",,"8"
"253220330","MARIANOWO II                  ","2025","07","03","06",25.5,,19.0,,"W","W",54,,"S  ",,3,,0,,8,
"253220330","MARIANOWO II                  ","2025","07","03","12",34.0,,18.9,,"W","W",21,,"SSW",,4,,,"8",,"8"
"253220330","MARIANOWO II                  ","2025","07","03","18",20.0,,18.0,,"W","W",82,,"NW ",,2,,,"8",,"8"
"253220330","MARIANOWO II                  ","2025","07","04","06",16.2,,14.0,,"W","W",79,,"NW ",,2,,0,,7,
"253220330","MARIANOWO II                  ","2025","07","04","12",22.5,,13.8,,"W","W",36,,"W  ",,2,,,"8",,"8"
"253220330","MARIANOWO II                  ","2025","07","04","18",18.1,,12.1,,"W","W",48,,"NNW",,3,,,"8",,"8"
"253220330","MARIANOWO II                  ","2025","07","05","06",16.9,,13.7,,"W","W",70,,"SW ",,3,,4,,8,
"253220330","MARIANOWO II                  ","2025","07","05","12",24.1,,14.2,,"W","W",31,,"WSW",,3,,,"8",,"8"
"253220330","MARIANOWO II                  ","2025","07","05","18",22.9,,13.4,,"W","W",32,,"S  ",,1,,,"8",,"8"
"253220330","MARIANOWO II                  ","2025","07","06","06",20.9,,15.2,,"W","W",54,,"SW ",,4,,3,,8,
"253220330","MARIANOWO II                  ","2025","07","06","12",28.0,,16.4,,"W","W",28,,"SW ",,3,,,"8",,"8"
"253220330","MARIANOWO II                  ","2025","07","06","18",25.7,,16.4,,"W","W",37,,"C  ",,0,,,"8",,"8"
"253220330","MARIANOWO II                  ","2025","07","07","06",22.3,,16.5,,"W","W",55,,"S  ",,3,,7,,7,
"253220330","MARIANOWO II                  ","2025","07","07","12",22.0,,17.5,,"W","W",64,,"SW ",,3,,,"8",,"8"
"253220330","MARIANOWO II                  ","2025","07","07","18",21.7,,17.0,,"W","W",62,,"W  ",,1,,,"8",,"8"
"253220330","MARIANOWO II                  ","2025","07","08","06",19.2,,17.1,,"W","W",81,,"WSW",,1,,0,,7,
"253220330","MARIANOWO II                  ","2025","07","08","12",24.0,,16.8,,"W","W",47,,"S  ",,1,,,"8",,"8"
"253220330","MARIANOWO II                  ","2025","07","08","18",17.8,,16.3,,"W","W",86,,"NNE",,3,,,"8",,"8"
"253220330","MARIANOWO II                  ","2025","07","09","06",14.2,,14.1,,"W","W",99,,"N  ",,4,,8,,6,
"253220330","MARIANOWO II                  ","2025","07","09","12",15.6,,15.0,,"W","W",94,,"NNW",,3,,,"8",,"8"
"253220330","MARIANOWO II                  ","2025","07","09","18",14.7,,14.1,,"W","W",94,,"NNW",,4,,,"8",,"8"
"253220330","MARIANOWO II                  ","2025","07","10","06",15.4,,15.4,,"W","W",100,,"NNW",,4,,8,,6,
"253220330","MARIANOWO II                  ","2025","07","10","12",15.9,,14.9,,"W","W",90,,"NW ",,4,,,"8",,"8"
"253220330","MARIANOWO II                  ","2025","07","10","18",12.9,,12.4,,"W","W",94,,"NNW",,4,,,"8",,"8"
"253220330","MARIANOWO II                  ","2025","07","11","06",13.8,,13.8,,"W","W",100,,"W  ",,3,,8,,5,
"253220330","MARIANOWO II                  ","2025","07","11","12",16.1,,15.1,,"W","W",90,,"SSW",,3,,,"8",,"8"
"253220330","MARIANOWO II                  ","2025","07","11","18",14.9,,14.1,,"W","W",92,,"S  ",,2,,,"8",,"8"
"253220330","MARIANOWO II                  ","2025","07","12","06",16.0,,13.4,,"W","W",75,,"SSE",,5,,4,,8,
"253220330","MARIANOWO II                  ","2025","07","12","12",20.6,,14.7,,"W","W",52,,"S  ",,2,,,"8",,"8"
"253220330","MARIANOWO II                  ","2025","07","12","18",19.1,,14.2,,"W","W",58,,"SSE",,1,,,"8",,"8"
"253220330","MARIANOWO II                  ","2025","07","13","06",19.9,,16.0,,"W","W",67,,"SE ",,2,,3,,8,
"253220330","MARIANOWO II                  ","2025","07","13","12",26.2,,16.8,,"W","W",37,,"SSE",,4,,,"8",,"8"
"253220330","MARIANOWO II                  ","2025","07","13","18",21.1,,17.1,,"W","W",67,,"NE ",,2,,,"8",,"8"
"253220330","MARIANOWO II                  ","2025","07","14","06",20.5,,17.8,,"W","W",77,,"SE ",,1,,6,,7,
"253220330","MARIANOWO II                  ","2025","07","14","12",26.2,,18.2,,"W","W",45,,"SSW",,3,,,"8",,"8"
"253220330","MARIANOWO II                  ","2025","07","14","18",20.0,,17.1,,"W","W",75,,"ENE",,1,,,"8",,"8"
"253220330","MARIANOWO II                  ","2025","07","15","06",19.7,,18.1,,"W","W",86,,"W  ",,3,,1,,7,
"253220330","MARIANOWO II                  ","2025","07","15","12",24.6,,18.6,,"W","W",56,,"WSW",,2,,,"8",,"8"
"253220330","MARIANOWO II                  ","2025","07","15","18",23.0,,17.4,,"W","W",57,,"W  ",,1,,,"8",,"8"
"253220330","MARIANOWO II                  ","2025","07","16","06",15.6,,14.8,,"W","W",92,,"W  ",,2,,8,,6,
"253220330","MARIANOWO II                  ","2025","07","16","12",18.6,,16.3,,"W","W",79,,"W  ",,2,,,"8",,"8"
"253220330","MARIANOWO II                  ","2025","07","16","18",15.4,,14.6,,"W","W",92,,"WSW",,4,,,"8",,"8"
"253220330","MARIANOWO II                  ","2025","07","17","06",15.8,,14.4,,"W","W",86,,"W  ",,3,,6,,7,
"253220330","MARIANOWO II                  ","2025","07","17","12",21.7,,15.4,,"W","W",51,,"W  ",,3,,,"8",,"8"
"253220330","MARIANOWO II                  ","2025","07","17","18",19.7,,15.6,,"W","W",65,,"C  ",,0,,,"8",,"8"
"253220330","MARIANOWO II                  ","2025","07","18","06",19.4,,16.5,,"W","W",74,,"NNW",,1,,4,,4,
"253220330","MARIANOWO II                  ","2025","07","18","12",22.2,,16.6,,"W","W",56,,"NNW",,2,,,"8",,"8"
"253220330","MARIANOWO II                  ","2025","07","18","18",20.8,,17.4,,"W","W",71,,"NW ",,2,,,"8",,"8"
"253220330","MARIANOWO II                  ","2025","07","19","06",18.4,,16.8,,"W","W",85,,"NNW",,2,,3,,6,
"253220330","MARIANOWO II                  ","2025","07","19","12",23.5,,19.9,,"W","W",72,,"NW ",,2,,,"8",,"8"
"253220330","MARIANOWO II                  ","2025","07","19","18",22.1,,19.4,,"W","W",78,,"NNW",,2,,,"8",,"8"
"253220330","MARIANOWO II                  ","2025","07","20","06",18.2,,17.9,,"W","W",97,,"NW ",,2,,0,,8,
"253220330","MARIANOWO II                  ","2025","07","20","12",24.2,,19.2,,"W","W",62,,"NNE",,5,,,"8",,"8"
"253220330","MARIANOWO II                  ","2025","07","20","18",22.2,,18.4,,"W","W",69,,"NNE",,5,,,"8",,"8"
"253220330","MARIANOWO II                  ","2025","07","21","06",19.1,,18.7,,"W","W",96,,"WNW",,2,,0,,8,
"253220330","MARIANOWO II                  ","2025","07","21","12",27.1,,19.4,,"W","W",48,,"NW ",,1,,,"8",,"8"
"253220330","MARIANOWO II                  ","2025","07","21","18",24.8,,20.2,,"W","W",65,,"C  ",,0,,,"8",,"8"
"253220330","MARIANOWO II                  ","2025","07","22","06",23.3,,20.1,,"W","W",74,,"E  ",,2,,6,,7,
"253220330","MARIANOWO II                  ","2025","07","22","12",17.1,,16.7,,"W","W",96,,"SW ",,3,,,"8",,"8"
"253220330","MARIANOWO II                  ","2025","07","22","18",20.5,,17.2,,"W","W",72,,"WNW",,1,,,"8",,"8"
"253220330","MARIANOWO II                  ","2025","07","23","06",18.3,,16.6,,"W","W",84,,"W  ",,4,,2,,7,
"253220330","MARIANOWO II                  ","2025","07","23","12",21.7,,16.6,,"W","W",59,,"WSW",,4,,,"8",,"8"
"253220330","MARIANOWO II                  ","2025","07","23","18",18.2,,16.9,,"W","W",88,,"SSW",,1,,,"8",,"8"
"253220330","MARIANOWO II                  ","2025","07","24","06",19.3,,17.5,,"W","W",84,,"SSW",,2,,8,,7,
"253220330","MARIANOWO II                  ","2025","07","24","12",21.2,,17.6,,"W","W",70,,"W  ",,4,,,"8",,"8"
"253220330","MARIANOWO II                  ","2025","07","24","18",20.1,,17.3,,"W","W",76,,"W  ",,1,,,"8",,"8"
"253220330","MARIANOWO II                  ","2025","07","25","06",15.4,,15.2,,"W","W",98,,"W  ",,2,,8,,6,
"253220330","MARIANOWO II                  ","2025","07","25","12",25.6,,18.0,,"W","W",47,,"WNW",,3,,,"8",,"8"
"253220330","MARIANOWO II                  ","2025","07","25","18",22.2,,18.4,,"W","W",69,,"C  ",,0,,,"8",,"8"
"253220330","MARIANOWO II                  ","2025","07","26","06",20.9,,18.9,,"W","W",83,,"W  ",,2,,6,,7,
"253220330","MARIANOWO II                  ","2025","07","26","12",26.7,,18.6,,"W","W",45,,"WSW",,2,,,"8",,"8"
"253220330","MARIANOWO II                  ","2025","07","26","18",22.5,,18.9,,"W","W",71,,"NE ",,2,,,"8",,"8"
"253220330","MARIANOWO II                  ","2025","07","27","06",19.8,,18.1,,"W","W",85,,"NE ",,3,,7,,7,
"253220330","MARIANOWO II                  ","2025","07","27","12",24.2,,20.3,,"W","W",70,,"ENE",,3,,,"8",,"8"
"253220330","MARIANOWO II                  ","2025","07","27","18",20.9,,19.6,,"W","W",89,,"NE ",,3,,,"8",,"8"
"253220330","MARIANOWO II                  ","2025","07","28","06",19.6,,19.3,,"W","W",97,,"ESE",,2,,8,,6,
"253220330","MARIANOWO II                  ","2025","07","28","12",21.0,,19.6,,"W","W",88,,"SE ",,1,,,"8",,"8"
"253220330","MARIANOWO II                  ","2025","07","28","18",18.9,,17.7,,"W","W",89,,"SE ",,1,,,"8",,"8"
"253220330","MARIANOWO II                  ","2025","07","29","06",16.5,,16.2,,"W","W",97,,"W  ",,3,,8,,7,
"253220330","MARIANOWO II                  ","2025","07","29","12",19.9,,17.6,,"W","W",80,,"WNW",,4,,,"8",,"8"
"253220330","MARIANOWO II                  ","2025","07","29","18",18.2,,16.5,,"W","W",84,,"C  ",,0,,,"8",,"8"
"253220330","MARIANOWO II                  ","2025","07","30","06",15.8,,14.6,,"W","W",88,,"WNW",,2,,1,,8,
"253220330","MARIANOWO II                  ","2025","07","30","12",23.6,,16.4,,"W","W",47,,"WNW",,3,,,"8",,"8"
"253220330","MARIANOWO II                  ","2025","07","30","18",19.8,,15.2,,"W","W",61,,"C  ",,0,,,"8",,"8"
"253220330","MARIANOWO II                  ","2025","07","31","06",18.6,,18.1,,"W","W",95,,"C  ",,0,,1,,8,
"253220330","MARIANOWO II                  ","2025","07","31","12",23.0,,15.8,,"W","W",46,,"NW ",,2,,,"8",,"8"
"253220330","MARIANOWO II                  ","2025","07","31","18",17.6,,14.7,,"W","W",73,,"C  ",,0,,,"8",,"8"
"254180090","GDAÑSK-RÊBIECHOWO             ","2025","07","01","06",17.9,,,"8","W","N",,"8","W  ",,4,,0,,8,
"254180090","GDAÑSK-RÊBIECHOWO             ","2025","07","01","12",21.5,,,"8","W","N",,"8","ENE",,5,,1,,8,
"254180090","GDAÑSK-RÊBIECHOWO             ","2025","07","01","18",18.4,,,"8","W","N",,"8","ENE",,2,,0,,8,
"254180090","GDAÑSK-RÊBIECHOWO             ","2025","07","02","06",22.4,,,"8","W","N",,"8","W  ",,2,,0,,8,
"254180090","GDAÑSK-RÊBIECHOWO             ","2025","07","02","12",29.2,,,"8","W","N",,"8","W  ",,4,,0,,9,
"254180090","GDAÑSK-RÊBIECHOWO             ","2025","07","02","18",24.8,,,"8","W","N",,"8","E  ",,2,,0,,8,
"254180090","GDAÑSK-RÊBIECHOWO             ","2025","07","03","06",27.3,,,"8","W","N",,"8","SSW",,4,,0,,9,
"254180090","GDAÑSK-RÊBIECHOWO             ","2025","07","03","12",18.8,,,"8","W","N",,"8","WNW",,4,,7,,8,
"254180090","GDAÑSK-RÊBIECHOWO             ","2025","07","03","18",17.4,,,"8","W","N",,"8","W  ",,5,,4,,8,
"254180090","GDAÑSK-RÊBIECHOWO             ","2025","07","04","06",15.5,,,"8","W","N",,"8","NW ",,6,,3,,8,
"254180090","GDAÑSK-RÊBIECHOWO             ","2025","07","04","12",19.2,,,"8","W","N",,"8","WNW",,9,,7,,9,
"254180090","GDAÑSK-RÊBIECHOWO             ","2025","07","04","18",17.2,,,"8","W","N",,"8","WNW",,6,,1,,9,
"254180090","GDAÑSK-RÊBIECHOWO             ","2025","07","05","06",17.6,,,"8","W","N",,"8","SW ",,4,,6,,9,
"254180090","GDAÑSK-RÊBIECHOWO             ","2025","07","05","12",23.6,,,"8","W","N",,"8","WSW",,5,,7,,8,
"254180090","GDAÑSK-RÊBIECHOWO             ","2025","07","05","18",16.9,,,"8","W","N",,"8","NW ",,3,,8,,8,
"254180090","GDAÑSK-RÊBIECHOWO             ","2025","07","06","06",17.6,,,"8","W","N",,"8","WSW",,2,,8,,8,
"254180090","GDAÑSK-RÊBIECHOWO             ","2025","07","06","12",24.0,,,"8","W","N",,"8","SW ",,2,,6,,9,
"254180090","GDAÑSK-RÊBIECHOWO             ","2025","07","06","18",19.7,,,"8","W","N",,"8","E  ",,4,,7,,9,
"254180090","GDAÑSK-RÊBIECHOWO             ","2025","07","07","06",17.5,,,"8","W","N",,"8","SSE",,1,,7,,8,
"254180090","GDAÑSK-RÊBIECHOWO             ","2025","07","07","12",20.9,,,"8","W","N",,"8","W  ",,4,,8,,8,
"254180090","GDAÑSK-RÊBIECHOWO             ","2025","07","07","18",17.1,,,"8","W","N",,"8","NW ",,3,,8,,8,
"254180090","GDAÑSK-RÊBIECHOWO             ","2025","07","08","06",16.4,,,"8","W","N",,"8","WSW",,2,,7,,8,
"254180090","GDAÑSK-RÊBIECHOWO             ","2025","07","08","12",18.5,,,"8","W","N",,"8","NE ",,5,,8,,8,
"254180090","GDAÑSK-RÊBIECHOWO             ","2025","07","08","18",16.1,,,"8","W","N",,"8","NNW",,2,,7,,7,
"254180090","GDAÑSK-RÊBIECHOWO             ","2025","07","09","06",15.7,,,"8","W","N",,"8","NW ",,4,,7,,8,
"254180090","GDAÑSK-RÊBIECHOWO             ","2025","07","09","12",15.9,,,"8","W","N",,"8","ENE",,5,,7,,8,
"254180090","GDAÑSK-RÊBIECHOWO             ","2025","07","09","18",15.6,,,"8","W","N",,"8","NNW",,6,,7,,8,
"254180090","GDAÑSK-RÊBIECHOWO             ","2025","07","10","06",15.3,,,"8","W","N",,"8","NNW",,5,,7,,8,
"254180090","GDAÑSK-RÊBIECHOWO             ","2025","07","10","12",20.4,,,"8","W","N",,"8","NNW",,8,,6,,9,
"254180090","GDAÑSK-RÊBIECHOWO             ","2025","07","10","18",17.6,,,"8","W","N",,"8","NW ",,8,,5,,9,
"254180090","GDAÑSK-RÊBIECHOWO             ","2025","07","11","06",13.6,,,"8","W","N",,"8","NW ",,10,,8,,6,
"254180090","GDAÑSK-RÊBIECHOWO             ","2025","07","11","12",15.9,,,"8","W","N",,"8","NW ",,6,,7,,7,
"254180090","GDAÑSK-RÊBIECHOWO             ","2025","07","11","18",15.5,,,"8","W","N",,"8","NE ",,3,,8,,6,
"254180090","GDAÑSK-RÊBIECHOWO             ","2025","07","12","06",14.2,,,"8","W","N",,"8","SE ",,5,,8,,7,
"254180090","GDAÑSK-RÊBIECHOWO             ","2025","07","12","12",15.1,,,"8","W","N",,"8","ESE",,7,,8,,7,
"254180090","GDAÑSK-RÊBIECHOWO             ","2025","07","12","18",15.9,,,"8","W","N",,"8","ESE",,3,,8,,6,
"254180090","GDAÑSK-RÊBIECHOWO             ","2025","07","13","06",17.0,,,"8","W","N",,"8","SE ",,4,,7,,8,
"254180090","GDAÑSK-RÊBIECHOWO             ","2025","07","13","12",17.9,,,"8","W","N",,"8","SE ",,3,,7,,8,
"254180090","GDAÑSK-RÊBIECHOWO             ","2025","07","13","18",17.0,,,"8","W","N",,"8","NE ",,4,,7,,8,
"254180090","GDAÑSK-RÊBIECHOWO             ","2025","07","14","06",17.4,,,"8","W","N",,"8","WSW",,1,,7,,8,
"254180090","GDAÑSK-RÊBIECHOWO             ","2025","07","14","12",18.7,,,"8","W","N",,"8","NE ",,3,,7,,8,
"254180090","GDAÑSK-RÊBIECHOWO             ","2025","07","14","18",18.9,,,"8","W","N",,"8","NE ",,2,,2,,8,
"254180090","GDAÑSK-RÊBIECHOWO             ","2025","07","15","06",16.9,,,"8","W","N",,"8","NW ",,2,,4,,6,
"254180090","GDAÑSK-RÊBIECHOWO             ","2025","07","15","12",20.4,,,"8","W","N",,"8","NE ",,6,,5,,8,
"254180090","GDAÑSK-RÊBIECHOWO             ","2025","07","15","18",17.5,,,"8","W","N",,"8","ESE",,2,,6,,7,
"254180090","GDAÑSK-RÊBIECHOWO             ","2025","07","16","06",16.7,,,"8","W","N",,"8","WNW",,3,,7,,8,
"254180090","GDAÑSK-RÊBIECHOWO             ","2025","07","16","12",16.9,,,"8","W","N",,"8","W  ",,5,,8,,7,
"254180090","GDAÑSK-RÊBIECHOWO             ","2025","07","16","18",15.1,,,"8","W","N",,"8","WNW",,4,,8,,6,
"254180090","GDAÑSK-RÊBIECHOWO             ","2025","07","17","06",17.0,,,"8","W","N",,"8","N  ",,1,,7,,8,
"254180090","GDAÑSK-RÊBIECHOWO             ","2025","07","17","12",19.9,,,"8","W","N",,"8","E  ",,4,,4,,9,
"254180090","GDAÑSK-RÊBIECHOWO             ","2025","07","17","18",18.5,,,"8","W","N",,"8","E  ",,3,,2,,8,
"254180090","GDAÑSK-RÊBIECHOWO             ","2025","07","18","06",15.3,,,"8","W","N",,"8","W  ",,2,,7,,3,
"254180090","GDAÑSK-RÊBIECHOWO             ","2025","07","18","12",22.1,,,"8","W","N",,"8","ENE",,3,,6,,9,
"254180090","GDAÑSK-RÊBIECHOWO             ","2025","07","18","18",19.2,,,"8","W","N",,"8","NNE",,1,,7,,8,
"254180090","GDAÑSK-RÊBIECHOWO             ","2025","07","19","06",17.9,,,"8","W","N",,"8","NW ",,2,,7,,7,
"254180090","GDAÑSK-RÊBIECHOWO             ","2025","07","19","12",23.2,,,"8","W","N",,"8","N  ",,5,,7,,8,
"254180090","GDAÑSK-RÊBIECHOWO             ","2025","07","19","18",20.7,,,"8","W","N",,"8","N  ",,3,,7,,8,
"254180090","GDAÑSK-RÊBIECHOWO             ","2025","07","20","06",20.5,,,"8","W","N",,"8","WNW",,6,,1,,8,
"254180090","GDAÑSK-RÊBIECHOWO             ","2025","07","20","12",24.5,,,"8","W","N",,"8","N  ",,6,,1,,8,
"254180090","GDAÑSK-RÊBIECHOWO             ","2025","07","20","18",21.9,,,"8","W","N",,"8","N  ",,2,,0,,9,
"254180090","GDAÑSK-RÊBIECHOWO             ","2025","07","21","06",16.7,,,"8","W","N",,"8","WNW",,2,,8,,3,
"254180090","GDAÑSK-RÊBIECHOWO             ","2025","07","21","12",23.0,,,"8","W","N",,"8","ENE",,6,,5,,8,
"254180090","GDAÑSK-RÊBIECHOWO             ","2025","07","21","18",18.4,,,"8","W","N",,"8","ENE",,4,,7,,7,
"254180090","GDAÑSK-RÊBIECHOWO             ","2025","07","22","06",21.5,,,"8","W","N",,"8","E  ",,4,,5,,8,
"254180090","GDAÑSK-RÊBIECHOWO             ","2025","07","22","12",18.2,,,"8","W","N",,"8","WSW",,3,,7,,7,
"254180090","GDAÑSK-RÊBIECHOWO             ","2025","07","22","18",18.7,,,"8","W","N",,"8","WNW",,3,,3,,9,
"254180090","GDAÑSK-RÊBIECHOWO             ","2025","07","23","06",17.0,,,"8","W","N",,"8","W  ",,3,,7,,8,
"254180090","GDAÑSK-RÊBIECHOWO             ","2025","07","23","12",20.8,,,"8","W","N",,"8","SW ",,5,,3,,8,
"254180090","GDAÑSK-RÊBIECHOWO             ","2025","07","23","18",17.3,,,"8","W","N",,"8","WSW",,4,,7,,8,
"254180090","GDAÑSK-RÊBIECHOWO             ","2025","07","24","06",17.3,,,"8","W","N",,"8","NW ",,3,,7,,8,
"254180090","GDAÑSK-RÊBIECHOWO             ","2025","07","24","12",20.5,,,"8","W","N",,"8","ENE",,4,,6,,9,
"254180090","GDAÑSK-RÊBIECHOWO             ","2025","07","24","18",19.6,,,"8","W","N",,"8","ENE",,2,,1,,9,
"254180090","GDAÑSK-RÊBIECHOWO             ","2025","07","25","06",19.3,,,"8","W","N",,"8","WNW",,2,,6,,8,
"254180090","GDAÑSK-RÊBIECHOWO             ","2025","07","25","12",21.8,,,"8","W","N",,"8","NNE",,2,,6,,9,
"254180090","GDAÑSK-RÊBIECHOWO             ","2025","07","25","18",20.8,,,"8","W","N",,"8","SE ",,1,,7,,8,
"254180090","GDAÑSK-RÊBIECHOWO             ","2025","07","26","06",18.7,,,"8","W","N",,"8","WNW",,3,,8,,7,
"254180090","GDAÑSK-RÊBIECHOWO             ","2025","07","26","12",21.3,,,"8","W","N",,"8","ENE",,4,,7,,8,
"254180090","GDAÑSK-RÊBIECHOWO             ","2025","07","26","18",19.8,,,"8","W","N",,"8","NNW",,3,,6,,8,
"254180090","GDAÑSK-RÊBIECHOWO             ","2025","07","27","06",16.9,,,"8","W","N",,"8","W  ",,2,,4,,7,
"254180090","GDAÑSK-RÊBIECHOWO             ","2025","07","27","12",21.6,,,"8","W","N",,"8","ENE",,3,,7,,8,
"254180090","GDAÑSK-RÊBIECHOWO             ","2025","07","27","18",19.4,,,"8","W","N",,"8","NE ",,3,,7,,8,
"254180090","GDAÑSK-RÊBIECHOWO             ","2025","07","28","06",17.0,,,"8","W","N",,"8","N  ",,4,,8,,7,
"254180090","GDAÑSK-RÊBIECHOWO             ","2025","07","28","12",17.0,,,"8","W","N",,"8","NW ",,8,,8,,5,
"254180090","GDAÑSK-RÊBIECHOWO             ","2025","07","28","18",17.0,,,"8","W","N",,"8","NW ",,8,,8,,5,
"254180090","GDAÑSK-RÊBIECHOWO             ","2025","07","29","06",16.1,,,"8","W","N",,"8","WNW",,6,,8,,7,
"254180090","GDAÑSK-RÊBIECHOWO             ","2025","07","29","12",19.5,,,"8","W","N",,"8","W  ",,10,,7,,8,
"254180090","GDAÑSK-RÊBIECHOWO             ","2025","07","29","18",17.9,,,"8","W","N",,"8","W  ",,3,,2,,9,
"254180090","GDAÑSK-RÊBIECHOWO             ","2025","07","30","06",16.0,,,"8","W","N",,"8","WSW",,3,,1,,8,
"254180090","GDAÑSK-RÊBIECHOWO             ","2025","07","30","12",18.8,,,"8","W","N",,"8","NE ",,4,,6,,8,
"254180090","GDAÑSK-RÊBIECHOWO             ","2025","07","30","18",17.5,,,"8","W","N",,"8","ENE",,2,,4,,8,
"254180090","GDAÑSK-RÊBIECHOWO             ","2025","07","31","06",16.3,,,"8","W","N",,"8","W  ",,1,,4,,8,
"254180090","GDAÑSK-RÊBIECHOWO             ","2025","07","31","12",22.8,,,"8","W","N",,"8","SSE",,3,,6,,8,
"254180090","GDAÑSK-RÊBIECHOWO             ","2025","07","31","18",17.6,,,"8","W","N",,"8","NW ",,1,,6,,8,
"254200080","LIDZBARK WARMIÑSKI            ","2025","07","01","06",15.4,,13.2,,"W","N",77,,"W  ",,3,,0,,7,
"254200080","LIDZBARK WARMIÑSKI            ","2025","07","01","12",23.4,,16.7,,"W","N",48,,"NW ",,5,,0,,7,
"254200080","LIDZBARK WARMIÑSKI            ","2025","07","01","18",20.8,,15.2,,"W","N",52,,"NW ",,1,,0,,7,
"254200080","LIDZBARK WARMIÑSKI            ","2025","07","02","06",19.8,,15.6,,"W","N",62,,"SSW",,1,,0,,7,
"254200080","LIDZBARK WARMIÑSKI            ","2025","07","02","12",29.4,,19.9,,"W","N",38,,"C  ",,0,,0,,7,
"254200080","LIDZBARK WARMIÑSKI            ","2025","07","02","18",27.8,,23.5,,"W","N",68,,"C  ",,0,,0,,7,
"254200080","LIDZBARK WARMIÑSKI            ","2025","07","03","06",24.7,,19.1,,"W","N",57,,"S  ",,3,,0,,7,
"254200080","LIDZBARK WARMIÑSKI            ","2025","07","03","12",24.6,,20.3,,"W","N",66,,"WNW",,7,,6,,7,
"254200080","LIDZBARK WARMIÑSKI            ","2025","07","03","18",17.7,,15.6,,"W","N",79,,"WNW",,3,,8,,7,
"254200080","LIDZBARK WARMIÑSKI            ","2025","07","04","06",15.6,,14.0,,"W","N",83,,"W  ",,3,,0,,7,
"254200080","LIDZBARK WARMIÑSKI            ","2025","07","04","12",20.0,,14.4,,"W","N",51,,"WNW",,6,,5,,7,
"254200080","LIDZBARK WARMIÑSKI            ","2025","07","04","18",16.3,,12.6,,"W","N",63,,"NW ",,,"8",0,,7,
"254200080","LIDZBARK WARMIÑSKI            ","2025","07","05","06",16.5,,12.8,,"W","N",63,,"SSW",,3,,6,,7,
"254200080","LIDZBARK WARMIÑSKI            ","2025","07","05","12",23.8,,15.4,,"W","N",37,,"SW ",,5,,7,,7,
"254200080","LIDZBARK WARMIÑSKI            ","2025","07","05","18",23.4,,16.2,,"W","N",44,,"SSE",,2,,8,,7,
"254200080","LIDZBARK WARMIÑSKI            ","2025","07","06","06",19.1,,15.6,,"W","N",68,,"SW ",,1,,4,,7,
"254200080","LIDZBARK WARMIÑSKI            ","2025","07","06","12",27.4,,18.3,,"W","N",38,,"SW ",,2,,3,,7,
"254200080","LIDZBARK WARMIÑSKI            ","2025","07","06","18",23.4,,19.3,,"W","N",66,,"NE ",,2,,7,,7,
"254200080","LIDZBARK WARMIÑSKI            ","2025","07","07","06",20.4,,17.3,,"W","N",72,,"SE ",,1,,8,,5,
"254200080","LIDZBARK WARMIÑSKI            ","2025","07","07","12",19.6,,17.3,,"W","N",79,,"WSW",,2,,8,,7,
"254200080","LIDZBARK WARMIÑSKI            ","2025","07","07","18",20.8,,18.7,,"W","N",81,,"S  ",,1,,8,,5,
"254200080","LIDZBARK WARMIÑSKI            ","2025","07","08","06",17.7,,15.6,,"W","N",79,,"W  ",,2,,2,,7,
"254200080","LIDZBARK WARMIÑSKI            ","2025","07","08","12",23.2,,17.5,,"W","N",54,,"NNW",,3,,6,,7,
"254200080","LIDZBARK WARMIÑSKI            ","2025","07","08","18",17.5,,17.3,,"W","N",98,,"C  ",,0,,8,,5,
"254200080","LIDZBARK WARMIÑSKI            ","2025","07","09","06",15.4,,14.8,,"W","N",93,,"N  ",,3,,8,,5,
"254200080","LIDZBARK WARMIÑSKI            ","2025","07","09","12",16.7,,14.8,,"W","N",81,,"NW ",,5,,8,,7,
"254200080","LIDZBARK WARMIÑSKI            ","2025","07","09","18",14.8,,13.2,,"W","N",83,,"NW ",,,"8",8,,7,
"254200080","LIDZBARK WARMIÑSKI            ","2025","07","10","06",16.9,,15.4,,"W","N",85,,"NW ",,,"8",6,,7,
"254200080","LIDZBARK WARMIÑSKI            ","2025","07","10","12",17.7,,14.4,,"W","N",68,,"NNW",,,"8",8,,7,
"254200080","LIDZBARK WARMIÑSKI            ","2025","07","10","18",15.4,,14.0,,"W","N",85,,"NW ",,,"8",8,,6,
"254200080","LIDZBARK WARMIÑSKI            ","2025","07","11","06",14.6,,14.6,,"W","N",100,,"WNW",,2,,8,,5,
"254200080","LIDZBARK WARMIÑSKI            ","2025","07","11","12",17.9,,16.7,,"W","N",88,,"WNW",,1,,8,,5,
"254200080","LIDZBARK WARMIÑSKI            ","2025","07","11","18",16.5,,16.2,,"W","N",97,,"SSW",,2,,8,,4,
"254200080","LIDZBARK WARMIÑSKI            ","2025","07","12","06",14.8,,13.6,,"W","N",87,,"SE ",,,"8",8,,5,
"254200080","LIDZBARK WARMIÑSKI            ","2025","07","12","12",18.3,,15.0,,"W","N",69,,"SSE",,,"8",8,,7,
"254200080","LIDZBARK WARMIÑSKI            ","2025","07","12","18",18.7,,15.6,,"W","N",71,,"SE ",,2,,8,,7,
"254200080","LIDZBARK WARMIÑSKI            ","2025","07","13","06",19.1,,15.8,,"W","N",69,,"SE ",,2,,0,,7,
"254200080","LIDZBARK WARMIÑSKI            ","2025","07","13","12",27.4,,18.1,,"W","N",37,,"SE ",,3,,4,,7,
"254200080","LIDZBARK WARMIÑSKI            ","2025","07","13","18",20.0,,17.5,,"W","N",77,,"ENE",,2,,6,,7,
"254200080","LIDZBARK WARMIÑSKI            ","2025","07","14","06",19.1,,17.9,,"W","N",88,,"SSE",,1,,3,,7,
"254200080","LIDZBARK WARMIÑSKI            ","2025","07","14","12",24.4,,18.9,,"W","N",57,,"S  ",,1,,8,,6,
"254200080","LIDZBARK WARMIÑSKI            ","2025","07","14","18",21.4,,19.5,,"W","N",83,,"C  ",,0,,2,,7,
"254200080","LIDZBARK WARMIÑSKI            ","2025","07","15","06",16.5,,16.5,,"W","N",100,,"WSW",,1,,4,,3,
"254200080","LIDZBARK WARMIÑSKI            ","2025","07","15","12",23.2,,18.7,,"W","N",63,,"NW ",,4,,5,,7,
"254200080","LIDZBARK WARMIÑSKI            ","2025","07","15","18",20.8,,18.1,,"W","N",76,,"NW ",,2,,2,,7,
"254200080","LIDZBARK WARMIÑSKI            ","2025","07","16","06",16.7,,16.5,,"W","N",98,,"W  ",,2,,8,,5,
"254200080","LIDZBARK WARMIÑSKI            ","2025","07","16","12",18.1,,17.3,,"W","N",92,,"W  ",,3,,8,,7,
"254200080","LIDZBARK WARMIÑSKI            ","2025","07","16","18",16.3,,15.8,,"W","N",95,,"WSW",,,"8",8,,5,
"254200080","LIDZBARK WARMIÑSKI            ","2025","07","17","06",15.4,,15.2,,"W","N",98,,"SW ",,,"8",8,,5,
"254200080","LIDZBARK WARMIÑSKI            ","2025","07","17","12",18.5,,16.5,,"W","N",81,,"S  ",,3,,8,,7,
"254200080","LIDZBARK WARMIÑSKI            ","2025","07","17","18",20.2,,16.7,,"W","N",69,,"C  ",,0,,5,,7,
"254200080","LIDZBARK WARMIÑSKI            ","2025","07","18","06",16.1,,15.8,,"W","N",97,,"SW ",,1,,3,,5,
"254200080","LIDZBARK WARMIÑSKI            ","2025","07","18","12",20.6,,19.1,,"W","N",86,,"NNW",,6,,8,,5,
"254200080","LIDZBARK WARMIÑSKI            ","2025","07","18","18",17.7,,17.3,,"W","N",96,,"WNW",,3,,8,,5,
"254200080","LIDZBARK WARMIÑSKI            ","2025","07","19","06",18.7,,18.5,,"W","N",98,,"N  ",,,"8",8,,5,
"254200080","LIDZBARK WARMIÑSKI            ","2025","07","19","12",24.8,,20.7,,"W","N",68,,"NE ",,3,,8,,7,
"254200080","LIDZBARK WARMIÑSKI            ","2025","07","19","18",23.4,,20.5,,"W","N",76,,"N  ",,4,,4,,7,
"254200080","LIDZBARK WARMIÑSKI            ","2025","07","20","06",20.6,,19.5,,"W","N",90,,"NNW",,2,,2,,7,
"254200080","LIDZBARK WARMIÑSKI            ","2025","07","20","12",25.8,,21.9,,"W","N",70,,"NNE",,3,,5,,7,
"254200080","LIDZBARK WARMIÑSKI            ","2025","07","20","18",23.2,,20.5,,"W","N",77,,"NNW",,3,,3,,7,
"254200080","LIDZBARK WARMIÑSKI            ","2025","07","21","06",18.5,,18.5,,"W","N",100,,"WSW",,1,,8,,3,
"254200080","LIDZBARK WARMIÑSKI            ","2025","07","21","12",25.6,,21.7,,"W","N",70,,"SSW",,1,,3,,7,
"254200080","LIDZBARK WARMIÑSKI            ","2025","07","21","18",23.0,,21.3,,"W","N",85,,"N  ",,3,,6,,7,
"254200080","LIDZBARK WARMIÑSKI            ","2025","07","22","06",22.6,,20.3,,"W","N",80,,"NE ",,2,,1,,7,
"254200080","LIDZBARK WARMIÑSKI            ","2025","07","22","12",20.0,,18.7,,"W","N",88,,"SW ",,4,,8,,6,
"254200080","LIDZBARK WARMIÑSKI            ","2025","07","22","18",19.4,,17.5,,"W","N",82,,"WSW",,1,,6,,7,
"254200080","LIDZBARK WARMIÑSKI            ","2025","07","23","06",17.9,,16.5,,"W","N",86,,"SSW",,3,,6,,7,
"254200080","LIDZBARK WARMIÑSKI            ","2025","07","23","12",21.2,,17.5,,"W","N",68,,"WSW",,2,,5,,7,
"254200080","LIDZBARK WARMIÑSKI            ","2025","07","23","18",19.8,,17.5,,"W","N",79,,"SSW",,2,,8,,7,
"254200080","LIDZBARK WARMIÑSKI            ","2025","07","24","06",17.1,,16.7,,"W","N",96,,"SE ",,2,,8,,5,
"254200080","LIDZBARK WARMIÑSKI            ","2025","07","24","12",20.0,,18.7,,"W","N",88,,"WSW",,2,,8,,5,
"254200080","LIDZBARK WARMIÑSKI            ","2025","07","24","18",19.4,,17.5,,"W","N",82,,"W  ",,2,,3,,7,
"254200080","LIDZBARK WARMIÑSKI            ","2025","07","25","06",17.3,,17.1,,"W","N",98,,"SW ",,1,,5,,5,
"254200080","LIDZBARK WARMIÑSKI            ","2025","07","25","12",23.6,,19.1,,"W","N",64,,"NW ",,4,,5,,7,
"254200080","LIDZBARK WARMIÑSKI            ","2025","07","25","18",22.4,,19.7,,"W","N",77,,"N  ",,1,,2,,7,
"254200080","LIDZBARK WARMIÑSKI            ","2025","07","26","06",21.6,,18.5,,"W","N",73,,"S  ",,1,,2,,7,
"254200080","LIDZBARK WARMIÑSKI            ","2025","07","26","12",24.6,,20.1,,"W","N",64,,"NW ",,5,,3,,7,
"254200080","LIDZBARK WARMIÑSKI            ","2025","07","26","18",20.8,,19.7,,"W","N",90,,"NNW",,3,,1,,7,
"254200080","LIDZBARK WARMIÑSKI            ","2025","07","27","06",19.8,,17.9,,"W","N",82,,"NNE",,1,,3,,7,
"254200080","LIDZBARK WARMIÑSKI            ","2025","07","27","12",22.8,,19.3,,"W","N",71,,"N  ",,3,,8,,6,
"254200080","LIDZBARK WARMIÑSKI            ","2025","07","27","18",18.5,,17.9,,"W","N",94,,"NE ",,1,,8,,5,
"254200080","LIDZBARK WARMIÑSKI            ","2025","07","28","06",18.5,,18.3,,"W","N",98,,"NNW",,4,,8,,5,
"254200080","LIDZBARK WARMIÑSKI            ","2025","07","28","12",21.4,,20.7,,"W","N",94,,"ESE",,,"8",8,,5,
"254200080","LIDZBARK WARMIÑSKI            ","2025","07","28","18",20.0,,19.5,,"W","N",95,,"C  ",,0,,6,,6,
"254200080","LIDZBARK WARMIÑSKI            ","2025","07","29","06",17.9,,17.5,,"W","N",96,,"W  ",,4,,8,,5,
"254200080","LIDZBARK WARMIÑSKI            ","2025","07","29","12",18.1,,16.5,,"W","N",84,,"W  ",,,"8",8,,6,
"254200080","LIDZBARK WARMIÑSKI            ","2025","07","29","18",18.9,,17.1,,"W","N",83,,"WNW",,,"8",2,,7,
"254200080","LIDZBARK WARMIÑSKI            ","2025","07","30","06",15.4,,14.2,,"W","N",87,,"W  ",,1,,2,,7,
"254200080","LIDZBARK WARMIÑSKI            ","2025","07","30","12",22.6,,16.2,,"W","N",49,,"NW ",,5,,5,,7,
"254200080","LIDZBARK WARMIÑSKI            ","2025","07","30","18",17.7,,14.6,,"W","N",70,,"NW ",,2,,3,,7,
"254200080","LIDZBARK WARMIÑSKI            ","2025","07","31","06",17.1,,15.6,,"W","N",85,,"C  ",,0,,6,,7,
"254200080","LIDZBARK WARMIÑSKI            ","2025","07","31","12",22.2,,16.9,,"W","N",56,,"WSW",,2,,8,,7,
"254200080","LIDZBARK WARMIÑSKI            ","2025","07","31","18",18.5,,15.2,,"W","N",69,,"WSW",,2,,6,,7,
"254220090","OLECKO                        ","2025","07","01","06",14.1,,,"8","W","N",,"8",,"8",,"8",1,,8,
"254220090","OLECKO                        ","2025","07","01","12",21.9,,,"8","W","N",,"8",,"8",,"8",3,,8,
"254220090","OLECKO                        ","2025","07","01","18",20.5,,,"8","W","N",,"8",,"8",,"8",0,,8,
"254220090","OLECKO                        ","2025","07","02","06",18.4,,,"8","W","N",,"8",,"8",,"8",0,,8,
"254220090","OLECKO                        ","2025","07","02","12",26.6,,,"8","W","N",,"8",,"8",,"8",0,,8,
"254220090","OLECKO                        ","2025","07","02","18",27.3,,,"8","W","N",,"8",,"8",,"8",0,,8,
"254220090","OLECKO                        ","2025","07","03","06",21.1,,,"8","W","N",,"8",,"8",,"8",0,,8,
"254220090","OLECKO                        ","2025","07","03","12",32.5,,,"8","W","N",,"8",,"8",,"8",0,,8,
"254220090","OLECKO                        ","2025","07","03","18",18.2,,,"8","W","N",,"8",,"8",,"8",8,,8,
"254220090","OLECKO                        ","2025","07","04","06",14.9,,,"8","W","N",,"8",,"8",,"8",1,,8,
"254220090","OLECKO                        ","2025","07","04","12",21.4,,,"8","W","N",,"8",,"8",,"8",6,,8,
"254220090","OLECKO                        ","2025","07","04","18",15.7,,,"8","W","N",,"8",,"8",,"8",1,,8,
"254220090","OLECKO                        ","2025","07","05","06",13.7,,,"8","W","N",,"8",,"8",,"8",8,,8,
"254220090","OLECKO                        ","2025","07","05","12",22.1,,,"8","W","N",,"8",,"8",,"8",8,,8,
"254220090","OLECKO                        ","2025","07","05","18",21.6,,,"8","W","N",,"8",,"8",,"8",8,,8,
"254220090","OLECKO                        ","2025","07","06","06",18.8,,,"8","W","N",,"8",,"8",,"8",3,,8,
"254220090","OLECKO                        ","2025","07","06","12",25.1,,,"8","W","N",,"8",,"8",,"8",6,,8,
"254220090","OLECKO                        ","2025","07","06","18",27.0,,,"8","W","N",,"8",,"8",,"8",1,,8,
"254220090","OLECKO                        ","2025","07","07","06",21.6,,,"8","W","N",,"8",,"8",,"8",8,,8,
"254220090","OLECKO                        ","2025","07","07","12",20.9,,,"8","W","N",,"8",,"8",,"8",8,,8,
"254220090","OLECKO                        ","2025","07","07","18",19.5,,,"8","W","N",,"8",,"8",,"8",8,,8,
"254220090","OLECKO                        ","2025","07","08","06",17.0,,,"8","W","N",,"8",,"8",,"8",4,,8,
"254220090","OLECKO                        ","2025","07","08","12",23.9,,,"8","W","N",,"8",,"8",,"8",7,,8,
"254220090","OLECKO                        ","2025","07","08","18",19.5,,,"8","W","N",,"8",,"8",,"8",8,,8,
"254220090","OLECKO                        ","2025","07","09","06",14.3,,,"8","W","N",,"8",,"8",,"8",8,,8,
"254220090","OLECKO                        ","2025","07","09","12",15.9,,,"8","W","N",,"8",,"8",,"8",8,,8,
"254220090","OLECKO                        ","2025","07","09","18",14.7,,,"8","W","N",,"8",,"8",,"8",8,,8,
"254220090","OLECKO                        ","2025","07","10","06",15.3,,,"8","W","N",,"8",,"8",,"8",8,,8,
"254220090","OLECKO                        ","2025","07","10","12",14.5,,,"8","W","N",,"8",,"8",,"8",8,,8,
"254220090","OLECKO                        ","2025","07","10","18",12.8,,,"8","W","N",,"8",,"8",,"8",8,,8,
"254220090","OLECKO                        ","2025","07","11","06",14.1,,,"8","W","N",,"8",,"8",,"8",8,,8,
"254220090","OLECKO                        ","2025","07","11","12",16.4,,,"8","W","N",,"8",,"8",,"8",8,,8,
"254220090","OLECKO                        ","2025","07","11","18",14.7,,,"8","W","N",,"8",,"8",,"8",8,,8,
"254220090","OLECKO                        ","2025","07","12","06",14.7,,,"8","W","N",,"8",,"8",,"8",6,,8,
"254220090","OLECKO                        ","2025","07","12","12",21.4,,,"8","W","N",,"8",,"8",,"8",7,,8,
"254220090","OLECKO                        ","2025","07","12","18",20.1,,,"8","W","N",,"8",,"8",,"8",7,,8,
"254220090","OLECKO                        ","2025","07","13","06",19.5,,,"8","W","N",,"8",,"8",,"8",1,,8,
"254220090","OLECKO                        ","2025","07","13","12",25.5,,,"8","W","N",,"8",,"8",,"8",6,,8,
"254220090","OLECKO                        ","2025","07","13","18",20.5,,,"8","W","N",,"8",,"8",,"8",8,,8,
"254220090","OLECKO                        ","2025","07","14","06",17.6,,,"8","W","N",,"8",,"8",,"8",8,,8,
"254220090","OLECKO                        ","2025","07","14","12",23.2,,,"8","W","N",,"8",,"8",,"8",7,,8,
"254220090","OLECKO                        ","2025","07","14","18",18.2,,,"8","W","N",,"8",,"8",,"8",7,,8,
"254220090","OLECKO                        ","2025","07","15","06",18.0,,,"8","W","N",,"8",,"8",,"8",3,,8,
"254220090","OLECKO                        ","2025","07","15","12",21.5,,,"8","W","N",,"8",,"8",,"8",8,,8,
"254220090","OLECKO                        ","2025","07","15","18",20.9,,,"8","W","N",,"8",,"8",,"8",6,,8,
"254220090","OLECKO                        ","2025","07","16","06",16.8,,,"8","W","N",,"8",,"8",,"8",8,,8,
"254220090","OLECKO                        ","2025","07","16","12",18.4,,,"8","W","N",,"8",,"8",,"8",8,,8,
"254220090","OLECKO                        ","2025","07","16","18",17.0,,,"8","W","N",,"8",,"8",,"8",8,,8,
"254220090","OLECKO                        ","2025","07","17","06",13.9,,,"8","W","N",,"8",,"8",,"8",8,,3,
"254220090","OLECKO                        ","2025","07","17","12",17.7,,,"8","W","N",,"8",,"8",,"8",7,,8,
"254220090","OLECKO                        ","2025","07","17","18",19.5,,,"8","W","N",,"8",,"8",,"8",4,,8,
"254220090","OLECKO                        ","2025","07","18","06",16.3,,,"8","W","N",,"8",,"8",,"8",8,,8,
"254220090","OLECKO                        ","2025","07","18","12",21.6,,,"8","W","N",,"8",,"8",,"8",8,,8,
"254220090","OLECKO                        ","2025","07","18","18",18.6,,,"8","W","N",,"8",,"8",,"8",8,,8,
"254220090","OLECKO                        ","2025","07","19","06",18.6,,,"8","W","N",,"8",,"8",,"8",8,,8,
"254220090","OLECKO                        ","2025","07","19","12",24.0,,,"8","W","N",,"8",,"8",,"8",7,,8,
"254220090","OLECKO                        ","2025","07","19","18",22.3,,,"8","W","N",,"8",,"8",,"8",6,,8,
"254220090","OLECKO                        ","2025","07","20","06",19.0,,,"8","W","N",,"8",,"8",,"8",8,,8,
"254220090","OLECKO                        ","2025","07","20","12",23.9,,,"8","W","N",,"8",,"8",,"8",7,,8,
"254220090","OLECKO                        ","2025","07","20","18",23.4,,,"8","W","N",,"8",,"8",,"8",2,,8,
"254220090","OLECKO                        ","2025","07","21","06",19.3,,,"8","W","N",,"8",,"8",,"8",0,,8,
"254220090","OLECKO                        ","2025","07","21","12",25.7,,,"8","W","N",,"8",,"8",,"8",4,,8,
"254220090","OLECKO                        ","2025","07","21","18",24.3,,,"8","W","N",,"8",,"8",,"8",7,,8,
"254220090","OLECKO                        ","2025","07","22","06",20.9,,,"8","W","N",,"8",,"8",,"8",1,,8,
"254220090","OLECKO                        ","2025","07","22","12",20.6,,,"8","W","N",,"8",,"8",,"8",8,,7,
"254220090","OLECKO                        ","2025","07","22","18",17.6,,,"8","W","N",,"8",,"8",,"8",8,,8,
"254220090","OLECKO                        ","2025","07","23","06",17.8,,,"8","W","N",,"8",,"8",,"8",6,,8,
"254220090","OLECKO                        ","2025","07","23","12",22.2,,,"8","W","N",,"8",,"8",,"8",7,,8,
"254220090","OLECKO                        ","2025","07","23","18",18.4,,,"8","W","N",,"8",,"8",,"8",7,,8,
"254220090","OLECKO                        ","2025","07","24","06",16.4,,,"8","W","N",,"8",,"8",,"8",8,,8,
"254220090","OLECKO                        ","2025","07","24","12",19.7,,,"8","W","N",,"8",,"8",,"8",6,,8,
"254220090","OLECKO                        ","2025","07","24","18",18.8,,,"8","W","N",,"8",,"8",,"8",6,,8,
"254220090","OLECKO                        ","2025","07","25","06",18.0,,,"8","W","N",,"8",,"8",,"8",8,,8,
"254220090","OLECKO                        ","2025","07","25","12",21.4,,,"8","W","N",,"8",,"8",,"8",7,,8,
"254220090","OLECKO                        ","2025","07","25","18",21.6,,,"8","W","N",,"8",,"8",,"8",6,,8,
"254220090","OLECKO                        ","2025","07","26","06",20.5,,,"8","W","N",,"8",,"8",,"8",6,,8,
"254220090","OLECKO                        ","2025","07","26","12",22.6,,,"8","W","N",,"8",,"8",,"8",6,,8,
"254220090","OLECKO                        ","2025","07","26","18",21.6,,,"8","W","N",,"8",,"8",,"8",6,,8,
"254220090","OLECKO                        ","2025","07","27","06",17.8,,,"8","W","N",,"8",,"8",,"8",8,,8,
"254220090","OLECKO                        ","2025","07","27","12",24.5,,,"8","W","N",,"8",,"8",,"8",8,,8,
"254220090","OLECKO                        ","2025","07","27","18",18.0,,,"8","W","N",,"8",,"8",,"8",8,,8,
"254220090","OLECKO                        ","2025","07","28","06",19.5,,,"8","W","N",,"8",,"8",,"8",8,,8,
"254220090","OLECKO                        ","2025","07","28","12",20.5,,,"8","W","N",,"8",,"8",,"8",8,,8,
"254220090","OLECKO                        ","2025","07","28","18",18.6,,,"8","W","N",,"8",,"8",,"8",7,,8,
"254220090","OLECKO                        ","2025","07","29","06",16.1,,,"8","W","N",,"8",,"8",,"8",8,,8,
"254220090","OLECKO                        ","2025","07","29","12",17.6,,,"8","W","N",,"8",,"8",,"8",8,,8,
"254220090","OLECKO                        ","2025","07","29","18",15.9,,,"8","W","N",,"8",,"8",,"8",8,,8,
"254220090","OLECKO                        ","2025","07","30","06",15.1,,,"8","W","N",,"8",,"8",,"8",8,,8,
"254220090","OLECKO                        ","2025","07","30","12",20.6,,,"8","W","N",,"8",,"8",,"8",7,,8,
"254220090","OLECKO                        ","2025","07","30","18",18.8,,,"8","W","N",,"8",,"8",,"8",1,,8,
"254220090","OLECKO                        ","2025","07","31","06",15.8,,,"8","W","N",,"8",,"8",,"8",2,,8,
"254220090","OLECKO                        ","2025","07","31","12",21.6,,,"8","W","N",,"8",,"8",,"8",7,,8,
"254220090","OLECKO                        ","2025","07","31","18",19.5,,,"8","W","N",,"8",,"8",,"8",7,,8,
