"249180010","PSZCZYNA                      ","2025","02","01","06",0.2,,,"8",,"N",,"8","SW ",,2,,8,,6,
"249180010","PSZCZYNA                      ","2025","02","01","12",3.7,,,"8",,"N",,"8","W  ",,2,,6,,6,
"249180010","PSZCZYNA                      ","2025","02","01","18",0.9,,,"8",,"N",,"8","C  ",,0,,6,,6,
"249180010","PSZCZYNA                      ","2025","02","02","06",0.6,,,"8",,"N",,"8","C  ",,0,,8,,5,
"249180010","PSZCZYNA                      ","2025","02","02","12",2.2,,,"8",,"N",,"8","SW ",,2,,4,,7,
"249180010","PSZCZYNA                      ","2025","02","02","18",-0.1,,,"8",,"N",,"8","WSW",,1,,8,,6,
"249180010","PSZCZYNA                      ","2025","02","03","06",-1.6,,,"8",,"N",,"8","SW ",,1,,8,,5,
"249180010","PSZCZYNA                      ","2025","02","03","12",2.4,,,"8",,"N",,"8","NW ",,2,,6,,7,
"249180010","PSZCZYNA                      ","2025","02","03","18",-2.2,,,"8",,"N",,"8","C  ",,0,,2,,6,
"249180010","PSZCZYNA                      ","2025","02","04","06",-5.4,,,"8",,"N",,"8","C  ",,0,,0,,6,
"249180010","PSZCZYNA                      ","2025","02","04","12",4.2,,,"8",,"N",,"8","ESE",,2,,0,,7,
"249180010","PSZCZYNA                      ","2025","02","04","18",-1.2,,,"8",,"N",,"8","C  ",,0,,2,,6,
"249180010","PSZCZYNA                      ","2025","02","05","06",-1.0,,,"8",,"N",,"8","WSW",,2,,1,,6,
"249180010","PSZCZYNA                      ","2025","02","05","12",5.5,,,"8","W","N",,"8","WSW",,2,,1,,7,
"249180010","PSZCZYNA                      ","2025","02","05","18",0.9,,,"8",,"N",,"8","W  ",,2,,4,,6,
"249180010","PSZCZYNA                      ","2025","02","06","06",0.6,,,"8",,"N",,"8","NW ",,1,,8,,4,
"249180010","PSZCZYNA                      ","2025","02","06","12",2.2,,,"8",,"N",,"8","C  ",,0,,8,,5,
"249180010","PSZCZYNA                      ","2025","02","06","18",1.2,,,"8",,"N",,"8","NE ",,1,,8,,4,
"249180010","PSZCZYNA                      ","2025","02","07","06",-1.8,,,"8",,"N",,"8","ENE",,1,,6,,6,
"249180010","PSZCZYNA                      ","2025","02","07","12",1.2,,,"8",,"N",,"8","E  ",,3,,2,,6,
"249180010","PSZCZYNA                      ","2025","02","07","18",-1.9,,,"8",,"N",,"8","E  ",,3,,4,,6,
"249180010","PSZCZYNA                      ","2025","02","08","06",-2.2,,,"8",,"N",,"8","ENE",,2,,2,,6,
"249180010","PSZCZYNA                      ","2025","02","08","12",4.7,,,"8",,"N",,"8","ENE",,2,,2,,7,
"249180010","PSZCZYNA                      ","2025","02","08","18",-1.9,,,"8",,"N",,"8","ENE",,1,,2,,6,
"249180010","PSZCZYNA                      ","2025","02","09","06",-2.4,,,"8",,"N",,"8","NE ",,1,,6,,6,
"249180010","PSZCZYNA                      ","2025","02","09","12",1.1,,,"8",,"N",,"8","E  ",,1,,6,,6,
"249180010","PSZCZYNA                      ","2025","02","09","18",0.2,,,"8",,"N",,"8","ENE",,1,,8,,6,
"249180010","PSZCZYNA                      ","2025","02","10","06",-5.4,,,"8",,"N",,"8","ENE",,1,,0,,6,
"249180010","PSZCZYNA                      ","2025","02","10","12",3.3,,,"8",,"N",,"8","ENE",,2,,0,,7,
"249180010","PSZCZYNA                      ","2025","02","10","18",-3.1,,,"8",,"N",,"8","ENE",,2,,1,,6,
"249180010","PSZCZYNA                      ","2025","02","11","06",-5.5,,,"8",,"N",,"8","ENE",,1,,0,,6,
"249180010","PSZCZYNA                      ","2025","02","11","12",0.2,,,"8",,"N",,"8","E  ",,2,,1,,7,
"249180010","PSZCZYNA                      ","2025","02","11","18",-3.4,,,"8",,"N",,"8","ENE",,3,,2,,6,
"249180010","PSZCZYNA                      ","2025","02","12","06",-6.7,,,"8",,"N",,"8","ENE",,2,,7,,5,
"249180010","PSZCZYNA                      ","2025","02","12","12",-0.7,,,"8",,"N",,"8","E  ",,2,,8,,6,
"249180010","PSZCZYNA                      ","2025","02","12","18",-0.9,,,"8",,"N",,"8","ESE",,1,,8,,7,
"249180010","PSZCZYNA                      ","2025","02","13","06",-0.8,,,"8",,"N",,"8","C  ",,0,,8,,5,
"249180010","PSZCZYNA                      ","2025","02","13","12",2.2,,,"8",,"N",,"8","W  ",,2,,8,,6,
"249180010","PSZCZYNA                      ","2025","02","13","18",1.6,,,"8",,"N",,"8","C  ",,0,,8,,6,
"249180010","PSZCZYNA                      ","2025","02","14","06",-1.2,,,"8",,"N",,"8","W  ",,2,,8,,5,
"249180010","PSZCZYNA                      ","2025","02","14","12",1.8,,,"8",,"N",,"8","WNW",,2,,6,,5,
"249180010","PSZCZYNA                      ","2025","02","14","18",-3.2,,,"8",,"N",,"8","NNW",,1,,6,,6,
"249180010","PSZCZYNA                      ","2025","02","15","06",-5.1,,,"8",,"N",,"8","C  ",,0,,6,,6,
"249180010","PSZCZYNA                      ","2025","02","15","12",-1.1,,,"8",,"N",,"8","NW ",,1,,6,,7,
"249180010","PSZCZYNA                      ","2025","02","15","18",-3.4,,,"8",,"N",,"8","W  ",,1,,8,,7,
"249180010","PSZCZYNA                      ","2025","02","16","06",-6.7,,,"8",,"N",,"8","SW ",,2,,2,,6,
"249180010","PSZCZYNA                      ","2025","02","16","12",0.2,,,"8",,"N",,"8","ESE",,1,,2,,7,
"249180010","PSZCZYNA                      ","2025","02","16","18",-5.5,,,"8",,"N",,"8","C  ",,0,,4,,6,
"249180010","PSZCZYNA                      ","2025","02","17","06",-11.5,,,"8","L","N",,"8","NNE",,1,,0,,6,
"249180010","PSZCZYNA                      ","2025","02","17","12",-1.8,,,"8",,"N",,"8","NNW",,1,,2,,7,
"249180010","PSZCZYNA                      ","2025","02","17","18",-5.7,,,"8",,"N",,"8","C  ",,0,,1,,7,
"249180010","PSZCZYNA                      ","2025","02","18","06",-8.3,,,"8",,"N",,"8","SE ",,1,,7,,6,
"249180010","PSZCZYNA                      ","2025","02","18","12",-1.3,,,"8",,"N",,"8","WSW",,3,,2,,7,
"249180010","PSZCZYNA                      ","2025","02","18","18",-5.2,,,"8",,"N",,"8","SW ",,2,,2,,7,
"249180010","PSZCZYNA                      ","2025","02","19","06",-6.6,,,"8",,"N",,"8","WSW",,2,,8,,6,
"249180010","PSZCZYNA                      ","2025","02","19","12",0.8,,,"8",,"N",,"8","SW ",,2,,0,,8,
"249180010","PSZCZYNA                      ","2025","02","19","18",-3.6,,,"8",,"N",,"8","C  ",,0,,1,,8,
"249180010","PSZCZYNA                      ","2025","02","20","06",-10.5,,,"8","L","N",,"8","C  ",,0,,0,,6,
"249180010","PSZCZYNA                      ","2025","02","20","12",2.9,,,"8",,"N",,"8","SE ",,2,,0,,8,
"249180010","PSZCZYNA                      ","2025","02","20","18",-2.4,,,"8",,"N",,"8","C  ",,0,,0,,8,
"249180010","PSZCZYNA                      ","2025","02","21","06",-8.6,,,"8",,"N",,"8","C  ",,0,,1,,6,
"249180010","PSZCZYNA                      ","2025","02","21","12",5.7,,,"8","W","N",,"8","SSW",,2,,2,,8,
"249180010","PSZCZYNA                      ","2025","02","21","18",-2.1,,,"8",,"N",,"8","SW ",,1,,2,,8,
"249180010","PSZCZYNA                      ","2025","02","22","06",-3.8,,,"8",,"N",,"8","N  ",,1,,0,,6,
"249180010","PSZCZYNA                      ","2025","02","22","12",7.4,,,"8","W","N",,"8","S  ",,2,,0,,8,
"249180010","PSZCZYNA                      ","2025","02","22","18",-1.9,,,"8",,"N",,"8","SW ",,1,,0,,8,
"249180010","PSZCZYNA                      ","2025","02","23","06",-1.2,,,"8",,"N",,"8","SW ",,2,,1,,7,
"249180010","PSZCZYNA                      ","2025","02","23","12",4.7,,,"8",,"N",,"8","WSW",,3,,6,,7,
"249180010","PSZCZYNA                      ","2025","02","23","18",1.8,,,"8",,"N",,"8","SW ",,3,,8,,5,
"249180010","PSZCZYNA                      ","2025","02","24","06",1.8,,,"8",,"N",,"8","SW ",,2,,8,,4,
"249180010","PSZCZYNA                      ","2025","02","24","12",7.2,,,"8","W","N",,"8","SW ",,2,,8,,5,
"249180010","PSZCZYNA                      ","2025","02","24","18",3.0,,,"8",,"N",,"8","C  ",,0,,6,,5,
"249180010","PSZCZYNA                      ","2025","02","25","06",-3.8,,,"8",,"N",,"8","C  ",,0,,0,,4,
"249180010","PSZCZYNA                      ","2025","02","25","12",9.8,,,"8","W","N",,"8","W  ",,2,,7,,7,
"249180010","PSZCZYNA                      ","2025","02","25","18",4.5,,,"8",,"N",,"8","SW ",,2,,6,,7,
"249180010","PSZCZYNA                      ","2025","02","26","06",2.6,,,"8",,"N",,"8","C  ",,0,,8,,6,
"249180010","PSZCZYNA                      ","2025","02","26","12",8.8,,,"8","W","N",,"8","SSW",,2,,1,,7,
"249180010","PSZCZYNA                      ","2025","02","26","18",5.7,,,"8","W","N",,"8","SW ",,2,,8,,6,
"249180010","PSZCZYNA                      ","2025","02","27","06",4.5,,,"8",,"N",,"8","W  ",,1,,8,,5,
"249180010","PSZCZYNA                      ","2025","02","27","12",6.7,,,"8","W","N",,"8","C  ",,0,,8,,5,
"249180010","PSZCZYNA                      ","2025","02","27","18",4.9,,,"8",,"N",,"8","C  ",,0,,8,,4,
"249180010","PSZCZYNA                      ","2025","02","28","06",2.6,,,"8",,"N",,"8","C  ",,0,,8,,4,
"249180010","PSZCZYNA                      ","2025","02","28","12",5.5,,,"8","W","N",,"8","WSW",,2,,8,,6,
"249180010","PSZCZYNA                      ","2025","02","28","18",2.2,,,"8",,"N",,"8","SSW",,1,,6,,5,
"249190560","JAB£ONKA                      ","2025","02","01","06",-4.0,,,"8",,"N",,"8","NNE",,1,,4,,8,
"249190560","JAB£ONKA                      ","2025","02","01","12",2.1,,,"8",,"N",,"8","NNE",,1,,5,,8,
"249190560","JAB£ONKA                      ","2025","02","01","18",-2.1,,,"8",,"N",,"8","C  ",,0,,4,,8,
"249190560","JAB£ONKA                      ","2025","02","02","06",-7.2,,,"8",,"N",,"8","C  ",,0,,8,,5,
"249190560","JAB£ONKA                      ","2025","02","02","12",-1.6,,,"8",,"N",,"8","C  ",,0,,4,,8,
"249190560","JAB£ONKA                      ","2025","02","02","18",-2.0,,,"8",,"N",,"8","C  ",,0,,4,,8,
"249190560","JAB£ONKA                      ","2025","02","03","06",-5.4,,,"8",,"N",,"8","C  ",,0,,8,,5,
"249190560","JAB£ONKA                      ","2025","02","03","12",0.6,,,"8",,"N",,"8","S  ",,2,,6,,8,
"249190560","JAB£ONKA                      ","2025","02","03","18",-4.8,,,"8",,"N",,"8","C  ",,0,,1,,8,
"249190560","JAB£ONKA                      ","2025","02","04","06",-10.4,,,"8","L","N",,"8",,"8",,"8",8,,3,
"249190560","JAB£ONKA                      ","2025","02","04","12",0.0,,,"8",,"N",,"8","WSW",,1,,1,,8,
"249190560","JAB£ONKA                      ","2025","02","04","18",-4.6,,,"8",,"N",,"8","C  ",,0,,1,,8,
"249190560","JAB£ONKA                      ","2025","02","05","06",-8.9,,,"8",,"N",,"8","ENE",,1,,2,,8,
"249190560","JAB£ONKA                      ","2025","02","05","12",5.5,,,"8","W","N",,"8","NW ",,1,,1,,8,
"249190560","JAB£ONKA                      ","2025","02","05","18",-2.6,,,"8",,"N",,"8","NE ",,1,,2,,8,
"249190560","JAB£ONKA                      ","2025","02","06","06",-2.6,,,"8",,"N",,"8","C  ",,0,,8,,5,
"249190560","JAB£ONKA                      ","2025","02","06","12",0.3,,,"8",,"N",,"8","NNE",,1,,8,,7,
"249190560","JAB£ONKA                      ","2025","02","06","18",-0.4,,,"8",,"N",,"8","NNE",,2,,8,,5,
"249190560","JAB£ONKA                      ","2025","02","07","06",-1.4,,,"8",,"N",,"8","NNE",,1,,8,,5,
"249190560","JAB£ONKA                      ","2025","02","07","12",0.2,,,"8",,"N",,"8","NE ",,1,,6,,7,
"249190560","JAB£ONKA                      ","2025","02","07","18",-1.5,,,"8",,"N",,"8","ENE",,1,,7,,7,
"249190560","JAB£ONKA                      ","2025","02","08","06",-6.4,,,"8",,"N",,"8","C  ",,0,,8,,7,
"249190560","JAB£ONKA                      ","2025","02","08","12",3.7,,,"8",,"N",,"8","ENE",,1,,1,,8,
"249190560","JAB£ONKA                      ","2025","02","08","18",-3.4,,,"8",,"N",,"8","ENE",,1,,0,,8,
"249190560","JAB£ONKA                      ","2025","02","09","06",-10.0,,,"8",,"N",,"8","C  ",,0,,1,,8,
"249190560","JAB£ONKA                      ","2025","02","09","12",6.6,,,"8","W","N",,"8","W  ",,1,,1,,8,
"249190560","JAB£ONKA                      ","2025","02","09","18",1.3,,,"8",,"N",,"8","C  ",,0,,8,,8,
"249190560","JAB£ONKA                      ","2025","02","10","06",-8.4,,,"8",,"N",,"8","ENE",,1,,1,,8,
"249190560","JAB£ONKA                      ","2025","02","10","12",6.4,,,"8","W","N",,"8","E  ",,1,,0,,8,
"249190560","JAB£ONKA                      ","2025","02","10","18",-2.4,,,"8",,"N",,"8","NE ",,2,,0,,8,
"249190560","JAB£ONKA                      ","2025","02","11","06",-10.8,,,"8","L","N",,"8","ENE",,1,,8,,3,
"249190560","JAB£ONKA                      ","2025","02","11","12",2.4,,,"8",,"N",,"8","NNE",,1,,1,,8,
"249190560","JAB£ONKA                      ","2025","02","11","18",-3.4,,,"8",,"N",,"8","NE ",,1,,0,,8,
"249190560","JAB£ONKA                      ","2025","02","12","06",-11.6,,,"8","L","N",,"8","C  ",,0,,6,,7,
"249190560","JAB£ONKA                      ","2025","02","12","12",2.0,,,"8",,"N",,"8","C  ",,0,,8,,7,
"249190560","JAB£ONKA                      ","2025","02","12","18",-2.2,,,"8",,"N",,"8","ENE",,1,,5,,7,
"249190560","JAB£ONKA                      ","2025","02","13","06",-1.4,,,"8",,"N",,"8","SW ",,1,,8,,7,
"249190560","JAB£ONKA                      ","2025","02","13","12",4.1,,,"8",,"N",,"8","S  ",,2,,8,,7,
"249190560","JAB£ONKA                      ","2025","02","13","18",1.0,,,"8",,"N",,"8","C  ",,0,,7,,7,
"249190560","JAB£ONKA                      ","2025","02","14","06",-0.4,,,"8",,"N",,"8","NE ",,1,,8,,5,
"249190560","JAB£ONKA                      ","2025","02","14","12",-0.4,,,"8",,"N",,"8","N  ",,2,,8,,7,
"249190560","JAB£ONKA                      ","2025","02","14","18",-2.6,,,"8",,"N",,"8","N  ",,2,,8,,7,
"249190560","JAB£ONKA                      ","2025","02","15","06",-7.6,,,"8",,"N",,"8","C  ",,0,,8,,5,
"249190560","JAB£ONKA                      ","2025","02","15","12",-3.6,,,"8",,"N",,"8","W  ",,1,,8,,7,
"249190560","JAB£ONKA                      ","2025","02","15","18",-5.2,,,"8",,"N",,"8","C  ",,0,,7,,7,
"249190560","JAB£ONKA                      ","2025","02","16","06",-14.6,,,"8","L","N",,"8","C  ",,0,,2,,8,
"249190560","JAB£ONKA                      ","2025","02","16","12",-1.4,,,"8",,"N",,"8","NNE",,1,,4,,8,
"249190560","JAB£ONKA                      ","2025","02","16","18",-6.2,,,"8",,"N",,"8","NE ",,1,,6,,7,
"249190560","JAB£ONKA                      ","2025","02","17","06",-14.9,,,"8","L","N",,"8","ESE",,1,,4,,7,
"249190560","JAB£ONKA                      ","2025","02","17","12",-3.3,,,"8",,"N",,"8","NNW",,1,,4,,8,
"249190560","JAB£ONKA                      ","2025","02","17","18",-7.6,,,"8",,"N",,"8","C  ",,0,,6,,8,
"249190560","JAB£ONKA                      ","2025","02","18","06",-10.0,,,"8",,"N",,"8","C  ",,0,,8,,5,
"249190560","JAB£ONKA                      ","2025","02","18","12",-3.8,,,"8",,"N",,"8","NNE",,2,,8,,7,
"249190560","JAB£ONKA                      ","2025","02","18","18",-7.0,,,"8",,"N",,"8","WSW",,1,,7,,7,
"249190560","JAB£ONKA                      ","2025","02","19","06",-15.3,,,"8","L","N",,"8","C  ",,0,,2,,8,
"249190560","JAB£ONKA                      ","2025","02","19","12",-0.4,,,"8",,"N",,"8","NW ",,1,,1,,8,
"249190560","JAB£ONKA                      ","2025","02","19","18",-6.6,,,"8",,"N",,"8","ESE",,1,,0,,8,
"249190560","JAB£ONKA                      ","2025","02","20","06",-17.2,,,"8","L","N",,"8","E  ",,1,,1,,8,
"249190560","JAB£ONKA                      ","2025","02","20","12",0.6,,,"8",,"N",,"8","WSW",,2,,1,,8,
"249190560","JAB£ONKA                      ","2025","02","20","18",-5.5,,,"8",,"N",,"8","E  ",,1,,0,,8,
"249190560","JAB£ONKA                      ","2025","02","21","06",-16.4,,,"8","L","N",,"8","E  ",,1,,2,,8,
"249190560","JAB£ONKA                      ","2025","02","21","12",3.4,,,"8",,"N",,"8","SW ",,2,,1,,8,
"249190560","JAB£ONKA                      ","2025","02","21","18",-4.1,,,"8",,"N",,"8","C  ",,0,,1,,8,
"249190560","JAB£ONKA                      ","2025","02","22","06",-10.8,,,"8","L","N",,"8","NNE",,1,,0,,8,
"249190560","JAB£ONKA                      ","2025","02","22","12",6.4,,,"8","W","N",,"8","WSW",,2,,1,,8,
"249190560","JAB£ONKA                      ","2025","02","22","18",-3.4,,,"8",,"N",,"8","C  ",,0,,1,,8,
"249190560","JAB£ONKA                      ","2025","02","23","06",-10.8,,,"8","L","N",,"8","E  ",,1,,3,,8,
"249190560","JAB£ONKA                      ","2025","02","23","12",5.8,,,"8","W","N",,"8","SSW",,2,,4,,8,
"249190560","JAB£ONKA                      ","2025","02","23","18",1.5,,,"8",,"N",,"8","WSW",,1,,8,,8,
"249190560","JAB£ONKA                      ","2025","02","24","06",1.0,,,"8",,"N",,"8","C  ",,0,,8,,3,
"249190560","JAB£ONKA                      ","2025","02","24","12",5.9,,,"8","W","N",,"8","WSW",,1,,8,,7,
"249190560","JAB£ONKA                      ","2025","02","24","18",-1.2,,,"8",,"N",,"8","C  ",,0,,6,,5,
"249190560","JAB£ONKA                      ","2025","02","25","06",-1.3,,,"8",,"N",,"8","NE ",,1,,8,,3,
"249190560","JAB£ONKA                      ","2025","02","25","12",8.4,,,"8","W","N",,"8","W  ",,2,,5,,8,
"249190560","JAB£ONKA                      ","2025","02","25","18",-0.3,,,"8",,"N",,"8","C  ",,0,,1,,8,
"249190560","JAB£ONKA                      ","2025","02","26","06",-1.8,,,"8",,"N",,"8","NE ",,1,,8,,7,
"249190560","JAB£ONKA                      ","2025","02","26","12",6.9,,,"8","W","N",,"8","WSW",,1,,8,,7,
"249190560","JAB£ONKA                      ","2025","02","26","18",3.3,,,"8",,"N",,"8","C  ",,0,,8,,7,
"249190560","JAB£ONKA                      ","2025","02","27","06",0.8,,,"8",,"N",,"8","NE ",,1,,8,,5,
"249190560","JAB£ONKA                      ","2025","02","27","12",5.4,,,"8","W","N",,"8","W  ",,1,,8,,5,
"249190560","JAB£ONKA                      ","2025","02","27","18",3.2,,,"8",,"N",,"8","SW ",,1,,8,,7,
"249190560","JAB£ONKA                      ","2025","02","28","06",0.4,,,"8",,"N",,"8","C  ",,0,,8,,5,
"249190560","JAB£ONKA                      ","2025","02","28","12",3.9,,,"8",,"N",,"8","WSW",,1,,4,,8,
"249190560","JAB£ONKA                      ","2025","02","28","18",-0.5,,,"8",,"N",,"8","C  ",,0,,2,,8,
"249190670","POLANA CHOCHO£OWSKA           ","2025","02","01","06",-6.8,,,"8",,"N",,"8","C  ",,0,,7,,5,
"249190670","POLANA CHOCHO£OWSKA           ","2025","02","01","12",-0.5,,,"8",,"N",,"8","E  ",,1,,3,,5,
"249190670","POLANA CHOCHO£OWSKA           ","2025","02","01","18",-5.7,,,"8",,"N",,"8","C  ",,0,,6,,5,
"249190670","POLANA CHOCHO£OWSKA           ","2025","02","02","06",-7.5,,,"8",,"N",,"8","C  ",,0,,1,,5,
"249190670","POLANA CHOCHO£OWSKA           ","2025","02","02","12",-3.3,,,"8",,"N",,"8","ESE",,1,,8,,3,
"249190670","POLANA CHOCHO£OWSKA           ","2025","02","02","18",-4.8,,,"8",,"N",,"8","C  ",,0,,8,,4,
"249190670","POLANA CHOCHO£OWSKA           ","2025","02","03","06",-8.2,,,"8",,"N",,"8","C  ",,0,,6,,5,
"249190670","POLANA CHOCHO£OWSKA           ","2025","02","03","12",-2.4,,,"8",,"N",,"8","E  ",,1,,1,,5,
"249190670","POLANA CHOCHO£OWSKA           ","2025","02","03","18",-7.4,,,"8",,"N",,"8","C  ",,0,,2,,5,
"249190670","POLANA CHOCHO£OWSKA           ","2025","02","04","06",-10.3,,,"8","L","N",,"8","C  ",,0,,0,,5,
"249190670","POLANA CHOCHO£OWSKA           ","2025","02","04","12",-0.3,,,"8",,"N",,"8","ESE",,1,,0,,5,
"249190670","POLANA CHOCHO£OWSKA           ","2025","02","04","18",-6.2,,,"8",,"N",,"8","C  ",,0,,0,,5,
"249190670","POLANA CHOCHO£OWSKA           ","2025","02","05","06",-4.4,,,"8",,"N",,"8","C  ",,0,,2,,5,
"249190670","POLANA CHOCHO£OWSKA           ","2025","02","05","12",4.3,,,"8",,"N",,"8","SW ",,1,,2,,5,
"249190670","POLANA CHOCHO£OWSKA           ","2025","02","05","18",-4.6,,,"8",,"N",,"8","C  ",,0,,0,,5,
"249190670","POLANA CHOCHO£OWSKA           ","2025","02","06","06",-3.9,,,"8",,"N",,"8","C  ",,0,,8,,3,
"249190670","POLANA CHOCHO£OWSKA           ","2025","02","06","12",-2.6,,,"8",,"N",,"8","ENE",,1,,8,,3,
"249190670","POLANA CHOCHO£OWSKA           ","2025","02","06","18",-3.6,,,"8",,"N",,"8","NNE",,2,,8,,3,
"249190670","POLANA CHOCHO£OWSKA           ","2025","02","07","06",-4.6,,,"8",,"N",,"8","C  ",,0,,8,,3,
"249190670","POLANA CHOCHO£OWSKA           ","2025","02","07","12",-1.4,,,"8",,"N",,"8","SW ",,1,,4,,5,
"249190670","POLANA CHOCHO£OWSKA           ","2025","02","07","18",-1.8,,,"8",,"N",,"8","W  ",,2,,3,,5,
"249190670","POLANA CHOCHO£OWSKA           ","2025","02","08","06",0.3,,,"8",,"N",,"8","W  ",,2,,2,,5,
"249190670","POLANA CHOCHO£OWSKA           ","2025","02","08","12",5.0,,,"8",,"N",,"8","SSW",,2,,2,,5,
"249190670","POLANA CHOCHO£OWSKA           ","2025","02","08","18",-0.3,,,"8",,"N",,"8","W  ",,1,,2,,5,
"249190670","POLANA CHOCHO£OWSKA           ","2025","02","09","06",-1.2,,,"8",,"N",,"8","C  ",,0,,0,,5,
"249190670","POLANA CHOCHO£OWSKA           ","2025","02","09","12",6.5,,,"8","W","N",,"8","E  ",,1,,3,,5,
"249190670","POLANA CHOCHO£OWSKA           ","2025","02","09","18",1.2,,,"8",,"N",,"8","C  ",,0,,5,,5,
"249190670","POLANA CHOCHO£OWSKA           ","2025","02","10","06",-4.5,,,"8",,"N",,"8","C  ",,0,,0,,5,
"249190670","POLANA CHOCHO£OWSKA           ","2025","02","10","12",5.0,,,"8",,"N",,"8","E  ",,2,,0,,5,
"249190670","POLANA CHOCHO£OWSKA           ","2025","02","10","18",-3.2,,,"8",,"N",,"8","C  ",,0,,0,,5,
"249190670","POLANA CHOCHO£OWSKA           ","2025","02","11","06",-7.2,,,"8",,"N",,"8","C  ",,0,,0,,5,
"249190670","POLANA CHOCHO£OWSKA           ","2025","02","11","12",3.7,,,"8",,"N",,"8","SW ",,1,,0,,5,
"249190670","POLANA CHOCHO£OWSKA           ","2025","02","11","18",-2.0,,,"8",,"N",,"8","W  ",,2,,0,,5,
"249190670","POLANA CHOCHO£OWSKA           ","2025","02","12","06",-2.1,,,"8",,"N",,"8","W  ",,4,,5,,5,
"249190670","POLANA CHOCHO£OWSKA           ","2025","02","12","12",-0.2,,,"8",,"N",,"8","WSW",,4,,8,,5,
"249190670","POLANA CHOCHO£OWSKA           ","2025","02","12","18",-2.2,,,"8",,"N",,"8","WSW",,2,,6,,5,
"249190670","POLANA CHOCHO£OWSKA           ","2025","02","13","06",-2.4,,,"8",,"N",,"8","C  ",,0,,8,,5,
"249190670","POLANA CHOCHO£OWSKA           ","2025","02","13","12",3.0,,,"8",,"N",,"8","C  ",,0,,8,,5,
"249190670","POLANA CHOCHO£OWSKA           ","2025","02","13","18",0.7,,,"8",,"N",,"8","C  ",,0,,8,,5,
"249190670","POLANA CHOCHO£OWSKA           ","2025","02","14","06",-2.7,,,"8",,"N",,"8","C  ",,0,,8,,3,
"249190670","POLANA CHOCHO£OWSKA           ","2025","02","14","12",-4.3,,,"8",,"N",,"8","C  ",,0,,8,,3,
"249190670","POLANA CHOCHO£OWSKA           ","2025","02","14","18",-6.2,,,"8",,"N",,"8","E  ",,3,,8,,3,
"249190670","POLANA CHOCHO£OWSKA           ","2025","02","15","06",-10.6,,,"8","L","N",,"8","C  ",,0,,8,,3,
"249190670","POLANA CHOCHO£OWSKA           ","2025","02","15","12",-7.6,,,"8",,"N",,"8","E  ",,1,,6,,5,
"249190670","POLANA CHOCHO£OWSKA           ","2025","02","15","18",-9.4,,,"8",,"N",,"8","C  ",,0,,8,,3,
"249190670","POLANA CHOCHO£OWSKA           ","2025","02","16","06",-14.0,,,"8","L","N",,"8","C  ",,0,,0,,5,
"249190670","POLANA CHOCHO£OWSKA           ","2025","02","16","12",-6.9,,,"8",,"N",,"8","E  ",,1,,4,,5,
"249190670","POLANA CHOCHO£OWSKA           ","2025","02","16","18",-10.3,,,"8","L","N",,"8","C  ",,0,,8,,3,
"249190670","POLANA CHOCHO£OWSKA           ","2025","02","17","06",-15.6,,,"8","L","N",,"8","C  ",,0,,0,,5,
"249190670","POLANA CHOCHO£OWSKA           ","2025","02","17","12",-6.6,,,"8",,"N",,"8","WSW",,2,,5,,5,
"249190670","POLANA CHOCHO£OWSKA           ","2025","02","17","18",-12.8,,,"8","L","N",,"8","C  ",,0,,0,,5,
"249190670","POLANA CHOCHO£OWSKA           ","2025","02","18","06",-11.1,,,"8","L","N",,"8","NE ",,1,,8,,3,
"249190670","POLANA CHOCHO£OWSKA           ","2025","02","18","12",-8.9,,,"8",,"N",,"8","ESE",,1,,2,,5,
"249190670","POLANA CHOCHO£OWSKA           ","2025","02","18","18",-13.3,,,"8","L","N",,"8","C  ",,0,,2,,5,
"249190670","POLANA CHOCHO£OWSKA           ","2025","02","19","06",-13.5,,,"8","L","N",,"8","C  ",,0,,1,,5,
"249190670","POLANA CHOCHO£OWSKA           ","2025","02","19","12",-3.9,,,"8",,"N",,"8","E  ",,2,,2,,5,
"249190670","POLANA CHOCHO£OWSKA           ","2025","02","19","18",-10.7,,,"8","L","N",,"8","C  ",,0,,2,,5,
"249190670","POLANA CHOCHO£OWSKA           ","2025","02","20","06",-12.7,,,"8","L","N",,"8","C  ",,0,,0,,5,
"249190670","POLANA CHOCHO£OWSKA           ","2025","02","20","12",-2.6,,,"8",,"N",,"8","SE ",,1,,0,,5,
"249190670","POLANA CHOCHO£OWSKA           ","2025","02","20","18",-9.3,,,"8",,"N",,"8","C  ",,0,,1,,5,
"249190670","POLANA CHOCHO£OWSKA           ","2025","02","21","06",-10.7,,,"8","L","N",,"8","C  ",,0,,1,,5,
"249190670","POLANA CHOCHO£OWSKA           ","2025","02","21","12",0.8,,,"8",,"N",,"8","ESE",,2,,3,,5,
"249190670","POLANA CHOCHO£OWSKA           ","2025","02","21","18",-6.6,,,"8",,"N",,"8","C  ",,0,,3,,5,
"249190670","POLANA CHOCHO£OWSKA           ","2025","02","22","06",-5.3,,,"8",,"N",,"8","C  ",,0,,0,,5,
"249190670","POLANA CHOCHO£OWSKA           ","2025","02","22","12",4.7,,,"8",,"N",,"8","E  ",,1,,2,,5,
"249190670","POLANA CHOCHO£OWSKA           ","2025","02","22","18",-3.6,,,"8",,"N",,"8","C  ",,0,,2,,5,
"249190670","POLANA CHOCHO£OWSKA           ","2025","02","23","06",-4.5,,,"8",,"N",,"8","C  ",,0,,3,,5,
"249190670","POLANA CHOCHO£OWSKA           ","2025","02","23","12",4.8,,,"8",,"N",,"8","E  ",,1,,1,,5,
"249190670","POLANA CHOCHO£OWSKA           ","2025","02","23","18",1.4,,,"8",,"N",,"8","C  ",,0,,8,,4,
"249190670","POLANA CHOCHO£OWSKA           ","2025","02","24","06",1.6,,,"8",,"N",,"8","C  ",,0,,8,,3,
"249190670","POLANA CHOCHO£OWSKA           ","2025","02","24","12",3.5,,,"8",,"N",,"8","C  ",,0,,8,,3,
"249190670","POLANA CHOCHO£OWSKA           ","2025","02","24","18",0.5,,,"8",,"N",,"8","C  ",,0,,7,,4,
"249190670","POLANA CHOCHO£OWSKA           ","2025","02","25","06",-2.1,,,"8",,"N",,"8","C  ",,0,,1,,5,
"249190670","POLANA CHOCHO£OWSKA           ","2025","02","25","12",6.9,,,"8","W","N",,"8","E  ",,1,,6,,5,
"249190670","POLANA CHOCHO£OWSKA           ","2025","02","25","18",-0.5,,,"8",,"N",,"8","C  ",,0,,6,,5,
"249190670","POLANA CHOCHO£OWSKA           ","2025","02","26","06",-0.1,,,"8",,"N",,"8","C  ",,0,,4,,5,
"249190670","POLANA CHOCHO£OWSKA           ","2025","02","26","12",4.7,,,"8",,"N",,"8","ENE",,2,,7,,5,
"249190670","POLANA CHOCHO£OWSKA           ","2025","02","26","18",1.0,,,"8",,"N",,"8","C  ",,0,,7,,5,
"249190670","POLANA CHOCHO£OWSKA           ","2025","02","27","06",1.4,,,"8",,"N",,"8","C  ",,0,,8,,3,
"249190670","POLANA CHOCHO£OWSKA           ","2025","02","27","12",2.3,,,"8",,"N",,"8","NE ",,1,,8,,3,
"249190670","POLANA CHOCHO£OWSKA           ","2025","02","27","18",0.7,,,"8",,"N",,"8","C  ",,0,,8,,3,
"249190670","POLANA CHOCHO£OWSKA           ","2025","02","28","06",-0.1,,,"8",,"N",,"8","C  ",,0,,8,,4,
"249190670","POLANA CHOCHO£OWSKA           ","2025","02","28","12",1.6,,,"8",,"N",,"8","C  ",,0,,8,,4,
"249190670","POLANA CHOCHO£OWSKA           ","2025","02","28","18",-3.2,,,"8",,"N",,"8","SE ",,1,,5,,4,
"249190890","RADZIECHOWY                   ","2025","02","01","06",-1.7,,-2.2,,"L","N",88,,"C  ",,0,,8,,5,
"249190890","RADZIECHOWY                   ","2025","02","01","12",2.4,,1.1,,"W","N",77,,"NNE",,1,,8,,6,
"249190890","RADZIECHOWY                   ","2025","02","01","18",1.4,,0.3,,"W","N",79,,"ESE",,1,,8,,6,
"249190890","RADZIECHOWY                   ","2025","02","02","06",-3.0,,-3.4,,"L","N",88,,"C  ",,0,,8,,5,
"249190890","RADZIECHOWY                   ","2025","02","02","12",0.4,,-0.5,,"W","N",82,,"NW ",,1,,8,,5,
"249190890","RADZIECHOWY                   ","2025","02","02","18",-1.8,,-2.5,,"L","N",83,,"W  ",,1,,3,,5,
"249190890","RADZIECHOWY                   ","2025","02","03","06",-2.8,,-3.2,,"L","N",88,,"NNW",,1,,8,,5,
"249190890","RADZIECHOWY                   ","2025","02","03","12",2.1,,0.5,,"W","N",71,,"N  ",,2,,6,,6,
"249190890","RADZIECHOWY                   ","2025","02","03","18",-2.8,,-3.2,,"L","N",88,,"WSW",,1,,4,,5,
"249190890","RADZIECHOWY                   ","2025","02","04","06",-7.8,,-8.0,,"L","N",87,,"SSE",,1,,0,,6,
"249190890","RADZIECHOWY                   ","2025","02","04","12",3.7,,1.3,,"W","N",60,,"NNE",,1,,0,,7,
"249190890","RADZIECHOWY                   ","2025","02","04","18",-2.3,,-3.2,,"L","N",78,,"C  ",,0,,3,,6,
"249190890","RADZIECHOWY                   ","2025","02","05","06",-2.2,,-3.2,,"L","N",76,,"SSW",,3,,1,,6,
"249190890","RADZIECHOWY                   ","2025","02","05","12",6.4,,2.7,,"W","N",47,,"NNE",,1,,1,,7,
"249190890","RADZIECHOWY                   ","2025","02","05","18",-2.0,,-3.0,,"L","N",77,,"C  ",,0,,1,,6,
"249190890","RADZIECHOWY                   ","2025","02","06","06",0.3,,0.0,,"W","N",94,,"NNW",,2,,8,,4,
"249190890","RADZIECHOWY                   ","2025","02","06","12",1.8,,1.2,,"W","N",89,,"NNE",,1,,8,,5,
"249190890","RADZIECHOWY                   ","2025","02","06","18",0.8,,0.2,,"W","N",88,,"N  ",,2,,8,,5,
"249190890","RADZIECHOWY                   ","2025","02","07","06",0.2,,-0.4,,"W","N",88,,"NNE",,2,,8,,5,
"249190890","RADZIECHOWY                   ","2025","02","07","12",2.1,,0.9,,"W","N",78,,"NNW",,2,,5,,6,
"249190890","RADZIECHOWY                   ","2025","02","07","18",-0.8,,-1.5,,"L","N",85,,"WNW",,2,,8,,5,
"249190890","RADZIECHOWY                   ","2025","02","08","06",-4.0,,-4.2,,"L","N",91,,"SW ",,1,,7,,6,
"249190890","RADZIECHOWY                   ","2025","02","08","12",8.0,,3.5,,"W","N",40,,"NNE",,1,,3,,7,
"249190890","RADZIECHOWY                   ","2025","02","08","18",1.3,,-0.4,,"W","N",68,,"SE ",,1,,3,,7,
"249190890","RADZIECHOWY                   ","2025","02","09","06",-5.0,,-5.4,,"L","N",85,,"C  ",,0,,3,,6,
"249190890","RADZIECHOWY                   ","2025","02","09","12",3.9,,1.6,,"W","N",62,,"C  ",,0,,7,,7,
"249190890","RADZIECHOWY                   ","2025","02","09","18",1.7,,0.5,,"W","N",78,,"ENE",,1,,8,,6,
"249190890","RADZIECHOWY                   ","2025","02","10","06",-4.2,,-4.4,,"L","N",91,,"C  ",,0,,1,,4,
"249190890","RADZIECHOWY                   ","2025","02","10","12",5.7,,2.7,,"W","N",55,,"N  ",,2,,1,,7,
"249190890","RADZIECHOWY                   ","2025","02","10","18",-2.4,,-3.3,,"L","N",78,,"WNW",,2,,1,,6,
"249190890","RADZIECHOWY                   ","2025","02","11","06",-8.8,,-9.0,,"L","N",86,,"C  ",,0,,3,,5,
"249190890","RADZIECHOWY                   ","2025","02","11","12",3.6,,0.8,,"W","N",54,,"NNW",,2,,2,,7,
"249190890","RADZIECHOWY                   ","2025","02","11","18",-2.2,,-3.2,,"L","N",76,,"NW ",,1,,2,,6,
"249190890","RADZIECHOWY                   ","2025","02","12","06",-5.2,,-5.6,,"L","N",85,,"NNE",,1,,7,,6,
"249190890","RADZIECHOWY                   ","2025","02","12","12",5.1,,2.0,,"W","N",52,,"SSW",,2,,7,,7,
"249190890","RADZIECHOWY                   ","2025","02","12","18",1.7,,-0.2,,"W","N",65,,"S  ",,2,,7,,7,
"249190890","RADZIECHOWY                   ","2025","02","13","06",1.4,,-0.3,,"W","N",68,,"S  ",,2,,8,,7,
"249190890","RADZIECHOWY                   ","2025","02","13","12",4.3,,2.1,,"W","N",65,,"SSW",,4,,8,,7,
"249190890","RADZIECHOWY                   ","2025","02","13","18",3.1,,1.3,,"W","N",69,,"SSE",,3,,8,,7,
"249190890","RADZIECHOWY                   ","2025","02","14","06",0.6,,0.4,,"W","N",96,,"NNE",,3,,8,,4,
"249190890","RADZIECHOWY                   ","2025","02","14","12",-1.0,,-1.3,,"L","N",93,,"N  ",,3,,8,,4,
"249190890","RADZIECHOWY                   ","2025","02","14","18",-2.4,,-2.6,,"L","N",93,,"NNW",,5,,8,,4,
"249190890","RADZIECHOWY                   ","2025","02","15","06",-5.0,,-5.5,,"L","N",83,,"C  ",,0,,7,,6,
"249190890","RADZIECHOWY                   ","2025","02","15","12",-2.4,,-3.8,,"L","N",68,,"NNW",,3,,7,,7,
"249190890","RADZIECHOWY                   ","2025","02","15","18",-4.9,,-5.8,,"L","N",73,,"W  ",,1,,8,,6,
"249190890","RADZIECHOWY                   ","2025","02","16","06",-11.8,,-12.0,,"L","N",82,,"SE ",,1,,3,,6,
"249190890","RADZIECHOWY                   ","2025","02","16","12",-1.4,,-3.5,,"L","N",56,,"NNE",,2,,4,,7,
"249190890","RADZIECHOWY                   ","2025","02","16","18",-5.5,,-6.1,,"L","N",80,,"WNW",,1,,5,,6,
"249190890","RADZIECHOWY                   ","2025","02","17","06",-11.0,,-11.2,,"L","N",83,,"C  ",,0,,7,,5,
"249190890","RADZIECHOWY                   ","2025","02","17","12",-1.2,,-3.0,,"L","N",62,,"WNW",,1,,3,,7,
"249190890","RADZIECHOWY                   ","2025","02","17","18",-6.8,,-7.5,,"L","N",75,,"C  ",,0,,0,,6,
"249190890","RADZIECHOWY                   ","2025","02","18","06",-6.8,,-7.0,,"L","N",88,,"SW ",,1,,8,,5,
"249190890","RADZIECHOWY                   ","2025","02","18","12",-2.4,,-4.5,,"L","N",53,,"NNE",,3,,3,,7,
"249190890","RADZIECHOWY                   ","2025","02","18","18",-6.8,,-7.8,,"L","N",67,,"S  ",,1,,3,,7,
"249190890","RADZIECHOWY                   ","2025","02","19","06",-12.4,,-12.5,,"L","N",85,,"ESE",,1,,2,,6,
"249190890","RADZIECHOWY                   ","2025","02","19","12",0.6,,-2.2,,"L","N",49,,"N  ",,2,,1,,7,
"249190890","RADZIECHOWY                   ","2025","02","19","18",-4.8,,-6.0,,"L","N",66,,"SE ",,1,,2,,7,
"249190890","RADZIECHOWY                   ","2025","02","20","06",-12.8,,-12.8,,"L","N",88,,"C  ",,0,,0,,6,
"249190890","RADZIECHOWY                   ","2025","02","20","12",3.3,,0.0,,"W","N",45,,"SW ",,2,,0,,8,
"249190890","RADZIECHOWY                   ","2025","02","20","18",-2.2,,-4.0,,"L","N",60,,"SSW",,1,,0,,7,
"249190890","RADZIECHOWY                   ","2025","02","21","06",-7.0,,-8.0,,"L","N",66,,"SSW",,1,,0,,7,
"249190890","RADZIECHOWY                   ","2025","02","21","12",5.1,,0.5,,"W","N",31,,"SW ",,3,,3,,7,
"249190890","RADZIECHOWY                   ","2025","02","21","18",0.4,,-2.5,,"L","N",46,,"S  ",,2,,0,,7,
"249190890","RADZIECHOWY                   ","2025","02","22","06",-2.0,,-4.0,,"L","N",56,,"S  ",,3,,0,,7,
"249190890","RADZIECHOWY                   ","2025","02","22","12",8.0,,2.7,,"W","N",30,,"SW ",,3,,0,,7,
"249190890","RADZIECHOWY                   ","2025","02","22","18",1.7,,-1.0,,"W","N",51,,"SSW",,2,,0,,7,
"249190890","RADZIECHOWY                   ","2025","02","23","06",-2.1,,-4.0,,"L","N",58,,"S  ",,4,,1,,7,
"249190890","RADZIECHOWY                   ","2025","02","23","12",5.1,,1.0,,"W","N",38,,"SSW",,3,,8,,7,
"249190890","RADZIECHOWY                   ","2025","02","23","18",1.4,,0.8,,"W","N",89,,"SSW",,4,,8,,5,
"249190890","RADZIECHOWY                   ","2025","02","24","06",2.4,,2.1,,"W","N",95,,"SW ",,1,,8,,4,
"249190890","RADZIECHOWY                   ","2025","02","24","12",6.3,,5.8,,"W","N",92,,"C  ",,0,,8,,4,
"249190890","RADZIECHOWY                   ","2025","02","24","18",5.7,,4.7,,"W","N",85,,"SSW",,2,,8,,5,
"249190890","RADZIECHOWY                   ","2025","02","25","06",0.0,,-0.6,,"W","N",88,,"SSW",,1,,1,,6,
"249190890","RADZIECHOWY                   ","2025","02","25","12",10.2,,6.8,,"W","N",58,,"SW ",,3,,6,,7,
"249190890","RADZIECHOWY                   ","2025","02","25","18",6.1,,4.0,,"W","N",69,,"S  ",,2,,6,,7,
"249190890","RADZIECHOWY                   ","2025","02","26","06",3.7,,2.4,,"W","N",78,,"C  ",,0,,8,,6,
"249190890","RADZIECHOWY                   ","2025","02","26","12",9.6,,6.2,,"W","N",57,,"SW ",,2,,7,,7,
"249190890","RADZIECHOWY                   ","2025","02","26","18",6.2,,4.5,,"W","N",75,,"SSW",,3,,8,,6,
"249190890","RADZIECHOWY                   ","2025","02","27","06",3.0,,2.4,,"W","N",90,,"C  ",,0,,8,,4,
"249190890","RADZIECHOWY                   ","2025","02","27","12",8.4,,7.5,,"W","N",88,,"NNW",,2,,8,,5,
"249190890","RADZIECHOWY                   ","2025","02","27","18",3.9,,3.4,,"W","N",92,,"WNW",,2,,8,,4,
"249190890","RADZIECHOWY                   ","2025","02","28","06",0.8,,0.5,,"W","N",94,,"C  ",,0,,8,,4,
"249190890","RADZIECHOWY                   ","2025","02","28","12",4.5,,3.9,,"W","N",90,,"NNE",,2,,7,,4,
"249190890","RADZIECHOWY                   ","2025","02","28","18",1.4,,0.8,,"W","N",89,,"SSE",,1,,3,,5,
"249200020","£AZY                          ","2025","02","01","06",1.3,,,"8",,"N",,"8","SW ",,2,,8,,6,
"249200020","£AZY                          ","2025","02","01","12",3.7,,,"8",,"N",,"8","W  ",,3,,8,,6,
"249200020","£AZY                          ","2025","02","01","18",2.4,,,"8",,"N",,"8","SW ",,1,,8,,6,
"249200020","£AZY                          ","2025","02","02","06",-0.2,,,"8",,"N",,"8","C  ",,0,,8,,6,
"249200020","£AZY                          ","2025","02","02","12",1.4,,,"8",,"N",,"8","WSW",,2,,8,,6,
"249200020","£AZY                          ","2025","02","02","18",0.7,,,"8",,"N",,"8","SW ",,1,,4,,6,
"249200020","£AZY                          ","2025","02","03","06",-0.2,,,"8",,"N",,"8","WSW",,2,,8,,6,
"249200020","£AZY                          ","2025","02","03","12",2.0,,,"8",,"N",,"8","W  ",,3,,6,,6,
"249200020","£AZY                          ","2025","02","03","18",-2.0,,,"8",,"N",,"8","WSW",,1,,0,,6,
"249200020","£AZY                          ","2025","02","04","06",-1.7,,,"8",,"N",,"8","SSW",,1,,8,,5,
"249200020","£AZY                          ","2025","02","04","12",2.4,,,"8",,"N",,"8","NW ",,1,,5,,6,
"249200020","£AZY                          ","2025","02","04","18",-1.7,,,"8",,"N",,"8","S  ",,2,,2,,6,
"249200020","£AZY                          ","2025","02","05","06",-2.6,,,"8",,"N",,"8","SSW",,1,,7,,6,
"249200020","£AZY                          ","2025","02","05","12",5.3,,,"8","W","N",,"8","W  ",,4,,1,,6,
"249200020","£AZY                          ","2025","02","05","18",3.3,,,"8",,"N",,"8","WSW",,3,,1,,6,
"249200020","£AZY                          ","2025","02","06","06",0.6,,,"8",,"N",,"8","W  ",,3,,8,,5,
"249200020","£AZY                          ","2025","02","06","12",1.6,,,"8",,"N",,"8","NW ",,2,,8,,5,
"249200020","£AZY                          ","2025","02","06","18",1.5,,,"8",,"N",,"8","C  ",,0,,8,,6,
"249200020","£AZY                          ","2025","02","07","06",-0.8,,,"8",,"N",,"8","NE ",,2,,8,,4,
"249200020","£AZY                          ","2025","02","07","12",1.9,,,"8",,"N",,"8","ENE",,3,,7,,6,
"249200020","£AZY                          ","2025","02","07","18",0.4,,,"8",,"N",,"8","ENE",,3,,7,,6,
"249200020","£AZY                          ","2025","02","08","06",-1.5,,,"8",,"N",,"8","NE ",,1,,8,,6,
"249200020","£AZY                          ","2025","02","08","12",5.8,,,"8","W","N",,"8","ESE",,4,,7,,6,
"249200020","£AZY                          ","2025","02","08","18",2.4,,,"8",,"N",,"8","ENE",,2,,0,,6,
"249200020","£AZY                          ","2025","02","09","06",-6.3,,,"8",,"N",,"8","C  ",,0,,2,,6,
"249200020","£AZY                          ","2025","02","09","12",5.8,,,"8","W","N",,"8","NNE",,2,,1,,6,
"249200020","£AZY                          ","2025","02","09","18",-1.1,,,"8",,"N",,"8","C  ",,0,,2,,6,
"249200020","£AZY                          ","2025","02","10","06",-7.7,,,"8",,"N",,"8","C  ",,0,,0,,6,
"249200020","£AZY                          ","2025","02","10","12",-0.4,,,"8",,"N",,"8","NE ",,2,,0,,6,
"249200020","£AZY                          ","2025","02","10","18",-2.2,,,"8",,"N",,"8","NE ",,1,,0,,6,
"249200020","£AZY                          ","2025","02","11","06",-9.2,,,"8",,"N",,"8","C  ",,0,,0,,6,
"249200020","£AZY                          ","2025","02","11","12",0.2,,,"8",,"N",,"8","ENE",,3,,0,,6,
"249200020","£AZY                          ","2025","02","11","18",-5.9,,,"8",,"N",,"8","NE ",,3,,5,,6,
"249200020","£AZY                          ","2025","02","12","06",-10.8,,,"8","L","N",,"8","C  ",,0,,8,,2,
"249200020","£AZY                          ","2025","02","12","12",2.6,,,"8",,"N",,"8","WNW",,2,,3,,5,
"249200020","£AZY                          ","2025","02","12","18",1.5,,,"8",,"N",,"8","C  ",,0,,7,,5,
"249200020","£AZY                          ","2025","02","13","06",-2.6,,,"8",,"N",,"8","C  ",,0,,8,,6,
"249200020","£AZY                          ","2025","02","13","12",5.4,,,"8","W","N",,"8","E  ",,2,,8,,6,
"249200020","£AZY                          ","2025","02","13","18",3.3,,,"8",,"N",,"8","SSE",,2,,8,,6,
"249200020","£AZY                          ","2025","02","14","06",0.7,,,"8",,"N",,"8","WSW",,3,,8,,6,
"249200020","£AZY                          ","2025","02","14","12",0.3,,,"8",,"N",,"8","W  ",,3,,8,,5,
"249200020","£AZY                          ","2025","02","14","18",-1.3,,,"8",,"N",,"8","NNW",,5,,8,,6,
"249200020","£AZY                          ","2025","02","15","06",-3.3,,,"8",,"N",,"8","W  ",,1,,8,,5,
"249200020","£AZY                          ","2025","02","15","12",-1.3,,,"8",,"N",,"8","W  ",,3,,8,,6,
"249200020","£AZY                          ","2025","02","15","18",-3.7,,,"8",,"N",,"8","S  ",,1,,8,,5,
"249200020","£AZY                          ","2025","02","16","06",-11.3,,,"8","L","N",,"8","SSW",,2,,3,,6,
"249200020","£AZY                          ","2025","02","16","12",-2.2,,,"8",,"N",,"8","WNW",,2,,8,,6,
"249200020","£AZY                          ","2025","02","16","18",-4.4,,,"8",,"N",,"8","C  ",,0,,7,,6,
"249200020","£AZY                          ","2025","02","17","06",-11.3,,,"8","L","N",,"8","S  ",,2,,1,,6,
"249200020","£AZY                          ","2025","02","17","12",-1.2,,,"8",,"N",,"8","SSE",,2,,1,,6,
"249200020","£AZY                          ","2025","02","17","18",-5.3,,,"8",,"N",,"8","S  ",,1,,1,,6,
"249200020","£AZY                          ","2025","02","18","06",-10.0,,,"8",,"N",,"8","S  ",,1,,8,,6,
"249200020","£AZY                          ","2025","02","18","12",-2.0,,,"8",,"N",,"8","W  ",,3,,3,,6,
"249200020","£AZY                          ","2025","02","18","18",-2.0,,,"8",,"N",,"8","WSW",,2,,8,,6,
"249200020","£AZY                          ","2025","02","19","06",-4.0,,,"8",,"N",,"8","SW ",,3,,7,,6,
"249200020","£AZY                          ","2025","02","19","12",0.4,,,"8",,"N",,"8","SSW",,2,,6,,6,
"249200020","£AZY                          ","2025","02","19","18",-4.1,,,"8",,"N",,"8","S  ",,2,,0,,6,
"249200020","£AZY                          ","2025","02","20","06",-10.8,,,"8","L","N",,"8","S  ",,2,,2,,5,
"249200020","£AZY                          ","2025","02","20","12",2.5,,,"8",,"N",,"8","ESE",,2,,1,,6,
"249200020","£AZY                          ","2025","02","20","18",-0.9,,,"8",,"N",,"8","E  ",,2,,0,,6,
"249200020","£AZY                          ","2025","02","21","06",-6.8,,,"8",,"N",,"8","S  ",,2,,1,,6,
"249200020","£AZY                          ","2025","02","21","12",4.6,,,"8",,"N",,"8","E  ",,2,,6,,6,
"249200020","£AZY                          ","2025","02","21","18",1.3,,,"8",,"N",,"8","SE ",,2,,0,,6,
"249200020","£AZY                          ","2025","02","22","06",-3.2,,,"8",,"N",,"8","SSE",,3,,1,,6,
"249200020","£AZY                          ","2025","02","22","12",6.7,,,"8","W","N",,"8","E  ",,3,,1,,6,
"249200020","£AZY                          ","2025","02","22","18",2.4,,,"8",,"N",,"8","SSE",,2,,0,,6,
"249200020","£AZY                          ","2025","02","23","06",-6.3,,,"8",,"N",,"8","S  ",,1,,6,,6,
"249200020","£AZY                          ","2025","02","23","12",8.3,,,"8","W","N",,"8","ESE",,4,,3,,6,
"249200020","£AZY                          ","2025","02","23","18",4.8,,,"8",,"N",,"8","WSW",,4,,8,,6,
"249200020","£AZY                          ","2025","02","24","06",3.6,,,"8",,"N",,"8","WSW",,4,,8,,4,
"249200020","£AZY                          ","2025","02","24","12",5.5,,,"8","W","N",,"8","WSW",,3,,8,,4,
"249200020","£AZY                          ","2025","02","24","18",4.4,,,"8",,"N",,"8","C  ",,0,,8,,2,
"249200020","£AZY                          ","2025","02","25","06",-0.1,,,"8",,"N",,"8","SSE",,1,,1,,5,
"249200020","£AZY                          ","2025","02","25","12",11.3,,,"8","W","N",,"8","ESE",,3,,3,,6,
"249200020","£AZY                          ","2025","02","25","18",3.5,,,"8",,"N",,"8","SE ",,5,,2,,6,
"249200020","£AZY                          ","2025","02","26","06",1.9,,,"8",,"N",,"8","SSE",,4,,7,,6,
"249200020","£AZY                          ","2025","02","26","12",11.8,,,"8","W","N",,"8","ESE",,3,,6,,6,
"249200020","£AZY                          ","2025","02","26","18",6.8,,,"8","W","N",,"8","C  ",,0,,8,,6,
"249200020","£AZY                          ","2025","02","27","06",3.3,,,"8",,"N",,"8","S  ",,1,,8,,6,
"249200020","£AZY                          ","2025","02","27","12",9.4,,,"8","W","N",,"8","C  ",,0,,8,,6,
"249200020","£AZY                          ","2025","02","27","18",5.9,,,"8","W","N",,"8","C  ",,0,,8,,2,
"249200020","£AZY                          ","2025","02","28","06",3.5,,,"8",,"N",,"8","WSW",,2,,8,,5,
"249200020","£AZY                          ","2025","02","28","12",5.7,,,"8","W","N",,"8","W  ",,4,,8,,5,
"249200020","£AZY                          ","2025","02","28","18",1.6,,,"8",,"N",,"8","C  ",,0,,1,,5,
"249200130","JASTRZÊBIA                    ","2025","02","01","06",-2.4,,,"8",,"N",,"8","C  ",,0,,6,,6,
"249200130","JASTRZÊBIA                    ","2025","02","01","12",3.4,,,"8",,"N",,"8","WNW",,2,,7,,6,
"249200130","JASTRZÊBIA                    ","2025","02","01","18",1.2,,,"8",,"N",,"8","C  ",,0,,8,,6,
"249200130","JASTRZÊBIA                    ","2025","02","02","06",-0.6,,,"8",,"N",,"8","C  ",,0,,7,,6,
"249200130","JASTRZÊBIA                    ","2025","02","02","12",1.6,,,"8",,"N",,"8","C  ",,0,,7,,6,
"249200130","JASTRZÊBIA                    ","2025","02","02","18",-0.4,,,"8",,"N",,"8","C  ",,0,,4,,6,
"249200130","JASTRZÊBIA                    ","2025","02","03","06",-0.2,,,"8",,"N",,"8","NW ",,1,,7,,5,
"249200130","JASTRZÊBIA                    ","2025","02","03","12",1.4,,,"8",,"N",,"8","NW ",,2,,6,,6,
"249200130","JASTRZÊBIA                    ","2025","02","03","18",-1.8,,,"8",,"N",,"8","C  ",,0,,2,,6,
"249200130","JASTRZÊBIA                    ","2025","02","04","06",-2.5,,,"8",,"N",,"8","C  ",,0,,6,,5,
"249200130","JASTRZÊBIA                    ","2025","02","04","12",2.8,,,"8",,"N",,"8","NW ",,1,,6,,6,
"249200130","JASTRZÊBIA                    ","2025","02","04","18",-3.2,,,"8",,"N",,"8","C  ",,0,,2,,6,
"249200130","JASTRZÊBIA                    ","2025","02","05","06",-2.6,,,"8",,"N",,"8","C  ",,0,,7,,5,
"249200130","JASTRZÊBIA                    ","2025","02","05","12",5.6,,,"8","W","N",,"8","NW ",,2,,1,,6,
"249200130","JASTRZÊBIA                    ","2025","02","05","18",-2.2,,,"8",,"N",,"8","NW ",,1,,1,,6,
"249200130","JASTRZÊBIA                    ","2025","02","06","06",0.5,,,"8",,"N",,"8","NW ",,1,,8,,5,
"249200130","JASTRZÊBIA                    ","2025","02","06","12",1.0,,,"8",,"N",,"8","WNW",,1,,8,,5,
"249200130","JASTRZÊBIA                    ","2025","02","06","18",1.1,,,"8",,"N",,"8","C  ",,0,,8,,5,
"249200130","JASTRZÊBIA                    ","2025","02","07","06",-0.6,,,"8",,"N",,"8","C  ",,0,,7,,5,
"249200130","JASTRZÊBIA                    ","2025","02","07","12",1.8,,,"8",,"N",,"8","ESE",,3,,4,,6,
"249200130","JASTRZÊBIA                    ","2025","02","07","18",0.2,,,"8",,"N",,"8","ESE",,3,,7,,6,
"249200130","JASTRZÊBIA                    ","2025","02","08","06",-0.6,,,"8",,"N",,"8","SE ",,2,,4,,6,
"249200130","JASTRZÊBIA                    ","2025","02","08","12",4.2,,,"8",,"N",,"8","ESE",,4,,2,,6,
"249200130","JASTRZÊBIA                    ","2025","02","08","18",0.2,,,"8",,"N",,"8","SE ",,1,,1,,6,
"249200130","JASTRZÊBIA                    ","2025","02","09","06",-7.2,,,"8",,"N",,"8","C  ",,0,,1,,5,
"249200130","JASTRZÊBIA                    ","2025","02","09","12",9.4,,,"8","W","N",,"8","SE ",,4,,1,,6,
"249200130","JASTRZÊBIA                    ","2025","02","09","18",-1.5,,,"8",,"N",,"8","C  ",,0,,2,,6,
"249200130","JASTRZÊBIA                    ","2025","02","10","06",-7.6,,,"8",,"N",,"8","C  ",,0,,1,,5,
"249200130","JASTRZÊBIA                    ","2025","02","10","12",1.8,,,"8",,"N",,"8","NE ",,2,,1,,6,
"249200130","JASTRZÊBIA                    ","2025","02","10","18",-4.4,,,"8",,"N",,"8","C  ",,0,,1,,6,
"249200130","JASTRZÊBIA                    ","2025","02","11","06",-10.6,,,"8","L","N",,"8","C  ",,0,,1,,5,
"249200130","JASTRZÊBIA                    ","2025","02","11","12",1.8,,,"8",,"N",,"8","ESE",,2,,1,,6,
"249200130","JASTRZÊBIA                    ","2025","02","11","18",-4.2,,,"8",,"N",,"8","SE ",,3,,1,,6,
"249200130","JASTRZÊBIA                    ","2025","02","12","06",-11.4,,,"8","L","N",,"8","C  ",,0,,1,,6,
"249200130","JASTRZÊBIA                    ","2025","02","12","12",6.5,,,"8","W","N",,"8","SE ",,5,,2,,6,
"249200130","JASTRZÊBIA                    ","2025","02","12","18",1.1,,,"8",,"N",,"8","SE ",,2,,6,,6,
"249200130","JASTRZÊBIA                    ","2025","02","13","06",-0.8,,,"8",,"N",,"8","C  ",,0,,4,,6,
"249200130","JASTRZÊBIA                    ","2025","02","13","12",3.2,,,"8",,"N",,"8","SE ",,3,,7,,6,
"249200130","JASTRZÊBIA                    ","2025","02","13","18",1.2,,,"8",,"N",,"8","SE ",,3,,8,,6,
"249200130","JASTRZÊBIA                    ","2025","02","14","06",0.6,,,"8",,"N",,"8","C  ",,0,,8,,5,
"249200130","JASTRZÊBIA                    ","2025","02","14","12",0.2,,,"8",,"N",,"8","WNW",,2,,8,,5,
"249200130","JASTRZÊBIA                    ","2025","02","14","18",-1.6,,,"8",,"N",,"8","NW ",,1,,8,,5,
"249200130","JASTRZÊBIA                    ","2025","02","15","06",-3.6,,,"8",,"N",,"8","WNW",,1,,7,,6,
"249200130","JASTRZÊBIA                    ","2025","02","15","12",-1.6,,,"8",,"N",,"8","NNW",,1,,7,,6,
"249200130","JASTRZÊBIA                    ","2025","02","15","18",-3.5,,,"8",,"N",,"8","W  ",,1,,8,,6,
"249200130","JASTRZÊBIA                    ","2025","02","16","06",-11.8,,,"8","L","N",,"8","C  ",,0,,1,,6,
"249200130","JASTRZÊBIA                    ","2025","02","16","12",-2.4,,,"8",,"N",,"8","NW ",,1,,4,,6,
"249200130","JASTRZÊBIA                    ","2025","02","16","18",-4.6,,,"8",,"N",,"8","C  ",,0,,2,,6,
"249200130","JASTRZÊBIA                    ","2025","02","17","06",-11.6,,,"8","L","N",,"8","C  ",,0,,1,,5,
"249200130","JASTRZÊBIA                    ","2025","02","17","12",-0.6,,,"8",,"N",,"8","SSE",,2,,1,,6,
"249200130","JASTRZÊBIA                    ","2025","02","17","18",-7.8,,,"8",,"N",,"8","C  ",,0,,1,,6,
"249200130","JASTRZÊBIA                    ","2025","02","18","06",-12.4,,,"8","L","N",,"8","C  ",,0,,2,,5,
"249200130","JASTRZÊBIA                    ","2025","02","18","12",-1.5,,,"8",,"N",,"8","NW ",,2,,2,,6,
"249200130","JASTRZÊBIA                    ","2025","02","18","18",-3.2,,,"8",,"N",,"8","C  ",,0,,7,,6,
"249200130","JASTRZÊBIA                    ","2025","02","19","06",-4.8,,,"8",,"N",,"8","C  ",,0,,1,,6,
"249200130","JASTRZÊBIA                    ","2025","02","19","12",0.2,,,"8",,"N",,"8","NW ",,2,,2,,6,
"249200130","JASTRZÊBIA                    ","2025","02","19","18",-5.6,,,"8",,"N",,"8","C  ",,0,,1,,6,
"249200130","JASTRZÊBIA                    ","2025","02","20","06",-12.9,,,"8","L","N",,"8","C  ",,0,,1,,5,
"249200130","JASTRZÊBIA                    ","2025","02","20","12",1.8,,,"8",,"N",,"8","SSE",,2,,1,,6,
"249200130","JASTRZÊBIA                    ","2025","02","20","18",-4.8,,,"8",,"N",,"8","C  ",,0,,1,,6,
"249200130","JASTRZÊBIA                    ","2025","02","21","06",-13.2,,,"8","L","N",,"8","C  ",,0,,1,,5,
"249200130","JASTRZÊBIA                    ","2025","02","21","12",4.5,,,"8",,"N",,"8","SE ",,3,,1,,6,
"249200130","JASTRZÊBIA                    ","2025","02","21","18",-1.1,,,"8",,"N",,"8","SE ",,1,,2,,6,
"249200130","JASTRZÊBIA                    ","2025","02","22","06",-7.6,,,"8",,"N",,"8","C  ",,0,,1,,6,
"249200130","JASTRZÊBIA                    ","2025","02","22","12",6.1,,,"8","W","N",,"8","SE ",,5,,1,,6,
"249200130","JASTRZÊBIA                    ","2025","02","22","18",0.5,,,"8",,"N",,"8","SSE",,2,,1,,6,
"249200130","JASTRZÊBIA                    ","2025","02","23","06",-6.2,,,"8",,"N",,"8","C  ",,0,,2,,6,
"249200130","JASTRZÊBIA                    ","2025","02","23","12",8.4,,,"8","W","N",,"8","SSW",,2,,1,,6,
"249200130","JASTRZÊBIA                    ","2025","02","23","18",1.6,,,"8",,"N",,"8","ENE",,2,,7,,6,
"249200130","JASTRZÊBIA                    ","2025","02","24","06",0.8,,,"8",,"N",,"8","E  ",,2,,8,,5,
"249200130","JASTRZÊBIA                    ","2025","02","24","12",2.8,,,"8",,"N",,"8","SE ",,2,,8,,2,
"249200130","JASTRZÊBIA                    ","2025","02","24","18",1.6,,,"8",,"N",,"8","ESE",,2,,8,,5,
"249200130","JASTRZÊBIA                    ","2025","02","25","06",-2.1,,,"8",,"N",,"8",,"8",,"8",1,,5,
"249200130","JASTRZÊBIA                    ","2025","02","25","12",7.6,,,"8","W","N",,"8",,"8",,"8",2,,5,
"249200130","JASTRZÊBIA                    ","2025","02","25","18",1.2,,,"8",,"N",,"8",,"8",,"8",2,,5,
"249200130","JASTRZÊBIA                    ","2025","02","26","06",-2.4,,,"8",,"N",,"8",,"8",,"8",4,,3,
"249200130","JASTRZÊBIA                    ","2025","02","26","12",10.2,,,"8","W","N",,"8",,"8",,"8",2,,6,
"249200130","JASTRZÊBIA                    ","2025","02","26","18",5.5,,,"8","W","N",,"8",,"8",,"8",6,,6,
"249200130","JASTRZÊBIA                    ","2025","02","27","06",1.6,,,"8",,"N",,"8",,"8",,"8",8,,5,
"249200130","JASTRZÊBIA                    ","2025","02","27","12",8.2,,,"8","W","N",,"8",,"8",,"8",7,,5,
"249200130","JASTRZÊBIA                    ","2025","02","27","18",4.5,,,"8",,"N",,"8",,"8",,"8",8,,5,
"249200130","JASTRZÊBIA                    ","2025","02","28","06",3.2,,,"8",,"N",,"8",,"8",,"8",7,,5,
"249200130","JASTRZÊBIA                    ","2025","02","28","12",6.4,,,"8","W","N",,"8",,"8",,"8",7,,6,
"249200130","JASTRZÊBIA                    ","2025","02","28","18",0.3,,,"8",,"N",,"8",,"8",,"8",2,,6,
"249200180","LIMANOWA                      ","2025","02","01","06",0.1,,-1.2,,"L","W",77,,"W  ",,3,,5,,8,
"249200180","LIMANOWA                      ","2025","02","01","12",1.8,,0.1,,"W","W",72,,"NW ",,3,,7,,8,
"249200180","LIMANOWA                      ","2025","02","01","18",0.6,,-0.6,,"W","W",79,,"WNW",,1,,6,,8,
"249200180","LIMANOWA                      ","2025","02","02","06",-1.1,,-1.7,,"L","W",88,,"SE ",,1,,7,,8,
"249200180","LIMANOWA                      ","2025","02","02","12",0.0,,-1.1,,"L","W",81,,"NW ",,2,,8,,8,
"249200180","LIMANOWA                      ","2025","02","02","18",-1.6,,-2.6,,"L","W",80,,"W  ",,1,,7,,8,
"249200180","LIMANOWA                      ","2025","02","03","06",-1.6,,-2.0,,"L","W",91,,"WNW",,3,,8,,8,
"249200180","LIMANOWA                      ","2025","02","03","12",0.4,,-1.0,,"L","W",76,,"NW ",,3,,6,,8,
"249200180","LIMANOWA                      ","2025","02","03","18",-2.5,,-3.3,,"L","W",82,,"WNW",,2,,7,,8,
"249200180","LIMANOWA                      ","2025","02","04","06",-3.3,,-4.0,,"L","W",82,,"S  ",,2,,7,,8,
"249200180","LIMANOWA                      ","2025","02","04","12",2.8,,0.2,,"W","W",59,,"SE ",,1,,4,,8,
"249200180","LIMANOWA                      ","2025","02","04","18",-0.7,,-1.8,,"L","W",79,,"SSE",,2,,0,,8,
"249200180","LIMANOWA                      ","2025","02","05","06",-1.2,,-2.6,,"L","W",73,,"W  ",,2,,5,,8,
"249200180","LIMANOWA                      ","2025","02","05","12",4.6,,0.6,,"W","W",43,,"NNW",,4,,3,,8,
"249200180","LIMANOWA                      ","2025","02","05","18",1.6,,-1.2,,"W","W",54,,"WNW",,3,,0,,8,
"249200180","LIMANOWA                      ","2025","02","06","06",-0.7,,-0.7,,"L","W",99,,"NW ",,4,,8,,4,
"249200180","LIMANOWA                      ","2025","02","06","12",0.0,,-0.1,,"L","W",98,,"NNW",,2,,8,,4,
"249200180","LIMANOWA                      ","2025","02","06","18",-0.1,,-0.2,,"L","W",98,,"N  ",,2,,8,,4,
"249200180","LIMANOWA                      ","2025","02","07","06",-1.7,,-2.1,,"L","W",91,,"ESE",,2,,8,,6,
"249200180","LIMANOWA                      ","2025","02","07","12",0.2,,-0.8,,"L","W",83,,"E  ",,3,,7,,8,
"249200180","LIMANOWA                      ","2025","02","07","18",-0.7,,-1.8,,"L","W",79,,"ESE",,3,,7,,8,
"249200180","LIMANOWA                      ","2025","02","08","06",-1.6,,-3.2,,"L","W",68,,"ESE",,4,,8,,8,
"249200180","LIMANOWA                      ","2025","02","08","12",5.0,,1.0,,"W","W",44,,"ESE",,3,,7,,8,
"249200180","LIMANOWA                      ","2025","02","08","18",0.8,,-1.8,,"L","W",57,,"SE ",,3,,2,,8,
"249200180","LIMANOWA                      ","2025","02","09","06",-1.2,,-3.2,,"L","W",62,,"SE ",,3,,3,,8,
"249200180","LIMANOWA                      ","2025","02","09","12",6.6,,1.6,,"W","W",36,,"E  ",,3,,3,,8,
"249200180","LIMANOWA                      ","2025","02","09","18",1.3,,-0.5,,"W","W",70,,"ESE",,1,,5,,8,
"249200180","LIMANOWA                      ","2025","02","10","06",-4.6,,-5.0,,"L","W",87,,"C  ",,0,,1,,8,
"249200180","LIMANOWA                      ","2025","02","10","12",3.9,,0.6,,"W","W",51,,"ENE",,2,,1,,8,
"249200180","LIMANOWA                      ","2025","02","10","18",-2.0,,-3.3,,"L","W",73,,"SSE",,2,,0,,8,
"249200180","LIMANOWA                      ","2025","02","11","06",-7.7,,-8.0,,"L","W",85,,"ESE",,2,,1,,8,
"249200180","LIMANOWA                      ","2025","02","11","12",1.2,,-1.3,,"L","W",60,,"E  ",,3,,1,,8,
"249200180","LIMANOWA                      ","2025","02","11","18",-2.8,,-4.0,,"L","W",73,,"SE ",,3,,0,,8,
"249200180","LIMANOWA                      ","2025","02","12","06",-3.1,,-4.6,,"L","W",67,,"SE ",,4,,3,,8,
"249200180","LIMANOWA                      ","2025","02","12","12",4.7,,0.0,,"W","W",34,,"S  ",,4,,5,,8,
"249200180","LIMANOWA                      ","2025","02","12","18",1.1,,-2.6,,"L","W",41,,"ESE",,3,,8,,8,
"249200180","LIMANOWA                      ","2025","02","13","06",-0.6,,-2.0,,"L","W",74,,"ESE",,2,,8,,8,
"249200180","LIMANOWA                      ","2025","02","13","12",2.9,,0.5,,"W","W",63,,"ESE",,3,,8,,8,
"249200180","LIMANOWA                      ","2025","02","13","18",1.1,,-0.2,,"W","W",78,,"ESE",,4,,7,,8,
"249200180","LIMANOWA                      ","2025","02","14","06",-0.6,,-0.6,,"L","W",99,,"W  ",,2,,8,,4,
"249200180","LIMANOWA                      ","2025","02","14","12",-1.0,,-1.5,,"L","W",90,,"NW ",,5,,8,,4,
"249200180","LIMANOWA                      ","2025","02","14","18",-2.9,,-3.0,,"L","W",95,,"NNW",,5,,8,,4,
"249200180","LIMANOWA                      ","2025","02","15","06",-5.2,,-5.6,,"L","W",86,,"WNW",,3,,8,,8,
"249200180","LIMANOWA                      ","2025","02","15","12",-3.0,,-4.8,,"L","W",61,,"NW ",,3,,7,,8,
"249200180","LIMANOWA                      ","2025","02","15","18",-5.0,,-5.3,,"L","W",88,,"NNW",,1,,8,,4,
"249200180","LIMANOWA                      ","2025","02","16","06",-9.4,,-9.4,,"L","W",91,,"W  ",,1,,5,,8,
"249200180","LIMANOWA                      ","2025","02","16","12",-2.9,,-4.6,,"L","W",64,,"NNW",,3,,5,,8,
"249200180","LIMANOWA                      ","2025","02","16","18",-5.8,,-6.2,,"L","W",85,,"WSW",,2,,6,,8,
"249200180","LIMANOWA                      ","2025","02","17","06",-8.9,,-9.1,,"L","W",86,,"SSE",,1,,6,,8,
"249200180","LIMANOWA                      ","2025","02","17","12",-3.3,,-5.3,,"L","W",57,,"ENE",,2,,2,,8,
"249200180","LIMANOWA                      ","2025","02","17","18",-6.1,,-7.4,,"L","W",64,,"WSW",,1,,0,,8,
"249200180","LIMANOWA                      ","2025","02","18","06",-8.8,,-9.1,,"L","W",84,,"WSW",,2,,6,,8,
"249200180","LIMANOWA                      ","2025","02","18","12",-3.6,,-5.8,,"L","W",52,,"NW ",,3,,4,,8,
"249200180","LIMANOWA                      ","2025","02","18","18",-5.9,,-7.0,,"L","W",69,,"W  ",,2,,7,,8,
"249200180","LIMANOWA                      ","2025","02","19","06",-6.1,,-6.6,,"L","W",82,,"WNW",,2,,8,,7,
"249200180","LIMANOWA                      ","2025","02","19","12",-1.9,,-3.9,,"L","W",60,,"N  ",,2,,5,,8,
"249200180","LIMANOWA                      ","2025","02","19","18",-3.5,,-5.1,,"L","W",64,,"SSW",,2,,0,,8,
"249200180","LIMANOWA                      ","2025","02","20","06",-7.2,,-7.8,,"L","W",78,,"SSE",,2,,4,,8,
"249200180","LIMANOWA                      ","2025","02","20","12",0.8,,-2.3,,"L","W",49,,"NNE",,2,,3,,8,
"249200180","LIMANOWA                      ","2025","02","20","18",-2.6,,-4.2,,"L","W",66,,"SE ",,3,,0,,8,
"249200180","LIMANOWA                      ","2025","02","21","06",-6.7,,-7.5,,"L","W",74,,"SSE",,2,,3,,8,
"249200180","LIMANOWA                      ","2025","02","21","12",3.6,,-1.0,,"L","W",36,,"SE ",,3,,4,,8,
"249200180","LIMANOWA                      ","2025","02","21","18",-0.6,,-3.4,,"L","W",50,,"SSE",,2,,1,,8,
"249200180","LIMANOWA                      ","2025","02","22","06",-4.6,,-6.0,,"L","W",65,,"ESE",,4,,1,,8,
"249200180","LIMANOWA                      ","2025","02","22","12",5.4,,0.5,,"W","W",34,,"SE ",,3,,1,,8,
"249200180","LIMANOWA                      ","2025","02","22","18",0.5,,-2.7,,"L","W",47,,"ESE",,3,,0,,8,
"249200180","LIMANOWA                      ","2025","02","23","06",-3.6,,-5.0,,"L","W",68,,"SE ",,3,,8,,8,
"249200180","LIMANOWA                      ","2025","02","23","12",7.1,,2.4,,"W","W",40,,"W  ",,2,,4,,8,
"249200180","LIMANOWA                      ","2025","02","23","18",3.9,,1.1,,"W","W",58,,"NW ",,2,,8,,8,
"249200180","LIMANOWA                      ","2025","02","24","06",3.3,,3.2,,"W","W",98,,"NW ",,1,,8,,4,
"249200180","LIMANOWA                      ","2025","02","24","12",4.9,,4.6,,"W","W",96,,"NW ",,2,,8,,4,
"249200180","LIMANOWA                      ","2025","02","24","18",3.3,,3.1,,"W","W",97,,"SSE",,3,,7,,5,
"249200180","LIMANOWA                      ","2025","02","25","06",-0.7,,-0.7,,"L","W",99,,"SSE",,3,,8,,1,
"249200180","LIMANOWA                      ","2025","02","25","12",9.0,,6.5,,"W","W",69,,"ESE",,3,,4,,8,
"249200180","LIMANOWA                      ","2025","02","25","18",1.6,,0.7,,"W","W",85,,"ESE",,3,,0,,8,
"249200180","LIMANOWA                      ","2025","02","26","06",-0.5,,-0.9,,"W","W",93,,"SE ",,3,,7,,8,
"249200180","LIMANOWA                      ","2025","02","26","12",9.8,,6.1,,"W","W",57,,"E  ",,3,,6,,8,
"249200180","LIMANOWA                      ","2025","02","26","18",6.5,,4.5,,"W","W",73,,"SSE",,2,,8,,8,
"249200180","LIMANOWA                      ","2025","02","27","06",3.8,,3.0,,"W","W",88,,"SSE",,2,,8,,8,
"249200180","LIMANOWA                      ","2025","02","27","12",7.2,,5.4,,"W","W",76,,"ESE",,2,,8,,8,
"249200180","LIMANOWA                      ","2025","02","27","18",4.8,,4.4,,"W","W",94,,"C  ",,0,,8,,4,
"249200180","LIMANOWA                      ","2025","02","28","06",1.9,,1.6,,"W","W",95,,"WNW",,4,,8,,4,
"249200180","LIMANOWA                      ","2025","02","28","12",4.8,,3.5,,"W","W",81,,"WNW",,3,,8,,8,
"249200180","LIMANOWA                      ","2025","02","28","18",1.9,,0.7,,"W","W",80,,"SW ",,1,,1,,8,
"249200260","£¥CKO                         ","2025","02","01","06",-2.0,,,"8",,"W",,"8","NW ",,2,,1,,6,
"249200260","£¥CKO                         ","2025","02","01","12",3.7,,,"8",,"W",,"8","NW ",,4,,5,,7,
"249200260","£¥CKO                         ","2025","02","01","18",2.4,,,"8",,"W",,"8","WNW",,1,,8,,6,
"249200260","£¥CKO                         ","2025","02","02","06",-2.6,,,"8",,"W",,"8","C  ",,0,,7,,7,
"249200260","£¥CKO                         ","2025","02","02","12",1.4,,,"8",,"W",,"8","SE ",,2,,8,,6,
"249200260","£¥CKO                         ","2025","02","02","18",0.2,,,"8",,"W",,"8","NW ",,1,,7,,6,
"249200260","£¥CKO                         ","2025","02","03","06",-2.0,,,"8",,"W",,"8","NNE",,1,,8,,6,
"249200260","£¥CKO                         ","2025","02","03","12",1.8,,,"8",,"W",,"8","WNW",,3,,8,,7,
"249200260","£¥CKO                         ","2025","02","03","18",-3.0,,,"8",,"W",,"8","C  ",,0,,6,,6,
"249200260","£¥CKO                         ","2025","02","04","06",-5.2,,,"8","L","W",,"8","WNW",,4,,4,,7,
"249200260","£¥CKO                         ","2025","02","04","12",4.1,,,"8",,"W",,"8","SSE",,2,,1,,7,
"249200260","£¥CKO                         ","2025","02","04","18",-2.8,,,"8",,"W",,"8","C  ",,0,,4,,4,
"249200260","£¥CKO                         ","2025","02","05","06",-2.8,,,"8",,"W",,"8","NW ",,1,,2,,6,
"249200260","£¥CKO                         ","2025","02","05","12",6.7,,,"8",,"W",,"8","SE ",,1,,1,,7,
"249200260","£¥CKO                         ","2025","02","05","18",-3.0,,,"8",,"W",,"8","NW ",,1,,4,,4,
"249200260","£¥CKO                         ","2025","02","06","06",1.2,,,"8",,"W",,"8","W  ",,1,,8,,6,
"249200260","£¥CKO                         ","2025","02","06","12",1.8,,,"8",,"W",,"8","E  ",,2,,8,,5,
"249200260","£¥CKO                         ","2025","02","06","18",0.8,,,"8",,"W",,"8","C  ",,0,,8,,5,
"249200260","£¥CKO                         ","2025","02","07","06",-0.4,,,"8",,"W",,"8","C  ",,0,,8,,5,
"249200260","£¥CKO                         ","2025","02","07","12",2.8,,,"8",,"W",,"8","ESE",,2,,8,,6,
"249200260","£¥CKO                         ","2025","02","07","18",0.0,,,"8",,"W",,"8","C  ",,0,,7,,6,
"249200260","£¥CKO                         ","2025","02","08","06",-2.2,,,"8",,"W",,"8","NW ",,1,,3,,7,
"249200260","£¥CKO                         ","2025","02","08","12",7.1,,,"8",,"W",,"8","SW ",,2,,4,,7,
"249200260","£¥CKO                         ","2025","02","08","18",0.2,,,"8",,"W",,"8","NW ",,1,,0,,6,
"249200260","£¥CKO                         ","2025","02","09","06",-5.8,,,"8","L","W",,"8","C  ",,0,,1,,7,
"249200260","£¥CKO                         ","2025","02","09","12",9.8,,,"8","W","W",,"8","SE ",,1,,0,,7,
"249200260","£¥CKO                         ","2025","02","09","18",0.0,,,"8",,"W",,"8","C  ",,0,,2,,7,
"249200260","£¥CKO                         ","2025","02","10","06",-6.8,,,"8","L","W",,"8","C  ",,0,,0,,7,
"249200260","£¥CKO                         ","2025","02","10","12",5.3,,,"8",,"W",,"8","SE ",,3,,1,,6,
"249200260","£¥CKO                         ","2025","02","10","18",-3.2,,,"8",,"W",,"8","C  ",,0,,1,,6,
"249200260","£¥CKO                         ","2025","02","11","06",-11.0,,,"8","L","W",,"8","C  ",,0,,0,,6,
"249200260","£¥CKO                         ","2025","02","11","12",2.0,,,"8",,"W",,"8","SE ",,3,,0,,6,
"249200260","£¥CKO                         ","2025","02","11","18",-3.4,,,"8",,"W",,"8","NE ",,1,,0,,6,
"249200260","£¥CKO                         ","2025","02","12","06",-9.8,,,"8","L","W",,"8","C  ",,0,,0,,6,
"249200260","£¥CKO                         ","2025","02","12","12",5.7,,,"8",,"W",,"8","SSW",,2,,2,,7,
"249200260","£¥CKO                         ","2025","02","12","18",1.8,,,"8",,"W",,"8","C  ",,0,,7,,7,
"249200260","£¥CKO                         ","2025","02","13","06",1.4,,,"8",,"W",,"8","WSW",,2,,6,,6,
"249200260","£¥CKO                         ","2025","02","13","12",5.5,,,"8",,"W",,"8","S  ",,1,,7,,6,
"249200260","£¥CKO                         ","2025","02","13","18",1.6,,,"8",,"W",,"8","SE ",,1,,8,,5,
"249200260","£¥CKO                         ","2025","02","14","06",0.0,,,"8",,"W",,"8","C  ",,0,,8,,3,
"249200260","£¥CKO                         ","2025","02","14","12",1.8,,,"8",,"W",,"8","W  ",,3,,7,,6,
"249200260","£¥CKO                         ","2025","02","14","18",-0.8,,,"8",,"W",,"8","NNW",,5,,8,,5,
"249200260","£¥CKO                         ","2025","02","15","06",-4.6,,,"8",,"W",,"8","C  ",,0,,1,,6,
"249200260","£¥CKO                         ","2025","02","15","12",-1.8,,,"8",,"W",,"8","NNW",,2,,7,,7,
"249200260","£¥CKO                         ","2025","02","15","18",-3.2,,,"8",,"W",,"8","WNW",,1,,4,,6,
"249200260","£¥CKO                         ","2025","02","16","06",-10.0,,,"8","L","W",,"8","NW ",,1,,1,,6,
"249200260","£¥CKO                         ","2025","02","16","12",-0.8,,,"8",,"W",,"8","NE ",,3,,7,,7,
"249200260","£¥CKO                         ","2025","02","16","18",-4.8,,,"8",,"W",,"8","NW ",,1,,4,,6,
"249200260","£¥CKO                         ","2025","02","17","06",-9.6,,,"8","L","W",,"8","C  ",,0,,4,,6,
"249200260","£¥CKO                         ","2025","02","17","12",-1.6,,,"8",,"W",,"8","E  ",,3,,1,,6,
"249200260","£¥CKO                         ","2025","02","17","18",-7.0,,,"8","L","W",,"8","C  ",,0,,4,,4,
"249200260","£¥CKO                         ","2025","02","18","06",-9.2,,,"8","L","W",,"8","NNW",,1,,6,,6,
"249200260","£¥CKO                         ","2025","02","18","12",-1.8,,,"8",,"W",,"8","NNW",,3,,2,,7,
"249200260","£¥CKO                         ","2025","02","18","18",-5.0,,,"8",,"W",,"8","C  ",,0,,4,,6,
"249200260","£¥CKO                         ","2025","02","19","06",-6.4,,,"8","L","W",,"8","W  ",,1,,2,,7,
"249200260","£¥CKO                         ","2025","02","19","12",0.8,,,"8",,"W",,"8","S  ",,1,,1,,7,
"249200260","£¥CKO                         ","2025","02","19","18",-5.0,,,"8",,"W",,"8","NW ",,1,,0,,6,
"249200260","£¥CKO                         ","2025","02","20","06",-11.2,,,"8","L","W",,"8","WNW",,2,,1,,7,
"249200260","£¥CKO                         ","2025","02","20","12",2.3,,,"8",,"W",,"8","SE ",,2,,5,,6,
"249200260","£¥CKO                         ","2025","02","20","18",-3.0,,,"8",,"W",,"8","C  ",,0,,6,,4,
"249200260","£¥CKO                         ","2025","02","21","06",-10.8,,,"8","L","W",,"8","WNW",,1,,0,,7,
"249200260","£¥CKO                         ","2025","02","21","12",4.9,,,"8",,"W",,"8","E  ",,1,,1,,7,
"249200260","£¥CKO                         ","2025","02","21","18",-0.2,,,"8",,"W",,"8","NNE",,2,,3,,6,
"249200260","£¥CKO                         ","2025","02","22","06",-5.4,,,"8","L","W",,"8","WSW",,2,,1,,7,
"249200260","£¥CKO                         ","2025","02","22","12",7.9,,,"8",,"W",,"8","SW ",,2,,0,,6,
"249200260","£¥CKO                         ","2025","02","22","18",1.8,,,"8",,"W",,"8","WNW",,2,,0,,6,
"249200260","£¥CKO                         ","2025","02","23","06",-6.2,,,"8","L","W",,"8","C  ",,0,,2,,6,
"249200260","£¥CKO                         ","2025","02","23","12",10.0,,,"8","W","W",,"8","SSW",,1,,4,,7,
"249200260","£¥CKO                         ","2025","02","23","18",5.1,,,"8",,"W",,"8","C  ",,0,,6,,6,
"249200260","£¥CKO                         ","2025","02","24","06",2.2,,,"8",,"W",,"8","C  ",,0,,8,,5,
"249200260","£¥CKO                         ","2025","02","24","12",6.3,,,"8",,"W",,"8","WNW",,1,,7,,6,
"249200260","£¥CKO                         ","2025","02","24","18",2.6,,,"8",,"W",,"8","SE ",,1,,8,,6,
"249200260","£¥CKO                         ","2025","02","25","06",1.0,,,"8",,"W",,"8","WSW",,1,,8,,3,
"249200260","£¥CKO                         ","2025","02","25","12",10.2,,,"8","W","W",,"8","SE ",,2,,1,,6,
"249200260","£¥CKO                         ","2025","02","25","18",-0.1,,,"8",,"W",,"8","C  ",,0,,5,,6,
"249200260","£¥CKO                         ","2025","02","26","06",-3.0,,,"8",,"W",,"8","C  ",,0,,6,,5,
"249200260","£¥CKO                         ","2025","02","26","12",10.2,,,"8","W","W",,"8","SE ",,2,,8,,6,
"249200260","£¥CKO                         ","2025","02","26","18",6.1,,,"8",,"W",,"8","C  ",,0,,8,,6,
"249200260","£¥CKO                         ","2025","02","27","06",2.4,,,"8",,"W",,"8","C  ",,0,,8,,6,
"249200260","£¥CKO                         ","2025","02","27","12",7.5,,,"8",,"W",,"8","ESE",,1,,8,,5,
"249200260","£¥CKO                         ","2025","02","27","18",4.9,,,"8",,"W",,"8","C  ",,0,,8,,5,
"249200260","£¥CKO                         ","2025","02","28","06",3.2,,,"8",,"W",,"8","WNW",,4,,8,,6,
"249200260","£¥CKO                         ","2025","02","28","12",6.2,,,"8",,"W",,"8","NW ",,5,,8,,6,
"249200260","£¥CKO                         ","2025","02","28","18",0.3,,,"8",,"W",,"8","NW ",,1,,6,,6,
"249200370","KROŒCIENKO                    ","2025","02","01","06",-1.6,,,"8",,"W",,"8","C  ",,0,,6,,6,
"249200370","KROŒCIENKO                    ","2025","02","01","12",5.5,,,"8",,"W",,"8","NNW",,2,,4,,6,
"249200370","KROŒCIENKO                    ","2025","02","01","18",2.0,,,"8",,"W",,"8","N  ",,1,,8,,6,
"249200370","KROŒCIENKO                    ","2025","02","02","06",-2.3,,,"8",,"W",,"8","C  ",,0,,8,,6,
"249200370","KROŒCIENKO                    ","2025","02","02","12",1.3,,,"8",,"W",,"8","C  ",,0,,8,,6,
"249200370","KROŒCIENKO                    ","2025","02","02","18",0.5,,,"8",,"W",,"8","C  ",,0,,6,,6,
"249200370","KROŒCIENKO                    ","2025","02","03","06",-1.4,,,"8",,"W",,"8","C  ",,0,,8,,6,
"249200370","KROŒCIENKO                    ","2025","02","03","12",2.0,,,"8",,"W",,"8","WNW",,3,,8,,6,
"249200370","KROŒCIENKO                    ","2025","02","03","18",-2.0,,,"8",,"W",,"8","C  ",,0,,0,,6,
"249200370","KROŒCIENKO                    ","2025","02","04","06",-6.3,,,"8","L","W",,"8","C  ",,0,,8,,6,
"249200370","KROŒCIENKO                    ","2025","02","04","12",2.4,,,"8",,"W",,"8","C  ",,0,,2,,6,
"249200370","KROŒCIENKO                    ","2025","02","04","18",-3.0,,,"8",,"W",,"8","C  ",,0,,0,,6,
"249200370","KROŒCIENKO                    ","2025","02","05","06",-4.2,,,"8",,"W",,"8","C  ",,0,,3,,6,
"249200370","KROŒCIENKO                    ","2025","02","05","12",7.2,,,"8",,"W",,"8","SSW",,1,,4,,6,
"249200370","KROŒCIENKO                    ","2025","02","05","18",-3.1,,,"8",,"W",,"8","C  ",,0,,0,,6,
"249200370","KROŒCIENKO                    ","2025","02","06","06",-0.3,,,"8",,"W",,"8","C  ",,0,,8,,6,
"249200370","KROŒCIENKO                    ","2025","02","06","12",2.1,,,"8",,"W",,"8","C  ",,0,,8,,6,
"249200370","KROŒCIENKO                    ","2025","02","06","18",1.0,,,"8",,"W",,"8","C  ",,0,,8,,6,
"249200370","KROŒCIENKO                    ","2025","02","07","06",-0.4,,,"8",,"W",,"8","C  ",,0,,8,,6,
"249200370","KROŒCIENKO                    ","2025","02","07","12",2.6,,,"8",,"W",,"8","SSE",,1,,6,,6,
"249200370","KROŒCIENKO                    ","2025","02","07","18",0.3,,,"8",,"W",,"8","SE ",,3,,0,,6,
"249200370","KROŒCIENKO                    ","2025","02","08","06",-0.6,,,"8",,"W",,"8","S  ",,2,,2,,6,
"249200370","KROŒCIENKO                    ","2025","02","08","12",6.7,,,"8",,"W",,"8","SSW",,1,,5,,6,
"249200370","KROŒCIENKO                    ","2025","02","08","18",0.0,,,"8",,"W",,"8","S  ",,1,,0,,6,
"249200370","KROŒCIENKO                    ","2025","02","09","06",-4.9,,,"8",,"W",,"8","C  ",,0,,0,,6,
"249200370","KROŒCIENKO                    ","2025","02","09","12",9.7,,,"8","W","W",,"8","SE ",,2,,2,,6,
"249200370","KROŒCIENKO                    ","2025","02","09","18",0.6,,,"8",,"W",,"8","S  ",,1,,1,,6,
"249200370","KROŒCIENKO                    ","2025","02","10","06",-6.5,,,"8","L","W",,"8","C  ",,0,,0,,6,
"249200370","KROŒCIENKO                    ","2025","02","10","12",5.5,,,"8",,"W",,"8","N  ",,4,,0,,6,
"249200370","KROŒCIENKO                    ","2025","02","10","18",-1.0,,,"8",,"W",,"8","NNE",,4,,0,,6,
"249200370","KROŒCIENKO                    ","2025","02","11","06",-10.1,,,"8","L","W",,"8","C  ",,0,,0,,6,
"249200370","KROŒCIENKO                    ","2025","02","11","12",3.6,,,"8",,"W",,"8","NNW",,4,,1,,6,
"249200370","KROŒCIENKO                    ","2025","02","11","18",-3.4,,,"8",,"W",,"8","C  ",,0,,0,,6,
"249200370","KROŒCIENKO                    ","2025","02","12","06",-0.6,,,"8",,"W",,"8","SSE",,3,,1,,6,
"249200370","KROŒCIENKO                    ","2025","02","12","12",5.6,,,"8",,"W",,"8","SE ",,4,,1,,6,
"249200370","KROŒCIENKO                    ","2025","02","12","18",1.5,,,"8",,"W",,"8","SE ",,2,,3,,6,
"249200370","KROŒCIENKO                    ","2025","02","13","06",0.6,,,"8",,"W",,"8","SE ",,2,,7,,6,
"249200370","KROŒCIENKO                    ","2025","02","13","12",4.0,,,"8",,"W",,"8","SE ",,2,,8,,6,
"249200370","KROŒCIENKO                    ","2025","02","13","18",2.2,,,"8",,"W",,"8","SSE",,2,,8,,6,
"249200370","KROŒCIENKO                    ","2025","02","14","06",0.4,,,"8",,"W",,"8","N  ",,2,,8,,6,
"249200370","KROŒCIENKO                    ","2025","02","14","12",1.2,,,"8",,"W",,"8","N  ",,3,,8,,6,
"249200370","KROŒCIENKO                    ","2025","02","14","18",-0.3,,,"8",,"W",,"8","N  ",,3,,8,,6,
"249200370","KROŒCIENKO                    ","2025","02","15","06",-5.4,,,"8","L","W",,"8","C  ",,0,,8,,6,
"249200370","KROŒCIENKO                    ","2025","02","15","12",-1.6,,,"8",,"W",,"8","N  ",,3,,5,,6,
"249200370","KROŒCIENKO                    ","2025","02","15","18",-2.8,,,"8",,"W",,"8","N  ",,2,,8,,6,
"249200370","KROŒCIENKO                    ","2025","02","16","06",-10.0,,,"8","L","W",,"8","C  ",,0,,1,,6,
"249200370","KROŒCIENKO                    ","2025","02","16","12",-0.8,,,"8",,"W",,"8","WNW",,2,,1,,6,
"249200370","KROŒCIENKO                    ","2025","02","16","18",-6.4,,,"8","L","W",,"8","C  ",,0,,1,,6,
"249200370","KROŒCIENKO                    ","2025","02","17","06",-8.8,,,"8","L","W",,"8","C  ",,0,,5,,6,
"249200370","KROŒCIENKO                    ","2025","02","17","12",-2.0,,,"8",,"W",,"8","NNW",,1,,2,,6,
"249200370","KROŒCIENKO                    ","2025","02","17","18",-6.7,,,"8","L","W",,"8","C  ",,0,,0,,6,
"249200370","KROŒCIENKO                    ","2025","02","18","06",-9.0,,,"8","L","W",,"8","C  ",,0,,4,,6,
"249200370","KROŒCIENKO                    ","2025","02","18","12",-3.0,,,"8",,"W",,"8","N  ",,3,,2,,6,
"249200370","KROŒCIENKO                    ","2025","02","18","18",-6.0,,,"8","L","W",,"8","C  ",,0,,2,,6,
"249200370","KROŒCIENKO                    ","2025","02","19","06",-7.0,,,"8","L","W",,"8","C  ",,0,,1,,6,
"249200370","KROŒCIENKO                    ","2025","02","19","12",1.5,,,"8",,"W",,"8","NNE",,1,,1,,6,
"249200370","KROŒCIENKO                    ","2025","02","19","18",-3.6,,,"8",,"W",,"8","C  ",,0,,0,,6,
"249200370","KROŒCIENKO                    ","2025","02","20","06",-12.0,,,"8","L","W",,"8","C  ",,0,,0,,6,
"249200370","KROŒCIENKO                    ","2025","02","20","12",3.5,,,"8",,"W",,"8","C  ",,0,,0,,6,
"249200370","KROŒCIENKO                    ","2025","02","20","18",-4.0,,,"8",,"W",,"8","C  ",,0,,0,,6,
"249200370","KROŒCIENKO                    ","2025","02","21","06",-11.4,,,"8","L","W",,"8","C  ",,0,,0,,6,
"249200370","KROŒCIENKO                    ","2025","02","21","12",5.0,,,"8",,"W",,"8","SW ",,1,,0,,6,
"249200370","KROŒCIENKO                    ","2025","02","21","18",-1.2,,,"8",,"W",,"8","C  ",,0,,0,,6,
"249200370","KROŒCIENKO                    ","2025","02","22","06",-7.6,,,"8","L","W",,"8","SSW",,1,,0,,6,
"249200370","KROŒCIENKO                    ","2025","02","22","12",6.8,,,"8",,"W",,"8","SSE",,3,,1,,6,
"249200370","KROŒCIENKO                    ","2025","02","22","18",-1.0,,,"8",,"W",,"8","C  ",,0,,0,,6,
"249200370","KROŒCIENKO                    ","2025","02","23","06",-7.4,,,"8","L","W",,"8","C  ",,0,,3,,6,
"249200370","KROŒCIENKO                    ","2025","02","23","12",7.2,,,"8",,"W",,"8","W  ",,2,,2,,6,
"249200370","KROŒCIENKO                    ","2025","02","23","18",4.5,,,"8",,"W",,"8","SW ",,2,,8,,6,
"249200370","KROŒCIENKO                    ","2025","02","24","06",1.6,,,"8",,"W",,"8","SSE",,1,,8,,6,
"249200370","KROŒCIENKO                    ","2025","02","24","12",6.5,,,"8",,"W",,"8","N  ",,3,,8,,6,
"249200370","KROŒCIENKO                    ","2025","02","24","18",3.8,,,"8",,"W",,"8","C  ",,0,,8,,6,
"249200370","KROŒCIENKO                    ","2025","02","25","06",1.8,,,"8",,"W",,"8","C  ",,0,,8,,6,
"249200370","KROŒCIENKO                    ","2025","02","25","12",10.1,,,"8","W","W",,"8","W  ",,1,,0,,6,
"249200370","KROŒCIENKO                    ","2025","02","25","18",2.0,,,"8",,"W",,"8","SSE",,2,,0,,6,
"249200370","KROŒCIENKO                    ","2025","02","26","06",-2.6,,,"8",,"W",,"8","C  ",,0,,7,,6,
"249200370","KROŒCIENKO                    ","2025","02","26","12",11.7,,,"8","W","W",,"8","SSW",,1,,8,,6,
"249200370","KROŒCIENKO                    ","2025","02","26","18",5.0,,,"8",,"W",,"8","C  ",,0,,2,,6,
"249200370","KROŒCIENKO                    ","2025","02","27","06",2.2,,,"8",,"W",,"8","C  ",,0,,8,,6,
"249200370","KROŒCIENKO                    ","2025","02","27","12",7.5,,,"8",,"W",,"8","C  ",,0,,8,,6,
"249200370","KROŒCIENKO                    ","2025","02","27","18",5.2,,,"8",,"W",,"8","NNE",,1,,8,,6,
"249200370","KROŒCIENKO                    ","2025","02","28","06",2.3,,,"8",,"W",,"8","WSW",,2,,8,,6,
"249200370","KROŒCIENKO                    ","2025","02","28","12",6.6,,,"8",,"W",,"8","SW ",,2,,8,,6,
"249200370","KROŒCIENKO                    ","2025","02","28","18",0.2,,,"8",,"W",,"8","S  ",,1,,8,,6,
"249200420","NIEDZICA                      ","2025","02","01","06",-1.0,,,"8",,"W",,"8","WNW",,1,,5,,8,
"249200420","NIEDZICA                      ","2025","02","01","12",2.6,,,"8",,"W",,"8","W  ",,2,,5,,8,
"249200420","NIEDZICA                      ","2025","02","01","18",0.6,,,"8",,"W",,"8","C  ",,0,,6,,8,
"249200420","NIEDZICA                      ","2025","02","02","06",-4.5,,,"8",,"W",,"8","C  ",,0,,5,,8,
"249200420","NIEDZICA                      ","2025","02","02","12",-0.9,,,"8",,"W",,"8","C  ",,0,,8,,7,
"249200420","NIEDZICA                      ","2025","02","02","18",-0.4,,,"8",,"W",,"8","W  ",,2,,8,,7,
"249200420","NIEDZICA                      ","2025","02","03","06",-2.5,,,"8",,"W",,"8","C  ",,0,,8,,7,
"249200420","NIEDZICA                      ","2025","02","03","12",1.3,,,"8",,"W",,"8","W  ",,2,,5,,8,
"249200420","NIEDZICA                      ","2025","02","03","18",-1.8,,,"8",,"W",,"8","C  ",,0,,3,,8,
"249200420","NIEDZICA                      ","2025","02","04","06",-7.6,,,"8","L","W",,"8","C  ",,0,,8,,5,
"249200420","NIEDZICA                      ","2025","02","04","12",1.0,,,"8",,"W",,"8","NE ",,1,,4,,7,
"249200420","NIEDZICA                      ","2025","02","04","18",-2.0,,,"8",,"W",,"8","C  ",,0,,2,,7,
"249200420","NIEDZICA                      ","2025","02","05","06",-4.7,,,"8",,"W",,"8","C  ",,0,,5,,8,
"249200420","NIEDZICA                      ","2025","02","05","12",5.0,,,"8",,"W",,"8","NE ",,1,,3,,8,
"249200420","NIEDZICA                      ","2025","02","05","18",-0.8,,,"8",,"W",,"8","C  ",,0,,2,,8,
"249200420","NIEDZICA                      ","2025","02","06","06",0.0,,,"8",,"W",,"8","W  ",,1,,8,,7,
"249200420","NIEDZICA                      ","2025","02","06","12",1.8,,,"8",,"W",,"8","C  ",,0,,8,,7,
"249200420","NIEDZICA                      ","2025","02","06","18",0.1,,,"8",,"W",,"8","C  ",,0,,8,,7,
"249200420","NIEDZICA                      ","2025","02","07","06",-0.8,,,"8",,"W",,"8","ENE",,2,,8,,5,
"249200420","NIEDZICA                      ","2025","02","07","12",1.2,,,"8",,"W",,"8","E  ",,3,,5,,7,
"249200420","NIEDZICA                      ","2025","02","07","18",0.6,,,"8",,"W",,"8","ESE",,4,,5,,7,
"249200420","NIEDZICA                      ","2025","02","08","06",-0.7,,,"8",,"W",,"8","ESE",,3,,3,,8,
"249200420","NIEDZICA                      ","2025","02","08","12",4.6,,,"8",,"W",,"8","SE ",,3,,4,,8,
"249200420","NIEDZICA                      ","2025","02","08","18",0.3,,,"8",,"W",,"8","C  ",,0,,4,,8,
"249200420","NIEDZICA                      ","2025","02","09","06",-6.8,,,"8","L","W",,"8","WSW",,1,,2,,8,
"249200420","NIEDZICA                      ","2025","02","09","12",8.8,,,"8","W","W",,"8","E  ",,3,,3,,8,
"249200420","NIEDZICA                      ","2025","02","09","18",2.8,,,"8",,"W",,"8","C  ",,0,,5,,8,
"249200420","NIEDZICA                      ","2025","02","10","06",-6.5,,,"8","L","W",,"8","C  ",,0,,0,,8,
"249200420","NIEDZICA                      ","2025","02","10","12",7.0,,,"8",,"W",,"8","E  ",,2,,2,,8,
"249200420","NIEDZICA                      ","2025","02","10","18",-0.9,,,"8",,"W",,"8","E  ",,2,,2,,8,
"249200420","NIEDZICA                      ","2025","02","11","06",-10.2,,,"8","L","W",,"8","C  ",,0,,2,,7,
"249200420","NIEDZICA                      ","2025","02","11","12",5.9,,,"8",,"W",,"8","ESE",,3,,2,,8,
"249200420","NIEDZICA                      ","2025","02","11","18",-0.6,,,"8",,"W",,"8","C  ",,0,,0,,8,
"249200420","NIEDZICA                      ","2025","02","12","06",-5.6,,,"8","L","W",,"8","E  ",,2,,3,,8,
"249200420","NIEDZICA                      ","2025","02","12","12",3.7,,,"8",,"W",,"8","ESE",,5,,4,,8,
"249200420","NIEDZICA                      ","2025","02","12","18",1.1,,,"8",,"W",,"8","ESE",,2,,4,,8,
"249200420","NIEDZICA                      ","2025","02","13","06",-0.6,,,"8",,"W",,"8","E  ",,2,,5,,8,
"249200420","NIEDZICA                      ","2025","02","13","12",3.2,,,"8",,"W",,"8","E  ",,3,,6,,7,
"249200420","NIEDZICA                      ","2025","02","13","18",1.8,,,"8",,"W",,"8","E  ",,3,,8,,7,
"249200420","NIEDZICA                      ","2025","02","14","06",0.0,,,"8",,"W",,"8","C  ",,0,,8,,5,
"249200420","NIEDZICA                      ","2025","02","14","12",0.4,,,"8",,"W",,"8","W  ",,1,,8,,7,
"249200420","NIEDZICA                      ","2025","02","14","18",-1.8,,,"8",,"W",,"8","WSW",,2,,8,,7,
"249200420","NIEDZICA                      ","2025","02","15","06",-6.5,,,"8","L","W",,"8","C  ",,0,,8,,7,
"249200420","NIEDZICA                      ","2025","02","15","12",-2.1,,,"8",,"W",,"8","W  ",,1,,6,,7,
"249200420","NIEDZICA                      ","2025","02","15","18",-4.0,,,"8",,"W",,"8","C  ",,0,,8,,7,
"249200420","NIEDZICA                      ","2025","02","16","06",-9.4,,,"8","L","W",,"8","C  ",,0,,3,,8,
"249200420","NIEDZICA                      ","2025","02","16","12",-0.9,,,"8",,"W",,"8","W  ",,1,,4,,8,
"249200420","NIEDZICA                      ","2025","02","16","18",-6.4,,,"8","L","W",,"8","C  ",,0,,4,,8,
"249200420","NIEDZICA                      ","2025","02","17","06",-11.1,,,"8","L","W",,"8","C  ",,0,,3,,8,
"249200420","NIEDZICA                      ","2025","02","17","12",-1.8,,,"8",,"W",,"8","SSW",,1,,3,,8,
"249200420","NIEDZICA                      ","2025","02","17","18",-6.8,,,"8","L","W",,"8","W  ",,1,,2,,8,
"249200420","NIEDZICA                      ","2025","02","18","06",-10.0,,,"8","L","W",,"8","C  ",,0,,6,,7,
"249200420","NIEDZICA                      ","2025","02","18","12",-2.3,,,"8",,"W",,"8","SSW",,1,,3,,7,
"249200420","NIEDZICA                      ","2025","02","18","18",-5.8,,,"8","L","W",,"8","C  ",,0,,5,,7,
"249200420","NIEDZICA                      ","2025","02","19","06",-8.5,,,"8","L","W",,"8","N  ",,1,,4,,8,
"249200420","NIEDZICA                      ","2025","02","19","12",-0.1,,,"8",,"W",,"8","N  ",,1,,3,,8,
"249200420","NIEDZICA                      ","2025","02","19","18",-4.0,,,"8",,"W",,"8","WSW",,1,,2,,8,
"249200420","NIEDZICA                      ","2025","02","20","06",-13.4,,,"8","L","W",,"8","C  ",,0,,2,,8,
"249200420","NIEDZICA                      ","2025","02","20","12",0.8,,,"8",,"W",,"8","NE ",,1,,2,,8,
"249200420","NIEDZICA                      ","2025","02","20","18",-2.9,,,"8",,"W",,"8","W  ",,1,,2,,8,
"249200420","NIEDZICA                      ","2025","02","21","06",-13.1,,,"8","L","W",,"8","C  ",,0,,3,,8,
"249200420","NIEDZICA                      ","2025","02","21","12",3.2,,,"8",,"W",,"8","ESE",,1,,2,,8,
"249200420","NIEDZICA                      ","2025","02","21","18",-0.9,,,"8",,"W",,"8","W  ",,1,,2,,8,
"249200420","NIEDZICA                      ","2025","02","22","06",-10.2,,,"8","L","W",,"8","C  ",,0,,2,,8,
"249200420","NIEDZICA                      ","2025","02","22","12",6.1,,,"8",,"W",,"8","E  ",,5,,2,,8,
"249200420","NIEDZICA                      ","2025","02","22","18",-0.2,,,"8",,"W",,"8","C  ",,0,,2,,8,
"249200420","NIEDZICA                      ","2025","02","23","06",-8.8,,,"8","L","W",,"8","C  ",,0,,4,,8,
"249200420","NIEDZICA                      ","2025","02","23","12",5.2,,,"8",,"W",,"8","NNE",,2,,6,,7,
"249200420","NIEDZICA                      ","2025","02","23","18",4.3,,,"8",,"W",,"8","C  ",,0,,8,,7,
"249200420","NIEDZICA                      ","2025","02","24","06",1.0,,,"8",,"W",,"8","C  ",,0,,8,,3,
"249200420","NIEDZICA                      ","2025","02","24","12",6.8,,,"8",,"W",,"8","C  ",,0,,6,,7,
"249200420","NIEDZICA                      ","2025","02","24","18",3.5,,,"8",,"W",,"8","C  ",,0,,5,,7,
"249200420","NIEDZICA                      ","2025","02","25","06",0.7,,,"8",,"W",,"8","C  ",,0,,8,,3,
"249200420","NIEDZICA                      ","2025","02","25","12",4.6,,,"8",,"W",,"8","NW ",,1,,4,,7,
"249200420","NIEDZICA                      ","2025","02","25","18",1.4,,,"8",,"W",,"8","C  ",,0,,4,,7,
"249200420","NIEDZICA                      ","2025","02","26","06",-3.6,,,"8",,"W",,"8","C  ",,0,,8,,4,
"249200420","NIEDZICA                      ","2025","02","26","12",8.6,,,"8","W","W",,"8","N  ",,1,,6,,7,
"249200420","NIEDZICA                      ","2025","02","26","18",4.6,,,"8",,"W",,"8","C  ",,0,,8,,7,
"249200420","NIEDZICA                      ","2025","02","27","06",0.8,,,"8",,"W",,"8","C  ",,0,,8,,5,
"249200420","NIEDZICA                      ","2025","02","27","12",6.7,,,"8",,"W",,"8","ESE",,1,,8,,7,
"249200420","NIEDZICA                      ","2025","02","27","18",4.8,,,"8",,"W",,"8","ENE",,1,,8,,7,
"249200420","NIEDZICA                      ","2025","02","28","06",1.4,,,"8",,"W",,"8","C  ",,0,,8,,7,
"249200420","NIEDZICA                      ","2025","02","28","12",6.2,,,"8",,"W",,"8","WNW",,1,,5,,7,
"249200420","NIEDZICA                      ","2025","02","28","18",1.2,,,"8",,"W",,"8","C  ",,0,,3,,8,
"249200480","BUKOWINA TATRZAÑSKA           ","2025","02","01","06",-3.1,,,"8",,"N",,"8","W  ",,1,,8,,5,
"249200480","BUKOWINA TATRZAÑSKA           ","2025","02","01","12",-0.2,,,"8",,"N",,"8","NW ",,3,,6,,5,
"249200480","BUKOWINA TATRZAÑSKA           ","2025","02","01","18",-2.0,,,"8",,"N",,"8","C  ",,0,,8,,5,
"249200480","BUKOWINA TATRZAÑSKA           ","2025","02","02","06",-6.1,,,"8",,"N",,"8","C  ",,0,,8,,5,
"249200480","BUKOWINA TATRZAÑSKA           ","2025","02","02","12",-2.5,,,"8",,"N",,"8","NW ",,1,,8,,5,
"249200480","BUKOWINA TATRZAÑSKA           ","2025","02","02","18",-3.7,,,"8",,"N",,"8","WNW",,3,,8,,5,
"249200480","BUKOWINA TATRZAÑSKA           ","2025","02","03","06",-4.5,,,"8",,"N",,"8","W  ",,1,,8,,5,
"249200480","BUKOWINA TATRZAÑSKA           ","2025","02","03","12",-1.4,,,"8",,"N",,"8","NNW",,4,,3,,5,
"249200480","BUKOWINA TATRZAÑSKA           ","2025","02","03","18",-4.9,,,"8",,"N",,"8","C  ",,0,,0,,5,
"249200480","BUKOWINA TATRZAÑSKA           ","2025","02","04","06",-7.8,,,"8",,"N",,"8","S  ",,1,,1,,7,
"249200480","BUKOWINA TATRZAÑSKA           ","2025","02","04","12",0.9,,,"8",,"N",,"8","ENE",,1,,1,,7,
"249200480","BUKOWINA TATRZAÑSKA           ","2025","02","04","18",-3.1,,,"8",,"N",,"8","C  ",,0,,0,,7,
"249200480","BUKOWINA TATRZAÑSKA           ","2025","02","05","06",-3.1,,,"8",,"N",,"8","WSW",,1,,6,,5,
"249200480","BUKOWINA TATRZAÑSKA           ","2025","02","05","12",4.0,,,"8",,"N",,"8","NNW",,2,,1,,5,
"249200480","BUKOWINA TATRZAÑSKA           ","2025","02","05","18",-1.7,,,"8",,"N",,"8","W  ",,2,,0,,5,
"249200480","BUKOWINA TATRZAÑSKA           ","2025","02","06","06",-2.6,,,"8",,"N",,"8","NW ",,2,,8,,5,
"249200480","BUKOWINA TATRZAÑSKA           ","2025","02","06","12",-0.6,,,"8",,"N",,"8","NNE",,1,,8,,5,
"249200480","BUKOWINA TATRZAÑSKA           ","2025","02","06","18",-2.0,,,"8",,"N",,"8","C  ",,0,,8,,5,
"249200480","BUKOWINA TATRZAÑSKA           ","2025","02","07","06",-3.5,,,"8",,"N",,"8","C  ",,0,,8,,5,
"249200480","BUKOWINA TATRZAÑSKA           ","2025","02","07","12",-2.2,,,"8",,"N",,"8","C  ",,0,,8,,5,
"249200480","BUKOWINA TATRZAÑSKA           ","2025","02","07","18",-2.6,,,"8",,"N",,"8","C  ",,0,,7,,5,
"249200480","BUKOWINA TATRZAÑSKA           ","2025","02","08","06",-4.1,,,"8",,"N",,"8","C  ",,0,,8,,5,
"249200480","BUKOWINA TATRZAÑSKA           ","2025","02","08","12",1.5,,,"8",,"N",,"8","NNE",,1,,8,,5,
"249200480","BUKOWINA TATRZAÑSKA           ","2025","02","08","18",-1.6,,,"8",,"N",,"8","C  ",,0,,1,,5,
"249200480","BUKOWINA TATRZAÑSKA           ","2025","02","09","06",-3.1,,,"8",,"N",,"8","C  ",,0,,1,,7,
"249200480","BUKOWINA TATRZAÑSKA           ","2025","02","09","12",7.0,,,"8","W","N",,"8","C  ",,0,,2,,7,
"249200480","BUKOWINA TATRZAÑSKA           ","2025","02","09","18",2.7,,,"8",,"N",,"8","C  ",,0,,8,,7,
"249200480","BUKOWINA TATRZAÑSKA           ","2025","02","10","06",-1.0,,,"8",,"N",,"8","C  ",,0,,0,,7,
"249200480","BUKOWINA TATRZAÑSKA           ","2025","02","10","12",4.2,,,"8",,"N",,"8","C  ",,0,,0,,7,
"249200480","BUKOWINA TATRZAÑSKA           ","2025","02","10","18",-2.4,,,"8",,"N",,"8","C  ",,0,,0,,7,
"249200480","BUKOWINA TATRZAÑSKA           ","2025","02","11","06",-5.1,,,"8",,"N",,"8","C  ",,0,,1,,7,
"249200480","BUKOWINA TATRZAÑSKA           ","2025","02","11","12",1.6,,,"8",,"N",,"8","C  ",,0,,0,,7,
"249200480","BUKOWINA TATRZAÑSKA           ","2025","02","11","18",-2.2,,,"8",,"N",,"8","C  ",,0,,0,,7,
"249200480","BUKOWINA TATRZAÑSKA           ","2025","02","12","06",-5.5,,,"8",,"N",,"8","C  ",,0,,6,,5,
"249200480","BUKOWINA TATRZAÑSKA           ","2025","02","12","12",0.4,,,"8",,"N",,"8","N  ",,2,,8,,5,
"249200480","BUKOWINA TATRZAÑSKA           ","2025","02","12","18",-1.4,,,"8",,"N",,"8","C  ",,0,,6,,5,
"249200480","BUKOWINA TATRZAÑSKA           ","2025","02","13","06",-3.5,,,"8",,"N",,"8","C  ",,0,,8,,5,
"249200480","BUKOWINA TATRZAÑSKA           ","2025","02","13","12",0.4,,,"8",,"N",,"8","C  ",,0,,8,,5,
"249200480","BUKOWINA TATRZAÑSKA           ","2025","02","13","18",0.3,,,"8",,"N",,"8","C  ",,0,,8,,5,
"249200480","BUKOWINA TATRZAÑSKA           ","2025","02","14","06",-1.6,,,"8",,"N",,"8","NW ",,1,,8,,5,
"249200480","BUKOWINA TATRZAÑSKA           ","2025","02","14","12",-3.5,,,"8",,"N",,"8","NW ",,2,,8,,5,
"249200480","BUKOWINA TATRZAÑSKA           ","2025","02","14","18",-5.0,,,"8",,"N",,"8","NW ",,3,,8,,1,
"249200480","BUKOWINA TATRZAÑSKA           ","2025","02","15","06",-8.6,,,"8",,"N",,"8","C  ",,0,,8,,5,
"249200480","BUKOWINA TATRZAÑSKA           ","2025","02","15","12",-6.0,,,"8",,"N",,"8","W  ",,2,,3,,5,
"249200480","BUKOWINA TATRZAÑSKA           ","2025","02","15","18",-7.5,,,"8",,"N",,"8","WNW",,1,,8,,5,
"249200480","BUKOWINA TATRZAÑSKA           ","2025","02","16","06",-11.0,,,"8","L","N",,"8","WSW",,1,,2,,7,
"249200480","BUKOWINA TATRZAÑSKA           ","2025","02","16","12",-5.1,,,"8",,"N",,"8","N  ",,2,,3,,7,
"249200480","BUKOWINA TATRZAÑSKA           ","2025","02","16","18",-9.0,,,"8",,"N",,"8","C  ",,0,,3,,7,
"249200480","BUKOWINA TATRZAÑSKA           ","2025","02","17","06",-12.8,,,"8","L","N",,"8","C  ",,0,,0,,7,
"249200480","BUKOWINA TATRZAÑSKA           ","2025","02","17","12",-5.7,,,"8",,"N",,"8","NNE",,1,,2,,7,
"249200480","BUKOWINA TATRZAÑSKA           ","2025","02","17","18",-8.2,,,"8",,"N",,"8","C  ",,0,,0,,7,
"249200480","BUKOWINA TATRZAÑSKA           ","2025","02","18","06",-9.7,,,"8",,"N",,"8","WSW",,1,,8,,5,
"249200480","BUKOWINA TATRZAÑSKA           ","2025","02","18","12",-6.3,,,"8",,"N",,"8","WSW",,2,,3,,5,
"249200480","BUKOWINA TATRZAÑSKA           ","2025","02","18","18",-9.0,,,"8",,"N",,"8","W  ",,1,,7,,5,
"249200480","BUKOWINA TATRZAÑSKA           ","2025","02","19","06",-9.5,,,"8",,"N",,"8","S  ",,1,,6,,5,
"249200480","BUKOWINA TATRZAÑSKA           ","2025","02","19","12",-3.4,,,"8",,"N",,"8","NNE",,1,,1,,5,
"249200480","BUKOWINA TATRZAÑSKA           ","2025","02","19","18",-6.3,,,"8",,"N",,"8","C  ",,0,,0,,5,
"249200480","BUKOWINA TATRZAÑSKA           ","2025","02","20","06",-9.8,,,"8",,"N",,"8","C  ",,0,,2,,7,
"249200480","BUKOWINA TATRZAÑSKA           ","2025","02","20","12",-2.8,,,"8",,"N",,"8","NNE",,1,,0,,7,
"249200480","BUKOWINA TATRZAÑSKA           ","2025","02","20","18",-4.7,,,"8",,"N",,"8","C  ",,0,,0,,7,
"249200480","BUKOWINA TATRZAÑSKA           ","2025","02","21","06",-9.4,,,"8",,"N",,"8","C  ",,0,,3,,7,
"249200480","BUKOWINA TATRZAÑSKA           ","2025","02","21","12",-0.6,,,"8",,"N",,"8","C  ",,0,,3,,7,
"249200480","BUKOWINA TATRZAÑSKA           ","2025","02","21","18",-2.6,,,"8",,"N",,"8","C  ",,0,,0,,7,
"249200480","BUKOWINA TATRZAÑSKA           ","2025","02","22","06",-7.5,,,"8",,"N",,"8","SW ",,1,,0,,7,
"249200480","BUKOWINA TATRZAÑSKA           ","2025","02","22","12",3.0,,,"8",,"N",,"8","NE ",,1,,0,,7,
"249200480","BUKOWINA TATRZAÑSKA           ","2025","02","22","18",-0.9,,,"8",,"N",,"8","C  ",,0,,0,,7,
"249200480","BUKOWINA TATRZAÑSKA           ","2025","02","23","06",-5.5,,,"8",,"N",,"8","C  ",,0,,6,,5,
"249200480","BUKOWINA TATRZAÑSKA           ","2025","02","23","12",4.4,,,"8",,"N",,"8","NW ",,2,,4,,5,
"249200480","BUKOWINA TATRZAÑSKA           ","2025","02","23","18",2.3,,,"8",,"N",,"8","WSW",,2,,8,,5,
"249200480","BUKOWINA TATRZAÑSKA           ","2025","02","24","06",2.1,,,"8",,"N",,"8","WSW",,3,,8,,5,
"249200480","BUKOWINA TATRZAÑSKA           ","2025","02","24","12",4.6,,,"8",,"N",,"8","NW ",,2,,8,,5,
"249200480","BUKOWINA TATRZAÑSKA           ","2025","02","24","18",2.9,,,"8",,"N",,"8","W  ",,1,,3,,5,
"249200480","BUKOWINA TATRZAÑSKA           ","2025","02","25","06",-0.6,,,"8",,"N",,"8","C  ",,0,,0,,7,
"249200480","BUKOWINA TATRZAÑSKA           ","2025","02","25","12",6.0,,,"8","W","N",,"8","NNE",,3,,3,,7,
"249200480","BUKOWINA TATRZAÑSKA           ","2025","02","25","18",2.4,,,"8",,"N",,"8","C  ",,0,,2,,7,
"249200480","BUKOWINA TATRZAÑSKA           ","2025","02","26","06",-1.0,,,"8",,"N",,"8","C  ",,0,,8,,5,
"249200480","BUKOWINA TATRZAÑSKA           ","2025","02","26","12",4.7,,,"8",,"N",,"8","NNW",,2,,8,,5,
"249200480","BUKOWINA TATRZAÑSKA           ","2025","02","26","18",2.8,,,"8",,"N",,"8","C  ",,0,,8,,5,
"249200480","BUKOWINA TATRZAÑSKA           ","2025","02","27","06",1.8,,,"8",,"N",,"8","C  ",,0,,8,,5,
"249200480","BUKOWINA TATRZAÑSKA           ","2025","02","27","12",4.0,,,"8",,"N",,"8","N  ",,1,,8,,5,
"249200480","BUKOWINA TATRZAÑSKA           ","2025","02","27","18",2.8,,,"8",,"N",,"8","C  ",,0,,8,,5,
"249200480","BUKOWINA TATRZAÑSKA           ","2025","02","28","06",0.2,,,"8",,"N",,"8","WNW",,2,,8,,5,
"249200480","BUKOWINA TATRZAÑSKA           ","2025","02","28","12",2.0,,,"8",,"N",,"8","NW ",,4,,7,,5,
"249200480","BUKOWINA TATRZAÑSKA           ","2025","02","28","18",0.2,,,"8",,"N",,"8","SW ",,3,,3,,5,
"249200550","DOLINA PIÊCIU STAWÓW          ","2025","02","01","06",-9.4,,,"8",,"N",,"8","C  ",,0,,0,,8,
"249200550","DOLINA PIÊCIU STAWÓW          ","2025","02","01","12",-5.2,,,"8",,"N",,"8","S  ",,2,,0,,7,
"249200550","DOLINA PIÊCIU STAWÓW          ","2025","02","01","18",-7.6,,,"8",,"N",,"8","SSW",,4,,0,,6,
"249200550","DOLINA PIÊCIU STAWÓW          ","2025","02","02","06",-9.4,,,"8",,"N",,"8","C  ",,0,,1,,7,
"249200550","DOLINA PIÊCIU STAWÓW          ","2025","02","02","12",-7.0,,,"8",,"N",,"8","SE ",,1,,8,,2,
"249200550","DOLINA PIÊCIU STAWÓW          ","2025","02","02","18",-9.4,,,"8",,"N",,"8","ESE",,2,,8,,5,
"249200550","DOLINA PIÊCIU STAWÓW          ","2025","02","03","06",-12.5,,,"8","L","N",,"8","C  ",,0,,0,,8,
"249200550","DOLINA PIÊCIU STAWÓW          ","2025","02","03","12",-8.2,,,"8",,"N",,"8","S  ",,1,,0,,8,
"249200550","DOLINA PIÊCIU STAWÓW          ","2025","02","03","18",-10.6,,,"8","L","N",,"8","C  ",,0,,0,,8,
"249200550","DOLINA PIÊCIU STAWÓW          ","2025","02","04","06",-9.8,,,"8",,"N",,"8","SW ",,1,,0,,6,
"249200550","DOLINA PIÊCIU STAWÓW          ","2025","02","04","12",-6.0,,,"8",,"N",,"8","S  ",,1,,0,,9,
"249200550","DOLINA PIÊCIU STAWÓW          ","2025","02","04","18",-6.0,,,"8",,"N",,"8","WSW",,1,,0,,9,
"249200550","DOLINA PIÊCIU STAWÓW          ","2025","02","05","06",-4.1,,,"8",,"N",,"8","SSW",,1,,0,,9,
"249200550","DOLINA PIÊCIU STAWÓW          ","2025","02","05","12",0.0,,,"8",,"N",,"8","N  ",,1,,1,,9,
"249200550","DOLINA PIÊCIU STAWÓW          ","2025","02","05","18",-5.2,,,"8",,"N",,"8","C  ",,0,,0,,9,
"249200550","DOLINA PIÊCIU STAWÓW          ","2025","02","06","06",-6.6,,,"8",,"N",,"8","NE ",,4,,8,,3,
"249200550","DOLINA PIÊCIU STAWÓW          ","2025","02","06","12",-6.0,,,"8",,"N",,"8","NNE",,1,,8,,3,
"249200550","DOLINA PIÊCIU STAWÓW          ","2025","02","06","18",-7.4,,,"8",,"N",,"8","ENE",,1,,8,,2,
"249200550","DOLINA PIÊCIU STAWÓW          ","2025","02","07","06",-8.4,,,"8",,"N",,"8","C  ",,0,,8,,3,
"249200550","DOLINA PIÊCIU STAWÓW          ","2025","02","07","12",-7.0,,,"8",,"N",,"8","SW ",,6,,3,,6,
"249200550","DOLINA PIÊCIU STAWÓW          ","2025","02","07","18",-6.2,,,"8",,"N",,"8","SSW",,5,,4,,8,
"249200550","DOLINA PIÊCIU STAWÓW          ","2025","02","08","06",-3.2,,,"8",,"N",,"8","SSW",,9,,0,,9,
"249200550","DOLINA PIÊCIU STAWÓW          ","2025","02","08","12",-1.6,,,"8",,"N",,"8","SW ",,6,,2,,9,
"249200550","DOLINA PIÊCIU STAWÓW          ","2025","02","08","18",-2.6,,,"8",,"N",,"8","SSW",,4,,0,,9,
"249200550","DOLINA PIÊCIU STAWÓW          ","2025","02","09","06",-3.5,,,"8",,"N",,"8","SSW",,4,,0,,9,
"249200550","DOLINA PIÊCIU STAWÓW          ","2025","02","09","12",-0.2,,,"8",,"N",,"8","SSE",,2,,1,,9,
"249200550","DOLINA PIÊCIU STAWÓW          ","2025","02","09","18",-2.4,,,"8",,"N",,"8","SSW",,1,,2,,9,
"249200550","DOLINA PIÊCIU STAWÓW          ","2025","02","10","06",-6.7,,,"8",,"N",,"8","SSW",,2,,0,,9,
"249200550","DOLINA PIÊCIU STAWÓW          ","2025","02","10","12",-2.0,,,"8",,"N",,"8","S  ",,1,,0,,9,
"249200550","DOLINA PIÊCIU STAWÓW          ","2025","02","10","18",-6.2,,,"8",,"N",,"8","SSW",,2,,0,,9,
"249200550","DOLINA PIÊCIU STAWÓW          ","2025","02","11","06",-8.0,,,"8",,"N",,"8","SSW",,2,,0,,9,
"249200550","DOLINA PIÊCIU STAWÓW          ","2025","02","11","12",-3.8,,,"8",,"N",,"8","SW ",,5,,0,,9,
"249200550","DOLINA PIÊCIU STAWÓW          ","2025","02","11","18",-7.0,,,"8",,"N",,"8","SW ",,4,,0,,9,
"249200550","DOLINA PIÊCIU STAWÓW          ","2025","02","12","06",-7.2,,,"8",,"N",,"8","SW ",,9,,1,,9,
"249200550","DOLINA PIÊCIU STAWÓW          ","2025","02","12","12",-5.5,,,"8",,"N",,"8","SW ",,11,,3,,8,
"249200550","DOLINA PIÊCIU STAWÓW          ","2025","02","12","18",-7.6,,,"8",,"N",,"8","SW ",,8,,4,,8,
"249200550","DOLINA PIÊCIU STAWÓW          ","2025","02","13","06",-2.2,,,"8",,"N",,"8","SW ",,6,,7,,8,
"249200550","DOLINA PIÊCIU STAWÓW          ","2025","02","13","12",-1.0,,,"8",,"N",,"8","SSW",,5,,7,,6,
"249200550","DOLINA PIÊCIU STAWÓW          ","2025","02","13","18",-0.6,,,"8",,"N",,"8","SSW",,5,,5,,9,
"249200550","DOLINA PIÊCIU STAWÓW          ","2025","02","14","06",-5.6,,,"8",,"N",,"8","NNE",,1,,8,,3,
"249200550","DOLINA PIÊCIU STAWÓW          ","2025","02","14","12",-6.8,,,"8",,"N",,"8","C  ",,0,,8,,1,
"249200550","DOLINA PIÊCIU STAWÓW          ","2025","02","14","18",-9.4,,,"8",,"N",,"8","NNE",,2,,8,,1,
"249200550","DOLINA PIÊCIU STAWÓW          ","2025","02","15","06",-15.0,,,"8","L","N",,"8","C  ",,0,,7,,6,
"249200550","DOLINA PIÊCIU STAWÓW          ","2025","02","15","12",-11.8,,,"8","L","N",,"8","C  ",,0,,1,,6,
"249200550","DOLINA PIÊCIU STAWÓW          ","2025","02","15","18",-14.0,,,"8","L","N",,"8","C  ",,0,,8,,4,
"249200550","DOLINA PIÊCIU STAWÓW          ","2025","02","16","06",-16.8,,,"8","L","N",,"8","C  ",,0,,2,,7,
"249200550","DOLINA PIÊCIU STAWÓW          ","2025","02","16","12",-11.8,,,"8","L","N",,"8","C  ",,0,,8,,5,
"249200550","DOLINA PIÊCIU STAWÓW          ","2025","02","16","18",-15.0,,,"8","L","N",,"8","C  ",,0,,8,,4,
"249200550","DOLINA PIÊCIU STAWÓW          ","2025","02","17","06",-18.8,,,"8","L","N",,"8","C  ",,0,,0,,6,
"249200550","DOLINA PIÊCIU STAWÓW          ","2025","02","17","12",-12.3,,,"8","L","N",,"8","C  ",,0,,2,,7,
"249200550","DOLINA PIÊCIU STAWÓW          ","2025","02","17","18",-15.6,,,"8","L","N",,"8","C  ",,0,,0,,8,
"249200550","DOLINA PIÊCIU STAWÓW          ","2025","02","18","06",-15.6,,,"8","L","N",,"8","C  ",,0,,8,,3,
"249200550","DOLINA PIÊCIU STAWÓW          ","2025","02","18","12",-12.0,,,"8","L","N",,"8","C  ",,0,,3,,6,
"249200550","DOLINA PIÊCIU STAWÓW          ","2025","02","18","18",-14.8,,,"8","L","N",,"8","C  ",,0,,7,,5,
"249200550","DOLINA PIÊCIU STAWÓW          ","2025","02","19","06",-17.2,,,"8","L","N",,"8","C  ",,0,,2,,7,
"249200550","DOLINA PIÊCIU STAWÓW          ","2025","02","19","12",-9.4,,,"8",,"N",,"8","C  ",,0,,5,,8,
"249200550","DOLINA PIÊCIU STAWÓW          ","2025","02","19","18",-14.3,,,"8","L","N",,"8","SSW",,1,,0,,8,
"249200550","DOLINA PIÊCIU STAWÓW          ","2025","02","20","06",-14.8,,,"8","L","N",,"8","SW ",,4,,0,,7,
"249200550","DOLINA PIÊCIU STAWÓW          ","2025","02","20","12",-8.4,,,"8",,"N",,"8","S  ",,1,,0,,7,
"249200550","DOLINA PIÊCIU STAWÓW          ","2025","02","20","18",-11.8,,,"8","L","N",,"8","S  ",,2,,0,,8,
"249200550","DOLINA PIÊCIU STAWÓW          ","2025","02","21","06",-7.4,,,"8",,"N",,"8","SSW",,4,,1,,7,
"249200550","DOLINA PIÊCIU STAWÓW          ","2025","02","21","12",-1.8,,,"8",,"N",,"8","SSW",,1,,3,,8,
"249200550","DOLINA PIÊCIU STAWÓW          ","2025","02","21","18",-5.2,,,"8",,"N",,"8","SSW",,1,,0,,8,
"249200550","DOLINA PIÊCIU STAWÓW          ","2025","02","22","06",-1.7,,,"8",,"N",,"8","SSW",,3,,0,,8,
"249200550","DOLINA PIÊCIU STAWÓW          ","2025","02","22","12",1.8,,,"8",,"N",,"8","SSW",,3,,0,,8,
"249200550","DOLINA PIÊCIU STAWÓW          ","2025","02","22","18",-1.1,,,"8",,"N",,"8","SSW",,3,,0,,8,
"249200550","DOLINA PIÊCIU STAWÓW          ","2025","02","23","06",-1.5,,,"8",,"N",,"8","C  ",,0,,3,,8,
"249200550","DOLINA PIÊCIU STAWÓW          ","2025","02","23","12",1.0,,,"8",,"N",,"8","E  ",,1,,3,,8,
"249200550","DOLINA PIÊCIU STAWÓW          ","2025","02","23","18",-1.6,,,"8",,"N",,"8","N  ",,2,,8,,6,
"249200550","DOLINA PIÊCIU STAWÓW          ","2025","02","24","06",-0.4,,,"8",,"N",,"8","S  ",,2,,8,,6,
"249200550","DOLINA PIÊCIU STAWÓW          ","2025","02","24","12",0.8,,,"8",,"N",,"8","N  ",,1,,8,,3,
"249200550","DOLINA PIÊCIU STAWÓW          ","2025","02","24","18",-0.8,,,"8",,"N",,"8","N  ",,1,,8,,7,
"249200550","DOLINA PIÊCIU STAWÓW          ","2025","02","25","06",-3.6,,,"8",,"N",,"8","S  ",,4,,2,,8,
"249200550","DOLINA PIÊCIU STAWÓW          ","2025","02","25","12",1.0,,,"8",,"N",,"8","SSW",,5,,3,,8,
"249200550","DOLINA PIÊCIU STAWÓW          ","2025","02","25","18",-2.2,,,"8",,"N",,"8","SW ",,5,,5,,8,
"249200550","DOLINA PIÊCIU STAWÓW          ","2025","02","26","06",-1.4,,,"8",,"N",,"8","SW ",,4,,5,,8,
"249200550","DOLINA PIÊCIU STAWÓW          ","2025","02","26","12",-1.2,,,"8",,"N",,"8","SW ",,6,,8,,3,
"249200550","DOLINA PIÊCIU STAWÓW          ","2025","02","26","18",-1.6,,,"8",,"N",,"8","W  ",,1,,6,,7,
"249200550","DOLINA PIÊCIU STAWÓW          ","2025","02","27","06",-2.2,,,"8",,"N",,"8","NW ",,1,,8,,3,
"249200550","DOLINA PIÊCIU STAWÓW          ","2025","02","27","12",-0.4,,,"8",,"N",,"8","C  ",,0,,8,,3,
"249200550","DOLINA PIÊCIU STAWÓW          ","2025","02","27","18",-1.6,,,"8",,"N",,"8","SSE",,1,,8,,5,
"249200550","DOLINA PIÊCIU STAWÓW          ","2025","02","28","06",-3.7,,,"8",,"N",,"8","NNW",,6,,7,,6,
"249200550","DOLINA PIÊCIU STAWÓW          ","2025","02","28","12",-1.2,,,"8",,"N",,"8","NNE",,1,,8,,3,
"249200550","DOLINA PIÊCIU STAWÓW          ","2025","02","28","18",-6.2,,,"8",,"N",,"8","SSW",,1,,5,,7,
"249200920","PIWNICZNA                     ","2025","02","01","06",-3.2,,,"8",,"W",,"8","C  ",,0,,0,,6,
"249200920","PIWNICZNA                     ","2025","02","01","12",3.8,,,"8",,"W",,"8","NNW",,4,,1,,6,
"249200920","PIWNICZNA                     ","2025","02","01","18",-1.8,,,"8",,"W",,"8","C  ",,0,,0,,6,
"249200920","PIWNICZNA                     ","2025","02","02","06",-2.2,,,"8",,"W",,"8","C  ",,0,,7,,6,
"249200920","PIWNICZNA                     ","2025","02","02","12",1.2,,,"8",,"W",,"8","N  ",,1,,6,,6,
"249200920","PIWNICZNA                     ","2025","02","02","18",-0.8,,,"8",,"W",,"8","C  ",,0,,0,,6,
"249200920","PIWNICZNA                     ","2025","02","03","06",-1.2,,,"8",,"W",,"8","C  ",,0,,8,,6,
"249200920","PIWNICZNA                     ","2025","02","03","12",1.2,,,"8",,"W",,"8","N  ",,2,,6,,6,
"249200920","PIWNICZNA                     ","2025","02","03","18",-0.4,,,"8",,"W",,"8","NNW",,1,,0,,6,
"249200920","PIWNICZNA                     ","2025","02","04","06",-5.8,,,"8","L","W",,"8","C  ",,0,,3,,6,
"249200920","PIWNICZNA                     ","2025","02","04","12",4.8,,,"8",,"W",,"8","S  ",,1,,0,,6,
"249200920","PIWNICZNA                     ","2025","02","04","18",-3.4,,,"8",,"W",,"8","C  ",,0,,0,,6,
"249200920","PIWNICZNA                     ","2025","02","05","06",-2.4,,,"8",,"W",,"8","C  ",,0,,6,,6,
"249200920","PIWNICZNA                     ","2025","02","05","12",5.8,,,"8",,"W",,"8","N  ",,2,,0,,6,
"249200920","PIWNICZNA                     ","2025","02","05","18",-2.8,,,"8",,"W",,"8","C  ",,0,,0,,6,
"249200920","PIWNICZNA                     ","2025","02","06","06",0.4,,,"8",,"W",,"8","N  ",,2,,8,,6,
"249200920","PIWNICZNA                     ","2025","02","06","12",1.2,,,"8",,"W",,"8","NNW",,2,,8,,5,
"249200920","PIWNICZNA                     ","2025","02","06","18",0.8,,,"8",,"W",,"8","C  ",,0,,8,,4,
"249200920","PIWNICZNA                     ","2025","02","07","06",-0.4,,,"8",,"W",,"8","C  ",,0,,8,,6,
"249200920","PIWNICZNA                     ","2025","02","07","12",2.2,,,"8",,"W",,"8","SE ",,3,,5,,6,
"249200920","PIWNICZNA                     ","2025","02","07","18",0.6,,,"8",,"W",,"8","SSE",,1,,8,,6,
"249200920","PIWNICZNA                     ","2025","02","08","06",0.2,,,"8",,"W",,"8","SE ",,6,,5,,6,
"249200920","PIWNICZNA                     ","2025","02","08","12",4.6,,,"8",,"W",,"8","SE ",,6,,0,,6,
"249200920","PIWNICZNA                     ","2025","02","08","18",0.4,,,"8",,"W",,"8","SE ",,1,,0,,6,
"249200920","PIWNICZNA                     ","2025","02","09","06",-4.2,,,"8",,"W",,"8","SSW",,2,,1,,6,
"249200920","PIWNICZNA                     ","2025","02","09","12",8.7,,,"8","W","W",,"8","SE ",,3,,0,,6,
"249200920","PIWNICZNA                     ","2025","02","09","18",-1.2,,,"8",,"W",,"8","S  ",,1,,0,,6,
"249200920","PIWNICZNA                     ","2025","02","10","06",-6.2,,,"8","L","W",,"8","C  ",,0,,2,,6,
"249200920","PIWNICZNA                     ","2025","02","10","12",5.2,,,"8",,"W",,"8","NW ",,2,,1,,6,
"249200920","PIWNICZNA                     ","2025","02","10","18",-2.4,,,"8",,"W",,"8","C  ",,0,,0,,6,
"249200920","PIWNICZNA                     ","2025","02","11","06",-10.5,,,"8","L","W",,"8","C  ",,0,,3,,6,
"249200920","PIWNICZNA                     ","2025","02","11","12",5.4,,,"8",,"W",,"8","S  ",,2,,0,,6,
"249200920","PIWNICZNA                     ","2025","02","11","18",-4.2,,,"8",,"W",,"8","C  ",,0,,0,,6,
"249200920","PIWNICZNA                     ","2025","02","12","06",-7.4,,,"8","L","W",,"8","C  ",,0,,1,,6,
"249200920","PIWNICZNA                     ","2025","02","12","12",4.8,,,"8",,"W",,"8","SSE",,3,,4,,6,
"249200920","PIWNICZNA                     ","2025","02","12","18",1.2,,,"8",,"W",,"8","SE ",,3,,0,,6,
"249200920","PIWNICZNA                     ","2025","02","13","06",-0.2,,,"8",,"W",,"8","C  ",,0,,3,,6,
"249200920","PIWNICZNA                     ","2025","02","13","12",2.4,,,"8",,"W",,"8","SE ",,3,,6,,6,
"249200920","PIWNICZNA                     ","2025","02","13","18",0.4,,,"8",,"W",,"8","SE ",,2,,8,,6,
"249200920","PIWNICZNA                     ","2025","02","14","06",-0.4,,,"8",,"W",,"8","C  ",,0,,8,,5,
"249200920","PIWNICZNA                     ","2025","02","14","12",0.8,,,"8",,"W",,"8","N  ",,2,,8,,6,
"249200920","PIWNICZNA                     ","2025","02","14","18",-0.4,,,"8",,"W",,"8","NNW",,4,,8,,4,
"249200920","PIWNICZNA                     ","2025","02","15","06",-3.2,,,"8",,"W",,"8","NNW",,2,,6,,6,
"249200920","PIWNICZNA                     ","2025","02","15","12",-1.8,,,"8",,"W",,"8","NNW",,2,,5,,6,
"249200920","PIWNICZNA                     ","2025","02","15","18",-3.2,,,"8",,"W",,"8","NNW",,1,,8,,6,
"249200920","PIWNICZNA                     ","2025","02","16","06",-10.6,,,"8","L","W",,"8","C  ",,0,,4,,6,
"249200920","PIWNICZNA                     ","2025","02","16","12",-1.2,,,"8",,"W",,"8","NNW",,3,,3,,6,
"249200920","PIWNICZNA                     ","2025","02","16","18",-4.8,,,"8",,"W",,"8","C  ",,0,,0,,6,
"249200920","PIWNICZNA                     ","2025","02","17","06",-9.5,,,"8","L","W",,"8","C  ",,0,,6,,6,
"249200920","PIWNICZNA                     ","2025","02","17","12",-0.6,,,"8",,"W",,"8","NNW",,1,,0,,6,
"249200920","PIWNICZNA                     ","2025","02","17","18",-7.2,,,"8","L","W",,"8","C  ",,0,,0,,6,
"249200920","PIWNICZNA                     ","2025","02","18","06",-9.4,,,"8","L","W",,"8","C  ",,0,,5,,6,
"249200920","PIWNICZNA                     ","2025","02","18","12",-1.8,,,"8",,"W",,"8","NNW",,3,,3,,6,
"249200920","PIWNICZNA                     ","2025","02","18","18",-6.8,,,"8","L","W",,"8","C  ",,0,,2,,6,
"249200920","PIWNICZNA                     ","2025","02","19","06",-6.6,,,"8","L","W",,"8","C  ",,0,,4,,6,
"249200920","PIWNICZNA                     ","2025","02","19","12",0.8,,,"8",,"W",,"8","NW ",,2,,0,,6,
"249200920","PIWNICZNA                     ","2025","02","19","18",-5.4,,,"8","L","W",,"8","C  ",,0,,1,,6,
"249200920","PIWNICZNA                     ","2025","02","20","06",-12.2,,,"8","L","W",,"8","C  ",,0,,2,,6,
"249200920","PIWNICZNA                     ","2025","02","20","12",2.8,,,"8",,"W",,"8","NW ",,1,,0,,6,
"249200920","PIWNICZNA                     ","2025","02","20","18",-3.8,,,"8",,"W",,"8","C  ",,0,,0,,6,
"249200920","PIWNICZNA                     ","2025","02","21","06",-10.8,,,"8","L","W",,"8","SSW",,1,,0,,6,
"249200920","PIWNICZNA                     ","2025","02","21","12",4.2,,,"8",,"W",,"8","SSE",,3,,0,,6,
"249200920","PIWNICZNA                     ","2025","02","21","18",-2.2,,,"8",,"W",,"8","C  ",,0,,0,,6,
"249200920","PIWNICZNA                     ","2025","02","22","06",-9.8,,,"8","L","W",,"8","C  ",,0,,1,,6,
"249200920","PIWNICZNA                     ","2025","02","22","12",5.8,,,"8",,"W",,"8","ESE",,3,,2,,6,
"249200920","PIWNICZNA                     ","2025","02","22","18",-1.6,,,"8",,"W",,"8","C  ",,0,,0,,6,
"249200920","PIWNICZNA                     ","2025","02","23","06",-5.2,,,"8","L","W",,"8","SSE",,1,,2,,6,
"249200920","PIWNICZNA                     ","2025","02","23","12",6.2,,,"8",,"W",,"8","SE ",,3,,1,,6,
"249200920","PIWNICZNA                     ","2025","02","23","18",3.4,,,"8",,"W",,"8","SE ",,1,,8,,6,
"249200920","PIWNICZNA                     ","2025","02","24","06",0.4,,,"8",,"W",,"8","SE ",,1,,8,,5,
"249200920","PIWNICZNA                     ","2025","02","24","12",1.2,,,"8",,"W",,"8","ESE",,2,,8,,6,
"249200920","PIWNICZNA                     ","2025","02","24","18",0.8,,,"8",,"W",,"8","ESE",,2,,8,,6,
"249200920","PIWNICZNA                     ","2025","02","25","06",0.8,,,"8",,"W",,"8","SE ",,1,,8,,5,
"249200920","PIWNICZNA                     ","2025","02","25","12",2.6,,,"8",,"W",,"8","ESE",,4,,4,,6,
"249200920","PIWNICZNA                     ","2025","02","25","18",-0.4,,,"8",,"W",,"8","C  ",,0,,2,,6,
"249200920","PIWNICZNA                     ","2025","02","26","06",0.2,,,"8",,"W",,"8","SE ",,2,,8,,5,
"249200920","PIWNICZNA                     ","2025","02","26","12",9.7,,,"8","W","W",,"8","SSE",,3,,1,,6,
"249200920","PIWNICZNA                     ","2025","02","26","18",3.6,,,"8",,"W",,"8","C  ",,0,,6,,6,
"249200920","PIWNICZNA                     ","2025","02","27","06",1.2,,,"8",,"W",,"8","C  ",,0,,8,,5,
"249200920","PIWNICZNA                     ","2025","02","27","12",6.8,,,"8",,"W",,"8","SE ",,1,,8,,6,
"249200920","PIWNICZNA                     ","2025","02","27","18",3.8,,,"8",,"W",,"8","C  ",,0,,8,,5,
"249200920","PIWNICZNA                     ","2025","02","28","06",2.2,,,"8",,"W",,"8","C  ",,0,,8,,6,
"249200920","PIWNICZNA                     ","2025","02","28","12",6.4,,,"8",,"W",,"8","C  ",,0,,6,,6,
"249200920","PIWNICZNA                     ","2025","02","28","18",1.2,,,"8",,"W",,"8","C  ",,0,,8,,6,
"249200930","PORONIN                       ","2025","02","01","06",-2.5,,-3.4,,"L","W",80,,"NNW",,1,,7,,7,
"249200930","PORONIN                       ","2025","02","01","12",1.2,,-1.2,,"L","W",62,,"W  ",,2,,4,,7,
"249200930","PORONIN                       ","2025","02","01","18",-0.8,,-2.0,,"L","W",77,,"NE ",,1,,7,,7,
"249200930","PORONIN                       ","2025","02","02","06",-6.7,,-6.7,,"L","W",94,,"E  ",,1,,6,,7,
"249200930","PORONIN                       ","2025","02","02","12",-1.5,,-3.0,,"L","W",71,,"NNE",,2,,8,,7,
"249200930","PORONIN                       ","2025","02","02","18",-2.7,,-3.2,,"L","W",87,,"N  ",,1,,8,,6,
"249200930","PORONIN                       ","2025","02","03","06",-4.3,,-4.6,,"L","W",89,,"NE ",,1,,7,,7,
"249200930","PORONIN                       ","2025","02","03","12",-0.5,,-2.6,,"L","W",62,,"NNW",,2,,3,,7,
"249200930","PORONIN                       ","2025","02","03","18",-4.9,,-5.2,,"L","W",89,,"E  ",,1,,1,,7,
"249200930","PORONIN                       ","2025","02","04","06",-12.5,,-12.5,,"L","W",88,,"ESE",,1,,1,,7,
"249200930","PORONIN                       ","2025","02","04","12",1.4,,-1.2,,"L","W",59,,"ENE",,2,,2,,7,
"249200930","PORONIN                       ","2025","02","04","18",-3.5,,-4.2,,"L","W",82,,"ENE",,1,,1,,7,
"249200930","PORONIN                       ","2025","02","05","06",-7.0,,-7.0,,"L","W",93,,"ENE",,2,,5,,7,
"249200930","PORONIN                       ","2025","02","05","12",5.9,,0.6,,"W","W",30,,"E  ",,3,,1,,7,
"249200930","PORONIN                       ","2025","02","05","18",-4.5,,-5.4,,"L","W",76,,"E  ",,1,,1,,7,
"249200930","PORONIN                       ","2025","02","06","06",-2.3,,-2.6,,"L","W",92,,"NW ",,1,,7,,7,
"249200930","PORONIN                       ","2025","02","06","12",0.0,,-1.1,,"L","W",81,,"NW ",,2,,8,,7,
"249200930","PORONIN                       ","2025","02","06","18",-0.8,,-1.6,,"L","W",85,,"NE ",,2,,8,,7,
"249200930","PORONIN                       ","2025","02","07","06",-2.3,,-2.6,,"L","W",92,,"E  ",,2,,8,,6,
"249200930","PORONIN                       ","2025","02","07","12",-0.6,,-1.6,,"L","W",81,,"ENE",,2,,8,,6,
"249200930","PORONIN                       ","2025","02","07","18",-1.2,,-2.2,,"L","W",80,,"NNE",,1,,7,,6,
"249200930","PORONIN                       ","2025","02","08","06",-5.3,,-5.4,,"L","W",93,,"SW ",,1,,6,,7,
"249200930","PORONIN                       ","2025","02","08","12",2.6,,-0.5,,"L","W",54,,"WSW",,2,,6,,7,
"249200930","PORONIN                       ","2025","02","08","18",-3.5,,-4.3,,"L","W",80,,"SE ",,1,,2,,7,
"249200930","PORONIN                       ","2025","02","09","06",-8.6,,-8.8,,"L","W",86,,"E  ",,1,,1,,7,
"249200930","PORONIN                       ","2025","02","09","12",6.0,,2.3,,"W","W",50,,"WSW",,2,,4,,7,
"249200930","PORONIN                       ","2025","02","09","18",0.8,,-0.6,,"L","W",77,,"E  ",,1,,7,,7,
"249200930","PORONIN                       ","2025","02","10","06",-7.0,,-7.0,,"L","W",93,,"E  ",,1,,1,,7,
"249200930","PORONIN                       ","2025","02","10","12",5.5,,1.6,,"W","W",47,,"ENE",,2,,1,,7,
"249200930","PORONIN                       ","2025","02","10","18",-4.2,,-5.1,,"L","W",77,,"C  ",,0,,1,,7,
"249200930","PORONIN                       ","2025","02","11","06",-11.8,,-11.8,,"L","W",89,,"ESE",,1,,1,,7,
"249200930","PORONIN                       ","2025","02","11","12",2.6,,-1.2,,"L","W",44,,"NNW",,2,,1,,7,
"249200930","PORONIN                       ","2025","02","11","18",-4.1,,-5.2,,"L","W",73,,"ENE",,2,,1,,7,
"249200930","PORONIN                       ","2025","02","12","06",-11.2,,-11.2,,"L","W",89,,"ESE",,1,,3,,7,
"249200930","PORONIN                       ","2025","02","12","12",1.7,,-2.4,,"L","W",37,,"NNW",,2,,7,,7,
"249200930","PORONIN                       ","2025","02","12","18",-1.6,,-3.2,,"L","W",68,,"ESE",,2,,4,,7,
"249200930","PORONIN                       ","2025","02","13","06",-3.5,,-4.4,,"L","W",78,,"ENE",,1,,8,,6,
"249200930","PORONIN                       ","2025","02","13","12",1.6,,0.1,,"W","W",75,,"WSW",,1,,7,,6,
"249200930","PORONIN                       ","2025","02","13","18",0.2,,-0.8,,"L","W",83,,"C  ",,0,,8,,6,
"249200930","PORONIN                       ","2025","02","14","06",-0.7,,-1.2,,"L","W",90,,"NNE",,2,,8,,3,
"249200930","PORONIN                       ","2025","02","14","12",-2.3,,-2.6,,"L","W",92,,"NNE",,1,,8,,2,
"249200930","PORONIN                       ","2025","02","14","18",-4.1,,-4.0,,"L","W",98,,"NW ",,1,,8,,2,
"249200930","PORONIN                       ","2025","02","15","06",-8.0,,-8.2,,"L","W",87,,"N  ",,1,,8,,6,
"249200930","PORONIN                       ","2025","02","15","12",-5.5,,-7.4,,"L","W",52,,"WSW",,2,,3,,7,
"249200930","PORONIN                       ","2025","02","15","18",-6.3,,-7.4,,"L","W",68,,"WSW",,2,,7,,7,
"249200930","PORONIN                       ","2025","02","16","06",-13.4,,-13.4,,"L","W",88,,"E  ",,1,,2,,7,
"249200930","PORONIN                       ","2025","02","16","12",-4.1,,-6.6,,"L","W",44,,"ENE",,2,,3,,7,
"249200930","PORONIN                       ","2025","02","16","18",-8.7,,-9.2,,"L","W",78,,"ENE",,2,,4,,7,
"249200930","PORONIN                       ","2025","02","17","06",-17.7,,-17.7,,"L","W",84,,"ESE",,1,,2,,7,
"249200930","PORONIN                       ","2025","02","17","12",-4.2,,-6.4,,"L","W",50,,"NNW",,2,,2,,7,
"249200930","PORONIN                       ","2025","02","17","18",-11.3,,-11.9,,"L","W",71,,"E  ",,1,,0,,7,
"249200930","PORONIN                       ","2025","02","18","06",-9.8,,-9.8,,"L","W",91,,"C  ",,0,,8,,3,
"249200930","PORONIN                       ","2025","02","18","12",-5.6,,-7.6,,"L","W",50,,"NW ",,2,,4,,6,
"249200930","PORONIN                       ","2025","02","18","18",-9.8,,-10.4,,"L","W",74,,"E  ",,2,,2,,7,
"249200930","PORONIN                       ","2025","02","19","06",-11.5,,-11.5,,"L","W",89,,"ENE",,1,,5,,7,
"249200930","PORONIN                       ","2025","02","19","12",-2.1,,-4.6,,"L","W",51,,"NNW",,2,,1,,7,
"249200930","PORONIN                       ","2025","02","19","18",-7.8,,-8.6,,"L","W",72,,"E  ",,1,,1,,7,
"249200930","PORONIN                       ","2025","02","20","06",-15.7,,-15.7,,"L","W",86,,"ESE",,2,,1,,7,
"249200930","PORONIN                       ","2025","02","20","12",-0.7,,-3.8,,"L","W",45,,"NNE",,2,,0,,7,
"249200930","PORONIN                       ","2025","02","20","18",-7.1,,-7.8,,"L","W",76,,"E  ",,2,,1,,7,
"249200930","PORONIN                       ","2025","02","21","06",-14.9,,-14.9,,"L","W",86,,"E  ",,1,,2,,7,
"249200930","PORONIN                       ","2025","02","21","12",2.0,,-1.8,,"L","W",42,,"W  ",,1,,2,,7,
"249200930","PORONIN                       ","2025","02","21","18",-4.9,,-5.8,,"L","W",76,,"ENE",,2,,1,,7,
"249200930","PORONIN                       ","2025","02","22","06",-13.2,,-13.2,,"L","W",88,,"E  ",,1,,1,,7,
"249200930","PORONIN                       ","2025","02","22","12",4.2,,0.2,,"W","W",42,,"W  ",,2,,0,,7,
"249200930","PORONIN                       ","2025","02","22","18",-4.4,,-5.7,,"L","W",68,,"ENE",,1,,1,,7,
"249200930","PORONIN                       ","2025","02","23","06",-10.2,,-10.2,,"L","W",90,,"E  ",,1,,3,,7,
"249200930","PORONIN                       ","2025","02","23","12",6.5,,2.2,,"W","W",44,,"WSW",,2,,3,,7,
"249200930","PORONIN                       ","2025","02","23","18",2.3,,0.5,,"W","W",71,,"C  ",,0,,8,,6,
"249200930","PORONIN                       ","2025","02","24","06",1.6,,1.6,,"W","W",100,,"ESE",,1,,8,,2,
"249200930","PORONIN                       ","2025","02","24","12",5.9,,4.6,,"W","W",82,,"WNW",,2,,8,,7,
"249200930","PORONIN                       ","2025","02","24","18",0.6,,0.4,,"W","W",96,,"ENE",,2,,4,,7,
"249200930","PORONIN                       ","2025","02","25","06",-4.1,,-4.0,,"L","W",98,,"E  ",,1,,1,,7,
"249200930","PORONIN                       ","2025","02","25","12",7.2,,3.8,,"W","W",56,,"N  ",,3,,7,,7,
"249200930","PORONIN                       ","2025","02","25","18",-0.6,,-1.3,,"L","W",87,,"ESE",,1,,4,,7,
"249200930","PORONIN                       ","2025","02","26","06",-4.5,,-4.5,,"L","W",96,,"ENE",,1,,5,,7,
"249200930","PORONIN                       ","2025","02","26","12",6.3,,4.3,,"W","W",73,,"NNE",,2,,7,,7,
"249200930","PORONIN                       ","2025","02","26","18",1.6,,1.0,,"W","W",90,,"ENE",,1,,7,,6,
"249200930","PORONIN                       ","2025","02","27","06",1.0,,0.5,,"W","W",91,,"C  ",,0,,8,,3,
"249200930","PORONIN                       ","2025","02","27","12",4.9,,4.0,,"W","W",87,,"NNW",,2,,8,,3,
"249200930","PORONIN                       ","2025","02","27","18",2.8,,2.6,,"W","W",97,,"WSW",,1,,8,,3,
"249200930","PORONIN                       ","2025","02","28","06",1.0,,0.6,,"W","W",93,,"WNW",,1,,8,,7,
"249200930","PORONIN                       ","2025","02","28","12",2.9,,2.0,,"W","W",86,,"WNW",,2,,8,,3,
"249200930","PORONIN                       ","2025","02","28","18",1.0,,0.6,,"W","W",93,,"NE ",,1,,4,,7,
"249200980","MSZANA DOLNA                  ","2025","02","01","06",-1.0,,-2.2,,"L","W",77,,"ESE",,1,,4,,8,
"249200980","MSZANA DOLNA                  ","2025","02","01","12",1.6,,0.0,,"W","W",73,,"NNW",,2,,8,,7,
"249200980","MSZANA DOLNA                  ","2025","02","01","18",1.0,,-1.3,,"L","W",63,,"NW ",,1,,8,,6,
"249200980","MSZANA DOLNA                  ","2025","02","02","06",-3.5,,-3.9,,"L","W",88,,"SSW",,2,,8,,7,
"249200980","MSZANA DOLNA                  ","2025","02","02","12",-0.3,,-1.5,,"L","W",78,,"N  ",,2,,8,,7,
"249200980","MSZANA DOLNA                  ","2025","02","02","18",-2.3,,-3.5,,"L","W",74,,"W  ",,1,,5,,6,
"249200980","MSZANA DOLNA                  ","2025","02","03","06",-2.4,,-2.6,,"L","W",94,,"SW ",,2,,8,,7,
"249200980","MSZANA DOLNA                  ","2025","02","03","12",1.0,,-0.4,,"L","W",77,,"N  ",,2,,8,,7,
"249200980","MSZANA DOLNA                  ","2025","02","03","18",-3.0,,-3.5,,"L","W",87,,"WNW",,1,,6,,6,
"249200980","MSZANA DOLNA                  ","2025","02","04","06",-6.4,,-6.6,,"L","W",89,,"SSW",,3,,3,,7,
"249200980","MSZANA DOLNA                  ","2025","02","04","12",2.8,,0.0,,"W","W",56,,"N  ",,2,,4,,8,
"249200980","MSZANA DOLNA                  ","2025","02","04","18",-2.1,,-3.1,,"L","W",79,,"SSW",,2,,4,,6,
"249200980","MSZANA DOLNA                  ","2025","02","05","06",-4.0,,-4.3,,"L","W",90,,"SSW",,1,,3,,8,
"249200980","MSZANA DOLNA                  ","2025","02","05","12",5.5,,1.0,,"W","W",39,,"NNW",,4,,4,,8,
"249200980","MSZANA DOLNA                  ","2025","02","05","18",-1.1,,-2.7,,"L","W",70,,"SW ",,1,,4,,6,
"249200980","MSZANA DOLNA                  ","2025","02","06","06",0.0,,-0.3,,"L","W",95,,"NW ",,1,,8,,6,
"249200980","MSZANA DOLNA                  ","2025","02","06","12",0.5,,-0.2,,"L","W",88,,"NNE",,1,,8,,7,
"249200980","MSZANA DOLNA                  ","2025","02","06","18",0.6,,0.3,,"W","W",95,,"NNE",,1,,8,,6,
"249200980","MSZANA DOLNA                  ","2025","02","07","06",-0.6,,-1.1,,"L","W",90,,"NNE",,4,,8,,7,
"249200980","MSZANA DOLNA                  ","2025","02","07","12",1.1,,0.0,,"W","W",81,,"NNW",,3,,8,,7,
"249200980","MSZANA DOLNA                  ","2025","02","07","18",-0.4,,-1.5,,"L","W",80,,"N  ",,2,,8,,6,
"249200980","MSZANA DOLNA                  ","2025","02","08","06",-3.4,,-3.6,,"L","W",93,,"SSW",,2,,5,,8,
"249200980","MSZANA DOLNA                  ","2025","02","08","12",4.6,,1.0,,"W","W",49,,"S  ",,2,,6,,8,
"249200980","MSZANA DOLNA                  ","2025","02","08","18",-0.9,,-2.7,,"L","W",66,,"SSW",,2,,3,,6,
"249200980","MSZANA DOLNA                  ","2025","02","09","06",-4.9,,-5.4,,"L","W",84,,"SSW",,1,,2,,8,
"249200980","MSZANA DOLNA                  ","2025","02","09","12",7.5,,3.0,,"W","W",44,,"SSW",,2,,4,,8,
"249200980","MSZANA DOLNA                  ","2025","02","09","18",1.9,,0.0,,"W","W",69,,"N  ",,1,,7,,6,
"249200980","MSZANA DOLNA                  ","2025","02","10","06",-6.0,,-6.1,,"L","W",92,,"S  ",,1,,1,,8,
"249200980","MSZANA DOLNA                  ","2025","02","10","12",3.9,,1.1,,"W","W",58,,"N  ",,3,,1,,8,
"249200980","MSZANA DOLNA                  ","2025","02","10","18",-3.6,,-4.2,,"L","W",84,,"N  ",,1,,1,,7,
"249200980","MSZANA DOLNA                  ","2025","02","11","06",-10.1,,-10.5,,"L","W",79,,"S  ",,1,,1,,8,
"249200980","MSZANA DOLNA                  ","2025","02","11","12",1.3,,-1.4,,"L","W",57,,"N  ",,3,,1,,8,
"249200980","MSZANA DOLNA                  ","2025","02","11","18",-3.6,,-4.6,,"L","W",76,,"NNE",,2,,1,,7,
"249200980","MSZANA DOLNA                  ","2025","02","12","06",-9.9,,-10.2,,"L","W",82,,"C  ",,0,,3,,8,
"249200980","MSZANA DOLNA                  ","2025","02","12","12",3.4,,0.0,,"W","W",49,,"N  ",,1,,3,,8,
"249200980","MSZANA DOLNA                  ","2025","02","12","18",0.7,,-1.7,,"L","W",60,,"SSW",,2,,8,,6,
"249200980","MSZANA DOLNA                  ","2025","02","13","06",0.6,,-1.8,,"L","W",60,,"SSE",,4,,8,,8,
"249200980","MSZANA DOLNA                  ","2025","02","13","12",5.4,,2.4,,"W","W",58,,"SSE",,3,,8,,7,
"249200980","MSZANA DOLNA                  ","2025","02","13","18",3.0,,1.0,,"W","W",69,,"SW ",,3,,8,,6,
"249200980","MSZANA DOLNA                  ","2025","02","14","06",-0.1,,-0.5,,"L","W",93,,"NNW",,1,,8,,6,
"249200980","MSZANA DOLNA                  ","2025","02","14","12",-0.2,,-1.2,,"L","W",82,,"NNW",,3,,8,,6,
"249200980","MSZANA DOLNA                  ","2025","02","14","18",-2.0,,-2.4,,"L","W",90,,"NNW",,4,,8,,6,
"249200980","MSZANA DOLNA                  ","2025","02","15","06",-5.2,,-5.4,,"L","W",90,,"C  ",,0,,8,,7,
"249200980","MSZANA DOLNA                  ","2025","02","15","12",-2.7,,-4.8,,"L","W",56,,"NNW",,1,,6,,8,
"249200980","MSZANA DOLNA                  ","2025","02","15","18",-4.2,,-5.6,,"L","W",66,,"W  ",,2,,8,,6,
"249200980","MSZANA DOLNA                  ","2025","02","16","06",-12.8,,-13.0,,"L","W",81,,"S  ",,1,,2,,8,
"249200980","MSZANA DOLNA                  ","2025","02","16","12",-2.2,,-4.3,,"L","W",58,,"N  ",,3,,5,,7,
"249200980","MSZANA DOLNA                  ","2025","02","16","18",-5.3,,-5.6,,"L","W",88,,"E  ",,1,,8,,6,
"249200980","MSZANA DOLNA                  ","2025","02","17","06",-12.8,,-13.0,,"L","W",81,,"C  ",,0,,1,,8,
"249200980","MSZANA DOLNA                  ","2025","02","17","12",-2.1,,-4.8,,"L","W",47,,"NW ",,2,,4,,8,
"249200980","MSZANA DOLNA                  ","2025","02","17","18",-6.8,,-7.9,,"L","W",67,,"NE ",,1,,6,,6,
"249200980","MSZANA DOLNA                  ","2025","02","18","06",-9.6,,-9.9,,"L","W",82,,"C  ",,0,,6,,8,
"249200980","MSZANA DOLNA                  ","2025","02","18","12",-3.1,,-6.0,,"L","W",40,,"NNW",,3,,5,,8,
"249200980","MSZANA DOLNA                  ","2025","02","18","18",-5.2,,-6.7,,"L","W",62,,"SSW",,1,,5,,6,
"249200980","MSZANA DOLNA                  ","2025","02","19","06",-7.8,,-8.2,,"L","W",82,,"SSW",,3,,4,,7,
"249200980","MSZANA DOLNA                  ","2025","02","19","12",0.2,,-3.0,,"L","W",46,,"WSW",,2,,3,,8,
"249200980","MSZANA DOLNA                  ","2025","02","19","18",-3.3,,-5.6,,"L","W",51,,"C  ",,0,,4,,6,
"249200980","MSZANA DOLNA                  ","2025","02","20","06",-11.8,,-12.1,,"L","W",79,,"S  ",,2,,2,,8,
"249200980","MSZANA DOLNA                  ","2025","02","20","12",1.6,,-2.6,,"L","W",35,,"NNE",,3,,3,,8,
"249200980","MSZANA DOLNA                  ","2025","02","20","18",-1.5,,-4.3,,"L","W",47,,"ENE",,2,,1,,6,
"249200980","MSZANA DOLNA                  ","2025","02","21","06",-8.1,,-8.8,,"L","W",74,,"S  ",,2,,3,,8,
"249200980","MSZANA DOLNA                  ","2025","02","21","12",4.7,,0.0,,"W","W",34,,"SW ",,4,,3,,8,
"249200980","MSZANA DOLNA                  ","2025","02","21","18",-1.8,,-4.1,,"L","W",55,,"SSW",,3,,3,,6,
"249200980","MSZANA DOLNA                  ","2025","02","22","06",-2.7,,-5.2,,"L","W",49,,"SSW",,6,,1,,8,
"249200980","MSZANA DOLNA                  ","2025","02","22","12",6.9,,1.6,,"W","W",33,,"SW ",,5,,1,,8,
"249200980","MSZANA DOLNA                  ","2025","02","22","18",0.0,,-2.7,,"L","W",53,,"SSE",,2,,1,,6,
"249200980","MSZANA DOLNA                  ","2025","02","23","06",-3.4,,-5.0,,"L","W",64,,"C  ",,0,,3,,8,
"249200980","MSZANA DOLNA                  ","2025","02","23","12",7.6,,2.3,,"W","W",35,,"S  ",,4,,2,,8,
"249200980","MSZANA DOLNA                  ","2025","02","23","18",5.4,,1.5,,"W","W",46,,"WSW",,2,,8,,6,
"249200980","MSZANA DOLNA                  ","2025","02","24","06",2.6,,2.2,,"W","W",94,,"SSW",,2,,8,,6,
"249200980","MSZANA DOLNA                  ","2025","02","24","12",5.9,,5.6,,"W","W",96,,"W  ",,2,,8,,6,
"249200980","MSZANA DOLNA                  ","2025","02","24","18",2.3,,1.7,,"W","W",90,,"SSW",,1,,8,,6,
"249200980","MSZANA DOLNA                  ","2025","02","25","06",-1.6,,-1.9,,"L","W",93,,"SSW",,1,,1,,7,
"249200980","MSZANA DOLNA                  ","2025","02","25","12",9.8,,6.6,,"W","W",62,,"S  ",,6,,1,,8,
"249200980","MSZANA DOLNA                  ","2025","02","25","18",3.3,,2.3,,"W","W",84,,"SE ",,1,,1,,6,
"249200980","MSZANA DOLNA                  ","2025","02","26","06",1.9,,0.8,,"W","W",82,,"C  ",,0,,7,,8,
"249200980","MSZANA DOLNA                  ","2025","02","26","12",8.7,,5.3,,"W","W",59,,"SSW",,3,,8,,7,
"249200980","MSZANA DOLNA                  ","2025","02","26","18",4.9,,3.4,,"W","W",78,,"S  ",,1,,8,,6,
"249200980","MSZANA DOLNA                  ","2025","02","27","06",2.4,,1.9,,"W","W",92,,"SW ",,1,,8,,7,
"249200980","MSZANA DOLNA                  ","2025","02","27","12",7.5,,5.5,,"W","W",74,,"NNW",,2,,8,,7,
"249200980","MSZANA DOLNA                  ","2025","02","27","18",4.6,,4.4,,"W","W",97,,"N  ",,1,,8,,6,
"249200980","MSZANA DOLNA                  ","2025","02","28","06",1.6,,1.3,,"W","W",95,,"SSW",,2,,8,,7,
"249200980","MSZANA DOLNA                  ","2025","02","28","12",4.2,,3.4,,"W","W",88,,"W  ",,2,,8,,7,
"249200980","MSZANA DOLNA                  ","2025","02","28","18",-0.2,,-0.5,,"L","W",94,,"S  ",,2,,4,,6,
"249220150","SOLINA-JAWOR                  ","2025","02","01","06",-1.1,,,"8",,"N",,"8","C  ",,0,,8,,7,
"249220150","SOLINA-JAWOR                  ","2025","02","01","12",1.3,,,"8",,"N",,"8","WNW",,1,,8,,7,
"249220150","SOLINA-JAWOR                  ","2025","02","01","18",0.6,,,"8",,"N",,"8","C  ",,0,,8,,4,
"249220150","SOLINA-JAWOR                  ","2025","02","02","06",-1.3,,,"8",,"N",,"8","C  ",,0,,8,,7,
"249220150","SOLINA-JAWOR                  ","2025","02","02","12",0.4,,,"8",,"N",,"8","C  ",,0,,8,,7,
"249220150","SOLINA-JAWOR                  ","2025","02","02","18",-0.7,,,"8",,"N",,"8","C  ",,0,,8,,7,
"249220150","SOLINA-JAWOR                  ","2025","02","03","06",-2.1,,,"8",,"N",,"8","N  ",,1,,8,,5,
"249220150","SOLINA-JAWOR                  ","2025","02","03","12",-0.2,,,"8",,"N",,"8","NW ",,2,,6,,8,
"249220150","SOLINA-JAWOR                  ","2025","02","03","18",-1.9,,,"8",,"N",,"8","C  ",,0,,5,,7,
"249220150","SOLINA-JAWOR                  ","2025","02","04","06",-2.8,,,"8",,"N",,"8","C  ",,0,,8,,5,
"249220150","SOLINA-JAWOR                  ","2025","02","04","12",-0.4,,,"8",,"N",,"8","C  ",,0,,8,,5,
"249220150","SOLINA-JAWOR                  ","2025","02","04","18",-0.2,,,"8",,"N",,"8","C  ",,0,,8,,7,
"249220150","SOLINA-JAWOR                  ","2025","02","05","06",-2.5,,,"8",,"N",,"8","C  ",,0,,8,,5,
"249220150","SOLINA-JAWOR                  ","2025","02","05","12",3.7,,,"8",,"N",,"8","C  ",,0,,8,,7,
"249220150","SOLINA-JAWOR                  ","2025","02","05","18",2.2,,,"8",,"N",,"8","C  ",,0,,8,,7,
"249220150","SOLINA-JAWOR                  ","2025","02","06","06",-2.0,,,"8",,"N",,"8","NNW",,1,,8,,4,
"249220150","SOLINA-JAWOR                  ","2025","02","06","12",0.0,,,"8",,"N",,"8","C  ",,0,,8,,4,
"249220150","SOLINA-JAWOR                  ","2025","02","06","18",-0.7,,,"8",,"N",,"8","NE ",,1,,8,,4,
"249220150","SOLINA-JAWOR                  ","2025","02","07","06",-5.3,,,"8",,"N",,"8","E  ",,1,,6,,7,
"249220150","SOLINA-JAWOR                  ","2025","02","07","12",1.4,,,"8",,"N",,"8","ENE",,1,,2,,8,
"249220150","SOLINA-JAWOR                  ","2025","02","07","18",-2.2,,,"8",,"N",,"8","E  ",,2,,3,,7,
"249220150","SOLINA-JAWOR                  ","2025","02","08","06",-5.6,,,"8",,"N",,"8","C  ",,0,,8,,7,
"249220150","SOLINA-JAWOR                  ","2025","02","08","12",4.5,,,"8",,"N",,"8","E  ",,1,,8,,7,
"249220150","SOLINA-JAWOR                  ","2025","02","08","18",-1.6,,,"8",,"N",,"8","C  ",,0,,6,,7,
"249220150","SOLINA-JAWOR                  ","2025","02","09","06",-4.0,,,"8",,"N",,"8","C  ",,0,,8,,7,
"249220150","SOLINA-JAWOR                  ","2025","02","09","12",7.3,,,"8","W","N",,"8","NNE",,1,,0,,8,
"249220150","SOLINA-JAWOR                  ","2025","02","09","18",-2.1,,,"8",,"N",,"8","C  ",,0,,5,,7,
"249220150","SOLINA-JAWOR                  ","2025","02","10","06",-7.6,,,"8",,"N",,"8","C  ",,0,,0,,4,
"249220150","SOLINA-JAWOR                  ","2025","02","10","12",3.4,,,"8",,"N",,"8","NNE",,1,,0,,7,
"249220150","SOLINA-JAWOR                  ","2025","02","10","18",-1.6,,,"8",,"N",,"8","C  ",,0,,3,,7,
"249220150","SOLINA-JAWOR                  ","2025","02","11","06",-9.6,,,"8",,"N",,"8","C  ",,0,,0,,5,
"249220150","SOLINA-JAWOR                  ","2025","02","11","12",1.4,,,"8",,"N",,"8","N  ",,1,,0,,7,
"249220150","SOLINA-JAWOR                  ","2025","02","11","18",-6.8,,,"8",,"N",,"8","C  ",,0,,0,,5,
"249220150","SOLINA-JAWOR                  ","2025","02","12","06",-9.1,,,"8",,"N",,"8","C  ",,0,,0,,4,
"249220150","SOLINA-JAWOR                  ","2025","02","12","12",5.0,,,"8",,"N",,"8","WSW",,1,,2,,8,
"249220150","SOLINA-JAWOR                  ","2025","02","12","18",-2.5,,,"8",,"N",,"8","C  ",,0,,4,,7,
"249220150","SOLINA-JAWOR                  ","2025","02","13","06",1.2,,,"8",,"N",,"8","S  ",,2,,8,,7,
"249220150","SOLINA-JAWOR                  ","2025","02","13","12",2.8,,,"8",,"N",,"8","SSW",,3,,8,,7,
"249220150","SOLINA-JAWOR                  ","2025","02","13","18",1.8,,,"8",,"N",,"8","SSW",,2,,8,,7,
"249220150","SOLINA-JAWOR                  ","2025","02","14","06",-0.2,,,"8",,"N",,"8","C  ",,0,,8,,4,
"249220150","SOLINA-JAWOR                  ","2025","02","14","12",0.3,,,"8",,"N",,"8","NNW",,1,,8,,2,
"249220150","SOLINA-JAWOR                  ","2025","02","14","18",-1.8,,,"8",,"N",,"8","N  ",,2,,8,,4,
"249220150","SOLINA-JAWOR                  ","2025","02","15","06",-6.6,,,"8",,"N",,"8","C  ",,0,,8,,4,
"249220150","SOLINA-JAWOR                  ","2025","02","15","12",-4.1,,,"8",,"N",,"8","NW ",,1,,7,,7,
"249220150","SOLINA-JAWOR                  ","2025","02","15","18",-4.9,,,"8",,"N",,"8","C  ",,0,,8,,4,
"249220150","SOLINA-JAWOR                  ","2025","02","16","06",-6.8,,,"8",,"N",,"8","C  ",,0,,8,,4,
"249220150","SOLINA-JAWOR                  ","2025","02","16","12",-3.2,,,"8",,"N",,"8","WSW",,1,,6,,8,
"249220150","SOLINA-JAWOR                  ","2025","02","16","18",-5.8,,,"8",,"N",,"8","C  ",,0,,8,,5,
"249220150","SOLINA-JAWOR                  ","2025","02","17","06",-9.6,,,"8",,"N",,"8","C  ",,0,,6,,7,
"249220150","SOLINA-JAWOR                  ","2025","02","17","12",-3.1,,,"8",,"N",,"8","NNE",,2,,3,,8,
"249220150","SOLINA-JAWOR                  ","2025","02","17","18",-5.9,,,"8",,"N",,"8","ESE",,1,,0,,5,
"249220150","SOLINA-JAWOR                  ","2025","02","18","06",-14.1,,,"8","L","N",,"8","C  ",,0,,0,,7,
"249220150","SOLINA-JAWOR                  ","2025","02","18","12",-3.0,,,"8",,"N",,"8","WNW",,2,,2,,8,
"249220150","SOLINA-JAWOR                  ","2025","02","18","18",-7.6,,,"8",,"N",,"8","C  ",,0,,0,,7,
"249220150","SOLINA-JAWOR                  ","2025","02","19","06",-6.7,,,"8",,"N",,"8","C  ",,0,,8,,4,
"249220150","SOLINA-JAWOR                  ","2025","02","19","12",-1.8,,,"8",,"N",,"8","W  ",,1,,6,,7,
"249220150","SOLINA-JAWOR                  ","2025","02","19","18",-6.6,,,"8",,"N",,"8","C  ",,0,,4,,7,
"249220150","SOLINA-JAWOR                  ","2025","02","20","06",-8.5,,,"8",,"N",,"8","C  ",,0,,8,,5,
"249220150","SOLINA-JAWOR                  ","2025","02","20","12",-1.6,,,"8",,"N",,"8","E  ",,1,,4,,8,
"249220150","SOLINA-JAWOR                  ","2025","02","20","18",-4.4,,,"8",,"N",,"8","C  ",,0,,0,,7,
"249220150","SOLINA-JAWOR                  ","2025","02","21","06",-11.8,,,"8","L","N",,"8","C  ",,0,,0,,7,
"249220150","SOLINA-JAWOR                  ","2025","02","21","12",2.4,,,"8",,"N",,"8","WSW",,2,,0,,8,
"249220150","SOLINA-JAWOR                  ","2025","02","21","18",-1.4,,,"8",,"N",,"8","SW ",,1,,2,,7,
"249220150","SOLINA-JAWOR                  ","2025","02","22","06",-5.3,,,"8",,"N",,"8","SSW",,1,,0,,7,
"249220150","SOLINA-JAWOR                  ","2025","02","22","12",2.8,,,"8",,"N",,"8","SW ",,2,,5,,8,
"249220150","SOLINA-JAWOR                  ","2025","02","22","18",-0.8,,,"8",,"N",,"8","S  ",,1,,0,,7,
"249220150","SOLINA-JAWOR                  ","2025","02","23","06",-1.3,,,"8",,"N",,"8","SSW",,1,,3,,7,
"249220150","SOLINA-JAWOR                  ","2025","02","23","12",4.1,,,"8",,"N",,"8","SSW",,2,,4,,8,
"249220150","SOLINA-JAWOR                  ","2025","02","23","18",1.4,,,"8",,"N",,"8","C  ",,0,,8,,7,
"249220150","SOLINA-JAWOR                  ","2025","02","24","06",2.1,,,"8",,"N",,"8","SSW",,2,,8,,5,
"249220150","SOLINA-JAWOR                  ","2025","02","24","12",3.3,,,"8",,"N",,"8","SSW",,2,,8,,7,
"249220150","SOLINA-JAWOR                  ","2025","02","24","18",1.2,,,"8",,"N",,"8","C  ",,0,,8,,7,
"249220150","SOLINA-JAWOR                  ","2025","02","25","06",0.8,,,"8",,"N",,"8","C  ",,0,,8,,5,
"249220150","SOLINA-JAWOR                  ","2025","02","25","12",9.2,,,"8","W","N",,"8","SSW",,2,,5,,8,
"249220150","SOLINA-JAWOR                  ","2025","02","25","18",3.3,,,"8",,"N",,"8","SSW",,3,,4,,7,
"249220150","SOLINA-JAWOR                  ","2025","02","26","06",-1.9,,,"8",,"N",,"8","C  ",,0,,8,,5,
"249220150","SOLINA-JAWOR                  ","2025","02","26","12",9.8,,,"8","W","N",,"8","SSW",,3,,6,,8,
"249220150","SOLINA-JAWOR                  ","2025","02","26","18",4.9,,,"8",,"N",,"8","C  ",,0,,8,,7,
"249220150","SOLINA-JAWOR                  ","2025","02","27","06",0.7,,,"8",,"N",,"8","C  ",,0,,8,,5,
"249220150","SOLINA-JAWOR                  ","2025","02","27","12",9.0,,,"8","W","N",,"8","SSW",,1,,8,,8,
"249220150","SOLINA-JAWOR                  ","2025","02","27","18",6.1,,,"8","W","N",,"8","C  ",,0,,8,,5,
"249220150","SOLINA-JAWOR                  ","2025","02","28","06",2.3,,,"8",,"N",,"8","C  ",,0,,8,,4,
"249220150","SOLINA-JAWOR                  ","2025","02","28","12",2.6,,,"8",,"N",,"8","C  ",,0,,8,,3,
"249220150","SOLINA-JAWOR                  ","2025","02","28","18",2.4,,,"8",,"N",,"8","C  ",,0,,8,,1,
"249220180","KOMAÑCZA                      ","2025","02","01","06",-4.8,,-5.1,,"L","W",89,,"C  ",,0,,8,,6,
"249220180","KOMAÑCZA                      ","2025","02","01","12",1.6,,0.0,,"W","W",73,,"NW ",,2,,8,,6,
"249220180","KOMAÑCZA                      ","2025","02","01","18",-2.8,,-3.0,,"L","W",93,,"C  ",,0,,0,,2,
"249220180","KOMAÑCZA                      ","2025","02","02","06",-2.8,,-3.0,,"L","W",93,,"C  ",,0,,8,,4,
"249220180","KOMAÑCZA                      ","2025","02","02","12",0.2,,-1.0,,"W","W",79,,"ENE",,1,,8,,6,
"249220180","KOMAÑCZA                      ","2025","02","02","18",-2.4,,-2.8,,"L","W",90,,"C  ",,0,,0,,2,
"249220180","KOMAÑCZA                      ","2025","02","03","06",-1.4,,-2.0,,"L","W",87,,"NNE",,2,,8,,5,
"249220180","KOMAÑCZA                      ","2025","02","03","12",0.0,,-2.0,,"L","W",65,,"NW ",,3,,8,,6,
"249220180","KOMAÑCZA                      ","2025","02","03","18",-2.6,,-3.6,,"L","W",78,,"N  ",,1,,8,,4,
"249220180","KOMAÑCZA                      ","2025","02","04","06",-2.8,,-3.3,,"L","W",87,,"C  ",,0,,8,,5,
"249220180","KOMAÑCZA                      ","2025","02","04","12",1.0,,-0.6,,"W","W",73,,"NW ",,3,,8,,6,
"249220180","KOMAÑCZA                      ","2025","02","04","18",0.2,,-1.1,,"W","W",77,,"C  ",,0,,8,,4,
"249220180","KOMAÑCZA                      ","2025","02","05","06",-3.0,,-3.2,,"L","W",93,,"NW ",,1,,8,,5,
"249220180","KOMAÑCZA                      ","2025","02","05","12",4.2,,0.8,,"W","W",51,,"NNW",,1,,6,,6,
"249220180","KOMAÑCZA                      ","2025","02","05","18",0.8,,-0.9,,"W","W",71,,"NNW",,1,,8,,4,
"249220180","KOMAÑCZA                      ","2025","02","06","06",-1.8,,-2.0,,"L","W",94,,"N  ",,2,,8,,5,
"249220180","KOMAÑCZA                      ","2025","02","06","12",-0.3,,-0.4,,"L","W",98,,"ENE",,1,,8,,6,
"249220180","KOMAÑCZA                      ","2025","02","06","18",-0.8,,-1.0,,"L","W",96,,"ENE",,1,,8,,2,
"249220180","KOMAÑCZA                      ","2025","02","07","06",-6.0,,-6.3,,"L","W",87,,"C  ",,0,,8,,6,
"249220180","KOMAÑCZA                      ","2025","02","07","12",2.6,,-0.2,,"W","W",56,,"ENE",,2,,0,,6,
"249220180","KOMAÑCZA                      ","2025","02","07","18",-3.0,,-4.0,,"L","W",77,,"C  ",,0,,0,,4,
"249220180","KOMAÑCZA                      ","2025","02","08","06",-7.6,,-7.9,,"L","W",85,,"C  ",,0,,4,,5,
"249220180","KOMAÑCZA                      ","2025","02","08","12",4.9,,0.0,,"W","W",32,,"SSE",,2,,2,,6,
"249220180","KOMAÑCZA                      ","2025","02","08","18",-3.2,,-4.0,,"L","W",81,,"NNW",,1,,0,,4,
"249220180","KOMAÑCZA                      ","2025","02","09","06",-8.6,,-8.9,,"L","W",84,,"WNW",,1,,5,,6,
"249220180","KOMAÑCZA                      ","2025","02","09","12",7.1,,1.4,,"W","W",29,,"SW ",,2,,7,,6,
"249220180","KOMAÑCZA                      ","2025","02","09","18",-3.2,,-4.5,,"L","W",71,,"C  ",,0,,3,,4,
"249220180","KOMAÑCZA                      ","2025","02","10","06",-11.8,,-11.8,,"L","W",89,,"C  ",,0,,0,,6,
"249220180","KOMAÑCZA                      ","2025","02","10","12",4.7,,-0.2,,"W","W",32,,"E  ",,3,,0,,6,
"249220180","KOMAÑCZA                      ","2025","02","10","18",-2.0,,-4.1,,"L","W",58,,"N  ",,2,,0,,6,
"249220180","KOMAÑCZA                      ","2025","02","11","06",-12.9,,-13.0,,"L","W",85,,"C  ",,0,,0,,6,
"249220180","KOMAÑCZA                      ","2025","02","11","12",4.9,,0.0,,"W","W",32,,"W  ",,1,,0,,6,
"249220180","KOMAÑCZA                      ","2025","02","11","18",-5.8,,-6.3,,"L","W",83,,"C  ",,0,,2,,6,
"249220180","KOMAÑCZA                      ","2025","02","12","06",-12.2,,-12.4,,"L","W",82,,"WNW",,1,,0,,6,
"249220180","KOMAÑCZA                      ","2025","02","12","12",4.2,,-1.0,,"W","W",26,,"SSE",,4,,0,,6,
"249220180","KOMAÑCZA                      ","2025","02","12","18",-4.4,,-6.0,,"L","W",62,,"C  ",,0,,3,,6,
"249220180","KOMAÑCZA                      ","2025","02","13","06",-0.2,,-3.1,,"W","W",48,,"SSW",,2,,8,,6,
"249220180","KOMAÑCZA                      ","2025","02","13","12",0.6,,-1.3,,"W","W",67,,"SSE",,3,,8,,6,
"249220180","KOMAÑCZA                      ","2025","02","13","18",0.0,,-1.5,,"W","W",73,,"SE ",,2,,8,,4,
"249220180","KOMAÑCZA                      ","2025","02","14","06",-0.4,,-0.6,,"W","W",96,,"C  ",,0,,8,,3,
"249220180","KOMAÑCZA                      ","2025","02","14","12",0.4,,-0.2,,"W","W",89,,"NW ",,3,,8,,6,
"249220180","KOMAÑCZA                      ","2025","02","14","18",-1.8,,-2.0,,"L","W",94,,"NNW",,4,,8,,2,
"249220180","KOMAÑCZA                      ","2025","02","15","06",-6.4,,-6.7,,"L","W",87,,"NNW",,2,,8,,6,
"249220180","KOMAÑCZA                      ","2025","02","15","12",-3.8,,-4.9,,"L","W",73,,"NNW",,1,,7,,6,
"249220180","KOMAÑCZA                      ","2025","02","15","18",-6.0,,-6.3,,"L","W",87,,"C  ",,0,,8,,4,
"249220180","KOMAÑCZA                      ","2025","02","16","06",-10.4,,-10.5,,"L","W",87,,"NW ",,1,,8,,6,
"249220180","KOMAÑCZA                      ","2025","02","16","12",-3.0,,-5.0,,"L","W",58,,"N  ",,2,,6,,6,
"249220180","KOMAÑCZA                      ","2025","02","16","18",-8.8,,-9.4,,"L","W",76,,"NNW",,1,,8,,4,
"249220180","KOMAÑCZA                      ","2025","02","17","06",-9.2,,-9.3,,"L","W",89,,"C  ",,0,,4,,4,
"249220180","KOMAÑCZA                      ","2025","02","17","12",-2.4,,-5.3,,"L","W",43,,"NE ",,3,,1,,6,
"249220180","KOMAÑCZA                      ","2025","02","17","18",-9.6,,-10.2,,"L","W",74,,"NNW",,1,,0,,4,
"249220180","KOMAÑCZA                      ","2025","02","18","06",-17.9,,-17.9,,"L","W",84,,"NW ",,1,,1,,6,
"249220180","KOMAÑCZA                      ","2025","02","18","12",-4.0,,-6.6,,"L","W",43,,"N  ",,2,,3,,6,
"249220180","KOMAÑCZA                      ","2025","02","18","18",-11.4,,-11.8,,"L","W",77,,"WNW",,1,,0,,4,
"249220180","KOMAÑCZA                      ","2025","02","19","06",-8.0,,-8.1,,"L","W",90,,"C  ",,0,,8,,3,
"249220180","KOMAÑCZA                      ","2025","02","19","12",-2.4,,-3.4,,"L","W",78,,"NW ",,4,,3,,6,
"249220180","KOMAÑCZA                      ","2025","02","19","18",-8.8,,-9.3,,"L","W",78,,"WNW",,1,,0,,4,
"249220180","KOMAÑCZA                      ","2025","02","20","06",-11.8,,-11.8,,"L","W",89,,"C  ",,0,,8,,5,
"249220180","KOMAÑCZA                      ","2025","02","20","12",-1.4,,-3.6,,"L","W",58,,"NE ",,2,,5,,6,
"249220180","KOMAÑCZA                      ","2025","02","20","18",-7.0,,-7.9,,"L","W",71,,"NW ",,1,,0,,4,
"249220180","KOMAÑCZA                      ","2025","02","21","06",-16.3,,-16.3,,"L","W",85,,"C  ",,0,,0,,6,
"249220180","KOMAÑCZA                      ","2025","02","21","12",1.8,,-2.2,,"L","W",39,,"S  ",,3,,0,,6,
"249220180","KOMAÑCZA                      ","2025","02","21","18",-2.8,,-4.9,,"L","W",56,,"E  ",,1,,0,,6,
"249220180","KOMAÑCZA                      ","2025","02","22","06",-4.2,,-6.1,,"L","W",56,,"SE ",,3,,0,,6,
"249220180","KOMAÑCZA                      ","2025","02","22","12",2.0,,-2.0,,"W","W",36,,"SSE",,3,,0,,6,
"249220180","KOMAÑCZA                      ","2025","02","22","18",-1.0,,-3.7,,"L","W",51,,"SE ",,2,,8,,6,
"249220180","KOMAÑCZA                      ","2025","02","23","06",-1.6,,-4.4,,"L","W",47,,"W  ",,1,,6,,6,
"249220180","KOMAÑCZA                      ","2025","02","23","12",2.2,,-1.9,,"W","W",36,,"SSE",,2,,5,,6,
"249220180","KOMAÑCZA                      ","2025","02","23","18",0.6,,-2.5,,"W","W",47,,"N  ",,1,,6,,6,
"249220180","KOMAÑCZA                      ","2025","02","24","06",0.8,,-1.9,,"L","W",56,,"W  ",,2,,8,,6,
"249220180","KOMAÑCZA                      ","2025","02","24","12",0.0,,-0.9,,"W","W",84,,"SSW",,1,,8,,6,
"249220180","KOMAÑCZA                      ","2025","02","24","18",-0.6,,-1.5,,"W","W",83,,"W  ",,1,,8,,4,
"249220180","KOMAÑCZA                      ","2025","02","25","06",-0.6,,-0.8,,"L","W",96,,"W  ",,2,,8,,5,
"249220180","KOMAÑCZA                      ","2025","02","25","12",4.4,,2.3,,"W","W",69,,"WSW",,3,,0,,6,
"249220180","KOMAÑCZA                      ","2025","02","25","18",0.4,,-0.6,,"W","W",82,,"SSE",,1,,0,,4,
"249220180","KOMAÑCZA                      ","2025","02","26","06",-1.0,,-1.4,,"L","W",92,,"E  ",,1,,4,,5,
"249220180","KOMAÑCZA                      ","2025","02","26","12",7.5,,4.1,,"W","W",57,,"SE ",,3,,3,,6,
"249220180","KOMAÑCZA                      ","2025","02","26","18",0.0,,-1.0,,"W","W",82,,"WNW",,1,,0,,4,
"249220180","KOMAÑCZA                      ","2025","02","27","06",1.6,,0.9,,"W","W",88,,"C  ",,0,,8,,6,
"249220180","KOMAÑCZA                      ","2025","02","27","12",7.9,,4.9,,"W","W",62,,"SSE",,2,,8,,6,
"249220180","KOMAÑCZA                      ","2025","02","27","18",3.6,,2.2,,"W","W",79,,"NW ",,1,,8,,4,
"249220180","KOMAÑCZA                      ","2025","02","28","06",1.8,,1.6,,"W","W",97,,"C  ",,0,,8,,4,
"249220180","KOMAÑCZA                      ","2025","02","28","12",3.6,,3.4,,"W","W",97,,"WSW",,1,,8,,6,
"249220180","KOMAÑCZA                      ","2025","02","28","18",1.8,,1.8,,"W","W",100,,"ENE",,1,,8,,2,
"250180580","DRONIOWICE                    ","2025","02","01","06",0.4,,0.2,,"W","N",96,,"W  ",,4,,8,,4,
"250180580","DRONIOWICE                    ","2025","02","01","12",2.4,,1.7,,"W","N",87,,"WNW",,5,,8,,5,
"250180580","DRONIOWICE                    ","2025","02","01","18",1.4,,1.0,,"W","N",92,,"WSW",,1,,8,,5,
"250180580","DRONIOWICE                    ","2025","02","02","06",0.2,,-0.4,,"W","N",88,,"C  ",,0,,8,,5,
"250180580","DRONIOWICE                    ","2025","02","02","12",2.5,,0.7,,"W","N",68,,"WNW",,4,,6,,7,
"250180580","DRONIOWICE                    ","2025","02","02","18",-0.2,,-0.6,,"W","N",92,,"NW ",,2,,7,,5,
"250180580","DRONIOWICE                    ","2025","02","03","06",-1.0,,-1.0,,"L","N",99,,"N  ",,3,,8,,4,
"250180580","DRONIOWICE                    ","2025","02","03","12",0.0,,-0.5,,"L","N",90,,"WNW",,2,,8,,5,
"250180580","DRONIOWICE                    ","2025","02","03","18",-2.0,,-2.0,,"L","N",98,,"SW ",,1,,6,,4,
"250180580","DRONIOWICE                    ","2025","02","04","06",-3.9,,-3.9,,"L","N",96,,"SE ",,1,,8,,4,
"250180580","DRONIOWICE                    ","2025","02","04","12",4.7,,1.5,,"W","N",50,,"WSW",,3,,2,,7,
"250180580","DRONIOWICE                    ","2025","02","04","18",-0.4,,-1.4,,"L","N",80,,"SE ",,1,,6,,5,
"250180580","DRONIOWICE                    ","2025","02","05","06",-3.4,,-3.8,,"L","N",88,,"SW ",,1,,6,,5,
"250180580","DRONIOWICE                    ","2025","02","05","12",4.8,,1.8,,"W","N",53,,"NW ",,4,,2,,7,
"250180580","DRONIOWICE                    ","2025","02","05","18",1.1,,0.4,,"W","N",87,,"NW ",,3,,8,,5,
"250180580","DRONIOWICE                    ","2025","02","06","06",0.6,,0.6,,"W","N",100,,"NW ",,2,,8,,2,
"250180580","DRONIOWICE                    ","2025","02","06","12",2.2,,2.0,,"W","N",96,,"NNE",,2,,8,,4,
"250180580","DRONIOWICE                    ","2025","02","06","18",2.3,,2.1,,"W","N",96,,"ENE",,1,,8,,4,
"250180580","DRONIOWICE                    ","2025","02","07","06",0.4,,0.0,,"W","N",92,,"ESE",,2,,8,,4,
"250180580","DRONIOWICE                    ","2025","02","07","12",0.9,,-0.8,,"W","N",68,,"ESE",,5,,7,,7,
"250180580","DRONIOWICE                    ","2025","02","07","18",0.2,,-0.9,,"W","N",78,,"SE ",,5,,8,,6,
"250180580","DRONIOWICE                    ","2025","02","08","06",-2.5,,-3.4,,"L","N",78,,"ESE",,3,,6,,6,
"250180580","DRONIOWICE                    ","2025","02","08","12",5.0,,2.0,,"W","N",54,,"ESE",,4,,4,,7,
"250180580","DRONIOWICE                    ","2025","02","08","18",0.0,,-1.1,,"W","N",78,,"ESE",,4,,5,,6,
"250180580","DRONIOWICE                    ","2025","02","09","06",-2.1,,-2.5,,"L","N",89,,"ESE",,2,,8,,5,
"250180580","DRONIOWICE                    ","2025","02","09","12",2.0,,0.3,,"W","N",69,,"SE ",,2,,8,,7,
"250180580","DRONIOWICE                    ","2025","02","09","18",0.6,,-0.6,,"W","N",77,,"E  ",,1,,8,,6,
"250180580","DRONIOWICE                    ","2025","02","10","06",-4.8,,-5.1,,"L","N",88,,"E  ",,2,,6,,5,
"250180580","DRONIOWICE                    ","2025","02","10","12",3.4,,0.4,,"W","N",50,,"ENE",,3,,3,,7,
"250180580","DRONIOWICE                    ","2025","02","10","18",-2.3,,-3.7,,"L","N",68,,"ESE",,2,,5,,7,
"250180580","DRONIOWICE                    ","2025","02","11","06",-7.2,,-7.4,,"L","N",88,,"E  ",,2,,3,,6,
"250180580","DRONIOWICE                    ","2025","02","11","12",3.4,,-0.1,,"W","N",42,,"ESE",,4,,2,,8,
"250180580","DRONIOWICE                    ","2025","02","11","18",-3.0,,-4.3,,"L","N",68,,"SE ",,4,,5,,7,
"250180580","DRONIOWICE                    ","2025","02","12","06",-7.6,,-7.6,,"L","N",93,,"ESE",,2,,7,,5,
"250180580","DRONIOWICE                    ","2025","02","12","12",2.4,,-0.6,,"L","N",51,,"SE ",,2,,7,,7,
"250180580","DRONIOWICE                    ","2025","02","12","18",0.8,,-0.5,,"W","N",75,,"S  ",,2,,8,,6,
"250180580","DRONIOWICE                    ","2025","02","13","06",-0.4,,-0.6,,"L","N",96,,"SSE",,2,,8,,4,
"250180580","DRONIOWICE                    ","2025","02","13","12",3.6,,1.9,,"W","N",72,,"SW ",,2,,8,,6,
"250180580","DRONIOWICE                    ","2025","02","13","18",2.1,,1.1,,"W","N",82,,"SSE",,2,,8,,5,
"250180580","DRONIOWICE                    ","2025","02","14","06",-0.8,,-0.8,,"L","N",99,,"NW ",,4,,8,,3,
"250180580","DRONIOWICE                    ","2025","02","14","12",-1.8,,-1.8,,"L","N",98,,"WNW",,4,,8,,3,
"250180580","DRONIOWICE                    ","2025","02","14","18",-4.2,,-4.2,,"L","N",96,,"NW ",,1,,6,,4,
"250180580","DRONIOWICE                    ","2025","02","15","06",-6.0,,-6.5,,"L","N",81,,"NW ",,2,,3,,7,
"250180580","DRONIOWICE                    ","2025","02","15","12",-2.0,,-3.5,,"L","N",66,,"NNE",,2,,7,,7,
"250180580","DRONIOWICE                    ","2025","02","15","18",-5.4,,-6.1,,"L","N",77,,"SW ",,1,,7,,6,
"250180580","DRONIOWICE                    ","2025","02","16","06",-9.2,,-9.2,,"L","N",91,,"SSW",,1,,6,,6,
"250180580","DRONIOWICE                    ","2025","02","16","12",-1.4,,-2.8,,"L","N",70,,"WNW",,1,,6,,6,
"250180580","DRONIOWICE                    ","2025","02","16","18",-3.8,,-3.9,,"L","N",94,,"NE ",,2,,8,,4,
"250180580","DRONIOWICE                    ","2025","02","17","06",-13.0,,-13.0,,"L","N",88,,"C  ",,0,,6,,5,
"250180580","DRONIOWICE                    ","2025","02","17","12",-2.0,,-3.8,,"L","N",60,,"NW ",,1,,4,,7,
"250180580","DRONIOWICE                    ","2025","02","17","18",-7.0,,-7.5,,"L","N",80,,"C  ",,0,,6,,6,
"250180580","DRONIOWICE                    ","2025","02","18","06",-9.8,,-9.8,,"L","N",91,,"C  ",,0,,3,,6,
"250180580","DRONIOWICE                    ","2025","02","18","12",-1.4,,-3.4,,"L","N",58,,"WNW",,4,,4,,7,
"250180580","DRONIOWICE                    ","2025","02","18","18",-4.6,,-5.3,,"L","N",79,,"WNW",,2,,5,,6,
"250180580","DRONIOWICE                    ","2025","02","19","06",-5.6,,-6.1,,"L","N",82,,"SW ",,2,,6,,5,
"250180580","DRONIOWICE                    ","2025","02","19","12",0.4,,-1.8,,"L","N",59,,"WNW",,3,,2,,8,
"250180580","DRONIOWICE                    ","2025","02","19","18",-2.6,,-4.0,,"L","N",67,,"S  ",,1,,6,,7,
"250180580","DRONIOWICE                    ","2025","02","20","06",-8.6,,-8.7,,"L","N",89,,"E  ",,1,,4,,6,
"250180580","DRONIOWICE                    ","2025","02","20","12",3.8,,0.0,,"W","N",39,,"S  ",,3,,2,,8,
"250180580","DRONIOWICE                    ","2025","02","20","18",-1.8,,-3.5,,"L","N",63,,"SE ",,2,,5,,7,
"250180580","DRONIOWICE                    ","2025","02","21","06",-5.4,,-6.0,,"L","N",80,,"SSE",,3,,4,,6,
"250180580","DRONIOWICE                    ","2025","02","21","12",4.8,,0.9,,"W","N",40,,"SW ",,4,,4,,7,
"250180580","DRONIOWICE                    ","2025","02","21","18",0.0,,-1.6,,"L","N",69,,"S  ",,2,,6,,7,
"250180580","DRONIOWICE                    ","2025","02","22","06",-2.7,,-4.1,,"L","N",67,,"S  ",,3,,4,,7,
"250180580","DRONIOWICE                    ","2025","02","22","12",8.2,,3.2,,"W","N",34,,"SW ",,3,,2,,7,
"250180580","DRONIOWICE                    ","2025","02","22","18",-0.7,,-2.2,,"L","N",69,,"S  ",,1,,5,,7,
"250180580","DRONIOWICE                    ","2025","02","23","06",-0.4,,-2.5,,"L","N",59,,"SSW",,2,,3,,7,
"250180580","DRONIOWICE                    ","2025","02","23","12",4.3,,1.0,,"W","N",48,,"SW ",,3,,8,,7,
"250180580","DRONIOWICE                    ","2025","02","23","18",1.3,,1.0,,"W","N",94,,"SW ",,2,,8,,4,
"250180580","DRONIOWICE                    ","2025","02","24","06",3.8,,3.8,,"W","N",100,,"WNW",,2,,8,,1,
"250180580","DRONIOWICE                    ","2025","02","24","12",6.2,,5.7,,"W","N",92,,"W  ",,3,,8,,4,
"250180580","DRONIOWICE                    ","2025","02","24","18",0.2,,0.2,,"W","N",100,,"C  ",,0,,7,,1,
"250180580","DRONIOWICE                    ","2025","02","25","06",0.9,,0.8,,"W","N",98,,"S  ",,3,,6,,4,
"250180580","DRONIOWICE                    ","2025","02","25","12",9.2,,6.4,,"W","N",64,,"SW ",,3,,7,,7,
"250180580","DRONIOWICE                    ","2025","02","25","18",6.8,,5.0,,"W","N",74,,"SSW",,2,,8,,6,
"250180580","DRONIOWICE                    ","2025","02","26","06",3.4,,2.9,,"W","N",91,,"SSE",,2,,8,,4,
"250180580","DRONIOWICE                    ","2025","02","26","12",9.3,,6.7,,"W","N",66,,"SW ",,4,,8,,7,
"250180580","DRONIOWICE                    ","2025","02","26","18",6.2,,4.7,,"W","N",78,,"SW ",,2,,8,,6,
"250180580","DRONIOWICE                    ","2025","02","27","06",3.2,,2.9,,"W","N",95,,"SW ",,1,,8,,4,
"250180580","DRONIOWICE                    ","2025","02","27","12",8.9,,7.7,,"W","N",84,,"W  ",,1,,8,,5,
"250180580","DRONIOWICE                    ","2025","02","27","18",6.2,,5.3,,"W","N",86,,"S  ",,2,,8,,5,
"250180580","DRONIOWICE                    ","2025","02","28","06",3.4,,3.1,,"W","N",95,,"WNW",,2,,8,,4,
"250180580","DRONIOWICE                    ","2025","02","28","12",6.0,,4.6,,"W","N",79,,"WNW",,6,,7,,6,
"250180580","DRONIOWICE                    ","2025","02","28","18",1.2,,0.8,,"W","N",92,,"NNW",,3,,8,,4,
"250190390","KRAKÓW-OBSERWATORIUM          ","2025","02","01","06",1.6,,0.2,,"W","W",77,,"W  ",,2,,7,,8,
"250190390","KRAKÓW-OBSERWATORIUM          ","2025","02","01","12",4.1,,1.9,,"W","W",67,,"WSW",,2,,7,,8,
"250190390","KRAKÓW-OBSERWATORIUM          ","2025","02","01","18",3.2,,1.2,,"W","W",69,,"W  ",,1,,7,,8,
"250190390","KRAKÓW-OBSERWATORIUM          ","2025","02","02","06",0.7,,0.0,,"W","W",88,,"C  ",,0,,8,,7,
"250190390","KRAKÓW-OBSERWATORIUM          ","2025","02","02","12",2.1,,0.2,,"W","W",69,,"WSW",,1,,4,,7,
"250190390","KRAKÓW-OBSERWATORIUM          ","2025","02","02","18",-0.2,,-1.2,,"W","W",82,,"W  ",,1,,4,,8,
"250190390","KRAKÓW-OBSERWATORIUM          ","2025","02","03","06",-0.9,,-1.2,,"L","W",94,,"C  ",,0,,7,,6,
"250190390","KRAKÓW-OBSERWATORIUM          ","2025","02","03","12",2.4,,0.0,,"W","W",62,,"W  ",,2,,3,,8,
"250190390","KRAKÓW-OBSERWATORIUM          ","2025","02","03","18",-1.0,,-1.9,,"L","W",82,,"W  ",,1,,2,,8,
"250190390","KRAKÓW-OBSERWATORIUM          ","2025","02","04","06",-3.0,,-3.3,,"W","W",94,,"S  ",,1,,2,,7,
"250190390","KRAKÓW-OBSERWATORIUM          ","2025","02","04","12",5.2,,1.4,,"W","W",47,,"S  ",,1,,1,,9,
"250190390","KRAKÓW-OBSERWATORIUM          ","2025","02","04","18",0.6,,-0.9,,"W","W",74,,"SSE",,1,,6,,8,
"250190390","KRAKÓW-OBSERWATORIUM          ","2025","02","05","06",-2.4,,-2.9,,"L","W",88,,"W  ",,1,,3,,6,
"250190390","KRAKÓW-OBSERWATORIUM          ","2025","02","05","12",7.0,,2.5,,"W","W",42,,"WSW",,2,,0,,8,
"250190390","KRAKÓW-OBSERWATORIUM          ","2025","02","05","18",2.1,,-0.3,,"W","W",61,,"WNW",,2,,0,,7,
"250190390","KRAKÓW-OBSERWATORIUM          ","2025","02","06","06",1.0,,0.6,,"W","W",93,,"W  ",,1,,8,,6,
"250190390","KRAKÓW-OBSERWATORIUM          ","2025","02","06","12",2.7,,1.6,,"W","W",82,,"C  ",,0,,8,,6,
"250190390","KRAKÓW-OBSERWATORIUM          ","2025","02","06","18",2.5,,1.6,,"W","W",85,,"ENE",,2,,8,,6,
"250190390","KRAKÓW-OBSERWATORIUM          ","2025","02","07","06",0.0,,-0.6,,"W","W",89,,"E  ",,3,,8,,5,
"250190390","KRAKÓW-OBSERWATORIUM          ","2025","02","07","12",0.7,,-0.9,,"W","W",72,,"E  ",,4,,8,,7,
"250190390","KRAKÓW-OBSERWATORIUM          ","2025","02","07","18",0.7,,-1.3,,"W","W",65,,"E  ",,4,,5,,8,
"250190390","KRAKÓW-OBSERWATORIUM          ","2025","02","08","06",-1.9,,-2.9,,"L","W",79,,"ENE",,2,,5,,8,
"250190390","KRAKÓW-OBSERWATORIUM          ","2025","02","08","12",6.0,,1.8,,"W","W",44,,"ENE",,3,,5,,8,
"250190390","KRAKÓW-OBSERWATORIUM          ","2025","02","08","18",0.6,,-1.1,,"L","W",71,,"ENE",,2,,2,,8,
"250190390","KRAKÓW-OBSERWATORIUM          ","2025","02","09","06",-4.0,,-4.4,,"L","W",88,,"E  ",,2,,3,,8,
"250190390","KRAKÓW-OBSERWATORIUM          ","2025","02","09","12",3.5,,0.6,,"W","W",56,,"ENE",,2,,2,,8,
"250190390","KRAKÓW-OBSERWATORIUM          ","2025","02","09","18",0.9,,-1.3,,"L","W",64,,"ENE",,2,,5,,8,
"250190390","KRAKÓW-OBSERWATORIUM          ","2025","02","10","06",-4.6,,-5.4,,"L","W",78,,"E  ",,1,,1,,7,
"250190390","KRAKÓW-OBSERWATORIUM          ","2025","02","10","12",0.8,,-0.1,,"W","W",84,,"ENE",,3,,0,,7,
"250190390","KRAKÓW-OBSERWATORIUM          ","2025","02","10","18",-0.6,,-2.6,,"L","W",64,,"NE ",,2,,0,,8,
"250190390","KRAKÓW-OBSERWATORIUM          ","2025","02","11","06",-5.8,,-6.2,,"L","W",85,,"E  ",,3,,0,,7,
"250190390","KRAKÓW-OBSERWATORIUM          ","2025","02","11","12",0.1,,-2.1,,"L","W",62,,"E  ",,4,,0,,7,
"250190390","KRAKÓW-OBSERWATORIUM          ","2025","02","11","18",-4.5,,-5.3,,"L","W",78,,"ENE",,3,,0,,7,
"250190390","KRAKÓW-OBSERWATORIUM          ","2025","02","12","06",-7.8,,-7.7,,"L","W",95,,"E  ",,2,,2,,6,
"250190390","KRAKÓW-OBSERWATORIUM          ","2025","02","12","12",2.1,,0.0,,"W","W",66,,"ENE",,2,,3,,7,
"250190390","KRAKÓW-OBSERWATORIUM          ","2025","02","12","18",1.1,,-1.1,,"W","W",63,,"C  ",,0,,8,,7,
"250190390","KRAKÓW-OBSERWATORIUM          ","2025","02","13","06",-0.8,,-2.3,,"L","W",72,,"NE ",,1,,8,,8,
"250190390","KRAKÓW-OBSERWATORIUM          ","2025","02","13","12",4.4,,0.8,,"W","W",48,,"SSE",,1,,7,,7,
"250190390","KRAKÓW-OBSERWATORIUM          ","2025","02","13","18",3.6,,1.2,,"W","W",64,,"NE ",,1,,8,,7,
"250190390","KRAKÓW-OBSERWATORIUM          ","2025","02","14","06",0.6,,0.2,,"W","W",93,,"W  ",,2,,8,,6,
"250190390","KRAKÓW-OBSERWATORIUM          ","2025","02","14","12",0.4,,-0.2,,"W","W",89,,"WNW",,3,,8,,6,
"250190390","KRAKÓW-OBSERWATORIUM          ","2025","02","14","18",-1.1,,-2.6,,"W","W",72,,"NNE",,4,,7,,7,
"250190390","KRAKÓW-OBSERWATORIUM          ","2025","02","15","06",-2.7,,-3.5,,"L","W",81,,"WNW",,1,,8,,7,
"250190390","KRAKÓW-OBSERWATORIUM          ","2025","02","15","12",-0.3,,-3.1,,"L","W",51,,"N  ",,1,,6,,8,
"250190390","KRAKÓW-OBSERWATORIUM          ","2025","02","15","18",-2.5,,-3.6,,"L","W",76,,"W  ",,1,,8,,8,
"250190390","KRAKÓW-OBSERWATORIUM          ","2025","02","16","06",-7.5,,-7.5,,"L","W",93,,"W  ",,1,,3,,7,
"250190390","KRAKÓW-OBSERWATORIUM          ","2025","02","16","12",-1.5,,-3.3,,"L","W",65,,"NW ",,2,,6,,7,
"250190390","KRAKÓW-OBSERWATORIUM          ","2025","02","16","18",-2.3,,-3.6,,"L","W",73,,"N  ",,2,,7,,8,
"250190390","KRAKÓW-OBSERWATORIUM          ","2025","02","17","06",-9.0,,-8.9,,"L","W",94,,"ENE",,1,,0,,7,
"250190390","KRAKÓW-OBSERWATORIUM          ","2025","02","17","12",-0.5,,-3.9,,"L","W",40,,"ESE",,2,,2,,8,
"250190390","KRAKÓW-OBSERWATORIUM          ","2025","02","17","18",-3.3,,-4.9,,"L","W",65,,"E  ",,1,,2,,8,
"250190390","KRAKÓW-OBSERWATORIUM          ","2025","02","18","06",-8.6,,-8.8,,"L","W",86,,"C  ",,0,,6,,6,
"250190390","KRAKÓW-OBSERWATORIUM          ","2025","02","18","12",-0.3,,-3.9,,"L","W",38,,"NNW",,2,,3,,8,
"250190390","KRAKÓW-OBSERWATORIUM          ","2025","02","18","18",-1.4,,-3.8,,"L","W",55,,"WSW",,1,,6,,8,
"250190390","KRAKÓW-OBSERWATORIUM          ","2025","02","19","06",-4.1,,-4.9,,"L","W",79,,"WSW",,2,,7,,7,
"250190390","KRAKÓW-OBSERWATORIUM          ","2025","02","19","12",1.7,,-0.3,,"W","W",67,,"W  ",,1,,5,,8,
"250190390","KRAKÓW-OBSERWATORIUM          ","2025","02","19","18",-1.8,,-3.8,,"L","W",61,,"C  ",,0,,0,,8,
"250190390","KRAKÓW-OBSERWATORIUM          ","2025","02","20","06",-8.0,,-7.9,,"L","W",95,,"C  ",,0,,1,,6,
"250190390","KRAKÓW-OBSERWATORIUM          ","2025","02","20","12",2.6,,-0.1,,"W","W",58,,"NE ",,2,,0,,8,
"250190390","KRAKÓW-OBSERWATORIUM          ","2025","02","20","18",-0.4,,-3.8,,"L","W",41,,"E  ",,3,,0,,8,
"250190390","KRAKÓW-OBSERWATORIUM          ","2025","02","21","06",-8.2,,-8.4,,"L","W",87,,"NE ",,1,,1,,8,
"250190390","KRAKÓW-OBSERWATORIUM          ","2025","02","21","12",5.6,,0.4,,"W","W",30,,"E  ",,2,,5,,8,
"250190390","KRAKÓW-OBSERWATORIUM          ","2025","02","21","18",1.1,,-2.1,,"W","W",47,,"NNE",,1,,1,,8,
"250190390","KRAKÓW-OBSERWATORIUM          ","2025","02","22","06",-6.2,,-6.5,,"L","W",87,,"C  ",,0,,0,,7,
"250190390","KRAKÓW-OBSERWATORIUM          ","2025","02","22","12",7.9,,2.5,,"W","W",34,,"E  ",,2,,0,,8,
"250190390","KRAKÓW-OBSERWATORIUM          ","2025","02","22","18",2.8,,-0.8,,"W","W",45,,"ENE",,1,,0,,8,
"250190390","KRAKÓW-OBSERWATORIUM          ","2025","02","23","06",-4.6,,-5.1,,"L","W",85,,"C  ",,0,,3,,7,
"250190390","KRAKÓW-OBSERWATORIUM          ","2025","02","23","12",8.8,,3.2,,"W","W",34,,"W  ",,2,,5,,8,
"250190390","KRAKÓW-OBSERWATORIUM          ","2025","02","23","18",3.5,,2.5,,"W","W",85,,"W  ",,3,,8,,7,
"250190390","KRAKÓW-OBSERWATORIUM          ","2025","02","24","06",2.7,,2.4,,"W","W",95,,"SSW",,1,,8,,4,
"250190390","KRAKÓW-OBSERWATORIUM          ","2025","02","24","12",5.1,,4.6,,"W","W",93,,"W  ",,1,,8,,4,
"250190390","KRAKÓW-OBSERWATORIUM          ","2025","02","24","18",4.3,,4.0,,"W","W",95,,"NNW",,1,,8,,5,
"250190390","KRAKÓW-OBSERWATORIUM          ","2025","02","25","06",0.8,,0.6,,"W","W",96,,"E  ",,1,,8,,2,
"250190390","KRAKÓW-OBSERWATORIUM          ","2025","02","25","12",11.3,,7.2,,"W","W",55,,"ENE",,1,,5,,8,
"250190390","KRAKÓW-OBSERWATORIUM          ","2025","02","25","18",6.2,,4.9,,"W","W",82,,"E  ",,1,,5,,7,
"250190390","KRAKÓW-OBSERWATORIUM          ","2025","02","26","06",1.8,,1.2,,"W","W",90,,"E  ",,1,,8,,6,
"250190390","KRAKÓW-OBSERWATORIUM          ","2025","02","26","12",10.8,,6.7,,"W","W",54,,"ESE",,1,,8,,7,
"250190390","KRAKÓW-OBSERWATORIUM          ","2025","02","26","18",7.8,,5.8,,"W","W",74,,"E  ",,1,,8,,6,
"250190390","KRAKÓW-OBSERWATORIUM          ","2025","02","27","06",4.8,,3.9,,"W","W",87,,"C  ",,0,,8,,6,
"250190390","KRAKÓW-OBSERWATORIUM          ","2025","02","27","12",10.5,,6.7,,"W","W",57,,"W  ",,1,,7,,7,
"250190390","KRAKÓW-OBSERWATORIUM          ","2025","02","27","18",6.2,,5.8,,"W","W",94,,"NNE",,1,,8,,6,
"250190390","KRAKÓW-OBSERWATORIUM          ","2025","02","28","06",3.6,,3.5,,"W","W",98,,"W  ",,1,,8,,5,
"250190390","KRAKÓW-OBSERWATORIUM          ","2025","02","28","12",5.4,,4.4,,"W","W",86,,"WNW",,3,,7,,7,
"250190390","KRAKÓW-OBSERWATORIUM          ","2025","02","28","18",2.6,,2.3,,"W","W",95,,"W  ",,1,,2,,8,
"250210050","ŒWIÊTY KRZY¯                  ","2025","02","01","06",-0.8,,-1.1,,"L","W",94,,"WNW",,4,,,"8",,"8"
"250210050","ŒWIÊTY KRZY¯                  ","2025","02","01","12",0.4,,-0.3,,"L","W",88,,"WNW",,3,,,"8",,"8"
"250210050","ŒWIÊTY KRZY¯                  ","2025","02","01","18",-1.0,,-1.8,,"L","W",84,,"WNW",,3,,,"8",,"8"
"250210050","ŒWIÊTY KRZY¯                  ","2025","02","02","06",-1.8,,-2.2,,"L","W",91,,"W  ",,4,,,"8",,"8"
"250210050","ŒWIÊTY KRZY¯                  ","2025","02","02","12",0.0,,-1.2,,"L","W",79,,"W  ",,4,,,"8",,"8"
"250210050","ŒWIÊTY KRZY¯                  ","2025","02","02","18",-2.0,,-2.1,,"L","W",96,,"WNW",,4,,,"8",,"8"
"250210050","ŒWIÊTY KRZY¯                  ","2025","02","03","06",-4.1,,-4.0,,"L","W",98,,"N  ",,4,,,"8",,"8"
"250210050","ŒWIÊTY KRZY¯                  ","2025","02","03","12",-1.5,,-2.8,,"L","W",74,,"NW ",,5,,,"8",,"8"
"250210050","ŒWIÊTY KRZY¯                  ","2025","02","03","18",-2.5,,-3.3,,"L","W",82,,"NNE",,4,,,"8",,"8"
"250210050","ŒWIÊTY KRZY¯                  ","2025","02","04","06",-1.5,,-1.6,,"L","W",97,,"NW ",,4,,,"8",,"8"
"250210050","ŒWIÊTY KRZY¯                  ","2025","02","04","12",1.0,,-0.4,,"L","W",77,,"N  ",,2,,,"8",,"8"
"250210050","ŒWIÊTY KRZY¯                  ","2025","02","04","18",0.0,,-1.0,,"L","W",82,,"SSW",,2,,,"8",,"8"
"250210050","ŒWIÊTY KRZY¯                  ","2025","02","05","06",0.0,,-1.8,,"L","W",69,,"WNW",,4,,,"8",,"8"
"250210050","ŒWIÊTY KRZY¯                  ","2025","02","05","12",2.7,,0.5,,"W","W",65,,"NNE",,2,,,"8",,"8"
"250210050","ŒWIÊTY KRZY¯                  ","2025","02","05","18",0.4,,-1.6,,"L","W",66,,"NNW",,6,,,"8",,"8"
"250210050","ŒWIÊTY KRZY¯                  ","2025","02","06","06",-1.1,,-1.1,,"L","W",99,,"NNE",,6,,,"8",,"8"
"250210050","ŒWIÊTY KRZY¯                  ","2025","02","06","12",0.0,,0.0,,"W","W",100,,"NE ",,5,,,"8",,"8"
"250210050","ŒWIÊTY KRZY¯                  ","2025","02","06","18",0.0,,0.0,,"W","W",100,,"ENE",,4,,,"8",,"8"
"250210050","ŒWIÊTY KRZY¯                  ","2025","02","07","06",-3.4,,-3.3,,"L","W",99,,"SSW",,8,,,"8",,"8"
"250210050","ŒWIÊTY KRZY¯                  ","2025","02","07","12",-2.4,,-3.7,,"L","W",72,,"NNE",,4,,,"8",,"8"
"250210050","ŒWIÊTY KRZY¯                  ","2025","02","07","18",-3.9,,-4.9,,"L","W",75,,"SSE",,4,,,"8",,"8"
"250210050","ŒWIÊTY KRZY¯                  ","2025","02","08","06",-5.7,,-6.0,,"L","W",88,,"S  ",,4,,,"8",,"8"
"250210050","ŒWIÊTY KRZY¯                  ","2025","02","08","12",-1.7,,-2.9,,"L","W",76,,"S  ",,5,,,"8",,"8"
"250210050","ŒWIÊTY KRZY¯                  ","2025","02","08","18",-3.6,,-4.3,,"L","W",82,,"S  ",,6,,,"8",,"8"
"250210050","ŒWIÊTY KRZY¯                  ","2025","02","09","06",-6.0,,-6.2,,"L","W",90,,"S  ",,5,,,"8",,"8"
"250210050","ŒWIÊTY KRZY¯                  ","2025","02","09","12",-1.3,,-2.6,,"L","W",75,,"SE ",,2,,,"8",,"8"
"250210050","ŒWIÊTY KRZY¯                  ","2025","02","09","18",-3.0,,-3.9,,"L","W",79,,"S  ",,4,,,"8",,"8"
"250210050","ŒWIÊTY KRZY¯                  ","2025","02","10","06",-7.2,,-7.4,,"L","W",88,,"SSE",,3,,,"8",,"8"
"250210050","ŒWIÊTY KRZY¯                  ","2025","02","10","12",-1.7,,-3.9,,"L","W",57,,"E  ",,3,,,"8",,"8"
"250210050","ŒWIÊTY KRZY¯                  ","2025","02","10","18",-4.4,,-5.4,,"L","W",74,,"E  ",,3,,,"8",,"8"
"250210050","ŒWIÊTY KRZY¯                  ","2025","02","11","06",-7.3,,-8.0,,"L","W",76,,"SE ",,5,,,"8",,"8"
"250210050","ŒWIÊTY KRZY¯                  ","2025","02","11","12",-4.1,,-5.1,,"L","W",75,,"ESE",,3,,,"8",,"8"
"250210050","ŒWIÊTY KRZY¯                  ","2025","02","11","18",-8.7,,-8.6,,"L","W",94,,"SE ",,4,,,"8",,"8"
"250210050","ŒWIÊTY KRZY¯                  ","2025","02","12","06",-7.2,,-7.4,,"L","W",88,,"S  ",,6,,,"8",,"8"
"250210050","ŒWIÊTY KRZY¯                  ","2025","02","12","12",-1.3,,-3.2,,"L","W",64,,"S  ",,3,,,"8",,"8"
"250210050","ŒWIÊTY KRZY¯                  ","2025","02","12","18",-3.4,,-4.6,,"L","W",72,,"S  ",,6,,,"8",,"8"
"250210050","ŒWIÊTY KRZY¯                  ","2025","02","13","06",-3.2,,-4.8,,"L","W",65,,"SW ",,4,,,"8",,"8"
"250210050","ŒWIÊTY KRZY¯                  ","2025","02","13","12",1.1,,-1.2,,"L","W",63,,"SSW",,2,,,"8",,"8"
"250210050","ŒWIÊTY KRZY¯                  ","2025","02","13","18",0.3,,-1.1,,"L","W",76,,"S  ",,4,,,"8",,"8"
"250210050","ŒWIÊTY KRZY¯                  ","2025","02","14","06",-1.3,,-1.3,,"L","W",99,,"WNW",,3,,,"8",,"8"
"250210050","ŒWIÊTY KRZY¯                  ","2025","02","14","12",-3.2,,-3.1,,"L","W",99,,"NNE",,5,,,"8",,"8"
"250210050","ŒWIÊTY KRZY¯                  ","2025","02","14","18",-6.8,,-6.7,,"L","W",96,,"NE ",,5,,,"8",,"8"
"250210050","ŒWIÊTY KRZY¯                  ","2025","02","15","06",-6.6,,-6.5,,"L","W",96,,"N  ",,4,,,"8",,"8"
"250210050","ŒWIÊTY KRZY¯                  ","2025","02","15","12",-4.2,,-4.9,,"L","W",81,,"NNW",,3,,,"8",,"8"
"250210050","ŒWIÊTY KRZY¯                  ","2025","02","15","18",-6.0,,-6.5,,"L","W",83,,"WNW",,3,,,"8",,"8"
"250210050","ŒWIÊTY KRZY¯                  ","2025","02","16","06",-7.9,,-8.1,,"L","W",87,,"WNW",,4,,,"8",,"8"
"250210050","ŒWIÊTY KRZY¯                  ","2025","02","16","12",-4.8,,-5.4,,"L","W",82,,"NNE",,4,,,"8",,"8"
"250210050","ŒWIÊTY KRZY¯                  ","2025","02","16","18",-8.4,,-8.7,,"L","W",84,,"NNE",,3,,,"8",,"8"
"250210050","ŒWIÊTY KRZY¯                  ","2025","02","17","06",-10.2,,-10.5,,"L","W",82,,"N  ",,1,,,"8",,"8"
"250210050","ŒWIÊTY KRZY¯                  ","2025","02","17","12",-4.2,,-6.2,,"L","W",54,,"WSW",,1,,,"8",,"8"
"250210050","ŒWIÊTY KRZY¯                  ","2025","02","17","18",-7.2,,-8.0,,"L","W",73,,"S  ",,2,,,"8",,"8"
"250210050","ŒWIÊTY KRZY¯                  ","2025","02","18","06",-7.7,,-9.1,,"L","W",58,,"NW ",,3,,,"8",,"8"
"250210050","ŒWIÊTY KRZY¯                  ","2025","02","18","12",-4.4,,-5.8,,"L","W",66,,"W  ",,3,,,"8",,"8"
"250210050","ŒWIÊTY KRZY¯                  ","2025","02","18","18",-5.7,,-6.0,,"L","W",88,,"NW ",,4,,,"8",,"8"
"250210050","ŒWIÊTY KRZY¯                  ","2025","02","19","06",-6.7,,-6.6,,"L","W",96,,"WNW",,5,,,"8",,"8"
"250210050","ŒWIÊTY KRZY¯                  ","2025","02","19","12",-1.9,,-3.4,,"L","W",70,,"NW ",,4,,,"8",,"8"
"250210050","ŒWIÊTY KRZY¯                  ","2025","02","19","18",-3.6,,-4.1,,"L","W",86,,"N  ",,3,,,"8",,"8"
"250210050","ŒWIÊTY KRZY¯                  ","2025","02","20","06",-6.0,,-5.9,,"L","W",97,,"SSW",,3,,,"8",,"8"
"250210050","ŒWIÊTY KRZY¯                  ","2025","02","20","12",-1.9,,-4.1,,"L","W",57,,"S  ",,1,,,"8",,"8"
"250210050","ŒWIÊTY KRZY¯                  ","2025","02","20","18",-4.7,,-6.2,,"L","W",63,,"SSW",,3,,,"8",,"8"
"250210050","ŒWIÊTY KRZY¯                  ","2025","02","21","06",-8.4,,,"8","L","W",,"8","S  ",,6,,,"8",,"8"
"250210050","ŒWIÊTY KRZY¯                  ","2025","02","21","12",-0.4,,,"8",,"W",,"8","SSW",,3,,,"8",,"8"
"250210050","ŒWIÊTY KRZY¯                  ","2025","02","21","18",-2.6,,,"8",,"W",,"8","S  ",,6,,,"8",,"8"
"250210050","ŒWIÊTY KRZY¯                  ","2025","02","22","06",-5.3,,,"8","L","W",,"8","S  ",,8,,,"8",,"8"
"250210050","ŒWIÊTY KRZY¯                  ","2025","02","22","12",2.1,,,"8",,"W",,"8","S  ",,4,,,"8",,"8"
"250210050","ŒWIÊTY KRZY¯                  ","2025","02","22","18",-0.8,,,"8",,"W",,"8","S  ",,7,,,"8",,"8"
"250210050","ŒWIÊTY KRZY¯                  ","2025","02","23","06",-0.5,,,"8",,"W",,"8","WSW",,5,,,"8",,"8"
"250210050","ŒWIÊTY KRZY¯                  ","2025","02","23","12",4.4,,,"8",,"W",,"8","SSW",,5,,,"8",,"8"
"250210050","ŒWIÊTY KRZY¯                  ","2025","02","23","18",3.3,,,"8",,"W",,"8","WSW",,4,,,"8",,"8"
"250210050","ŒWIÊTY KRZY¯                  ","2025","02","24","06",1.3,,,"8",,"W",,"8","NNW",,4,,,"8",,"8"
"250210050","ŒWIÊTY KRZY¯                  ","2025","02","24","12",2.0,,,"8",,"W",,"8","WNW",,2,,,"8",,"8"
"250210050","ŒWIÊTY KRZY¯                  ","2025","02","24","18",2.3,,,"8",,"W",,"8","W  ",,3,,,"8",,"8"
"250210050","ŒWIÊTY KRZY¯                  ","2025","02","25","06",1.6,,,"8",,"W",,"8","SSW",,4,,,"8",,"8"
"250210050","ŒWIÊTY KRZY¯                  ","2025","02","25","12",4.1,,,"8",,"W",,"8","SSW",,4,,,"8",,"8"
"250210050","ŒWIÊTY KRZY¯                  ","2025","02","25","18",3.4,,,"8",,"W",,"8","S  ",,5,,,"8",,"8"
"250210050","ŒWIÊTY KRZY¯                  ","2025","02","26","06",4.8,,,"8",,"W",,"8","SSW",,3,,,"8",,"8"
"250210050","ŒWIÊTY KRZY¯                  ","2025","02","26","12",5.9,,,"8",,"W",,"8","SSW",,4,,,"8",,"8"
"250210050","ŒWIÊTY KRZY¯                  ","2025","02","26","18",5.6,,,"8",,"W",,"8","SSW",,4,,,"8",,"8"
"250210050","ŒWIÊTY KRZY¯                  ","2025","02","27","06",3.1,,,"8",,"W",,"8","WSW",,4,,,"8",,"8"
"250210050","ŒWIÊTY KRZY¯                  ","2025","02","27","12",6.7,,,"8",,"W",,"8","WSW",,2,,,"8",,"8"
"250210050","ŒWIÊTY KRZY¯                  ","2025","02","27","18",4.6,,,"8",,"W",,"8","NNW",,3,,,"8",,"8"
"250210050","ŒWIÊTY KRZY¯                  ","2025","02","28","06",1.7,,,"8",,"W",,"8","NNE",,4,,,"8",,"8"
"250210050","ŒWIÊTY KRZY¯                  ","2025","02","28","12",3.2,,,"8",,"W",,"8","W  ",,4,,,"8",,"8"
"250210050","ŒWIÊTY KRZY¯                  ","2025","02","28","18",1.3,,,"8",,"W",,"8","W  ",,4,,,"8",,"8"
"250210130","STASZÓW                       ","2025","02","01","06",0.2,,,"8",,"N",,"8","WSW",,2,,8,,6,
"250210130","STASZÓW                       ","2025","02","01","12",2.0,,,"8",,"N",,"8","W  ",,4,,8,,6,
"250210130","STASZÓW                       ","2025","02","01","18",1.0,,,"8",,"N",,"8","WNW",,1,,8,,6,
"250210130","STASZÓW                       ","2025","02","02","06",-0.1,,,"8",,"N",,"8","C  ",,0,,8,,6,
"250210130","STASZÓW                       ","2025","02","02","12",3.5,,,"8",,"N",,"8","WSW",,4,,8,,6,
"250210130","STASZÓW                       ","2025","02","02","18",-0.9,,,"8",,"N",,"8","W  ",,1,,7,,6,
"250210130","STASZÓW                       ","2025","02","03","06",-3.5,,,"8",,"N",,"8","WNW",,1,,8,,6,
"250210130","STASZÓW                       ","2025","02","03","12",1.2,,,"8",,"N",,"8","W  ",,4,,8,,6,
"250210130","STASZÓW                       ","2025","02","03","18",-1.2,,,"8",,"N",,"8","WNW",,1,,8,,6,
"250210130","STASZÓW                       ","2025","02","04","06",-0.8,,,"8",,"N",,"8","C  ",,0,,8,,6,
"250210130","STASZÓW                       ","2025","02","04","12",3.6,,,"8",,"N",,"8","NW ",,2,,8,,6,
"250210130","STASZÓW                       ","2025","02","04","18",-1.7,,,"8",,"N",,"8","C  ",,0,,8,,6,
"250210130","STASZÓW                       ","2025","02","05","06",-1.6,,,"8",,"N",,"8","C  ",,0,,8,,6,
"250210130","STASZÓW                       ","2025","02","05","12",4.2,,,"8",,"N",,"8","W  ",,2,,2,,6,
"250210130","STASZÓW                       ","2025","02","05","18",-0.2,,,"8",,"N",,"8","NW ",,2,,0,,6,
"250210130","STASZÓW                       ","2025","02","06","06",0.2,,,"8",,"N",,"8","WNW",,2,,8,,6,
"250210130","STASZÓW                       ","2025","02","06","12",2.6,,,"8",,"N",,"8","N  ",,2,,8,,6,
"250210130","STASZÓW                       ","2025","02","06","18",1.8,,,"8",,"N",,"8","NE ",,1,,8,,6,
"250210130","STASZÓW                       ","2025","02","07","06",-2.2,,,"8",,"N",,"8","E  ",,3,,3,,6,
"250210130","STASZÓW                       ","2025","02","07","12",2.0,,,"8",,"N",,"8","E  ",,6,,3,,6,
"250210130","STASZÓW                       ","2025","02","07","18",-1.1,,,"8",,"N",,"8","E  ",,6,,7,,6,
"250210130","STASZÓW                       ","2025","02","08","06",-3.1,,,"8",,"N",,"8","E  ",,6,,8,,6,
"250210130","STASZÓW                       ","2025","02","08","12",1.0,,,"8",,"N",,"8","E  ",,5,,7,,6,
"250210130","STASZÓW                       ","2025","02","08","18",-1.2,,,"8",,"N",,"8","E  ",,3,,1,,6,
"250210130","STASZÓW                       ","2025","02","09","06",-5.8,,,"8",,"N",,"8","ENE",,3,,2,,6,
"250210130","STASZÓW                       ","2025","02","09","12",2.2,,,"8",,"N",,"8","ESE",,5,,2,,6,
"250210130","STASZÓW                       ","2025","02","09","18",-1.6,,,"8",,"N",,"8","ENE",,2,,6,,6,
"250210130","STASZÓW                       ","2025","02","10","06",-7.1,,,"8",,"N",,"8","ENE",,3,,0,,6,
"250210130","STASZÓW                       ","2025","02","10","12",1.9,,,"8",,"N",,"8","ENE",,3,,0,,6,
"250210130","STASZÓW                       ","2025","02","10","18",-1.6,,,"8",,"N",,"8","NE ",,3,,0,,6,
"250210130","STASZÓW                       ","2025","02","11","06",-7.3,,,"8",,"N",,"8","NE ",,2,,0,,6,
"250210130","STASZÓW                       ","2025","02","11","12",-1.8,,,"8",,"N",,"8","E  ",,4,,0,,6,
"250210130","STASZÓW                       ","2025","02","11","18",-5.9,,,"8",,"N",,"8","E  ",,4,,8,,6,
"250210130","STASZÓW                       ","2025","02","12","06",-7.8,,,"8",,"N",,"8","E  ",,3,,8,,6,
"250210130","STASZÓW                       ","2025","02","12","12",0.8,,,"8",,"N",,"8","E  ",,5,,0,,6,
"250210130","STASZÓW                       ","2025","02","12","18",-1.3,,,"8",,"N",,"8","E  ",,4,,1,,6,
"250210130","STASZÓW                       ","2025","02","13","06",-7.3,,,"8",,"N",,"8","NNE",,1,,7,,6,
"250210130","STASZÓW                       ","2025","02","13","12",3.9,,,"8",,"N",,"8","S  ",,1,,8,,6,
"250210130","STASZÓW                       ","2025","02","13","18",2.7,,,"8",,"N",,"8","SE ",,1,,8,,6,
"250210130","STASZÓW                       ","2025","02","14","06",0.7,,,"8",,"N",,"8","W  ",,2,,8,,6,
"250210130","STASZÓW                       ","2025","02","14","12",0.0,,,"8",,"N",,"8","NW ",,3,,8,,6,
"250210130","STASZÓW                       ","2025","02","14","18",-2.8,,,"8",,"N",,"8","N  ",,2,,7,,6,
"250210130","STASZÓW                       ","2025","02","15","06",-6.9,,,"8",,"N",,"8","C  ",,0,,2,,6,
"250210130","STASZÓW                       ","2025","02","15","12",-1.4,,,"8",,"N",,"8","W  ",,3,,8,,6,
"250210130","STASZÓW                       ","2025","02","15","18",-2.8,,,"8",,"N",,"8","C  ",,0,,8,,6,
"250210130","STASZÓW                       ","2025","02","16","06",-10.9,,,"8","L","N",,"8","WNW",,1,,8,,6,
"250210130","STASZÓW                       ","2025","02","16","12",-2.1,,,"8",,"N",,"8","W  ",,3,,7,,6,
"250210130","STASZÓW                       ","2025","02","16","18",-4.0,,,"8",,"N",,"8","NNW",,2,,2,,6,
"250210130","STASZÓW                       ","2025","02","17","06",-15.9,,,"8","L","N",,"8","C  ",,0,,0,,6,
"250210130","STASZÓW                       ","2025","02","17","12",-0.9,,,"8",,"N",,"8","C  ",,0,,1,,6,
"250210130","STASZÓW                       ","2025","02","17","18",-8.0,,,"8",,"N",,"8","ENE",,1,,0,,6,
"250210130","STASZÓW                       ","2025","02","18","06",-13.2,,,"8","L","N",,"8","C  ",,0,,4,,6,
"250210130","STASZÓW                       ","2025","02","18","12",-1.2,,,"8",,"N",,"8","WSW",,4,,4,,6,
"250210130","STASZÓW                       ","2025","02","18","18",-3.0,,,"8",,"N",,"8","WNW",,2,,7,,6,
"250210130","STASZÓW                       ","2025","02","19","06",-10.0,,,"8",,"N",,"8","C  ",,0,,2,,6,
"250210130","STASZÓW                       ","2025","02","19","12",0.7,,,"8",,"N",,"8","W  ",,4,,8,,6,
"250210130","STASZÓW                       ","2025","02","19","18",-0.6,,,"8",,"N",,"8","C  ",,0,,8,,6,
"250210130","STASZÓW                       ","2025","02","20","06",-9.6,,,"8",,"N",,"8","NNE",,1,,4,,6,
"250210130","STASZÓW                       ","2025","02","20","12",1.0,,,"8",,"N",,"8","E  ",,1,,7,,6,
"250210130","STASZÓW                       ","2025","02","20","18",-3.0,,,"8",,"N",,"8","E  ",,1,,0,,6,
"250210130","STASZÓW                       ","2025","02","21","06",-8.9,,,"8",,"N",,"8","ENE",,1,,0,,6,
"250210130","STASZÓW                       ","2025","02","21","12",3.7,,,"8",,"N",,"8","ESE",,4,,3,,6,
"250210130","STASZÓW                       ","2025","02","21","18",-0.8,,,"8",,"N",,"8","ESE",,3,,0,,6,
"250210130","STASZÓW                       ","2025","02","22","06",-7.6,,,"8",,"N",,"8","ENE",,1,,1,,6,
"250210130","STASZÓW                       ","2025","02","22","12",6.0,,,"8","W","N",,"8","SE ",,5,,2,,6,
"250210130","STASZÓW                       ","2025","02","22","18",0.9,,,"8",,"N",,"8","ESE",,1,,1,,6,
"250210130","STASZÓW                       ","2025","02","23","06",-5.0,,,"8",,"N",,"8","NE ",,1,,7,,6,
"250210130","STASZÓW                       ","2025","02","23","12",7.4,,,"8","W","N",,"8","SSW",,3,,4,,6,
"250210130","STASZÓW                       ","2025","02","23","18",3.7,,,"8",,"N",,"8","C  ",,0,,4,,6,
"250210130","STASZÓW                       ","2025","02","24","06",1.9,,,"8",,"N",,"8","C  ",,0,,8,,1,
"250210130","STASZÓW                       ","2025","02","24","12",3.8,,,"8",,"N",,"8","C  ",,0,,8,,1,
"250210130","STASZÓW                       ","2025","02","24","18",3.4,,,"8",,"N",,"8","C  ",,0,,8,,1,
"250210130","STASZÓW                       ","2025","02","25","06",1.5,,,"8",,"N",,"8","C  ",,0,,8,,1,
"250210130","STASZÓW                       ","2025","02","25","12",9.9,,,"8","W","N",,"8","SE ",,3,,1,,6,
"250210130","STASZÓW                       ","2025","02","25","18",3.9,,,"8",,"N",,"8","SSE",,2,,2,,6,
"250210130","STASZÓW                       ","2025","02","26","06",-2.0,,,"8",,"N",,"8","NE ",,1,,6,,6,
"250210130","STASZÓW                       ","2025","02","26","12",6.2,,,"8","W","N",,"8","C  ",,0,,8,,6,
"250210130","STASZÓW                       ","2025","02","26","18",3.9,,,"8",,"N",,"8","NE ",,1,,6,,6,
"250210130","STASZÓW                       ","2025","02","27","06",1.2,,,"8",,"N",,"8","C  ",,0,,8,,5,
"250210130","STASZÓW                       ","2025","02","27","12",11.2,,,"8","W","N",,"8","S  ",,2,,4,,6,
"250210130","STASZÓW                       ","2025","02","27","18",6.5,,,"8","W","N",,"8","C  ",,0,,8,,6,
"250210130","STASZÓW                       ","2025","02","28","06",3.4,,,"8",,"N",,"8","C  ",,0,,8,,6,
"250210130","STASZÓW                       ","2025","02","28","12",5.9,,,"8","W","N",,"8","W  ",,2,,8,,6,
"250210130","STASZÓW                       ","2025","02","28","18",0.7,,,"8",,"N",,"8","C  ",,0,,2,,6,
"250220120","JAROCIN                       ","2025","02","01","06",0.0,,,"8",,"W",,"8","SW ",,2,,8,,6,
"250220120","JAROCIN                       ","2025","02","01","12",3.2,,,"8",,"W",,"8","WSW",,4,,8,,6,
"250220120","JAROCIN                       ","2025","02","01","18",2.3,,,"8",,"W",,"8","W  ",,2,,8,,6,
"250220120","JAROCIN                       ","2025","02","02","06",0.6,,,"8",,"W",,"8","C  ",,0,,8,,6,
"250220120","JAROCIN                       ","2025","02","02","12",3.2,,,"8",,"W",,"8","WSW",,2,,6,,6,
"250220120","JAROCIN                       ","2025","02","02","18",0.6,,,"8",,"W",,"8","C  ",,0,,8,,4,
"250220120","JAROCIN                       ","2025","02","03","06",-2.4,,,"8",,"W",,"8","C  ",,0,,8,,4,
"250220120","JAROCIN                       ","2025","02","03","12",0.9,,,"8",,"W",,"8","W  ",,2,,3,,6,
"250220120","JAROCIN                       ","2025","02","03","18",0.0,,,"8",,"W",,"8","W  ",,1,,8,,6,
"250220120","JAROCIN                       ","2025","02","04","06",-0.3,,,"8",,"W",,"8","C  ",,0,,8,,4,
"250220120","JAROCIN                       ","2025","02","04","12",2.9,,,"8",,"W",,"8","WNW",,2,,8,,5,
"250220120","JAROCIN                       ","2025","02","04","18",-1.0,,,"8",,"W",,"8","C  ",,0,,1,,4,
"250220120","JAROCIN                       ","2025","02","05","06",-1.4,,,"8",,"W",,"8","C  ",,0,,4,,4,
"250220120","JAROCIN                       ","2025","02","05","12",4.2,,,"8",,"W",,"8","WSW",,1,,4,,6,
"250220120","JAROCIN                       ","2025","02","05","18",0.0,,,"8",,"W",,"8","C  ",,0,,1,,6,
"250220120","JAROCIN                       ","2025","02","06","06",-1.0,,,"8",,"W",,"8","C  ",,0,,8,,3,
"250220120","JAROCIN                       ","2025","02","06","12",1.5,,,"8",,"W",,"8","C  ",,0,,8,,4,
"250220120","JAROCIN                       ","2025","02","06","18",0.8,,,"8",,"W",,"8","C  ",,0,,8,,4,
"250220120","JAROCIN                       ","2025","02","07","06",-2.2,,,"8",,"W",,"8","E  ",,2,,1,,4,
"250220120","JAROCIN                       ","2025","02","07","12",1.3,,,"8",,"W",,"8","E  ",,4,,3,,5,
"250220120","JAROCIN                       ","2025","02","07","18",-1.2,,,"8",,"W",,"8","E  ",,3,,1,,4,
"250220120","JAROCIN                       ","2025","02","08","06",-3.2,,,"8",,"W",,"8","ESE",,3,,6,,4,
"250220120","JAROCIN                       ","2025","02","08","12",0.6,,,"8",,"W",,"8","ESE",,5,,6,,4,
"250220120","JAROCIN                       ","2025","02","08","18",-1.6,,,"8",,"W",,"8","E  ",,3,,8,,4,
"250220120","JAROCIN                       ","2025","02","09","06",-5.0,,,"8",,"W",,"8","E  ",,3,,8,,4,
"250220120","JAROCIN                       ","2025","02","09","12",1.1,,,"8",,"W",,"8","ESE",,4,,1,,5,
"250220120","JAROCIN                       ","2025","02","09","18",-2.0,,,"8",,"W",,"8","ENE",,1,,1,,4,
"250220120","JAROCIN                       ","2025","02","10","06",-9.0,,,"8","L","W",,"8","C  ",,0,,1,,6,
"250220120","JAROCIN                       ","2025","02","10","12",3.6,,,"8",,"W",,"8","E  ",,4,,1,,6,
"250220120","JAROCIN                       ","2025","02","10","18",-2.2,,,"8",,"W",,"8","ENE",,1,,1,,6,
"250220120","JAROCIN                       ","2025","02","11","06",-9.2,,,"8","L","W",,"8","C  ",,0,,1,,4,
"250220120","JAROCIN                       ","2025","02","11","12",-2.6,,,"8",,"W",,"8","ESE",,4,,1,,6,
"250220120","JAROCIN                       ","2025","02","11","18",-6.0,,,"8","L","W",,"8","E  ",,2,,3,,6,
"250220120","JAROCIN                       ","2025","02","12","06",-8.0,,,"8","L","W",,"8","E  ",,4,,8,,4,
"250220120","JAROCIN                       ","2025","02","12","12",0.2,,,"8",,"W",,"8","E  ",,3,,3,,6,
"250220120","JAROCIN                       ","2025","02","12","18",-1.6,,,"8",,"W",,"8","E  ",,2,,1,,6,
"250220120","JAROCIN                       ","2025","02","13","06",-6.8,,,"8","L","W",,"8","E  ",,3,,1,,6,
"250220120","JAROCIN                       ","2025","02","13","12",4.9,,,"8",,"W",,"8","S  ",,1,,3,,6,
"250220120","JAROCIN                       ","2025","02","13","18",2.9,,,"8",,"W",,"8","SSE",,1,,8,,6,
"250220120","JAROCIN                       ","2025","02","14","06",0.9,,,"8",,"W",,"8","SW ",,2,,8,,3,
"250220120","JAROCIN                       ","2025","02","14","12",0.2,,,"8",,"W",,"8","WNW",,5,,8,,4,
"250220120","JAROCIN                       ","2025","02","14","18",-2.2,,,"8",,"W",,"8","NW ",,4,,8,,6,
"250220120","JAROCIN                       ","2025","02","15","06",-5.6,,,"8","L","W",,"8","WNW",,1,,1,,6,
"250220120","JAROCIN                       ","2025","02","15","12",-0.4,,,"8",,"W",,"8","W  ",,2,,3,,6,
"250220120","JAROCIN                       ","2025","02","15","18",-4.2,,,"8",,"W",,"8","WSW",,1,,8,,6,
"250220120","JAROCIN                       ","2025","02","16","06",-10.8,,,"8","L","W",,"8","C  ",,0,,1,,6,
"250220120","JAROCIN                       ","2025","02","16","12",-0.6,,,"8",,"W",,"8","WSW",,4,,3,,6,
"250220120","JAROCIN                       ","2025","02","16","18",-4.0,,,"8",,"W",,"8","WNW",,1,,8,,6,
"250220120","JAROCIN                       ","2025","02","17","06",-12.5,,,"8","L","W",,"8","C  ",,0,,8,,3,
"250220120","JAROCIN                       ","2025","02","17","12",-1.4,,,"8",,"W",,"8","SW ",,1,,2,,6,
"250220120","JAROCIN                       ","2025","02","17","18",-8.0,,,"8","L","W",,"8","C  ",,0,,1,,6,
"250220120","JAROCIN                       ","2025","02","18","06",-16.9,,,"8","L","W",,"8","C  ",,0,,1,,6,
"250220120","JAROCIN                       ","2025","02","18","12",-1.0,,,"8",,"W",,"8","W  ",,5,,1,,6,
"250220120","JAROCIN                       ","2025","02","18","18",-2.6,,,"8",,"W",,"8","W  ",,3,,8,,6,
"250220120","JAROCIN                       ","2025","02","19","06",-4.2,,,"8",,"W",,"8","SW ",,1,,8,,6,
"250220120","JAROCIN                       ","2025","02","19","12",1.4,,,"8",,"W",,"8","W  ",,4,,3,,6,
"250220120","JAROCIN                       ","2025","02","19","18",-0.8,,,"8",,"W",,"8","WNW",,2,,8,,6,
"250220120","JAROCIN                       ","2025","02","20","06",-7.6,,,"8","L","W",,"8","C  ",,0,,6,,6,
"250220120","JAROCIN                       ","2025","02","20","12",2.1,,,"8",,"W",,"8","ENE",,2,,3,,6,
"250220120","JAROCIN                       ","2025","02","20","18",-3.0,,,"8",,"W",,"8","ENE",,1,,1,,6,
"250220120","JAROCIN                       ","2025","02","21","06",-9.8,,,"8","L","W",,"8","ENE",,1,,1,,4,
"250220120","JAROCIN                       ","2025","02","21","12",2.9,,,"8",,"W",,"8","ESE",,4,,3,,5,
"250220120","JAROCIN                       ","2025","02","21","18",-0.8,,,"8",,"W",,"8","ESE",,3,,1,,4,
"250220120","JAROCIN                       ","2025","02","22","06",-7.0,,,"8","L","W",,"8","ESE",,2,,1,,6,
"250220120","JAROCIN                       ","2025","02","22","12",4.9,,,"8",,"W",,"8","SE ",,3,,1,,6,
"250220120","JAROCIN                       ","2025","02","22","18",0.9,,,"8",,"W",,"8","ESE",,3,,1,,6,
"250220120","JAROCIN                       ","2025","02","23","06",-3.6,,,"8",,"W",,"8","ESE",,1,,1,,6,
"250220120","JAROCIN                       ","2025","02","23","12",5.9,,,"8",,"W",,"8","SSW",,1,,4,,6,
"250220120","JAROCIN                       ","2025","02","23","18",1.7,,,"8",,"W",,"8","C  ",,0,,8,,6,
"250220120","JAROCIN                       ","2025","02","24","06",2.5,,,"8",,"W",,"8","C  ",,0,,8,,6,
"250220120","JAROCIN                       ","2025","02","24","12",3.0,,,"8",,"W",,"8","S  ",,1,,8,,4,
"250220120","JAROCIN                       ","2025","02","24","18",2.1,,,"8",,"W",,"8","SSE",,1,,8,,2,
"250220120","JAROCIN                       ","2025","02","25","06",1.7,,,"8",,"W",,"8","C  ",,0,,8,,3,
"250220120","JAROCIN                       ","2025","02","25","12",8.9,,,"8","W","W",,"8","SE ",,3,,3,,6,
"250220120","JAROCIN                       ","2025","02","25","18",2.1,,,"8",,"W",,"8","SE ",,1,,1,,6,
"250220120","JAROCIN                       ","2025","02","26","06",-5.5,,,"8","L","W",,"8","C  ",,0,,1,,4,
"250220120","JAROCIN                       ","2025","02","26","12",10.3,,,"8","W","W",,"8","SSE",,2,,8,,6,
"250220120","JAROCIN                       ","2025","02","26","18",4.9,,,"8",,"W",,"8","C  ",,0,,8,,6,
"250220120","JAROCIN                       ","2025","02","27","06",-0.6,,,"8",,"W",,"8","C  ",,0,,6,,5,
"250220120","JAROCIN                       ","2025","02","27","12",9.1,,,"8","W","W",,"8","SE ",,2,,6,,6,
"250220120","JAROCIN                       ","2025","02","27","18",6.9,,,"8",,"W",,"8","C  ",,0,,8,,6,
"250220120","JAROCIN                       ","2025","02","28","06",2.7,,,"8",,"W",,"8","C  ",,0,,8,,4,
"250220120","JAROCIN                       ","2025","02","28","12",5.5,,,"8",,"W",,"8","WSW",,3,,8,,6,
"250220120","JAROCIN                       ","2025","02","28","18",3.6,,,"8",,"W",,"8","SW ",,1,,1,,6,
"250240010","STRZY¯ÓW                      ","2025","02","01","06",0.5,,,"8",,"W",,"8",,"8",,"8",6,,7,
"250240010","STRZY¯ÓW                      ","2025","02","01","12",5.5,,,"8",,"W",,"8",,"8",,"8",1,,8,
"250240010","STRZY¯ÓW                      ","2025","02","01","18",4.1,,,"8",,"W",,"8",,"8",,"8",6,,7,
"250240010","STRZY¯ÓW                      ","2025","02","02","06",0.3,,,"8",,"W",,"8",,"8",,"8",6,,7,
"250240010","STRZY¯ÓW                      ","2025","02","02","12",2.3,,,"8",,"W",,"8",,"8",,"8",4,,7,
"250240010","STRZY¯ÓW                      ","2025","02","02","18",0.1,,,"8",,"W",,"8",,"8",,"8",8,,7,
"250240010","STRZY¯ÓW                      ","2025","02","03","06",-4.1,,,"8",,"W",,"8",,"8",,"8",1,,8,
"250240010","STRZY¯ÓW                      ","2025","02","03","12",2.5,,,"8",,"W",,"8",,"8",,"8",3,,8,
"250240010","STRZY¯ÓW                      ","2025","02","03","18",-0.3,,,"8",,"W",,"8",,"8",,"8",6,,7,
"250240010","STRZY¯ÓW                      ","2025","02","04","06",-0.9,,,"8",,"W",,"8",,"8",,"8",6,,7,
"250240010","STRZY¯ÓW                      ","2025","02","04","12",0.7,,,"8",,"W",,"8",,"8",,"8",6,,7,
"250240010","STRZY¯ÓW                      ","2025","02","04","18",0.3,,,"8",,"W",,"8",,"8",,"8",6,,7,
"250240010","STRZY¯ÓW                      ","2025","02","05","06",-1.7,,,"8",,"W",,"8",,"8",,"8",2,,6,
"250240010","STRZY¯ÓW                      ","2025","02","05","12",3.3,,,"8",,"W",,"8",,"8",,"8",4,,7,
"250240010","STRZY¯ÓW                      ","2025","02","05","18",1.7,,,"8",,"W",,"8",,"8",,"8",7,,7,
"250240010","STRZY¯ÓW                      ","2025","02","06","06",0.1,,,"8",,"W",,"8",,"8",,"8",8,,3,
"250240010","STRZY¯ÓW                      ","2025","02","06","12",1.7,,,"8",,"W",,"8",,"8",,"8",4,,6,
"250240010","STRZY¯ÓW                      ","2025","02","06","18",0.1,,,"8",,"W",,"8",,"8",,"8",4,,6,
"250240010","STRZY¯ÓW                      ","2025","02","07","06",-2.5,,,"8",,"W",,"8",,"8",,"8",2,,8,
"250240010","STRZY¯ÓW                      ","2025","02","07","12",0.7,,,"8",,"W",,"8",,"8",,"8",2,,8,
"250240010","STRZY¯ÓW                      ","2025","02","07","18",-0.1,,,"8",,"W",,"8",,"8",,"8",1,,8,
"250240010","STRZY¯ÓW                      ","2025","02","08","06",-2.9,,,"8",,"W",,"8",,"8",,"8",1,,8,
"250240010","STRZY¯ÓW                      ","2025","02","08","12",0.5,,,"8",,"W",,"8",,"8",,"8",2,,7,
"250240010","STRZY¯ÓW                      ","2025","02","08","18",-0.9,,,"8",,"W",,"8",,"8",,"8",1,,7,
"250240010","STRZY¯ÓW                      ","2025","02","09","06",-5.3,,,"8","L","W",,"8",,"8",,"8",1,,7,
"250240010","STRZY¯ÓW                      ","2025","02","09","12",0.3,,,"8",,"W",,"8",,"8",,"8",1,,8,
"250240010","STRZY¯ÓW                      ","2025","02","09","18",-2.5,,,"8",,"W",,"8",,"8",,"8",1,,8,
"250240010","STRZY¯ÓW                      ","2025","02","10","06",-9.5,,,"8","L","W",,"8",,"8",,"8",1,,8,
"250240010","STRZY¯ÓW                      ","2025","02","10","12",2.7,,,"8",,"W",,"8",,"8",,"8",1,,8,
"250240010","STRZY¯ÓW                      ","2025","02","10","18",-2.9,,,"8",,"W",,"8",,"8",,"8",1,,8,
"250240010","STRZY¯ÓW                      ","2025","02","11","06",-8.1,,,"8","L","W",,"8",,"8",,"8",1,,8,
"250240010","STRZY¯ÓW                      ","2025","02","11","12",-4.1,,,"8",,"W",,"8",,"8",,"8",4,,8,
"250240010","STRZY¯ÓW                      ","2025","02","11","18",-7.1,,,"8","L","W",,"8",,"8",,"8",1,,8,
"250240010","STRZY¯ÓW                      ","2025","02","12","06",-8.9,,,"8","L","W",,"8",,"8",,"8",1,,7,
"250240010","STRZY¯ÓW                      ","2025","02","12","12",-0.7,,,"8",,"W",,"8",,"8",,"8",1,,8,
"250240010","STRZY¯ÓW                      ","2025","02","12","18",-3.1,,,"8",,"W",,"8",,"8",,"8",2,,7,
"250240010","STRZY¯ÓW                      ","2025","02","13","06",-9.1,,,"8","L","W",,"8",,"8",,"8",1,,7,
"250240010","STRZY¯ÓW                      ","2025","02","13","12",3.1,,,"8",,"W",,"8",,"8",,"8",2,,8,
"250240010","STRZY¯ÓW                      ","2025","02","13","18",0.7,,,"8",,"W",,"8",,"8",,"8",4,,7,
"250240010","STRZY¯ÓW                      ","2025","02","14","06",-0.3,,,"8",,"W",,"8",,"8",,"8",8,,5,
"250240010","STRZY¯ÓW                      ","2025","02","14","12",0.5,,,"8",,"W",,"8",,"8",,"8",8,,6,
"250240010","STRZY¯ÓW                      ","2025","02","14","18",-2.9,,,"8",,"W",,"8",,"8",,"8",7,,6,
"250240010","STRZY¯ÓW                      ","2025","02","15","06",-11.2,,,"8","L","W",,"8",,"8",,"8",6,,7,
"250240010","STRZY¯ÓW                      ","2025","02","15","12",0.3,,,"8",,"W",,"8",,"8",,"8",1,,8,
"250240010","STRZY¯ÓW                      ","2025","02","15","18",-4.3,,,"8",,"W",,"8",,"8",,"8",1,,8,
"250240010","STRZY¯ÓW                      ","2025","02","16","06",-5.3,,,"8","L","W",,"8",,"8",,"8",2,,7,
"250240010","STRZY¯ÓW                      ","2025","02","16","12",-2.9,,,"8",,"W",,"8",,"8",,"8",1,,8,
"250240010","STRZY¯ÓW                      ","2025","02","16","18",-4.3,,,"8",,"W",,"8",,"8",,"8",1,,8,
"250240010","STRZY¯ÓW                      ","2025","02","17","06",-14.2,,,"8","L","W",,"8",,"8",,"8",1,,8,
"250240010","STRZY¯ÓW                      ","2025","02","17","12",-2.5,,,"8",,"W",,"8",,"8",,"8",1,,8,
"250240010","STRZY¯ÓW                      ","2025","02","17","18",-6.3,,,"8","L","W",,"8",,"8",,"8",1,,8,
"250240010","STRZY¯ÓW                      ","2025","02","18","06",-14.8,,,"8","L","W",,"8",,"8",,"8",1,,7,
"250240010","STRZY¯ÓW                      ","2025","02","18","12",-1.7,,,"8",,"W",,"8",,"8",,"8",1,,8,
"250240010","STRZY¯ÓW                      ","2025","02","18","18",-5.3,,,"8","L","W",,"8",,"8",,"8",2,,8,
"250240010","STRZY¯ÓW                      ","2025","02","19","06",-4.9,,,"8",,"W",,"8",,"8",,"8",7,,7,
"250240010","STRZY¯ÓW                      ","2025","02","19","12",0.7,,,"8",,"W",,"8",,"8",,"8",2,,8,
"250240010","STRZY¯ÓW                      ","2025","02","19","18",-3.7,,,"8",,"W",,"8",,"8",,"8",2,,8,
"250240010","STRZY¯ÓW                      ","2025","02","20","06",-8.9,,,"8","L","W",,"8",,"8",,"8",8,,1,
"250240010","STRZY¯ÓW                      ","2025","02","20","12",0.9,,,"8",,"W",,"8",,"8",,"8",1,,7,
"250240010","STRZY¯ÓW                      ","2025","02","20","18",-6.3,,,"8","L","W",,"8",,"8",,"8",1,,8,
"250240010","STRZY¯ÓW                      ","2025","02","21","06",-11.8,,,"8","L","W",,"8",,"8",,"8",1,,8,
"250240010","STRZY¯ÓW                      ","2025","02","21","12",1.1,,,"8",,"W",,"8",,"8",,"8",1,,8,
"250240010","STRZY¯ÓW                      ","2025","02","21","18",-3.7,,,"8",,"W",,"8",,"8",,"8",1,,8,
"250240010","STRZY¯ÓW                      ","2025","02","22","06",-8.3,,,"8","L","W",,"8",,"8",,"8",1,,8,
"250240010","STRZY¯ÓW                      ","2025","02","22","12",2.1,,,"8",,"W",,"8",,"8",,"8",1,,8,
"250240010","STRZY¯ÓW                      ","2025","02","22","18",-0.3,,,"8",,"W",,"8",,"8",,"8",2,,8,
"250240010","STRZY¯ÓW                      ","2025","02","23","06",-7.9,,,"8","L","W",,"8",,"8",,"8",1,,8,
"250240010","STRZY¯ÓW                      ","2025","02","23","12",4.1,,,"8",,"W",,"8",,"8",,"8",1,,8,
"250240010","STRZY¯ÓW                      ","2025","02","23","18",-0.3,,,"8",,"W",,"8",,"8",,"8",1,,8,
"250240010","STRZY¯ÓW                      ","2025","02","24","06",-9.5,,,"8","L","W",,"8",,"8",,"8",1,,8,
"250240010","STRZY¯ÓW                      ","2025","02","24","12",6.3,,,"8",,"W",,"8",,"8",,"8",2,,8,
"250240010","STRZY¯ÓW                      ","2025","02","24","18",-0.3,,,"8",,"W",,"8",,"8",,"8",4,,8,
"250240010","STRZY¯ÓW                      ","2025","02","25","06",-4.1,,,"8",,"W",,"8",,"8",,"8",6,,2,
"250240010","STRZY¯ÓW                      ","2025","02","25","12",0.7,,,"8",,"W",,"8",,"8",,"8",2,,7,
"250240010","STRZY¯ÓW                      ","2025","02","25","18",0.3,,,"8",,"W",,"8",,"8",,"8",2,,7,
"250240010","STRZY¯ÓW                      ","2025","02","26","06",-4.1,,,"8",,"W",,"8",,"8",,"8",2,,8,
"250240010","STRZY¯ÓW                      ","2025","02","26","12",9.5,,,"8","W","W",,"8",,"8",,"8",1,,8,
"250240010","STRZY¯ÓW                      ","2025","02","26","18",1.1,,,"8",,"W",,"8",,"8",,"8",2,,8,
"250240010","STRZY¯ÓW                      ","2025","02","27","06",0.3,,,"8",,"W",,"8",,"8",,"8",2,,7,
"250240010","STRZY¯ÓW                      ","2025","02","27","12",10.1,,,"8","W","W",,"8",,"8",,"8",1,,8,
"250240010","STRZY¯ÓW                      ","2025","02","27","18",3.1,,,"8",,"W",,"8",,"8",,"8",6,,7,
"250240010","STRZY¯ÓW                      ","2025","02","28","06",1.1,,,"8",,"W",,"8",,"8",,"8",7,,6,
"250240010","STRZY¯ÓW                      ","2025","02","28","12",3.5,,,"8",,"W",,"8",,"8",,"8",7,,6,
"250240010","STRZY¯ÓW                      ","2025","02","28","18",2.1,,,"8",,"W",,"8",,"8",,"8",8,,6,
"251150060","CEBER                         ","2025","02","01","06",2.4,,,"8",,,,"8",,"8",,"8",8,,6,
"251150060","CEBER                         ","2025","02","01","12",4.0,,,"8",,,,"8",,"8",,"8",7,,7,
"251150060","CEBER                         ","2025","02","01","18",3.9,,,"8",,,,"8",,"8",,"8",8,,6,
"251150060","CEBER                         ","2025","02","02","06",1.2,,,"8",,,,"8",,"8",,"8",8,,6,
"251150060","CEBER                         ","2025","02","02","12",6.6,,,"8",,,,"8",,"8",,"8",8,,6,
"251150060","CEBER                         ","2025","02","02","18",1.6,,,"8",,,,"8",,"8",,"8",8,,6,
"251150060","CEBER                         ","2025","02","03","06",-0.1,,,"8",,,,"8",,"8",,"8",6,,6,
"251150060","CEBER                         ","2025","02","03","12",4.7,,,"8",,,,"8",,"8",,"8",2,,6,
"251150060","CEBER                         ","2025","02","03","18",-0.3,,,"8",,,,"8",,"8",,"8",0,,6,
"251150060","CEBER                         ","2025","02","04","06",-4.5,,,"8",,,,"8",,"8",,"8",0,,6,
"251150060","CEBER                         ","2025","02","04","12",5.1,,,"8",,,,"8",,"8",,"8",7,,6,
"251150060","CEBER                         ","2025","02","04","18",-0.6,,,"8",,,,"8",,"8",,"8",0,,6,
"251150060","CEBER                         ","2025","02","05","06",-5.2,,,"8",,,,"8",,"8",,"8",1,,6,
"251150060","CEBER                         ","2025","02","05","12",2.4,,,"8",,,,"8",,"8",,"8",8,,6,
"251150060","CEBER                         ","2025","02","05","18",1.5,,,"8",,,,"8",,"8",,"8",8,,6,
"251150060","CEBER                         ","2025","02","06","06",1.9,,,"8",,,,"8",,"8",,"8",8,,6,
"251150060","CEBER                         ","2025","02","06","12",2.9,,,"8",,,,"8",,"8",,"8",8,,6,
"251150060","CEBER                         ","2025","02","06","18",2.5,,,"8",,,,"8",,"8",,"8",8,,6,
"251150060","CEBER                         ","2025","02","07","06",0.4,,,"8",,,,"8",,"8",,"8",8,,6,
"251150060","CEBER                         ","2025","02","07","12",1.5,,,"8",,,,"8",,"8",,"8",8,,6,
"251150060","CEBER                         ","2025","02","07","18",0.7,,,"8",,,,"8",,"8",,"8",8,,6,
"251150060","CEBER                         ","2025","02","08","06",0.6,,,"8",,,,"8",,"8",,"8",8,,6,
"251150060","CEBER                         ","2025","02","08","12",4.5,,,"8",,,,"8",,"8",,"8",2,,6,
"251150060","CEBER                         ","2025","02","08","18",0.8,,,"8",,,,"8",,"8",,"8",0,,6,
"251150060","CEBER                         ","2025","02","09","06",-3.0,,,"8",,,,"8",,"8",,"8",1,,6,
"251150060","CEBER                         ","2025","02","09","12",4.9,,,"8",,,,"8",,"8",,"8",2,,6,
"251150060","CEBER                         ","2025","02","09","18",0.4,,,"8",,,,"8",,"8",,"8",0,,6,
"251150060","CEBER                         ","2025","02","10","06",-5.5,,,"8",,,,"8",,"8",,"8",1,,5,
"251150060","CEBER                         ","2025","02","10","12",2.0,,,"8",,,,"8",,"8",,"8",2,,6,
"251150060","CEBER                         ","2025","02","10","18",-0.4,,,"8",,,,"8",,"8",,"8",0,,6,
"251150060","CEBER                         ","2025","02","11","06",-4.9,,,"8",,,,"8",,"8",,"8",0,,6,
"251150060","CEBER                         ","2025","02","11","12",1.7,,,"8",,,,"8",,"8",,"8",0,,6,
"251150060","CEBER                         ","2025","02","11","18",-1.1,,,"8",,,,"8",,"8",,"8",0,,6,
"251150060","CEBER                         ","2025","02","12","06",-6.1,,,"8",,,,"8",,"8",,"8",4,,6,
"251150060","CEBER                         ","2025","02","12","12",1.4,,,"8",,,,"8",,"8",,"8",8,,6,
"251150060","CEBER                         ","2025","02","12","18",0.4,,,"8",,,,"8",,"8",,"8",8,,6,
"251150060","CEBER                         ","2025","02","13","06",0.2,,,"8",,,,"8",,"8",,"8",8,,6,
"251150060","CEBER                         ","2025","02","13","12",1.7,,,"8",,,,"8",,"8",,"8",8,,5,
"251150060","CEBER                         ","2025","02","13","18",0.0,,,"8",,,,"8",,"8",,"8",8,,3,
"251150060","CEBER                         ","2025","02","14","06",-1.8,,,"8",,,,"8",,"8",,"8",8,,5,
"251150060","CEBER                         ","2025","02","14","12",1.6,,,"8",,,,"8",,"8",,"8",4,,6,
"251150060","CEBER                         ","2025","02","14","18",-1.3,,,"8",,,,"8",,"8",,"8",8,,6,
"251150060","CEBER                         ","2025","02","15","06",-4.0,,,"8",,,,"8",,"8",,"8",8,,6,
"251150060","CEBER                         ","2025","02","15","12",0.2,,,"8",,,,"8",,"8",,"8",7,,6,
"251150060","CEBER                         ","2025","02","15","18",-3.2,,,"8",,,,"8",,"8",,"8",5,,6,
"251150060","CEBER                         ","2025","02","16","06",-5.6,,,"8",,,,"8",,"8",,"8",8,,6,
"251150060","CEBER                         ","2025","02","16","12",-0.6,,,"8",,,,"8",,"8",,"8",4,,6,
"251150060","CEBER                         ","2025","02","16","18",-8.6,,,"8",,,,"8",,"8",,"8",0,,6,
"251150060","CEBER                         ","2025","02","17","06",-12.6,,,"8",,,,"8",,"8",,"8",8,,1,
"251150060","CEBER                         ","2025","02","17","12",-3.5,,,"8",,,,"8",,"8",,"8",3,,6,
"251150060","CEBER                         ","2025","02","17","18",-9.0,,,"8",,,,"8",,"8",,"8",8,,6,
"251150060","CEBER                         ","2025","02","18","06",-17.5,,,"8",,,,"8",,"8",,"8",1,,6,
"251150060","CEBER                         ","2025","02","18","12",-0.8,,,"8",,,,"8",,"8",,"8",2,,6,
"251150060","CEBER                         ","2025","02","18","18",-3.2,,,"8",,,,"8",,"8",,"8",8,,6,
"251150060","CEBER                         ","2025","02","19","06",-14.5,,,"8",,,,"8",,"8",,"8",1,,6,
"251150060","CEBER                         ","2025","02","19","12",-0.3,,,"8",,,,"8",,"8",,"8",1,,6,
"251150060","CEBER                         ","2025","02","19","18",-5.4,,,"8",,,,"8",,"8",,"8",0,,6,
"251150060","CEBER                         ","2025","02","20","06",-10.6,,,"8",,,,"8",,"8",,"8",0,,4,
"251150060","CEBER                         ","2025","02","20","12",2.3,,,"8",,,,"8",,"8",,"8",0,,6,
"251150060","CEBER                         ","2025","02","20","18",-3.6,,,"8",,,,"8",,"8",,"8",0,,6,
"251150060","CEBER                         ","2025","02","21","06",-1.5,,,"8",,,,"8",,"8",,"8",8,,6,
"251150060","CEBER                         ","2025","02","21","12",2.7,,,"8",,,,"8",,"8",,"8",8,,6,
"251150060","CEBER                         ","2025","02","21","18",2.8,,,"8",,,,"8",,"8",,"8",8,,6,
"251150060","CEBER                         ","2025","02","22","06",-2.7,,,"8",,,,"8",,"8",,"8",0,,6,
"251150060","CEBER                         ","2025","02","22","12",7.8,,,"8",,,,"8",,"8",,"8",0,,6,
"251150060","CEBER                         ","2025","02","22","18",2.2,,,"8",,,,"8",,"8",,"8",0,,6,
"251150060","CEBER                         ","2025","02","23","06",1.0,,,"8",,,,"8",,"8",,"8",8,,6,
"251150060","CEBER                         ","2025","02","23","12",6.5,,,"8",,,,"8",,"8",,"8",8,,6,
"251150060","CEBER                         ","2025","02","23","18",6.3,,,"8",,,,"8",,"8",,"8",8,,6,
"251150060","CEBER                         ","2025","02","24","06",-1.3,,,"8",,,,"8",,"8",,"8",2,,4,
"251150060","CEBER                         ","2025","02","24","12",11.9,,,"8",,,,"8",,"8",,"8",0,,6,
"251150060","CEBER                         ","2025","02","24","18",5.5,,,"8",,,,"8",,"8",,"8",0,,6,
"251150060","CEBER                         ","2025","02","25","06",3.7,,,"8",,,,"8",,"8",,"8",6,,6,
"251150060","CEBER                         ","2025","02","25","12",10.0,,,"8",,,,"8",,"8",,"8",8,,6,
"251150060","CEBER                         ","2025","02","25","18",8.6,,,"8",,,,"8",,"8",,"8",8,,6,
"251150060","CEBER                         ","2025","02","26","06",4.3,,,"8",,,,"8",,"8",,"8",8,,4,
"251150060","CEBER                         ","2025","02","26","12",8.8,,,"8",,,,"8",,"8",,"8",8,,6,
"251150060","CEBER                         ","2025","02","26","18",8.4,,,"8",,,,"8",,"8",,"8",8,,6,
"251150060","CEBER                         ","2025","02","27","06",5.9,,,"8",,,,"8",,"8",,"8",8,,6,
"251150060","CEBER                         ","2025","02","27","12",11.1,,,"8",,,,"8",,"8",,"8",5,,6,
"251150060","CEBER                         ","2025","02","27","18",7.8,,,"8",,,,"8",,"8",,"8",7,,6,
"251150060","CEBER                         ","2025","02","28","06",3.9,,,"8",,,,"8",,"8",,"8",7,,6,
"251150060","CEBER                         ","2025","02","28","12",7.5,,,"8",,,,"8",,"8",,"8",4,,6,
"251150060","CEBER                         ","2025","02","28","18",3.9,,,"8",,,,"8",,"8",,"8",5,,6,
"251160320","RADZYÑ                        ","2025","02","01","06",2.7,,2.2,,"W","W",92,,"SW ",,2,,8,,8,
"251160320","RADZYÑ                        ","2025","02","01","12",4.2,,3.0,,"W","W",82,,"SW ",,1,,8,,8,
"251160320","RADZYÑ                        ","2025","02","01","18",3.2,,2.3,,"W","W",86,,"N  ",,1,,8,,8,
"251160320","RADZYÑ                        ","2025","02","02","06",0.9,,0.6,,"W","W",95,,"C  ",,0,,8,,7,
"251160320","RADZYÑ                        ","2025","02","02","12",4.1,,2.8,,"W","W",80,,"NNW",,2,,8,,7,
"251160320","RADZYÑ                        ","2025","02","02","18",1.4,,0.5,,"W","W",85,,"S  ",,1,,7,,7,
"251160320","RADZYÑ                        ","2025","02","03","06",-1.7,,-1.8,,"W","W",98,,"C  ",,0,,6,,6,
"251160320","RADZYÑ                        ","2025","02","03","12",3.9,,2.6,,"W","W",80,,"E  ",,2,,5,,8,
"251160320","RADZYÑ                        ","2025","02","03","18",-1.4,,-1.5,,"W","W",98,,"C  ",,0,,0,,8,
"251160320","RADZYÑ                        ","2025","02","04","06",-5.1,,-5.0,,"L","W",97,,"SSE",,1,,0,,6,
"251160320","RADZYÑ                        ","2025","02","04","12",4.7,,2.2,,"W","W",64,,"SSW",,1,,8,,7,
"251160320","RADZYÑ                        ","2025","02","04","18",-1.6,,-2.0,,"L","W",91,,"C  ",,0,,1,,7,
"251160320","RADZYÑ                        ","2025","02","05","06",-4.1,,-4.2,,"L","W",94,,"S  ",,1,,1,,6,
"251160320","RADZYÑ                        ","2025","02","05","12",2.5,,1.3,,"W","W",81,,"W  ",,2,,7,,7,
"251160320","RADZYÑ                        ","2025","02","05","18",1.5,,1.4,,"W","W",98,,"WSW",,1,,8,,6,
"251160320","RADZYÑ                        ","2025","02","06","06",2.3,,2.2,,"W","W",98,,"WNW",,1,,8,,6,
"251160320","RADZYÑ                        ","2025","02","06","12",2.6,,2.4,,"W","W",97,,"N  ",,2,,8,,6,
"251160320","RADZYÑ                        ","2025","02","06","18",1.9,,1.8,,"W","W",98,,"NNW",,1,,8,,7,
"251160320","RADZYÑ                        ","2025","02","07","06",1.3,,0.7,,"W","W",90,,"NE ",,2,,8,,7,
"251160320","RADZYÑ                        ","2025","02","07","12",2.8,,2.2,,"W","W",90,,"E  ",,4,,8,,7,
"251160320","RADZYÑ                        ","2025","02","07","18",1.4,,0.0,,"W","W",76,,"E  ",,4,,8,,7,
"251160320","RADZYÑ                        ","2025","02","08","06",0.7,,-0.6,,"W","W",77,,"ESE",,4,,8,,7,
"251160320","RADZYÑ                        ","2025","02","08","12",4.1,,1.9,,"W","W",67,,"ESE",,5,,5,,7,
"251160320","RADZYÑ                        ","2025","02","08","18",1.8,,0.4,,"W","W",77,,"E  ",,2,,0,,7,
"251160320","RADZYÑ                        ","2025","02","09","06",-1.6,,-2.2,,"W","W",88,,"NE ",,2,,2,,7,
"251160320","RADZYÑ                        ","2025","02","09","12",3.9,,1.9,,"W","W",70,,"ENE",,4,,0,,7,
"251160320","RADZYÑ                        ","2025","02","09","18",0.6,,-0.2,,"W","W",86,,"NE ",,3,,0,,7,
"251160320","RADZYÑ                        ","2025","02","10","06",-2.4,,-2.6,,"L","W",94,,"NE ",,2,,3,,6,
"251160320","RADZYÑ                        ","2025","02","10","12",1.2,,0.0,,"W","W",80,,"NE ",,5,,6,,6,
"251160320","RADZYÑ                        ","2025","02","10","18",0.6,,-1.0,,"W","W",72,,"ENE",,3,,0,,6,
"251160320","RADZYÑ                        ","2025","02","11","06",-3.8,,-4.5,,"L","W",82,,"E  ",,2,,0,,7,
"251160320","RADZYÑ                        ","2025","02","11","12",1.9,,-1.2,,"L","W",53,,"NNE",,4,,0,,7,
"251160320","RADZYÑ                        ","2025","02","11","18",-0.6,,-2.2,,"L","W",71,,"ENE",,4,,0,,7,
"251160320","RADZYÑ                        ","2025","02","12","06",-5.4,,-5.6,,"L","W",90,,"ENE",,3,,6,,7,
"251160320","RADZYÑ                        ","2025","02","12","12",-1.3,,-2.7,,"L","W",73,,"E  ",,4,,8,,7,
"251160320","RADZYÑ                        ","2025","02","12","18",-0.3,,-1.7,,"L","W",75,,"NE ",,2,,8,,6,
"251160320","RADZYÑ                        ","2025","02","13","06",0.4,,0.2,,"W","W",96,,"C  ",,0,,8,,5,
"251160320","RADZYÑ                        ","2025","02","13","12",1.2,,1.0,,"W","W",97,,"C  ",,0,,8,,5,
"251160320","RADZYÑ                        ","2025","02","13","18",0.3,,0.3,,"W","W",100,,"NNW",,1,,8,,5,
"251160320","RADZYÑ                        ","2025","02","14","06",-1.6,,-1.7,,"L","W",97,,"NW ",,1,,8,,5,
"251160320","RADZYÑ                        ","2025","02","14","12",0.6,,-1.0,,"L","W",73,,"N  ",,3,,3,,8,
"251160320","RADZYÑ                        ","2025","02","14","18",-0.7,,-0.9,,"L","W",96,,"WNW",,2,,8,,7,
"251160320","RADZYÑ                        ","2025","02","15","06",-2.9,,-3.0,,"L","W",95,,"SSW",,1,,8,,7,
"251160320","RADZYÑ                        ","2025","02","15","12",0.5,,-1.0,,"W","W",74,,"W  ",,1,,7,,8,
"251160320","RADZYÑ                        ","2025","02","15","18",-2.4,,-2.5,,"L","W",96,,"C  ",,0,,3,,6,
"251160320","RADZYÑ                        ","2025","02","16","06",-4.4,,-4.5,,"L","W",94,,"C  ",,0,,8,,7,
"251160320","RADZYÑ                        ","2025","02","16","12",-1.1,,-2.7,,"L","W",70,,"NE ",,1,,6,,8,
"251160320","RADZYÑ                        ","2025","02","16","18",-6.0,,-6.1,,"L","W",92,,"WSW",,1,,0,,7,
"251160320","RADZYÑ                        ","2025","02","17","06",-13.9,,-14.0,,"L","W",83,,"SW ",,1,,8,,6,
"251160320","RADZYÑ                        ","2025","02","17","12",-1.7,,-2.9,,"L","W",76,,"N  ",,2,,4,,8,
"251160320","RADZYÑ                        ","2025","02","17","18",-5.8,,-5.9,,"L","W",92,,"C  ",,0,,0,,7,
"251160320","RADZYÑ                        ","2025","02","18","06",-13.8,,-13.9,,"L","W",84,,"SSW",,1,,1,,7,
"251160320","RADZYÑ                        ","2025","02","18","12",-0.3,,-2.7,,"L","W",58,,"W  ",,2,,6,,8,
"251160320","RADZYÑ                        ","2025","02","18","18",-1.6,,-2.6,,"L","W",80,,"WSW",,1,,8,,8,
"251160320","RADZYÑ                        ","2025","02","19","06",-11.3,,-11.3,,"L","W",89,,"SSE",,1,,0,,7,
"251160320","RADZYÑ                        ","2025","02","19","12",1.7,,-1.4,,"L","W",52,,"SSE",,1,,0,,8,
"251160320","RADZYÑ                        ","2025","02","19","18",-4.0,,-4.6,,"L","W",83,,"SE ",,1,,0,,8,
"251160320","RADZYÑ                        ","2025","02","20","06",-11.7,,-11.6,,"L","W",92,,"C  ",,0,,0,,6,
"251160320","RADZYÑ                        ","2025","02","20","12",2.8,,-0.4,,"L","W",54,,"SE ",,3,,0,,8,
"251160320","RADZYÑ                        ","2025","02","20","18",-1.4,,-3.1,,"L","W",67,,"C  ",,0,,2,,7,
"251160320","RADZYÑ                        ","2025","02","21","06",-1.3,,-2.8,,"L","W",71,,"ESE",,1,,8,,7,
"251160320","RADZYÑ                        ","2025","02","21","12",3.4,,1.4,,"W","W",69,,"SE ",,2,,8,,7,
"251160320","RADZYÑ                        ","2025","02","21","18",4.0,,2.0,,"W","W",70,,"SE ",,1,,8,,7,
"251160320","RADZYÑ                        ","2025","02","22","06",-2.6,,-2.9,,"W","W",94,,"C  ",,0,,0,,6,
"251160320","RADZYÑ                        ","2025","02","22","12",7.6,,3.3,,"W","W",46,,"SSE",,2,,0,,8,
"251160320","RADZYÑ                        ","2025","02","22","18",1.2,,-0.1,,"W","W",78,,"NW ",,1,,0,,7,
"251160320","RADZYÑ                        ","2025","02","23","06",0.0,,-0.8,,"W","W",85,,"C  ",,0,,8,,6,
"251160320","RADZYÑ                        ","2025","02","23","12",7.4,,5.8,,"W","W",79,,"SW ",,1,,8,,7,
"251160320","RADZYÑ                        ","2025","02","23","18",5.1,,4.9,,"W","W",97,,"ENE",,1,,8,,2,
"251160320","RADZYÑ                        ","2025","02","24","06",-1.4,,-1.6,,"L","W",95,,"C  ",,0,,0,,5,
"251160320","RADZYÑ                        ","2025","02","24","12",11.5,,8.4,,"W","W",66,,"ESE",,3,,1,,7,
"251160320","RADZYÑ                        ","2025","02","24","18",4.9,,4.0,,"W","W",87,,"S  ",,1,,1,,7,
"251160320","RADZYÑ                        ","2025","02","25","06",4.4,,3.2,,"W","W",82,,"SE ",,1,,8,,7,
"251160320","RADZYÑ                        ","2025","02","25","12",10.3,,7.8,,"W","W",71,,"S  ",,1,,8,,8,
"251160320","RADZYÑ                        ","2025","02","25","18",6.7,,5.7,,"W","W",86,,"N  ",,1,,8,,7,
"251160320","RADZYÑ                        ","2025","02","26","06",3.7,,3.6,,"W","W",98,,"C  ",,0,,8,,2,
"251160320","RADZYÑ                        ","2025","02","26","12",8.5,,7.9,,"W","W",92,,"SE ",,2,,8,,6,
"251160320","RADZYÑ                        ","2025","02","26","18",7.3,,6.8,,"W","W",93,,"SSE",,1,,8,,6,
"251160320","RADZYÑ                        ","2025","02","27","06",5.7,,5.6,,"W","W",99,,"SW ",,1,,8,,7,
"251160320","RADZYÑ                        ","2025","02","27","12",10.0,,7.1,,"W","W",66,,"WSW",,2,,8,,8,
"251160320","RADZYÑ                        ","2025","02","27","18",7.9,,6.3,,"W","W",79,,"SE ",,1,,7,,7,
"251160320","RADZYÑ                        ","2025","02","28","06",3.6,,3.5,,"W","W",98,,"SW ",,1,,7,,7,
"251160320","RADZYÑ                        ","2025","02","28","12",7.0,,5.4,,"W","W",79,,"WSW",,3,,7,,7,
"251160320","RADZYÑ                        ","2025","02","28","18",4.6,,3.7,,"W","W",87,,"W  ",,1,,6,,7,
"251190050","PUCZNIEW                      ","2025","02","01","06",1.4,,,"8",,,,"8",,"8",,"8",8,,7,
"251190050","PUCZNIEW                      ","2025","02","01","18",2.7,,,"8",,,,"8",,"8",,"8",7,,7,
"251190050","PUCZNIEW                      ","2025","02","02","06",0.7,,,"8",,,,"8",,"8",,"8",7,,6,
"251190050","PUCZNIEW                      ","2025","02","02","18",1.5,,,"8",,,,"8",,"8",,"8",7,,7,
"251190050","PUCZNIEW                      ","2025","02","03","06",-1.5,,,"8",,,,"8",,"8",,"8",8,,3,
"251190050","PUCZNIEW                      ","2025","02","03","18",0.2,,,"8",,,,"8",,"8",,"8",7,,5,
"251190050","PUCZNIEW                      ","2025","02","04","06",-0.9,,,"8",,,,"8",,"8",,"8",6,,2,
"251190050","PUCZNIEW                      ","2025","02","04","18",0.4,,,"8",,,,"8",,"8",,"8",4,,7,
"251190050","PUCZNIEW                      ","2025","02","05","06",-3.4,,,"8",,,,"8",,"8",,"8",1,,4,
"251190050","PUCZNIEW                      ","2025","02","05","18",0.3,,,"8",,,,"8",,"8",,"8",3,,6,
"251190050","PUCZNIEW                      ","2025","02","06","06",1.6,,,"8",,,,"8",,"8",,"8",8,,3,
"251190050","PUCZNIEW                      ","2025","02","06","18",3.0,,,"8",,,,"8",,"8",,"8",7,,6,
"251190050","PUCZNIEW                      ","2025","02","07","06",0.2,,,"8",,,,"8",,"8",,"8",8,,3,
"251190050","PUCZNIEW                      ","2025","02","07","18",0.0,,,"8",,,,"8",,"8",,"8",7,,6,
"251190050","PUCZNIEW                      ","2025","02","08","06",-2.3,,,"8",,,,"8",,"8",,"8",4,,7,
"251190050","PUCZNIEW                      ","2025","02","08","18",-0.4,,,"8",,,,"8",,"8",,"8",2,,7,
"251190050","PUCZNIEW                      ","2025","02","09","06",-3.0,,,"8",,,,"8",,"8",,"8",4,,6,
"251190050","PUCZNIEW                      ","2025","02","09","18",0.8,,,"8",,,,"8",,"8",,"8",6,,7,
"251190050","PUCZNIEW                      ","2025","02","10","06",-4.6,,,"8",,,,"8",,"8",,"8",0,,6,
"251190050","PUCZNIEW                      ","2025","02","10","18",-1.9,,,"8",,,,"8",,"8",,"8",0,,7,
"251190050","PUCZNIEW                      ","2025","02","11","06",-7.3,,,"8",,,,"8",,"8",,"8",0,,6,
"251190050","PUCZNIEW                      ","2025","02","11","18",-5.7,,,"8",,,,"8",,"8",,"8",4,,7,
"251190050","PUCZNIEW                      ","2025","02","12","06",-6.9,,,"8",,,,"8",,"8",,"8",7,,6,
"251190050","PUCZNIEW                      ","2025","02","12","18",0.4,,,"8",,,,"8",,"8",,"8",7,,7,
"251190050","PUCZNIEW                      ","2025","02","13","06",-2.4,,,"8",,,,"8",,"8",,"8",8,,6,
"251190050","PUCZNIEW                      ","2025","02","13","18",1.8,,,"8",,,,"8",,"8",,"8",8,,6,
"251190050","PUCZNIEW                      ","2025","02","14","06",-2.0,,,"8",,,,"8",,"8",,"8",8,,4,
"251190050","PUCZNIEW                      ","2025","02","14","18",-2.4,,,"8",,,,"8",,"8",,"8",4,,7,
"251190050","PUCZNIEW                      ","2025","02","15","06",-9.6,,,"8",,,,"8",,"8",,"8",1,,6,
"251190050","PUCZNIEW                      ","2025","02","15","18",-4.2,,,"8",,,,"8",,"8",,"8",4,,7,
"251190050","PUCZNIEW                      ","2025","02","16","06",-6.8,,,"8",,,,"8",,"8",,"8",8,,2,
"251190050","PUCZNIEW                      ","2025","02","16","18",-5.1,,,"8",,,,"8",,"8",,"8",4,,6,
"251190050","PUCZNIEW                      ","2025","02","17","06",-15.4,,,"8",,,,"8",,"8",,"8",1,,4,
"251190050","PUCZNIEW                      ","2025","02","17","18",-7.0,,,"8",,,,"8",,"8",,"8",0,,7,
"251190050","PUCZNIEW                      ","2025","02","18","06",-11.0,,,"8",,,,"8",,"8",,"8",4,,4,
"251190050","PUCZNIEW                      ","2025","02","18","18",-2.8,,,"8",,,,"8",,"8",,"8",7,,6,
"251190050","PUCZNIEW                      ","2025","02","19","06",-6.2,,,"8",,,,"8",,"8",,"8",7,,6,
"251190050","PUCZNIEW                      ","2025","02","19","18",-4.0,,,"8",,,,"8",,"8",,"8",1,,7,
"251190050","PUCZNIEW                      ","2025","02","20","06",-9.2,,,"8",,,,"8",,"8",,"8",8,,3,
"251190050","PUCZNIEW                      ","2025","02","20","18",-1.2,,,"8",,,,"8",,"8",,"8",0,,7,
"251190050","PUCZNIEW                      ","2025","02","21","06",-6.2,,,"8",,,,"8",,"8",,"8",1,,7,
"251190050","PUCZNIEW                      ","2025","02","21","18",2.6,,,"8",,,,"8",,"8",,"8",3,,7,
"251190050","PUCZNIEW                      ","2025","02","22","06",-2.4,,,"8",,,,"8",,"8",,"8",0,,7,
"251190050","PUCZNIEW                      ","2025","02","22","18",3.0,,,"8",,,,"8",,"8",,"8",0,,7,
"251190050","PUCZNIEW                      ","2025","02","23","06",-1.9,,,"8",,,,"8",,"8",,"8",1,,7,
"251190050","PUCZNIEW                      ","2025","02","23","18",2.6,,,"8",,,,"8",,"8",,"8",8,,6,
"251190050","PUCZNIEW                      ","2025","02","24","06",3.4,,,"8",,,,"8",,"8",,"8",8,,7,
"251190050","PUCZNIEW                      ","2025","02","24","18",3.6,,,"8",,,,"8",,"8",,"8",8,,1,
"251190050","PUCZNIEW                      ","2025","02","25","06",1.5,,,"8",,,,"8",,"8",,"8",8,,2,
"251190050","PUCZNIEW                      ","2025","02","25","18",7.2,,,"8",,,,"8",,"8",,"8",6,,6,
"251190050","PUCZNIEW                      ","2025","02","26","06",0.5,,,"8",,,,"8",,"8",,"8",8,,3,
"251190050","PUCZNIEW                      ","2025","02","26","18",8.0,,,"8",,,,"8",,"8",,"8",7,,7,
"251190050","PUCZNIEW                      ","2025","02","27","06",4.8,,,"8",,,,"8",,"8",,"8",7,,5,
"251190050","PUCZNIEW                      ","2025","02","27","18",6.6,,,"8",,,,"8",,"8",,"8",7,,6,
"251190050","PUCZNIEW                      ","2025","02","28","06",4.1,,,"8",,,,"8",,"8",,"8",8,,3,
"251190050","PUCZNIEW                      ","2025","02","28","18",3.8,,,"8",,,,"8",,"8",,"8",7,,7,
"251200030","SKIERNIEWICE                  ","2025","02","01","06",1.6,,0.6,,"W","W",83,,"WSW",,4,,8,,7,
"251200030","SKIERNIEWICE                  ","2025","02","01","12",3.0,,1.4,,"W","W",75,,"WNW",,4,,8,,7,
"251200030","SKIERNIEWICE                  ","2025","02","01","18",1.9,,0.6,,"W","W",79,,"WSW",,1,,8,,7,
"251200030","SKIERNIEWICE                  ","2025","02","02","06",1.5,,0.6,,"W","W",85,,"WSW",,2,,8,,6,
"251200030","SKIERNIEWICE                  ","2025","02","02","12",3.0,,1.5,,"W","W",76,,"NNW",,2,,8,,6,
"251200030","SKIERNIEWICE                  ","2025","02","02","18",0.2,,-0.3,,"W","W",91,,"WNW",,1,,4,,6,
"251200030","SKIERNIEWICE                  ","2025","02","03","06",-2.9,,-3.3,,"L","W",89,,"W  ",,1,,1,,6,
"251200030","SKIERNIEWICE                  ","2025","02","03","12",0.9,,-0.4,,"W","W",78,,"W  ",,2,,3,,6,
"251200030","SKIERNIEWICE                  ","2025","02","03","18",0.5,,0.0,,"W","W",91,,"W  ",,2,,8,,5,
"251200030","SKIERNIEWICE                  ","2025","02","04","06",0.9,,0.4,,"W","W",91,,"WNW",,1,,8,,5,
"251200030","SKIERNIEWICE                  ","2025","02","04","12",5.6,,2.6,,"W","W",59,,"WSW",,2,,6,,7,
"251200030","SKIERNIEWICE                  ","2025","02","04","18",2.5,,0.7,,"W","W",71,,"SSW",,1,,8,,7,
"251200030","SKIERNIEWICE                  ","2025","02","05","06",-1.6,,-2.3,,"L","W",85,,"SSW",,1,,3,,5,
"251200030","SKIERNIEWICE                  ","2025","02","05","12",5.2,,2.1,,"W","W",57,,"WNW",,2,,1,,6,
"251200030","SKIERNIEWICE                  ","2025","02","05","18",0.1,,-0.7,,"W","W",86,,"WSW",,2,,2,,6,
"251200030","SKIERNIEWICE                  ","2025","02","06","06",1.7,,1.4,,"W","W",95,,"WNW",,1,,8,,4,
"251200030","SKIERNIEWICE                  ","2025","02","06","12",3.6,,3.2,,"W","W",94,,"NNW",,1,,8,,5,
"251200030","SKIERNIEWICE                  ","2025","02","06","18",2.0,,1.6,,"W","W",93,,"WNW",,1,,7,,6,
"251200030","SKIERNIEWICE                  ","2025","02","07","06",0.5,,0.1,,"W","W",93,,"ESE",,4,,8,,4,
"251200030","SKIERNIEWICE                  ","2025","02","07","12",0.5,,-1.4,,"W","W",67,,"ESE",,7,,7,,7,
"251200030","SKIERNIEWICE                  ","2025","02","07","18",-1.1,,-3.2,,"L","W",61,,"ESE",,7,,7,,7,
"251200030","SKIERNIEWICE                  ","2025","02","08","06",-2.5,,-3.4,,"L","W",80,,"ESE",,4,,8,,7,
"251200030","SKIERNIEWICE                  ","2025","02","08","12",1.8,,-0.1,,"W","W",69,,"ESE",,7,,2,,7,
"251200030","SKIERNIEWICE                  ","2025","02","08","18",-1.7,,-3.0,,"L","W",74,,"ESE",,4,,1,,7,
"251200030","SKIERNIEWICE                  ","2025","02","09","06",-5.3,,-5.5,,"L","W",90,,"SE ",,4,,2,,5,
"251200030","SKIERNIEWICE                  ","2025","02","09","12",0.1,,-1.6,,"W","W",70,,"ESE",,7,,1,,7,
"251200030","SKIERNIEWICE                  ","2025","02","09","18",-1.9,,-2.8,,"L","W",81,,"ESE",,2,,2,,7,
"251200030","SKIERNIEWICE                  ","2025","02","10","06",-7.2,,-7.0,,"L","W",98,,"ENE",,1,,0,,5,
"251200030","SKIERNIEWICE                  ","2025","02","10","12",1.3,,-1.4,,"W","W",55,,"E  ",,2,,0,,7,
"251200030","SKIERNIEWICE                  ","2025","02","10","18",-3.1,,-4.0,,"L","W",79,,"ENE",,1,,0,,7,
"251200030","SKIERNIEWICE                  ","2025","02","11","06",-8.8,,-9.1,,"L","W",84,,"E  ",,2,,1,,5,
"251200030","SKIERNIEWICE                  ","2025","02","11","12",-4.3,,-5.0,,"L","W",81,,"ENE",,4,,7,,6,
"251200030","SKIERNIEWICE                  ","2025","02","11","18",-7.0,,-7.8,,"L","W",74,,"ESE",,7,,8,,6,
"251200030","SKIERNIEWICE                  ","2025","02","12","06",-6.4,,-6.7,,"L","W",87,,"ESE",,2,,8,,5,
"251200030","SKIERNIEWICE                  ","2025","02","12","12",-0.8,,-1.8,,"L","W",81,,"ESE",,7,,3,,6,
"251200030","SKIERNIEWICE                  ","2025","02","12","18",-2.0,,-3.0,,"L","W",79,,"ESE",,2,,3,,6,
"251200030","SKIERNIEWICE                  ","2025","02","13","06",-6.2,,-7.1,,"L","W",73,,"SSE",,2,,6,,5,
"251200030","SKIERNIEWICE                  ","2025","02","13","12",1.5,,0.8,,"W","W",88,,"ESE",,2,,8,,6,
"251200030","SKIERNIEWICE                  ","2025","02","13","18",0.5,,0.1,,"W","W",93,,"E  ",,1,,8,,6,
"251200030","SKIERNIEWICE                  ","2025","02","14","06",-1.5,,-2.0,,"L","W",89,,"NNW",,1,,8,,4,
"251200030","SKIERNIEWICE                  ","2025","02","14","12",-1.1,,-2.6,,"L","W",71,,"N  ",,4,,7,,7,
"251200030","SKIERNIEWICE                  ","2025","02","14","18",-2.1,,-3.4,,"L","W",73,,"W  ",,1,,7,,7,
"251200030","SKIERNIEWICE                  ","2025","02","15","06",-5.4,,-6.1,,"L","W",79,,"WNW",,2,,7,,7,
"251200030","SKIERNIEWICE                  ","2025","02","15","12",-1.4,,-2.6,,"L","W",76,,"W  ",,2,,8,,7,
"251200030","SKIERNIEWICE                  ","2025","02","15","18",-3.1,,-4.1,,"L","W",77,,"W  ",,1,,8,,7,
"251200030","SKIERNIEWICE                  ","2025","02","16","06",-5.6,,-6.0,,"L","W",85,,"W  ",,2,,8,,4,
"251200030","SKIERNIEWICE                  ","2025","02","16","12",-1.1,,-1.8,,"L","W",86,,"WNW",,1,,6,,7,
"251200030","SKIERNIEWICE                  ","2025","02","16","18",-7.4,,-7.8,,"L","W",83,,"WNW",,1,,1,,5,
"251200030","SKIERNIEWICE                  ","2025","02","17","06",-14.9,,-15.2,,"L","W",75,,"SSW",,1,,0,,4,
"251200030","SKIERNIEWICE                  ","2025","02","17","12",-0.9,,-1.2,,"L","W",94,,"SW ",,2,,1,,6,
"251200030","SKIERNIEWICE                  ","2025","02","17","18",-7.5,,-8.2,,"L","W",75,,"SSW",,1,,1,,5,
"251200030","SKIERNIEWICE                  ","2025","02","18","06",-9.4,,-10.6,,"L","W",58,,"SSW",,1,,6,,5,
"251200030","SKIERNIEWICE                  ","2025","02","18","12",-3.3,,-3.9,,"L","W",85,,"W  ",,2,,8,,6,
"251200030","SKIERNIEWICE                  ","2025","02","18","18",-3.7,,-4.9,,"L","W",72,,"W  ",,2,,8,,6,
"251200030","SKIERNIEWICE                  ","2025","02","19","06",-3.9,,-5.3,,"L","W",67,,"W  ",,2,,8,,6,
"251200030","SKIERNIEWICE                  ","2025","02","19","12",-1.7,,-2.4,,"L","W",85,,"WNW",,2,,8,,6,
"251200030","SKIERNIEWICE                  ","2025","02","19","18",-3.3,,-3.8,,"L","W",87,,"WSW",,1,,8,,4,
"251200030","SKIERNIEWICE                  ","2025","02","20","06",-7.4,,-7.4,,"L","W",93,,"SSE",,1,,8,,3,
"251200030","SKIERNIEWICE                  ","2025","02","20","12",1.7,,0.1,,"W","W",73,,"SSE",,4,,2,,6,
"251200030","SKIERNIEWICE                  ","2025","02","20","18",-2.3,,-3.2,,"L","W",80,,"SE ",,2,,2,,6,
"251200030","SKIERNIEWICE                  ","2025","02","21","06",-5.9,,-6.6,,"L","W",78,,"SSE",,2,,1,,7,
"251200030","SKIERNIEWICE                  ","2025","02","21","12",2.8,,0.1,,"W","W",58,,"SSE",,4,,3,,7,
"251200030","SKIERNIEWICE                  ","2025","02","21","18",0.9,,-1.0,,"W","W",67,,"SSE",,2,,8,,7,
"251200030","SKIERNIEWICE                  ","2025","02","22","06",-4.7,,-5.6,,"L","W",76,,"SE ",,2,,1,,6,
"251200030","SKIERNIEWICE                  ","2025","02","22","12",5.7,,1.0,,"W","W",37,,"SE ",,4,,1,,7,
"251200030","SKIERNIEWICE                  ","2025","02","22","18",1.7,,-1.6,,"W","W",46,,"SE ",,2,,1,,7,
"251200030","SKIERNIEWICE                  ","2025","02","23","06",-2.8,,-4.2,,"L","W",70,,"S  ",,2,,4,,6,
"251200030","SKIERNIEWICE                  ","2025","02","23","12",6.5,,2.0,,"W","W",41,,"SSW",,2,,7,,6,
"251200030","SKIERNIEWICE                  ","2025","02","23","18",5.1,,2.5,,"W","W",63,,"WSW",,1,,8,,6,
"251200030","SKIERNIEWICE                  ","2025","02","24","06",2.8,,2.6,,"W","W",97,,"C  ",,0,,8,,2,
"251200030","SKIERNIEWICE                  ","2025","02","24","12",5.0,,4.6,,"W","W",94,,"W  ",,1,,8,,4,
"251200030","SKIERNIEWICE                  ","2025","02","24","18",3.6,,3.6,,"W","W",100,,"SSE",,1,,8,,1,
"251200030","SKIERNIEWICE                  ","2025","02","25","06",2.4,,2.4,,"W","W",100,,"S  ",,2,,8,,2,
"251200030","SKIERNIEWICE                  ","2025","02","25","12",7.3,,6.0,,"W","W",83,,"SSE",,4,,8,,5,
"251200030","SKIERNIEWICE                  ","2025","02","25","18",5.2,,4.2,,"W","W",86,,"S  ",,1,,8,,6,
"251200030","SKIERNIEWICE                  ","2025","02","26","06",-0.3,,-0.4,,"W","W",98,,"SSE",,1,,8,,4,
"251200030","SKIERNIEWICE                  ","2025","02","26","12",9.9,,8.4,,"W","W",82,,"SSW",,2,,8,,6,
"251200030","SKIERNIEWICE                  ","2025","02","26","18",6.3,,5.0,,"W","W",82,,"S  ",,1,,8,,6,
"251200030","SKIERNIEWICE                  ","2025","02","27","06",5.0,,4.2,,"W","W",88,,"SSW",,1,,8,,4,
"251200030","SKIERNIEWICE                  ","2025","02","27","12",9.3,,6.8,,"W","W",70,,"WSW",,1,,8,,7,
"251200030","SKIERNIEWICE                  ","2025","02","27","18",5.8,,4.7,,"W","W",85,,"C  ",,0,,8,,6,
"251200030","SKIERNIEWICE                  ","2025","02","28","06",4.9,,4.8,,"W","W",99,,"W  ",,1,,8,,3,
"251200030","SKIERNIEWICE                  ","2025","02","28","12",4.6,,3.6,,"W","W",85,,"W  ",,4,,8,,7,
"251200030","SKIERNIEWICE                  ","2025","02","28","18",4.6,,3.7,,"W","W",87,,"WSW",,2,,8,,7,
"251210040","JARCZEW                       ","2025","02","01","06",0.8,,0.8,,"W","W",100,,"WNW",,3,,8,,7,
"251210040","JARCZEW                       ","2025","02","01","12",2.5,,1.9,,"W","W",90,,"WNW",,5,,8,,7,
"251210040","JARCZEW                       ","2025","02","01","18",1.2,,0.4,,"W","W",86,,"W  ",,3,,8,,7,
"251210040","JARCZEW                       ","2025","02","02","06",0.5,,0.3,,"W","W",96,,"W  ",,1,,8,,7,
"251210040","JARCZEW                       ","2025","02","02","12",2.6,,1.2,,"W","W",78,,"WNW",,3,,7,,7,
"251210040","JARCZEW                       ","2025","02","02","18",-0.4,,-0.6,,"W","W",96,,"WNW",,2,,8,,7,
"251210040","JARCZEW                       ","2025","02","03","06",-4.7,,-4.9,,"L","W",91,,"WNW",,2,,3,,7,
"251210040","JARCZEW                       ","2025","02","03","12",0.0,,-1.1,,"L","W",81,,"WNW",,5,,8,,7,
"251210040","JARCZEW                       ","2025","02","03","18",-0.2,,-0.8,,"L","W",89,,"W  ",,2,,8,,7,
"251210040","JARCZEW                       ","2025","02","04","06",-0.2,,-0.3,,"L","W",98,,"WSW",,2,,8,,7,
"251210040","JARCZEW                       ","2025","02","04","12",2.8,,1.7,,"W","W",82,,"NW ",,3,,7,,7,
"251210040","JARCZEW                       ","2025","02","04","18",0.8,,0.4,,"W","W",93,,"SSW",,1,,8,,7,
"251210040","JARCZEW                       ","2025","02","05","06",0.0,,-0.2,,"W","W",96,,"C  ",,0,,8,,7,
"251210040","JARCZEW                       ","2025","02","05","12",4.7,,2.9,,"W","W",74,,"W  ",,2,,1,,7,
"251210040","JARCZEW                       ","2025","02","05","18",-1.8,,-2.0,,"L","W",94,,"WSW",,1,,1,,7,
"251210040","JARCZEW                       ","2025","02","06","06",0.0,,-0.1,,"W","W",98,,"NW ",,1,,8,,7,
"251210040","JARCZEW                       ","2025","02","06","12",2.0,,2.0,,"W","W",100,,"NNW",,1,,8,,7,
"251210040","JARCZEW                       ","2025","02","06","18",1.1,,1.0,,"W","W",98,,"SE ",,2,,8,,7,
"251210040","JARCZEW                       ","2025","02","07","06",-2.1,,-2.8,,"L","W",84,,"SE ",,4,,3,,7,
"251210040","JARCZEW                       ","2025","02","07","12",-0.4,,-1.2,,"L","W",85,,"ESE",,5,,8,,7,
"251210040","JARCZEW                       ","2025","02","07","18",-1.2,,-1.8,,"L","W",88,,"SE ",,5,,8,,7,
"251210040","JARCZEW                       ","2025","02","08","06",-3.0,,-3.1,,"L","W",95,,"ESE",,6,,7,,7,
"251210040","JARCZEW                       ","2025","02","08","12",-0.8,,-0.8,,"L","W",99,,"ESE",,5,,6,,7,
"251210040","JARCZEW                       ","2025","02","08","18",-2.7,,-2.8,,"L","W",95,,"ESE",,5,,4,,7,
"251210040","JARCZEW                       ","2025","02","09","06",-5.5,,-5.5,,"L","W",95,,"ESE",,5,,8,,7,
"251210040","JARCZEW                       ","2025","02","09","12",-0.7,,-0.8,,"L","W",97,,"ESE",,5,,2,,7,
"251210040","JARCZEW                       ","2025","02","09","18",-3.2,,-3.3,,"L","W",95,,"E  ",,2,,2,,7,
"251210040","JARCZEW                       ","2025","02","10","06",-9.2,,-9.3,,"L","W",89,,"E  ",,1,,2,,7,
"251210040","JARCZEW                       ","2025","02","10","12",0.4,,0.4,,"W","W",100,,"ENE",,2,,1,,7,
"251210040","JARCZEW                       ","2025","02","10","18",-4.0,,-4.1,,"L","W",94,,"E  ",,1,,2,,7,
"251210040","JARCZEW                       ","2025","02","11","06",-7.2,,-7.8,,"L","W",78,,"E  ",,2,,8,,7,
"251210040","JARCZEW                       ","2025","02","11","12",-6.8,,-6.9,,"L","W",91,,"E  ",,4,,8,,7,
"251210040","JARCZEW                       ","2025","02","11","18",-7.8,,-7.8,,"L","W",93,,"ESE",,4,,8,,7,
"251210040","JARCZEW                       ","2025","02","12","06",-7.9,,-7.9,,"L","W",92,,"ESE",,6,,8,,7,
"251210040","JARCZEW                       ","2025","02","12","12",-2.6,,-2.6,,"L","W",97,,"ESE",,5,,2,,7,
"251210040","JARCZEW                       ","2025","02","12","18",-3.7,,-3.7,,"L","W",96,,"ESE",,4,,1,,7,
"251210040","JARCZEW                       ","2025","02","13","06",-8.6,,-8.8,,"L","W",86,,"ESE",,2,,2,,7,
"251210040","JARCZEW                       ","2025","02","13","12",2.6,,2.1,,"W","W",92,,"SSE",,2,,2,,7,
"251210040","JARCZEW                       ","2025","02","13","18",1.0,,0.6,,"W","W",93,,"C  ",,0,,8,,7,
"251210040","JARCZEW                       ","2025","02","14","06",-1.8,,-1.9,,"L","W",96,,"NNW",,1,,8,,6,
"251210040","JARCZEW                       ","2025","02","14","12",-2.0,,-2.9,,"L","W",81,,"NNW",,3,,8,,7,
"251210040","JARCZEW                       ","2025","02","14","18",-4.3,,-4.7,,"L","W",87,,"WNW",,2,,8,,7,
"251210040","JARCZEW                       ","2025","02","15","06",-6.1,,-6.2,,"L","W",92,,"NW ",,4,,8,,7,
"251210040","JARCZEW                       ","2025","02","15","12",-2.2,,-2.9,,"L","W",84,,"WNW",,4,,8,,7,
"251210040","JARCZEW                       ","2025","02","15","18",-3.2,,-3.9,,"L","W",83,,"WNW",,3,,8,,7,
"251210040","JARCZEW                       ","2025","02","16","06",-8.2,,-8.2,,"L","W",92,,"W  ",,2,,8,,3,
"251210040","JARCZEW                       ","2025","02","16","12",-4.6,,-4.8,,"L","W",91,,"NW ",,3,,8,,7,
"251210040","JARCZEW                       ","2025","02","16","18",-7.4,,-7.7,,"L","W",85,,"C  ",,0,,4,,7,
"251210040","JARCZEW                       ","2025","02","17","06",-14.3,,-14.3,,"L","W",87,,"W  ",,1,,2,,7,
"251210040","JARCZEW                       ","2025","02","17","12",-2.3,,-3.2,,"L","W",80,,"W  ",,3,,1,,7,
"251210040","JARCZEW                       ","2025","02","17","18",-7.0,,-6.8,,"L","W",98,,"WSW",,2,,1,,7,
"251210040","JARCZEW                       ","2025","02","18","06",-11.2,,-11.2,,"L","W",89,,"WSW",,1,,1,,7,
"251210040","JARCZEW                       ","2025","02","18","12",-2.3,,-2.4,,"L","W",96,,"W  ",,4,,8,,7,
"251210040","JARCZEW                       ","2025","02","18","18",-4.0,,-4.1,,"L","W",94,,"WSW",,2,,8,,7,
"251210040","JARCZEW                       ","2025","02","19","06",-4.8,,-4.8,,"L","W",95,,"W  ",,4,,8,,7,
"251210040","JARCZEW                       ","2025","02","19","12",-2.0,,-2.0,,"L","W",98,,"W  ",,4,,8,,7,
"251210040","JARCZEW                       ","2025","02","19","18",-5.2,,-5.3,,"L","W",93,,"C  ",,0,,2,,7,
"251210040","JARCZEW                       ","2025","02","20","06",-5.0,,-5.0,,"L","W",95,,"C  ",,0,,8,,2,
"251210040","JARCZEW                       ","2025","02","20","12",-2.4,,-2.4,,"L","W",98,,"SE ",,1,,8,,7,
"251210040","JARCZEW                       ","2025","02","20","18",-5.4,,-5.4,,"L","W",95,,"ESE",,2,,3,,7,
"251210040","JARCZEW                       ","2025","02","21","06",-8.7,,-8.8,,"L","W",89,,"ESE",,3,,1,,7,
"251210040","JARCZEW                       ","2025","02","21","12",0.6,,0.6,,"W","W",100,,"SE ",,6,,2,,7,
"251210040","JARCZEW                       ","2025","02","21","18",-2.2,,-2.2,,"L","W",98,,"SE ",,4,,2,,7,
"251210040","JARCZEW                       ","2025","02","22","06",-6.6,,-6.6,,"L","W",94,,"SSE",,3,,1,,7,
"251210040","JARCZEW                       ","2025","02","22","12",2.4,,2.2,,"W","W",97,,"SE ",,6,,2,,7,
"251210040","JARCZEW                       ","2025","02","22","18",0.0,,0.0,,"W","W",100,,"SE ",,4,,4,,7,
"251210040","JARCZEW                       ","2025","02","23","06",-3.8,,-3.9,,"L","W",94,,"SE ",,2,,2,,7,
"251210040","JARCZEW                       ","2025","02","23","12",4.0,,1.4,,"W","W",61,,"SSE",,2,,3,,7,
"251210040","JARCZEW                       ","2025","02","23","18",2.8,,0.7,,"W","W",67,,"SSE",,2,,3,,7,
"251210040","JARCZEW                       ","2025","02","24","06",0.9,,0.8,,"W","W",98,,"C  ",,0,,8,,7,
"251210040","JARCZEW                       ","2025","02","24","12",3.9,,3.0,,"W","W",86,,"SE ",,2,,8,,7,
"251210040","JARCZEW                       ","2025","02","24","18",2.2,,2.1,,"W","W",98,,"C  ",,0,,8,,7,
"251210040","JARCZEW                       ","2025","02","25","06",1.6,,1.6,,"W","W",100,,"SE ",,2,,8,,7,
"251210040","JARCZEW                       ","2025","02","25","12",6.9,,5.3,,"W","W",79,,"S  ",,4,,2,,7,
"251210040","JARCZEW                       ","2025","02","25","18",4.0,,3.4,,"W","W",91,,"SE ",,3,,3,,7,
"251210040","JARCZEW                       ","2025","02","26","06",0.9,,0.7,,"W","W",96,,"S  ",,1,,5,,7,
"251210040","JARCZEW                       ","2025","02","26","12",8.7,,6.3,,"W","W",70,,"SSE",,3,,7,,7,
"251210040","JARCZEW                       ","2025","02","26","18",5.6,,4.2,,"W","W",80,,"SE ",,2,,8,,7,
"251210040","JARCZEW                       ","2025","02","27","06",3.7,,2.7,,"W","W",85,,"S  ",,2,,2,,7,
"251210040","JARCZEW                       ","2025","02","27","12",8.5,,6.1,,"W","W",70,,"SSE",,2,,4,,7,
"251210040","JARCZEW                       ","2025","02","27","18",6.7,,5.6,,"W","W",85,,"SSE",,1,,8,,7,
"251210040","JARCZEW                       ","2025","02","28","06",2.6,,2.5,,"W","W",98,,"E  ",,1,,8,,2,
"251210040","JARCZEW                       ","2025","02","28","12",4.7,,4.1,,"W","W",91,,"WSW",,1,,8,,7,
"251210040","JARCZEW                       ","2025","02","28","18",3.8,,3.3,,"W","W",92,,"W  ",,4,,8,,7,
"252150120","GORZYÑ                        ","2025","02","01","06",2.9,,2.6,,"W","W",95,,"C  ",,0,,7,,7,
"252150120","GORZYÑ                        ","2025","02","01","12",6.7,,5.7,,"W","W",86,,"C  ",,0,,6,,7,
"252150120","GORZYÑ                        ","2025","02","01","18",3.1,,2.8,,"W","W",95,,"C  ",,0,,6,,7,
"252150120","GORZYÑ                        ","2025","02","02","06",1.9,,1.7,,"W","W",97,,"C  ",,0,,8,,7,
"252150120","GORZYÑ                        ","2025","02","02","12",3.9,,3.5,,"W","W",94,,"W  ",,1,,7,,7,
"252150120","GORZYÑ                        ","2025","02","02","18",1.9,,1.6,,"W","W",95,,"C  ",,0,,7,,7,
"252150120","GORZYÑ                        ","2025","02","03","06",1.1,,0.9,,"W","W",97,,"C  ",,0,,7,,7,
"252150120","GORZYÑ                        ","2025","02","03","12",2.9,,2.4,,"W","W",92,,"C  ",,0,,3,,7,
"252150120","GORZYÑ                        ","2025","02","03","18",-1.3,,-1.4,,"W","W",98,,"C  ",,0,,2,,7,
"252150120","GORZYÑ                        ","2025","02","04","06",-2.3,,-2.5,,"W","W",96,,"C  ",,0,,2,,7,
"252150120","GORZYÑ                        ","2025","02","04","12",4.4,,3.8,,"W","W",91,,"C  ",,0,,3,,7,
"252150120","GORZYÑ                        ","2025","02","04","18",-1.1,,-1.2,,"W","W",98,,"C  ",,0,,1,,7,
"252150120","GORZYÑ                        ","2025","02","05","06",-2.5,,-2.7,,"W","W",96,,"C  ",,0,,2,,7,
"252150120","GORZYÑ                        ","2025","02","05","12",2.4,,1.8,,"W","W",90,,"W  ",,1,,7,,7,
"252150120","GORZYÑ                        ","2025","02","05","18",1.9,,1.8,,"W","W",98,,"W  ",,1,,8,,7,
"252150120","GORZYÑ                        ","2025","02","06","06",2.5,,2.4,,"W","W",98,,"C  ",,0,,7,,7,
"252150120","GORZYÑ                        ","2025","02","06","12",3.9,,3.0,,"W","W",86,,"NW ",,2,,7,,7,
"252150120","GORZYÑ                        ","2025","02","06","18",2.8,,2.4,,"W","W",94,,"C  ",,0,,7,,7,
"252150120","GORZYÑ                        ","2025","02","07","06",1.5,,1.1,,"W","W",93,,"NE ",,2,,7,,7,
"252150120","GORZYÑ                        ","2025","02","07","12",5.9,,5.4,,"W","W",93,,"NE ",,2,,7,,7,
"252150120","GORZYÑ                        ","2025","02","07","18",0.9,,-0.5,,"W","W",76,,"NE ",,4,,7,,7,
"252150120","GORZYÑ                        ","2025","02","08","06",-0.3,,-0.7,,"W","W",93,,"SE ",,2,,7,,7,
"252150120","GORZYÑ                        ","2025","02","08","12",3.4,,2.8,,"W","W",91,,"SE ",,2,,4,,7,
"252150120","GORZYÑ                        ","2025","02","08","18",0.5,,-0.5,,"W","W",82,,"SE ",,2,,4,,7,
"252150120","GORZYÑ                        ","2025","02","09","06",-1.7,,-1.8,,"W","W",98,,"C  ",,0,,2,,7,
"252150120","GORZYÑ                        ","2025","02","09","12",2.3,,1.8,,"W","W",92,,"W  ",,1,,3,,7,
"252150120","GORZYÑ                        ","2025","02","09","18",-0.3,,-0.9,,"W","W",89,,"E  ",,2,,3,,7,
"252150120","GORZYÑ                        ","2025","02","10","06",-0.9,,-1.0,,"W","W",98,,"E  ",,1,,2,,7,
"252150120","GORZYÑ                        ","2025","02","10","12",0.6,,0.2,,"W","W",93,,"E  ",,1,,3,,7,
"252150120","GORZYÑ                        ","2025","02","10","18",-0.9,,-1.1,,"W","W",96,,"W  ",,1,,2,,7,
"252150120","GORZYÑ                        ","2025","02","11","06",-4.2,,-4.3,,"W","W",98,,"E  ",,1,,2,,7,
"252150120","GORZYÑ                        ","2025","02","11","12",2.6,,2.0,,"W","W",90,,"E  ",,2,,3,,7,
"252150120","GORZYÑ                        ","2025","02","11","18",-3.7,,-4.1,,"W","W",91,,"E  ",,4,,3,,7,
"252150120","GORZYÑ                        ","2025","02","12","06",-5.2,,-5.3,,"L","W",93,,"E  ",,4,,7,,7,
"252150120","GORZYÑ                        ","2025","02","12","12",-0.7,,-0.8,,"W","W",98,,"E  ",,2,,3,,7,
"252150120","GORZYÑ                        ","2025","02","12","18",-1.4,,-1.6,,"W","W",96,,"E  ",,1,,5,,7,
"252150120","GORZYÑ                        ","2025","02","13","06",-0.5,,-0.6,,"W","W",98,,"E  ",,1,,7,,7,
"252150120","GORZYÑ                        ","2025","02","13","12",1.9,,1.5,,"W","W",93,,"E  ",,2,,7,,7,
"252150120","GORZYÑ                        ","2025","02","13","18",-1.0,,-1.1,,"W","W",98,,"C  ",,0,,8,,6,
"252150120","GORZYÑ                        ","2025","02","14","06",-1.3,,-1.5,,"W","W",96,,"C  ",,0,,7,,7,
"252150120","GORZYÑ                        ","2025","02","14","12",2.4,,1.8,,"W","W",90,,"W  ",,1,,5,,7,
"252150120","GORZYÑ                        ","2025","02","14","18",0.8,,0.4,,"W","W",93,,"W  ",,2,,7,,7,
"252150120","GORZYÑ                        ","2025","02","15","06",-3.9,,-4.0,,"W","W",98,,"C  ",,0,,7,,7,
"252150120","GORZYÑ                        ","2025","02","15","12",-3.5,,-3.6,,"W","W",98,,"C  ",,0,,8,,7,
"252150120","GORZYÑ                        ","2025","02","15","18",-3.0,,-3.1,,"W","W",98,,"C  ",,0,,7,,7,
"252150120","GORZYÑ                        ","2025","02","16","06",-4.8,,-4.9,,"W","W",98,,"C  ",,0,,5,,7,
"252150120","GORZYÑ                        ","2025","02","16","12",1.6,,1.2,,"W","W",93,,"C  ",,0,,3,,7,
"252150120","GORZYÑ                        ","2025","02","16","18",-6.0,,-6.4,,"L","W",85,,"C  ",,0,,1,,7,
"252150120","GORZYÑ                        ","2025","02","17","06",-13.8,,-13.9,,"L","W",84,,"C  ",,0,,2,,7,
"252150120","GORZYÑ                        ","2025","02","17","12",0.5,,0.1,,"W","W",93,,"W  ",,1,,4,,7,
"252150120","GORZYÑ                        ","2025","02","17","18",-5.5,,-6.0,,"L","W",83,,"C  ",,0,,3,,7,
"252150120","GORZYÑ                        ","2025","02","18","06",-8.6,,-8.7,,"L","W",89,,"C  ",,0,,3,,7,
"252150120","GORZYÑ                        ","2025","02","18","12",0.9,,0.6,,"W","W",95,,"C  ",,0,,3,,7,
"252150120","GORZYÑ                        ","2025","02","18","18",-3.7,,-4.1,,"W","W",91,,"C  ",,0,,3,,7,
"252150120","GORZYÑ                        ","2025","02","19","06",-9.7,,-9.8,,"L","W",88,,"C  ",,0,,2,,7,
"252150120","GORZYÑ                        ","2025","02","19","12",3.4,,2.8,,"W","W",91,,"C  ",,0,,3,,7,
"252150120","GORZYÑ                        ","2025","02","19","18",-4.9,,-5.2,,"W","W",93,,"C  ",,0,,4,,7,
"252150120","GORZYÑ                        ","2025","02","20","06",-11.1,,-11.2,,"L","W",86,,"C  ",,0,,4,,7,
"252150120","GORZYÑ                        ","2025","02","20","12",1.6,,1.2,,"W","W",93,,"C  ",,0,,4,,7,
"252150120","GORZYÑ                        ","2025","02","20","18",-1.1,,-1.3,,"W","W",96,,"C  ",,0,,7,,7,
"252150120","GORZYÑ                        ","2025","02","21","06",-1.3,,-1.4,,"W","W",98,,"SE ",,2,,7,,7,
"252150120","GORZYÑ                        ","2025","02","21","12",3.7,,2.8,,"W","W",86,,"E  ",,2,,7,,7,
"252150120","GORZYÑ                        ","2025","02","21","18",2.5,,2.0,,"W","W",92,,"E  ",,1,,7,,7,
"252150120","GORZYÑ                        ","2025","02","22","06",-1.1,,-1.5,,"W","W",92,,"C  ",,0,,2,,7,
"252150120","GORZYÑ                        ","2025","02","22","12",7.4,,6.9,,"W","W",93,,"C  ",,0,,3,,7,
"252150120","GORZYÑ                        ","2025","02","22","18",3.5,,3.4,,"W","W",98,,"C  ",,0,,4,,7,
"252150120","GORZYÑ                        ","2025","02","23","06",2.1,,1.1,,"W","W",84,,"C  ",,0,,7,,7,
"252150120","GORZYÑ                        ","2025","02","23","12",6.9,,5.7,,"W","W",84,,"C  ",,0,,6,,7,
"252150120","GORZYÑ                        ","2025","02","23","18",4.9,,4.8,,"W","W",99,,"C  ",,0,,7,,7,
"252150120","GORZYÑ                        ","2025","02","24","06",-0.5,,-0.5,,"W","W",100,,"C  ",,0,,8,,3,
"252150120","GORZYÑ                        ","2025","02","24","12",12.3,,11.7,,"W","W",93,,"C  ",,0,,8,,6,
"252150120","GORZYÑ                        ","2025","02","24","18",6.5,,5.9,,"W","W",92,,"C  ",,0,,8,,4,
"252150120","GORZYÑ                        ","2025","02","25","06",5.7,,4.6,,"W","W",84,,"C  ",,0,,7,,6,
"252150120","GORZYÑ                        ","2025","02","25","12",9.4,,8.7,,"W","W",91,,"W  ",,1,,7,,7,
"252150120","GORZYÑ                        ","2025","02","25","18",7.3,,6.9,,"W","W",95,,"C  ",,0,,8,,6,
"252150120","GORZYÑ                        ","2025","02","26","06",4.1,,3.8,,"W","W",95,,"C  ",,0,,8,,3,
"252150120","GORZYÑ                        ","2025","02","26","12",8.3,,7.7,,"W","W",92,,"W  ",,1,,6,,7,
"252150120","GORZYÑ                        ","2025","02","26","18",7.5,,7.3,,"W","W",97,,"W  ",,1,,8,,6,
"252150120","GORZYÑ                        ","2025","02","27","06",5.1,,5.0,,"W","W",99,,"C  ",,0,,7,,7,
"252150120","GORZYÑ                        ","2025","02","27","12",9.9,,8.8,,"W","W",87,,"W  ",,1,,6,,7,
"252150120","GORZYÑ                        ","2025","02","27","18",5.9,,5.5,,"W","W",94,,"C  ",,0,,8,,7,
"252150120","GORZYÑ                        ","2025","02","28","06",3.5,,3.4,,"W","W",98,,"C  ",,0,,7,,7,
"252150120","GORZYÑ                        ","2025","02","28","12",6.2,,5.7,,"W","W",93,,"W  ",,1,,7,,7,
"252150120","GORZYÑ                        ","2025","02","28","18",2.9,,2.8,,"W","W",98,,"C  ",,0,,8,,7,
"252150270","BABIMOST                      ","2025","02","01","06",2.9,,2.2,,"W","W",89,,"WSW",,3,,8,,8,
"252150270","BABIMOST                      ","2025","02","01","12",4.3,,2.9,,"W","W",79,,"WNW",,3,,8,,8,
"252150270","BABIMOST                      ","2025","02","01","18",2.5,,2.1,,"W","W",93,,"SW ",,1,,8,,7,
"252150270","BABIMOST                      ","2025","02","02","06",0.5,,0.4,,"W","W",98,,"SW ",,1,,8,,6,
"252150270","BABIMOST                      ","2025","02","02","12",3.1,,1.9,,"W","W",81,,"WSW",,4,,7,,8,
"252150270","BABIMOST                      ","2025","02","02","18",1.5,,1.4,,"W","W",98,,"WNW",,1,,8,,8,
"252150270","BABIMOST                      ","2025","02","03","06",-1.8,,-1.8,,"L","W",98,,"S  ",,1,,7,,5,
"252150270","BABIMOST                      ","2025","02","03","12",4.1,,2.8,,"W","W",80,,"S  ",,1,,4,,7,
"252150270","BABIMOST                      ","2025","02","03","18",-2.2,,-2.4,,"W","W",96,,"W  ",,1,,0,,3,
"252150270","BABIMOST                      ","2025","02","04","06",-6.5,,-6.4,,"L","W",96,,"C  ",,0,,1,,6,
"252150270","BABIMOST                      ","2025","02","04","12",3.5,,1.6,,"W","W",71,,"SSW",,2,,6,,7,
"252150270","BABIMOST                      ","2025","02","04","18",-2.1,,-2.1,,"L","W",98,,"C  ",,0,,1,,6,
"252150270","BABIMOST                      ","2025","02","05","06",-6.7,,-6.6,,"L","W",96,,"SE ",,1,,1,,6,
"252150270","BABIMOST                      ","2025","02","05","12",0.9,,-0.9,,"W","W",69,,"WSW",,4,,8,,6,
"252150270","BABIMOST                      ","2025","02","05","18",1.6,,1.3,,"W","W",95,,"WSW",,3,,8,,5,
"252150270","BABIMOST                      ","2025","02","06","06",2.7,,2.5,,"W","W",97,,"NW ",,2,,8,,5,
"252150270","BABIMOST                      ","2025","02","06","12",2.8,,2.6,,"W","W",97,,"NNE",,2,,8,,6,
"252150270","BABIMOST                      ","2025","02","06","18",2.7,,2.3,,"W","W",94,,"N  ",,2,,8,,7,
"252150270","BABIMOST                      ","2025","02","07","06",1.7,,1.4,,"W","W",95,,"ENE",,3,,8,,6,
"252150270","BABIMOST                      ","2025","02","07","12",3.2,,2.4,,"W","W",87,,"ENE",,5,,8,,7,
"252150270","BABIMOST                      ","2025","02","07","18",1.7,,-0.3,,"W","W",67,,"E  ",,7,,8,,7,
"252150270","BABIMOST                      ","2025","02","08","06",0.3,,-1.7,,"W","W",65,,"E  ",,6,,8,,7,
"252150270","BABIMOST                      ","2025","02","08","12",4.0,,1.5,,"W","W",63,,"E  ",,5,,4,,7,
"252150270","BABIMOST                      ","2025","02","08","18",0.2,,-0.9,,"W","W",80,,"ENE",,5,,3,,6,
"252150270","BABIMOST                      ","2025","02","09","06",-2.4,,-2.8,,"L","W",90,,"NNE",,2,,1,,6,
"252150270","BABIMOST                      ","2025","02","09","12",3.5,,1.3,,"W","W",66,,"ENE",,5,,0,,6,
"252150270","BABIMOST                      ","2025","02","09","18",0.0,,-0.9,,"W","W",84,,"ENE",,3,,0,,6,
"252150270","BABIMOST                      ","2025","02","10","06",-3.1,,-3.2,,"L","W",95,,"NNE",,2,,3,,5,
"252150270","BABIMOST                      ","2025","02","10","12",1.2,,-0.5,,"W","W",71,,"ENE",,5,,7,,6,
"252150270","BABIMOST                      ","2025","02","10","18",0.1,,-1.6,,"W","W",70,,"ENE",,4,,0,,6,
"252150270","BABIMOST                      ","2025","02","11","06",-5.4,,-5.9,,"L","W",83,,"ENE",,4,,0,,6,
"252150270","BABIMOST                      ","2025","02","11","12",2.0,,-1.2,,"W","W",49,,"E  ",,6,,0,,7,
"252150270","BABIMOST                      ","2025","02","11","18",-1.9,,-3.3,,"L","W",72,,"ENE",,6,,0,,6,
"252150270","BABIMOST                      ","2025","02","12","06",-6.1,,-6.4,,"L","W",87,,"ENE",,5,,8,,6,
"252150270","BABIMOST                      ","2025","02","12","12",-2.3,,-2.5,,"L","W",94,,"ENE",,5,,8,,6,
"252150270","BABIMOST                      ","2025","02","12","18",-1.6,,-2.9,,"L","W",74,,"NE ",,3,,8,,6,
"252150270","BABIMOST                      ","2025","02","13","06",-0.2,,-0.3,,"W","W",98,,"E  ",,2,,8,,4,
"252150270","BABIMOST                      ","2025","02","13","12",0.9,,0.8,,"W","W",98,,"E  ",,1,,8,,4,
"252150270","BABIMOST                      ","2025","02","13","18",-0.5,,-0.5,,"L","W",100,,"NNE",,3,,8,,3,
"252150270","BABIMOST                      ","2025","02","14","06",-1.5,,-1.5,,"L","W",99,,"NNW",,1,,8,,5,
"252150270","BABIMOST                      ","2025","02","14","12",0.3,,-0.6,,"W","W",84,,"NW ",,3,,2,,8,
"252150270","BABIMOST                      ","2025","02","14","18",-0.6,,-1.2,,"L","W",88,,"NW ",,2,,8,,7,
"252150270","BABIMOST                      ","2025","02","15","06",-3.8,,-3.9,,"L","W",94,,"WSW",,2,,7,,7,
"252150270","BABIMOST                      ","2025","02","15","12",-0.4,,-1.5,,"W","W",80,,"WSW",,3,,6,,7,
"252150270","BABIMOST                      ","2025","02","15","18",-6.4,,-6.4,,"L","W",94,,"C  ",,0,,5,,4,
"252150270","BABIMOST                      ","2025","02","16","06",-7.5,,-7.5,,"L","W",93,,"C  ",,0,,4,,5,
"252150270","BABIMOST                      ","2025","02","16","12",-1.0,,-2.4,,"W","W",74,,"ENE",,3,,5,,7,
"252150270","BABIMOST                      ","2025","02","16","18",-8.4,,-8.4,,"L","W",92,,"C  ",,0,,2,,7,
"252150270","BABIMOST                      ","2025","02","17","06",-16.4,,-16.1,,"L","W",98,,"C  ",,0,,4,,6,
"252150270","BABIMOST                      ","2025","02","17","12",-2.0,,-3.4,,"L","W",71,,"SW ",,2,,2,,6,
"252150270","BABIMOST                      ","2025","02","17","18",-8.4,,-8.4,,"L","W",92,,"C  ",,0,,4,,6,
"252150270","BABIMOST                      ","2025","02","18","06",-13.4,,-13.2,,"L","W",95,,"SW ",,4,,1,,6,
"252150270","BABIMOST                      ","2025","02","18","12",-2.1,,-3.8,,"L","W",65,,"WSW",,5,,5,,7,
"252150270","BABIMOST                      ","2025","02","18","18",-1.9,,-3.1,,"L","W",75,,"WSW",,2,,5,,8,
"252150270","BABIMOST                      ","2025","02","19","06",-12.4,,-12.2,,"L","W",95,,"SSW",,1,,0,,6,
"252150270","BABIMOST                      ","2025","02","19","12",1.5,,-1.5,,"W","W",51,,"SW ",,2,,0,,7,
"252150270","BABIMOST                      ","2025","02","19","18",-5.6,,-6.0,,"L","W",85,,"C  ",,0,,0,,7,
"252150270","BABIMOST                      ","2025","02","20","06",-14.9,,-14.8,,"L","W",90,,"C  ",,0,,0,,4,
"252150270","BABIMOST                      ","2025","02","20","12",2.0,,-1.4,,"W","W",46,,"SE ",,4,,0,,6,
"252150270","BABIMOST                      ","2025","02","20","18",-1.9,,-3.7,,"W","W",65,,"E  ",,2,,0,,7,
"252150270","BABIMOST                      ","2025","02","21","06",-1.6,,-3.2,,"L","W",68,,"SE ",,2,,8,,6,
"252150270","BABIMOST                      ","2025","02","21","12",3.3,,0.9,,"W","W",63,,"SE ",,2,,8,,6,
"252150270","BABIMOST                      ","2025","02","21","18",2.7,,1.3,,"W","W",78,,"SE ",,1,,8,,6,
"252150270","BABIMOST                      ","2025","02","22","06",-4.2,,-4.1,,"L","W",98,,"C  ",,0,,0,,4,
"252150270","BABIMOST                      ","2025","02","22","12",6.2,,2.4,,"W","W",49,,"SE ",,4,,0,,7,
"252150270","BABIMOST                      ","2025","02","22","18",0.6,,-0.5,,"W","W",81,,"ESE",,1,,2,,7,
"252150270","BABIMOST                      ","2025","02","23","06",-0.8,,-1.1,,"L","W",94,,"C  ",,0,,8,,6,
"252150270","BABIMOST                      ","2025","02","23","12",7.5,,5.8,,"W","W",78,,"WSW",,4,,8,,6,
"252150270","BABIMOST                      ","2025","02","23","18",4.9,,4.9,,"W","W",100,,"WSW",,2,,8,,3,
"252150270","BABIMOST                      ","2025","02","24","06",-2.0,,-2.0,,"W","W",100,,"C  ",,0,,8,,1,
"252150270","BABIMOST                      ","2025","02","24","12",10.1,,8.3,,"W","W",79,,"SE ",,1,,1,,6,
"252150270","BABIMOST                      ","2025","02","24","18",6.5,,5.3,,"W","W",84,,"SE ",,3,,7,,7,
"252150270","BABIMOST                      ","2025","02","25","06",2.6,,2.2,,"W","W",94,,"NW ",,1,,5,,6,
"252150270","BABIMOST                      ","2025","02","25","12",9.8,,8.5,,"W","W",84,,"WSW",,2,,8,,7,
"252150270","BABIMOST                      ","2025","02","25","18",8.2,,7.9,,"W","W",96,,"C  ",,0,,8,,7,
"252150270","BABIMOST                      ","2025","02","26","06",4.7,,4.6,,"W","W",99,,"C  ",,0,,8,,4,
"252150270","BABIMOST                      ","2025","02","26","12",7.4,,7.0,,"W","W",95,,"ESE",,2,,8,,5,
"252150270","BABIMOST                      ","2025","02","26","18",7.1,,6.7,,"W","W",95,,"S  ",,1,,8,,5,
"252150270","BABIMOST                      ","2025","02","27","06",6.4,,6.3,,"W","W",99,,"WSW",,4,,8,,5,
"252150270","BABIMOST                      ","2025","02","27","12",9.9,,7.0,,"W","W",66,,"SW ",,3,,6,,7,
"252150270","BABIMOST                      ","2025","02","27","18",6.4,,5.5,,"W","W",88,,"C  ",,0,,8,,7,
"252150270","BABIMOST                      ","2025","02","28","06",4.1,,4.0,,"W","W",98,,"WSW",,4,,8,,6,
"252150270","BABIMOST                      ","2025","02","28","12",4.9,,4.7,,"W","W",97,,"WSW",,5,,8,,6,
"252150270","BABIMOST                      ","2025","02","28","18",4.0,,3.3,,"W","W",89,,"WSW",,2,,8,,7,
"252160230","WIELICHOWO                    ","2025","02","01","06",2.4,,,"8",,,,"8",,"8",,"8",8,,8,
"252160230","WIELICHOWO                    ","2025","02","01","12",4.8,,,"8",,,,"8",,"8",,"8",8,,8,
"252160230","WIELICHOWO                    ","2025","02","01","18",2.8,,,"8",,,,"8",,"8",,"8",8,,8,
"252160230","WIELICHOWO                    ","2025","02","02","06",1.1,,,"8",,,,"8",,"8",,"8",8,,7,
"252160230","WIELICHOWO                    ","2025","02","02","12",3.4,,,"8",,,,"8",,"8",,"8",7,,8,
"252160230","WIELICHOWO                    ","2025","02","02","18",2.2,,,"8",,,,"8",,"8",,"8",8,,8,
"252160230","WIELICHOWO                    ","2025","02","03","06",-0.5,,,"8",,,,"8",,"8",,"8",8,,6,
"252160230","WIELICHOWO                    ","2025","02","03","12",3.4,,,"8",,,,"8",,"8",,"8",7,,8,
"252160230","WIELICHOWO                    ","2025","02","03","18",-0.9,,,"8",,,,"8",,"8",,"8",2,,6,
"252160230","WIELICHOWO                    ","2025","02","04","06",-5.5,,,"8",,,,"8",,"8",,"8",0,,7,
"252160230","WIELICHOWO                    ","2025","02","04","12",3.8,,,"8",,,,"8",,"8",,"8",8,,8,
"252160230","WIELICHOWO                    ","2025","02","04","18",-1.3,,,"8",,,,"8",,"8",,"8",2,,7,
"252160230","WIELICHOWO                    ","2025","02","05","06",-5.9,,,"8",,,,"8",,"8",,"8",0,,7,
"252160230","WIELICHOWO                    ","2025","02","05","12",2.2,,,"8",,,,"8",,"8",,"8",8,,8,
"252160230","WIELICHOWO                    ","2025","02","05","18",1.5,,,"8",,,,"8",,"8",,"8",8,,6,
"252160230","WIELICHOWO                    ","2025","02","06","06",2.2,,,"8",,,,"8",,"8",,"8",8,,5,
"252160230","WIELICHOWO                    ","2025","02","06","12",3.6,,,"8",,,,"8",,"8",,"8",8,,8,
"252160230","WIELICHOWO                    ","2025","02","06","18",3.2,,,"8",,,,"8",,"8",,"8",7,,8,
"252160230","WIELICHOWO                    ","2025","02","07","06",1.7,,,"8",,,,"8",,"8",,"8",8,,8,
"252160230","WIELICHOWO                    ","2025","02","07","12",3.1,,,"8",,,,"8",,"8",,"8",8,,8,
"252160230","WIELICHOWO                    ","2025","02","07","18",1.0,,,"8",,,,"8",,"8",,"8",8,,8,
"252160230","WIELICHOWO                    ","2025","02","08","06",-0.1,,,"8",,,,"8",,"8",,"8",8,,8,
"252160230","WIELICHOWO                    ","2025","02","08","12",3.2,,,"8",,,,"8",,"8",,"8",0,,8,
"252160230","WIELICHOWO                    ","2025","02","08","18",0.7,,,"8",,,,"8",,"8",,"8",0,,8,
"252160230","WIELICHOWO                    ","2025","02","09","06",-1.9,,,"8",,,,"8",,"8",,"8",3,,8,
"252160230","WIELICHOWO                    ","2025","02","09","12",3.2,,,"8",,,,"8",,"8",,"8",7,,8,
"252160230","WIELICHOWO                    ","2025","02","09","18",-0.9,,,"8",,,,"8",,"8",,"8",3,,8,
"252160230","WIELICHOWO                    ","2025","02","10","06",-1.1,,,"8",,,,"8",,"8",,"8",7,,8,
"252160230","WIELICHOWO                    ","2025","02","10","12",1.8,,,"8",,,,"8",,"8",,"8",3,,8,
"252160230","WIELICHOWO                    ","2025","02","10","18",-0.3,,,"8",,,,"8",,"8",,"8",0,,8,
"252160230","WIELICHOWO                    ","2025","02","11","06",-5.1,,,"8",,,,"8",,"8",,"8",0,,8,
"252160230","WIELICHOWO                    ","2025","02","11","12",1.5,,,"8",,,,"8",,"8",,"8",0,,8,
"252160230","WIELICHOWO                    ","2025","02","11","18",-3.1,,,"8",,,,"8",,"8",,"8",0,,8,
"252160230","WIELICHOWO                    ","2025","02","12","06",-6.1,,,"8",,,,"8",,"8",,"8",5,,8,
"252160230","WIELICHOWO                    ","2025","02","12","12",-2.5,,,"8",,,,"8",,"8",,"8",8,,8,
"252160230","WIELICHOWO                    ","2025","02","12","18",-0.9,,,"8",,,,"8",,"8",,"8",8,,8,
"252160230","WIELICHOWO                    ","2025","02","13","06",0.1,,,"8",,,,"8",,"8",,"8",8,,8,
"252160230","WIELICHOWO                    ","2025","02","13","12",1.6,,,"8",,,,"8",,"8",,"8",8,,8,
"252160230","WIELICHOWO                    ","2025","02","13","18",-0.6,,,"8",,,,"8",,"8",,"8",8,,4,
"252160230","WIELICHOWO                    ","2025","02","14","06",-2.9,,,"8",,,,"8",,"8",,"8",6,,8,
"252160230","WIELICHOWO                    ","2025","02","14","12",1.5,,,"8",,,,"8",,"8",,"8",8,,8,
"252160230","WIELICHOWO                    ","2025","02","14","18",-0.1,,,"8",,,,"8",,"8",,"8",8,,8,
"252160230","WIELICHOWO                    ","2025","02","15","06",-4.6,,,"8",,,,"8",,"8",,"8",8,,8,
"252160230","WIELICHOWO                    ","2025","02","15","12",-0.6,,,"8",,,,"8",,"8",,"8",8,,4,
"252160230","WIELICHOWO                    ","2025","02","15","18",-9.2,,,"8",,,,"8",,"8",,"8",5,,2,
"252160230","WIELICHOWO                    ","2025","02","16","06",-7.0,,,"8",,,,"8",,"8",,"8",4,,7,
"252160230","WIELICHOWO                    ","2025","02","16","12",-1.3,,,"8",,,,"8",,"8",,"8",0,,8,
"252160230","WIELICHOWO                    ","2025","02","16","18",-9.8,,,"8",,,,"8",,"8",,"8",0,,8,
"252160230","WIELICHOWO                    ","2025","02","17","06",-14.8,,,"8",,,,"8",,"8",,"8",8,,1,
"252160230","WIELICHOWO                    ","2025","02","17","12",-5.1,,,"8",,,,"8",,"8",,"8",0,,7,
"252160230","WIELICHOWO                    ","2025","02","17","18",-8.4,,,"8",,,,"8",,"8",,"8",0,,8,
"252160230","WIELICHOWO                    ","2025","02","18","06",-13.8,,,"8",,,,"8",,"8",,"8",0,,7,
"252160230","WIELICHOWO                    ","2025","02","18","12",-0.3,,,"8",,,,"8",,"8",,"8",0,,8,
"252160230","WIELICHOWO                    ","2025","02","18","18",-1.3,,,"8",,,,"8",,"8",,"8",0,,8,
"252160230","WIELICHOWO                    ","2025","02","19","06",-11.8,,,"8",,,,"8",,"8",,"8",0,,7,
"252160230","WIELICHOWO                    ","2025","02","19","12",0.7,,,"8",,,,"8",,"8",,"8",0,,8,
"252160230","WIELICHOWO                    ","2025","02","19","18",-6.8,,,"8",,,,"8",,"8",,"8",0,,8,
"252160230","WIELICHOWO                    ","2025","02","20","06",-10.0,,,"8",,,,"8",,"8",,"8",0,,4,
"252160230","WIELICHOWO                    ","2025","02","20","12",1.1,,,"8",,,,"8",,"8",,"8",0,,8,
"252160230","WIELICHOWO                    ","2025","02","20","18",-3.9,,,"8",,,,"8",,"8",,"8",0,,8,
"252160230","WIELICHOWO                    ","2025","02","21","06",-2.4,,,"8",,,,"8",,"8",,"8",8,,8,
"252160230","WIELICHOWO                    ","2025","02","21","12",2.4,,,"8",,,,"8",,"8",,"8",8,,8,
"252160230","WIELICHOWO                    ","2025","02","21","18",2.0,,,"8",,,,"8",,"8",,"8",8,,8,
"252160230","WIELICHOWO                    ","2025","02","22","06",-2.3,,,"8",,,,"8",,"8",,"8",0,,8,
"252160230","WIELICHOWO                    ","2025","02","22","12",6.2,,,"8",,,,"8",,"8",,"8",0,,8,
"252160230","WIELICHOWO                    ","2025","02","22","18",2.6,,,"8",,,,"8",,"8",,"8",0,,8,
"252160230","WIELICHOWO                    ","2025","02","23","06",-1.9,,,"8",,,,"8",,"8",,"8",7,,8,
"252160230","WIELICHOWO                    ","2025","02","23","12",7.2,,,"8",,,,"8",,"8",,"8",8,,8,
"252160230","WIELICHOWO                    ","2025","02","23","18",6.2,,,"8",,,,"8",,"8",,"8",8,,7,
"252160230","WIELICHOWO                    ","2025","02","24","06",0.7,,,"8",,,,"8",,"8",,"8",8,,1,
"252160230","WIELICHOWO                    ","2025","02","24","12",10.7,,,"8",,,,"8",,"8",,"8",0,,8,
"252160230","WIELICHOWO                    ","2025","02","24","18",5.3,,,"8",,,,"8",,"8",,"8",1,,8,
"252160230","WIELICHOWO                    ","2025","02","25","06",2.2,,,"8",,,,"8",,"8",,"8",7,,8,
"252160230","WIELICHOWO                    ","2025","02","25","12",9.7,,,"8",,,,"8",,"8",,"8",8,,8,
"252160230","WIELICHOWO                    ","2025","02","25","18",7.7,,,"8",,,,"8",,"8",,"8",8,,7,
"252160230","WIELICHOWO                    ","2025","02","26","06",3.8,,,"8",,,,"8",,"8",,"8",8,,4,
"252160230","WIELICHOWO                    ","2025","02","26","12",8.5,,,"8",,,,"8",,"8",,"8",8,,7,
"252160230","WIELICHOWO                    ","2025","02","26","18",6.7,,,"8",,,,"8",,"8",,"8",8,,7,
"252160230","WIELICHOWO                    ","2025","02","27","06",6.7,,,"8",,,,"8",,"8",,"8",8,,8,
"252160230","WIELICHOWO                    ","2025","02","27","12",10.7,,,"8",,,,"8",,"8",,"8",3,,8,
"252160230","WIELICHOWO                    ","2025","02","27","18",7.1,,,"8",,,,"8",,"8",,"8",8,,8,
"252160230","WIELICHOWO                    ","2025","02","28","06",4.2,,,"8",,,,"8",,"8",,"8",8,,8,
"252160230","WIELICHOWO                    ","2025","02","28","12",5.8,,,"8",,,,"8",,"8",,"8",8,,8,
"252160230","WIELICHOWO                    ","2025","02","28","18",4.2,,,"8",,,,"8",,"8",,"8",6,,8,
"252180080","KO£UDA WIELKA                 ","2025","02","01","06",1.6,,,"8",,,,"8",,"8",,"8",8,,7,
"252180080","KO£UDA WIELKA                 ","2025","02","01","12",2.8,,,"8",,,,"8",,"8",,"8",8,,7,
"252180080","KO£UDA WIELKA                 ","2025","02","01","18",2.2,,,"8",,,,"8",,"8",,"8",8,,7,
"252180080","KO£UDA WIELKA                 ","2025","02","02","06",1.0,,,"8",,,,"8",,"8",,"8",8,,7,
"252180080","KO£UDA WIELKA                 ","2025","02","02","12",2.6,,,"8",,,,"8",,"8",,"8",8,,7,
"252180080","KO£UDA WIELKA                 ","2025","02","02","18",0.2,,,"8",,,,"8",,"8",,"8",8,,7,
"252180080","KO£UDA WIELKA                 ","2025","02","03","06",-2.2,,,"8",,,,"8",,"8",,"8",8,,7,
"252180080","KO£UDA WIELKA                 ","2025","02","03","12",1.8,,,"8",,,,"8",,"8",,"8",8,,7,
"252180080","KO£UDA WIELKA                 ","2025","02","03","18",1.2,,,"8",,,,"8",,"8",,"8",8,,7,
"252180080","KO£UDA WIELKA                 ","2025","02","04","06",-0.8,,,"8",,,,"8",,"8",,"8",8,,7,
"252180080","KO£UDA WIELKA                 ","2025","02","04","12",3.7,,,"8",,,,"8",,"8",,"8",8,,7,
"252180080","KO£UDA WIELKA                 ","2025","02","04","18",-0.4,,,"8",,,,"8",,"8",,"8",0,,7,
"252180080","KO£UDA WIELKA                 ","2025","02","05","06",-3.0,,,"8",,,,"8",,"8",,"8",8,,7,
"252180080","KO£UDA WIELKA                 ","2025","02","05","12",3.0,,,"8",,,,"8",,"8",,"8",2,,7,
"252180080","KO£UDA WIELKA                 ","2025","02","05","18",1.2,,,"8",,,,"8",,"8",,"8",0,,7,
"252180080","KO£UDA WIELKA                 ","2025","02","06","06",2.4,,,"8",,,,"8",,"8",,"8",8,,7,
"252180080","KO£UDA WIELKA                 ","2025","02","06","12",5.5,,,"8",,,,"8",,"8",,"8",8,,7,
"252180080","KO£UDA WIELKA                 ","2025","02","06","18",2.2,,,"8",,,,"8",,"8",,"8",8,,7,
"252180080","KO£UDA WIELKA                 ","2025","02","07","06",1.2,,,"8",,,,"8",,"8",,"8",8,,7,
"252180080","KO£UDA WIELKA                 ","2025","02","07","12",2.0,,,"8",,,,"8",,"8",,"8",8,,7,
"252180080","KO£UDA WIELKA                 ","2025","02","07","18",1.2,,,"8",,,,"8",,"8",,"8",8,,7,
"252180080","KO£UDA WIELKA                 ","2025","02","08","06",-1.8,,,"8",,,,"8",,"8",,"8",4,,7,
"252180080","KO£UDA WIELKA                 ","2025","02","08","12",1.4,,,"8",,,,"8",,"8",,"8",2,,7,
"252180080","KO£UDA WIELKA                 ","2025","02","08","18",0.0,,,"8",,,,"8",,"8",,"8",8,,7,
"252180080","KO£UDA WIELKA                 ","2025","02","09","06",-2.7,,,"8",,,,"8",,"8",,"8",8,,7,
"252180080","KO£UDA WIELKA                 ","2025","02","09","12",-2.4,,,"8",,,,"8",,"8",,"8",8,,7,
"252180080","KO£UDA WIELKA                 ","2025","02","09","18",-0.4,,,"8",,,,"8",,"8",,"8",8,,7,
"252180080","KO£UDA WIELKA                 ","2025","02","10","06",-3.5,,,"8",,,,"8",,"8",,"8",2,,7,
"252180080","KO£UDA WIELKA                 ","2025","02","10","12",-2.2,,,"8",,,,"8",,"8",,"8",0,,7,
"252180080","KO£UDA WIELKA                 ","2025","02","10","18",-2.9,,,"8",,,,"8",,"8",,"8",0,,7,
"252180080","KO£UDA WIELKA                 ","2025","02","11","06",-7.1,,,"8",,,,"8",,"8",,"8",8,,7,
"252180080","KO£UDA WIELKA                 ","2025","02","11","12",-4.3,,,"8",,,,"8",,"8",,"8",8,,7,
"252180080","KO£UDA WIELKA                 ","2025","02","11","18",-6.9,,,"8",,,,"8",,"8",,"8",8,,7,
"252180080","KO£UDA WIELKA                 ","2025","02","12","06",-5.1,,,"8",,,,"8",,"8",,"8",8,,7,
"252180080","KO£UDA WIELKA                 ","2025","02","12","12",-2.7,,,"8",,,,"8",,"8",,"8",8,,7,
"252180080","KO£UDA WIELKA                 ","2025","02","12","18",-0.8,,,"8",,,,"8",,"8",,"8",8,,7,
"252180080","KO£UDA WIELKA                 ","2025","02","13","06",-3.1,,,"8",,,,"8",,"8",,"8",8,,7,
"252180080","KO£UDA WIELKA                 ","2025","02","13","12",-1.6,,,"8",,,,"8",,"8",,"8",8,,7,
"252180080","KO£UDA WIELKA                 ","2025","02","13","18",-2.0,,,"8",,,,"8",,"8",,"8",8,,6,
"252180080","KO£UDA WIELKA                 ","2025","02","14","06",-2.2,,,"8",,,,"8",,"8",,"8",8,,7,
"252180080","KO£UDA WIELKA                 ","2025","02","14","12",1.2,,,"8",,,,"8",,"8",,"8",0,,7,
"252180080","KO£UDA WIELKA                 ","2025","02","14","18",-2.4,,,"8",,,,"8",,"8",,"8",0,,7,
"252180080","KO£UDA WIELKA                 ","2025","02","15","06",-4.5,,,"8",,,,"8",,"8",,"8",8,,7,
"252180080","KO£UDA WIELKA                 ","2025","02","15","12",-2.0,,,"8",,,,"8",,"8",,"8",8,,7,
"252180080","KO£UDA WIELKA                 ","2025","02","15","18",-4.3,,,"8",,,,"8",,"8",,"8",8,,7,
"252180080","KO£UDA WIELKA                 ","2025","02","16","06",-5.5,,,"8",,,,"8",,"8",,"8",8,,7,
"252180080","KO£UDA WIELKA                 ","2025","02","16","12",-0.2,,,"8",,,,"8",,"8",,"8",0,,7,
"252180080","KO£UDA WIELKA                 ","2025","02","16","18",-6.9,,,"8",,,,"8",,"8",,"8",0,,7,
"252180080","KO£UDA WIELKA                 ","2025","02","17","06",-11.6,,,"8",,,,"8",,"8",,"8",5,,7,
"252180080","KO£UDA WIELKA                 ","2025","02","17","12",-0.4,,,"8",,,,"8",,"8",,"8",3,,7,
"252180080","KO£UDA WIELKA                 ","2025","02","17","18",-5.9,,,"8",,,,"8",,"8",,"8",0,,7,
"252180080","KO£UDA WIELKA                 ","2025","02","18","06",-4.9,,,"8",,,,"8",,"8",,"8",5,,7,
"252180080","KO£UDA WIELKA                 ","2025","02","18","12",-0.4,,,"8",,,,"8",,"8",,"8",2,,7,
"252180080","KO£UDA WIELKA                 ","2025","02","18","18",-4.1,,,"8",,,,"8",,"8",,"8",8,,7,
"252180080","KO£UDA WIELKA                 ","2025","02","19","06",-4.7,,,"8",,,,"8",,"8",,"8",8,,7,
"252180080","KO£UDA WIELKA                 ","2025","02","19","12",-0.8,,,"8",,,,"8",,"8",,"8",8,,7,
"252180080","KO£UDA WIELKA                 ","2025","02","19","18",-5.0,,,"8",,,,"8",,"8",,"8",8,,7,
"252180080","KO£UDA WIELKA                 ","2025","02","20","06",-8.5,,,"8",,,,"8",,"8",,"8",8,,2,
"252180080","KO£UDA WIELKA                 ","2025","02","20","12",1.5,,,"8",,,,"8",,"8",,"8",2,,7,
"252180080","KO£UDA WIELKA                 ","2025","02","20","18",-1.0,,,"8",,,,"8",,"8",,"8",8,,7,
"252180080","KO£UDA WIELKA                 ","2025","02","21","06",-4.1,,,"8",,,,"8",,"8",,"8",8,,7,
"252180080","KO£UDA WIELKA                 ","2025","02","21","12",2.7,,,"8",,,,"8",,"8",,"8",6,,7,
"252180080","KO£UDA WIELKA                 ","2025","02","21","18",2.9,,,"8",,,,"8",,"8",,"8",8,,7,
"252180080","KO£UDA WIELKA                 ","2025","02","22","06",-0.5,,,"8",,,,"8",,"8",,"8",0,,7,
"252180080","KO£UDA WIELKA                 ","2025","02","22","12",6.3,,,"8",,,,"8",,"8",,"8",0,,7,
"252180080","KO£UDA WIELKA                 ","2025","02","22","18",3.0,,,"8",,,,"8",,"8",,"8",0,,7,
"252180080","KO£UDA WIELKA                 ","2025","02","23","06",-0.2,,,"8",,,,"8",,"8",,"8",8,,7,
"252180080","KO£UDA WIELKA                 ","2025","02","23","12",4.1,,,"8",,,,"8",,"8",,"8",8,,7,
"252180080","KO£UDA WIELKA                 ","2025","02","23","18",2.2,,,"8",,,,"8",,"8",,"8",8,,3,
"252180080","KO£UDA WIELKA                 ","2025","02","24","06",2.6,,,"8",,,,"8",,"8",,"8",8,,7,
"252180080","KO£UDA WIELKA                 ","2025","02","24","12",3.2,,,"8",,,,"8",,"8",,"8",8,,7,
"252180080","KO£UDA WIELKA                 ","2025","02","24","18",2.2,,,"8",,,,"8",,"8",,"8",8,,7,
"252180080","KO£UDA WIELKA                 ","2025","02","25","06",1.0,,,"8",,,,"8",,"8",,"8",8,,2,
"252180080","KO£UDA WIELKA                 ","2025","02","25","12",4.7,,,"8",,,,"8",,"8",,"8",8,,7,
"252180080","KO£UDA WIELKA                 ","2025","02","25","18",4.1,,,"8",,,,"8",,"8",,"8",8,,1,
"252180080","KO£UDA WIELKA                 ","2025","02","26","06",3.0,,,"8",,,,"8",,"8",,"8",8,,5,
"252180080","KO£UDA WIELKA                 ","2025","02","26","12",5.3,,,"8",,,,"8",,"8",,"8",8,,7,
"252180080","KO£UDA WIELKA                 ","2025","02","26","18",4.3,,,"8",,,,"8",,"8",,"8",8,,4,
"252180080","KO£UDA WIELKA                 ","2025","02","27","06",4.1,,,"8",,,,"8",,"8",,"8",8,,6,
"252180080","KO£UDA WIELKA                 ","2025","02","27","12",6.5,,,"8",,,,"8",,"8",,"8",8,,7,
"252180080","KO£UDA WIELKA                 ","2025","02","27","18",5.3,,,"8",,,,"8",,"8",,"8",8,,5,
"252180080","KO£UDA WIELKA                 ","2025","02","28","06",3.0,,,"8",,,,"8",,"8",,"8",8,,3,
"252180080","KO£UDA WIELKA                 ","2025","02","28","12",3.5,,,"8",,,,"8",,"8",,"8",8,,6,
"252180080","KO£UDA WIELKA                 ","2025","02","28","18",2.4,,,"8",,,,"8",,"8",,"8",8,,6,
"252200120","LEGIONOWO                     ","2025","02","01","06",1.9,,,"8",,"W",,"8","W  ",,3,,,"8",,"8"
"252200120","LEGIONOWO                     ","2025","02","01","12",3.0,,,"8",,"W",,"8","W  ",,4,,,"8",,"8"
"252200120","LEGIONOWO                     ","2025","02","01","18",2.2,,,"8",,"W",,"8","WSW",,3,,,"8",,"8"
"252200120","LEGIONOWO                     ","2025","02","02","06",0.6,,,"8",,"W",,"8","WNW",,1,,,"8",,"8"
"252200120","LEGIONOWO                     ","2025","02","02","12",2.7,,,"8",,"W",,"8","WNW",,2,,,"8",,"8"
"252200120","LEGIONOWO                     ","2025","02","02","18",-0.5,,,"8",,"W",,"8","W  ",,2,,,"8",,"8"
"252200120","LEGIONOWO                     ","2025","02","03","06",-4.2,,,"8",,"W",,"8","WSW",,2,,,"8",,"8"
"252200120","LEGIONOWO                     ","2025","02","03","12",2.2,,,"8",,"W",,"8","WNW",,2,,,"8",,"8"
"252200120","LEGIONOWO                     ","2025","02","03","18",0.9,,,"8",,"W",,"8","W  ",,2,,,"8",,"8"
"252200120","LEGIONOWO                     ","2025","02","04","06",0.9,,,"8",,"W",,"8","W  ",,2,,,"8",,"8"
"252200120","LEGIONOWO                     ","2025","02","04","12",5.4,,,"8",,"W",,"8","W  ",,2,,,"8",,"8"
"252200120","LEGIONOWO                     ","2025","02","04","18",2.3,,,"8",,"W",,"8","SSE",,1,,,"8",,"8"
"252200120","LEGIONOWO                     ","2025","02","05","06",0.5,,,"8",,"W",,"8","WSW",,2,,,"8",,"8"
"252200120","LEGIONOWO                     ","2025","02","05","12",6.4,,,"8",,"W",,"8","W  ",,2,,,"8",,"8"
"252200120","LEGIONOWO                     ","2025","02","05","18",0.3,,,"8",,"W",,"8","WSW",,2,,,"8",,"8"
"252200120","LEGIONOWO                     ","2025","02","06","06",1.9,,,"8",,"W",,"8","WNW",,1,,,"8",,"8"
"252200120","LEGIONOWO                     ","2025","02","06","12",4.7,,,"8",,"W",,"8","NE ",,1,,,"8",,"8"
"252200120","LEGIONOWO                     ","2025","02","06","18",2.7,,,"8",,"W",,"8","NW ",,1,,,"8",,"8"
"252200120","LEGIONOWO                     ","2025","02","07","06",0.1,,,"8",,"W",,"8","E  ",,2,,,"8",,"8"
"252200120","LEGIONOWO                     ","2025","02","07","12",0.3,,,"8",,"W",,"8","ESE",,4,,,"8",,"8"
"252200120","LEGIONOWO                     ","2025","02","07","18",-0.4,,,"8",,"W",,"8","ESE",,4,,,"8",,"8"
"252200120","LEGIONOWO                     ","2025","02","08","06",-2.1,,,"8",,"W",,"8","ESE",,4,,,"8",,"8"
"252200120","LEGIONOWO                     ","2025","02","08","12",1.5,,,"8",,"W",,"8","ESE",,3,,,"8",,"8"
"252200120","LEGIONOWO                     ","2025","02","08","18",-2.0,,,"8",,"W",,"8","E  ",,2,,,"8",,"8"
"252200120","LEGIONOWO                     ","2025","02","09","06",-7.0,,,"8","L","W",,"8","E  ",,2,,,"8",,"8"
"252200120","LEGIONOWO                     ","2025","02","09","12",0.5,,,"8",,"W",,"8","E  ",,3,,,"8",,"8"
"252200120","LEGIONOWO                     ","2025","02","09","18",-3.1,,,"8",,"W",,"8","ENE",,2,,,"8",,"8"
"252200120","LEGIONOWO                     ","2025","02","10","06",-8.4,,,"8","L","W",,"8","ENE",,2,,,"8",,"8"
"252200120","LEGIONOWO                     ","2025","02","10","12",0.8,,,"8",,"W",,"8","ENE",,3,,,"8",,"8"
"252200120","LEGIONOWO                     ","2025","02","10","18",-3.2,,,"8",,"W",,"8","ENE",,2,,,"8",,"8"
"252200120","LEGIONOWO                     ","2025","02","11","06",-7.9,,,"8","L","W",,"8","ENE",,3,,,"8",,"8"
"252200120","LEGIONOWO                     ","2025","02","11","12",-6.7,,,"8","L","W",,"8","ENE",,3,,,"8",,"8"
"252200120","LEGIONOWO                     ","2025","02","11","18",-6.8,,,"8","L","W",,"8","E  ",,3,,,"8",,"8"
"252200120","LEGIONOWO                     ","2025","02","12","06",-6.4,,,"8","L","W",,"8","E  ",,2,,,"8",,"8"
"252200120","LEGIONOWO                     ","2025","02","12","12",0.3,,,"8",,"W",,"8","ESE",,3,,,"8",,"8"
"252200120","LEGIONOWO                     ","2025","02","12","18",-3.2,,,"8",,"W",,"8","ESE",,2,,,"8",,"8"
"252200120","LEGIONOWO                     ","2025","02","13","06",-9.7,,,"8","L","W",,"8","ENE",,2,,,"8",,"8"
"252200120","LEGIONOWO                     ","2025","02","13","12",2.5,,,"8",,"W",,"8","ESE",,2,,,"8",,"8"
"252200120","LEGIONOWO                     ","2025","02","13","18",0.3,,,"8",,"W",,"8","NE ",,1,,,"8",,"8"
"252200120","LEGIONOWO                     ","2025","02","14","06",-1.6,,,"8",,"W",,"8","N  ",,1,,,"8",,"8"
"252200120","LEGIONOWO                     ","2025","02","14","12",-1.5,,,"8",,"W",,"8","NNE",,3,,,"8",,"8"
"252200120","LEGIONOWO                     ","2025","02","14","18",-2.1,,,"8",,"W",,"8","W  ",,1,,,"8",,"8"
"252200120","LEGIONOWO                     ","2025","02","15","06",-5.0,,,"8",,"W",,"8","WSW",,2,,,"8",,"8"
"252200120","LEGIONOWO                     ","2025","02","15","12",-0.6,,,"8",,"W",,"8","W  ",,4,,,"8",,"8"
"252200120","LEGIONOWO                     ","2025","02","15","18",-3.2,,,"8",,"W",,"8","WNW",,2,,,"8",,"8"
"252200120","LEGIONOWO                     ","2025","02","16","06",-7.1,,,"8","L","W",,"8","WSW",,4,,,"8",,"8"
"252200120","LEGIONOWO                     ","2025","02","16","12",-3.0,,,"8",,"W",,"8","NW ",,2,,,"8",,"8"
"252200120","LEGIONOWO                     ","2025","02","16","18",-5.0,,,"8",,"W",,"8","NW ",,2,,,"8",,"8"
"252200120","LEGIONOWO                     ","2025","02","17","06",-12.4,,,"8","L","W",,"8","SW ",,2,,,"8",,"8"
"252200120","LEGIONOWO                     ","2025","02","17","12",-1.1,,,"8",,"W",,"8","WNW",,4,,,"8",,"8"
"252200120","LEGIONOWO                     ","2025","02","17","18",-3.3,,,"8",,"W",,"8","WSW",,3,,,"8",,"8"
"252200120","LEGIONOWO                     ","2025","02","18","06",-10.3,,,"8","L","W",,"8","SW ",,2,,,"8",,"8"
"252200120","LEGIONOWO                     ","2025","02","18","12",-2.6,,,"8",,"W",,"8","W  ",,3,,,"8",,"8"
"252200120","LEGIONOWO                     ","2025","02","18","18",-3.2,,,"8",,"W",,"8","WSW",,3,,,"8",,"8"
"252200120","LEGIONOWO                     ","2025","02","19","06",-6.7,,,"8","L","W",,"8","WSW",,3,,,"8",,"8"
"252200120","LEGIONOWO                     ","2025","02","19","12",0.0,,,"8",,"W",,"8","SW ",,3,,,"8",,"8"
"252200120","LEGIONOWO                     ","2025","02","19","18",-0.8,,,"8",,"W",,"8","WSW",,2,,,"8",,"8"
"252200120","LEGIONOWO                     ","2025","02","20","06",-3.8,,,"8",,"W",,"8","SE ",,1,,,"8",,"8"
"252200120","LEGIONOWO                     ","2025","02","20","12",1.3,,,"8",,"W",,"8","SE ",,1,,,"8",,"8"
"252200120","LEGIONOWO                     ","2025","02","20","18",-2.5,,,"8",,"W",,"8","SE ",,2,,,"8",,"8"
"252200120","LEGIONOWO                     ","2025","02","21","06",-8.1,,,"8","L","W",,"8","SE ",,1,,,"8",,"8"
"252200120","LEGIONOWO                     ","2025","02","21","12",2.2,,,"8",,"W",,"8","SSE",,3,,,"8",,"8"
"252200120","LEGIONOWO                     ","2025","02","21","18",0.5,,,"8",,"W",,"8","SE ",,2,,,"8",,"8"
"252200120","LEGIONOWO                     ","2025","02","22","06",-4.6,,,"8",,"W",,"8","SE ",,1,,,"8",,"8"
"252200120","LEGIONOWO                     ","2025","02","22","12",6.1,,,"8",,"W",,"8","SE ",,2,,,"8",,"8"
"252200120","LEGIONOWO                     ","2025","02","22","18",0.7,,,"8",,"W",,"8","ESE",,2,,,"8",,"8"
"252200120","LEGIONOWO                     ","2025","02","23","06",-2.7,,,"8",,"W",,"8","SE ",,2,,,"8",,"8"
"252200120","LEGIONOWO                     ","2025","02","23","12",7.3,,,"8",,"W",,"8","SSW",,2,,,"8",,"8"
"252200120","LEGIONOWO                     ","2025","02","23","18",1.4,,,"8",,"W",,"8","SSW",,1,,,"8",,"8"
"252200120","LEGIONOWO                     ","2025","02","24","06",0.2,,,"8",,"W",,"8","W  ",,1,,,"8",,"8"
"252200120","LEGIONOWO                     ","2025","02","24","12",6.8,,,"8",,"W",,"8","W  ",,2,,,"8",,"8"
"252200120","LEGIONOWO                     ","2025","02","24","18",3.3,,,"8",,"W",,"8","WSW",,1,,,"8",,"8"
"252200120","LEGIONOWO                     ","2025","02","25","06",2.2,,,"8",,"W",,"8","ESE",,1,,,"8",,"8"
"252200120","LEGIONOWO                     ","2025","02","25","12",5.8,,,"8",,"W",,"8","S  ",,2,,,"8",,"8"
"252200120","LEGIONOWO                     ","2025","02","25","18",3.9,,,"8",,"W",,"8","SSE",,1,,,"8",,"8"
"252200120","LEGIONOWO                     ","2025","02","26","06",-0.5,,,"8",,"W",,"8","E  ",,1,,,"8",,"8"
"252200120","LEGIONOWO                     ","2025","02","26","12",8.9,,,"8","W","W",,"8","S  ",,2,,,"8",,"8"
"252200120","LEGIONOWO                     ","2025","02","26","18",5.3,,,"8",,"W",,"8","ENE",,1,,,"8",,"8"
"252200120","LEGIONOWO                     ","2025","02","27","06",3.9,,,"8",,"W",,"8","SSE",,1,,,"8",,"8"
"252200120","LEGIONOWO                     ","2025","02","27","12",8.5,,,"8","W","W",,"8","WSW",,2,,,"8",,"8"
"252200120","LEGIONOWO                     ","2025","02","27","18",6.2,,,"8",,"W",,"8","C  ",,0,,,"8",,"8"
"252200120","LEGIONOWO                     ","2025","02","28","06",3.8,,,"8",,"W",,"8","C  ",,0,,,"8",,"8"
"252200120","LEGIONOWO                     ","2025","02","28","12",5.3,,,"8",,"W",,"8","WNW",,2,,,"8",,"8"
"252200120","LEGIONOWO                     ","2025","02","28","18",3.8,,,"8",,"W",,"8","WSW",,4,,,"8",,"8"
"252200230","WARSZAWA-FILTRY               ","2025","02","01","06",1.7,,,"8",,"W",,"8","WSW",,4,,8,,6,
"252200230","WARSZAWA-FILTRY               ","2025","02","01","12",2.9,,,"8",,"W",,"8","WSW",,6,,8,,7,
"252200230","WARSZAWA-FILTRY               ","2025","02","01","18",2.1,,,"8",,"W",,"8","WSW",,4,,8,,7,
"252200230","WARSZAWA-FILTRY               ","2025","02","02","06",1.1,,,"8",,"W",,"8","WSW",,2,,8,,6,
"252200230","WARSZAWA-FILTRY               ","2025","02","02","12",2.9,,,"8",,"W",,"8","WSW",,3,,7,,7,
"252200230","WARSZAWA-FILTRY               ","2025","02","02","18",0.7,,,"8",,"W",,"8","WNW",,3,,8,,7,
"252200230","WARSZAWA-FILTRY               ","2025","02","03","06",-2.1,,,"8",,"W",,"8","WSW",,3,,7,,7,
"252200230","WARSZAWA-FILTRY               ","2025","02","03","12",1.8,,,"8",,"W",,"8","W  ",,5,,6,,8,
"252200230","WARSZAWA-FILTRY               ","2025","02","03","18",1.1,,,"8",,"W",,"8","WSW",,3,,6,,7,
"252200230","WARSZAWA-FILTRY               ","2025","02","04","06",1.2,,,"8",,"W",,"8","WSW",,4,,8,,7,
"252200230","WARSZAWA-FILTRY               ","2025","02","04","12",4.7,,,"8",,"W",,"8","WSW",,3,,7,,7,
"252200230","WARSZAWA-FILTRY               ","2025","02","04","18",3.4,,,"8",,"W",,"8","C  ",,0,,8,,7,
"252200230","WARSZAWA-FILTRY               ","2025","02","05","06",1.7,,,"8",,"W",,"8","SW ",,2,,8,,7,
"252200230","WARSZAWA-FILTRY               ","2025","02","05","12",5.9,,,"8",,"W",,"8","SW ",,3,,1,,8,
"252200230","WARSZAWA-FILTRY               ","2025","02","05","18",2.5,,,"8",,"W",,"8","WSW",,4,,6,,7,
"252200230","WARSZAWA-FILTRY               ","2025","02","06","06",1.9,,,"8",,"W",,"8","W  ",,2,,8,,7,
"252200230","WARSZAWA-FILTRY               ","2025","02","06","12",3.9,,,"8",,"W",,"8","NW ",,2,,8,,7,
"252200230","WARSZAWA-FILTRY               ","2025","02","06","18",3.6,,,"8",,"W",,"8","NW ",,1,,6,,7,
"252200230","WARSZAWA-FILTRY               ","2025","02","07","06",0.1,,,"8",,"W",,"8","E  ",,3,,7,,8,
"252200230","WARSZAWA-FILTRY               ","2025","02","07","12",0.3,,,"8",,"W",,"8","E  ",,6,,8,,8,
"252200230","WARSZAWA-FILTRY               ","2025","02","07","18",-0.2,,,"8",,"W",,"8","E  ",,6,,8,,8,
"252200230","WARSZAWA-FILTRY               ","2025","02","08","06",-2.4,,,"8",,"W",,"8","E  ",,5,,4,,7,
"252200230","WARSZAWA-FILTRY               ","2025","02","08","12",1.5,,,"8",,"W",,"8","E  ",,5,,1,,8,
"252200230","WARSZAWA-FILTRY               ","2025","02","08","18",-1.4,,,"8",,"W",,"8","E  ",,4,,2,,7,
"252200230","WARSZAWA-FILTRY               ","2025","02","09","06",-5.6,,,"8","L","W",,"8","E  ",,3,,3,,8,
"252200230","WARSZAWA-FILTRY               ","2025","02","09","12",0.0,,,"8",,"W",,"8","ENE",,4,,2,,8,
"252200230","WARSZAWA-FILTRY               ","2025","02","09","18",-1.6,,,"8",,"W",,"8","ENE",,4,,0,,7,
"252200230","WARSZAWA-FILTRY               ","2025","02","10","06",-6.4,,,"8","L","W",,"8","ENE",,3,,0,,7,
"252200230","WARSZAWA-FILTRY               ","2025","02","10","12",1.4,,,"8",,"W",,"8","ENE",,3,,0,,8,
"252200230","WARSZAWA-FILTRY               ","2025","02","10","18",-1.7,,,"8",,"W",,"8","NE ",,4,,0,,7,
"252200230","WARSZAWA-FILTRY               ","2025","02","11","06",-7.0,,,"8","L","W",,"8","NE ",,3,,8,,7,
"252200230","WARSZAWA-FILTRY               ","2025","02","11","12",-5.5,,,"8","L","W",,"8","E  ",,4,,8,,7,
"252200230","WARSZAWA-FILTRY               ","2025","02","11","18",-6.6,,,"8","L","W",,"8","E  ",,4,,8,,7,
"252200230","WARSZAWA-FILTRY               ","2025","02","12","06",-6.4,,,"8","L","W",,"8","E  ",,4,,8,,6,
"252200230","WARSZAWA-FILTRY               ","2025","02","12","12",-0.2,,,"8",,"W",,"8","E  ",,4,,3,,8,
"252200230","WARSZAWA-FILTRY               ","2025","02","12","18",-2.6,,,"8",,"W",,"8","E  ",,4,,4,,8,
"252200230","WARSZAWA-FILTRY               ","2025","02","13","06",-6.6,,,"8","L","W",,"8","E  ",,3,,8,,7,
"252200230","WARSZAWA-FILTRY               ","2025","02","13","12",1.4,,,"8",,"W",,"8","ENE",,2,,2,,8,
"252200230","WARSZAWA-FILTRY               ","2025","02","13","18",1.7,,,"8",,"W",,"8","NE ",,2,,8,,7,
"252200230","WARSZAWA-FILTRY               ","2025","02","14","06",-1.4,,,"8",,"W",,"8","NW ",,2,,8,,7,
"252200230","WARSZAWA-FILTRY               ","2025","02","14","12",-1.3,,,"8",,"W",,"8","NNW",,4,,8,,7,
"252200230","WARSZAWA-FILTRY               ","2025","02","14","18",-1.7,,,"8",,"W",,"8","WSW",,3,,7,,7,
"252200230","WARSZAWA-FILTRY               ","2025","02","15","06",-4.3,,,"8",,"W",,"8","WSW",,3,,8,,8,
"252200230","WARSZAWA-FILTRY               ","2025","02","15","12",-0.8,,,"8",,"W",,"8","SW ",,5,,7,,8,
"252200230","WARSZAWA-FILTRY               ","2025","02","15","18",-3.7,,,"8",,"W",,"8","WSW",,4,,8,,8,
"252200230","WARSZAWA-FILTRY               ","2025","02","16","06",-6.0,,,"8","L","W",,"8","SW ",,3,,8,,7,
"252200230","WARSZAWA-FILTRY               ","2025","02","16","12",-3.1,,,"8",,"W",,"8","W  ",,3,,8,,7,
"252200230","WARSZAWA-FILTRY               ","2025","02","16","18",-4.4,,,"8",,"W",,"8","WNW",,1,,8,,7,
"252200230","WARSZAWA-FILTRY               ","2025","02","17","06",-9.6,,,"8","L","W",,"8","SW ",,3,,8,,6,
"252200230","WARSZAWA-FILTRY               ","2025","02","17","12",-1.1,,,"8",,"W",,"8","SW ",,5,,6,,6,
"252200230","WARSZAWA-FILTRY               ","2025","02","17","18",-3.9,,,"8",,"W",,"8","SSW",,2,,2,,6,
"252200230","WARSZAWA-FILTRY               ","2025","02","18","06",-8.3,,,"8","L","W",,"8","WSW",,2,,8,,7,
"252200230","WARSZAWA-FILTRY               ","2025","02","18","12",-2.7,,,"8",,"W",,"8","SW ",,4,,8,,7,
"252200230","WARSZAWA-FILTRY               ","2025","02","18","18",-3.5,,,"8",,"W",,"8","SW ",,3,,8,,7,
"252200230","WARSZAWA-FILTRY               ","2025","02","19","06",-4.9,,,"8",,"W",,"8","WSW",,4,,8,,7,
"252200230","WARSZAWA-FILTRY               ","2025","02","19","12",-0.8,,,"8",,"W",,"8","SW ",,3,,8,,7,
"252200230","WARSZAWA-FILTRY               ","2025","02","19","18",-1.1,,,"8",,"W",,"8","SW ",,3,,8,,6,
"252200230","WARSZAWA-FILTRY               ","2025","02","20","06",-2.6,,,"8",,"W",,"8","E  ",,2,,5,,6,
"252200230","WARSZAWA-FILTRY               ","2025","02","20","12",2.8,,,"8",,"W",,"8","ENE",,1,,4,,7,
"252200230","WARSZAWA-FILTRY               ","2025","02","20","18",-2.5,,,"8",,"W",,"8","ESE",,3,,6,,7,
"252200230","WARSZAWA-FILTRY               ","2025","02","21","06",-6.7,,,"8","L","W",,"8","ESE",,3,,8,,7,
"252200230","WARSZAWA-FILTRY               ","2025","02","21","12",1.6,,,"8",,"W",,"8","ESE",,5,,4,,7,
"252200230","WARSZAWA-FILTRY               ","2025","02","21","18",0.4,,,"8",,"W",,"8","ESE",,4,,4,,7,
"252200230","WARSZAWA-FILTRY               ","2025","02","22","06",-4.7,,,"8",,"W",,"8","ESE",,3,,3,,7,
"252200230","WARSZAWA-FILTRY               ","2025","02","22","12",4.7,,,"8",,"W",,"8","ESE",,6,,3,,7,
"252200230","WARSZAWA-FILTRY               ","2025","02","22","18",1.2,,,"8",,"W",,"8","ESE",,4,,3,,7,
"252200230","WARSZAWA-FILTRY               ","2025","02","23","06",-2.3,,,"8",,"W",,"8","ESE",,4,,6,,7,
"252200230","WARSZAWA-FILTRY               ","2025","02","23","12",7.0,,,"8",,"W",,"8","SE ",,3,,3,,7,
"252200230","WARSZAWA-FILTRY               ","2025","02","23","18",1.8,,,"8",,"W",,"8","ESE",,1,,5,,6,
"252200230","WARSZAWA-FILTRY               ","2025","02","24","06",1.7,,,"8",,"W",,"8","W  ",,1,,7,,7,
"252200230","WARSZAWA-FILTRY               ","2025","02","24","12",6.4,,,"8",,"W",,"8","WSW",,3,,8,,7,
"252200230","WARSZAWA-FILTRY               ","2025","02","24","18",2.0,,,"8",,"W",,"8","SW ",,1,,4,,4,
"252200230","WARSZAWA-FILTRY               ","2025","02","25","06",2.5,,,"8",,"W",,"8","ESE",,2,,8,,6,
"252200230","WARSZAWA-FILTRY               ","2025","02","25","12",7.2,,,"8",,"W",,"8","SE ",,3,,8,,5,
"252200230","WARSZAWA-FILTRY               ","2025","02","25","18",4.0,,,"8",,"W",,"8","ESE",,2,,8,,5,
"252200230","WARSZAWA-FILTRY               ","2025","02","26","06",0.7,,,"8",,"W",,"8","E  ",,1,,6,,6,
"252200230","WARSZAWA-FILTRY               ","2025","02","26","12",8.6,,,"8","W","W",,"8","S  ",,3,,8,,6,
"252200230","WARSZAWA-FILTRY               ","2025","02","26","18",7.2,,,"8",,"W",,"8","E  ",,1,,8,,6,
"252200230","WARSZAWA-FILTRY               ","2025","02","27","06",5.3,,,"8",,"W",,"8","SSE",,1,,7,,6,
"252200230","WARSZAWA-FILTRY               ","2025","02","27","12",9.2,,,"8","W","W",,"8","SW ",,1,,8,,8,
"252200230","WARSZAWA-FILTRY               ","2025","02","27","18",7.5,,,"8",,"W",,"8","WSW",,1,,8,,7,
"252200230","WARSZAWA-FILTRY               ","2025","02","28","06",5.3,,,"8",,"W",,"8","ESE",,1,,8,,6,
"252200230","WARSZAWA-FILTRY               ","2025","02","28","12",6.2,,,"8",,"W",,"8","SW ",,3,,8,,6,
"252200230","WARSZAWA-FILTRY               ","2025","02","28","18",3.7,,,"8",,"W",,"8","WSW",,4,,8,,7,
"252210050","PU£TUSK                       ","2025","02","01","06",1.6,,,"8",,"W",,"8","S  ",,4,,,"8",,"8"
"252210050","PU£TUSK                       ","2025","02","01","12",3.5,,,"8",,"W",,"8","SSW",,3,,,"8",,"8"
"252210050","PU£TUSK                       ","2025","02","01","18",2.2,,,"8",,"W",,"8","SSE",,3,,,"8",,"8"
"252210050","PU£TUSK                       ","2025","02","02","06",-1.1,,,"8",,"W",,"8","SSW",,1,,,"8",,"8"
"252210050","PU£TUSK                       ","2025","02","02","12",2.0,,,"8",,"W",,"8","SSW",,3,,,"8",,"8"
"252210050","PU£TUSK                       ","2025","02","02","18",-1.7,,,"8",,"W",,"8","SSW",,1,,,"8",,"8"
"252210050","PU£TUSK                       ","2025","02","03","06",-2.7,,,"8",,"W",,"8","S  ",,2,,,"8",,"8"
"252210050","PU£TUSK                       ","2025","02","03","12",0.8,,,"8",,"W",,"8","SSW",,3,,,"8",,"8"
"252210050","PU£TUSK                       ","2025","02","03","18",1.1,,,"8",,"W",,"8","SSW",,3,,,"8",,"8"
"252210050","PU£TUSK                       ","2025","02","04","06",0.7,,,"8",,"W",,"8","SSW",,2,,,"8",,"8"
"252210050","PU£TUSK                       ","2025","02","04","12",4.6,,,"8",,"W",,"8","S  ",,3,,,"8",,"8"
"252210050","PU£TUSK                       ","2025","02","04","18",2.1,,,"8",,"W",,"8","C  ",,0,,,"8",,"8"
"252210050","PU£TUSK                       ","2025","02","05","06",0.1,,,"8",,"W",,"8","C  ",,0,,,"8",,"8"
"252210050","PU£TUSK                       ","2025","02","05","12",6.0,,,"8",,"W",,"8","SE ",,1,,,"8",,"8"
"252210050","PU£TUSK                       ","2025","02","05","18",0.1,,,"8",,"W",,"8","S  ",,2,,,"8",,"8"
"252210050","PU£TUSK                       ","2025","02","06","06",1.5,,,"8",,"W",,"8","C  ",,0,,,"8",,"8"
"252210050","PU£TUSK                       ","2025","02","06","12",4.5,,,"8",,"W",,"8","C  ",,0,,,"8",,"8"
"252210050","PU£TUSK                       ","2025","02","06","18",2.0,,,"8",,"W",,"8","SW ",,1,,,"8",,"8"
"252210050","PU£TUSK                       ","2025","02","07","06",0.2,,,"8",,"W",,"8","ENE",,3,,,"8",,"8"
"252210050","PU£TUSK                       ","2025","02","07","12",0.4,,,"8",,"W",,"8","ENE",,6,,,"8",,"8"
"252210050","PU£TUSK                       ","2025","02","07","18",-0.4,,,"8",,"W",,"8","ENE",,6,,,"8",,"8"
"252210050","PU£TUSK                       ","2025","02","08","06",-2.5,,,"8",,"W",,"8","ENE",,5,,,"8",,"8"
"252210050","PU£TUSK                       ","2025","02","08","12",1.2,,,"8",,"W",,"8","E  ",,5,,,"8",,"8"
"252210050","PU£TUSK                       ","2025","02","08","18",-1.6,,,"8",,"W",,"8","ENE",,4,,,"8",,"8"
"252210050","PU£TUSK                       ","2025","02","09","06",-6.2,,,"8","L","W",,"8","ENE",,3,,,"8",,"8"
"252210050","PU£TUSK                       ","2025","02","09","12",-0.2,,,"8",,"W",,"8","ENE",,3,,,"8",,"8"
"252210050","PU£TUSK                       ","2025","02","09","18",-4.0,,,"8",,"W",,"8","NE ",,2,,,"8",,"8"
"252210050","PU£TUSK                       ","2025","02","10","06",-8.8,,,"8","L","W",,"8","NE ",,1,,,"8",,"8"
"252210050","PU£TUSK                       ","2025","02","10","12",1.4,,,"8",,"W",,"8","NE ",,2,,,"8",,"8"
"252210050","PU£TUSK                       ","2025","02","10","18",-4.7,,,"8",,"W",,"8","NE ",,1,,,"8",,"8"
"252210050","PU£TUSK                       ","2025","02","11","06",-7.9,,,"8","L","W",,"8","NE ",,1,,,"8",,"8"
"252210050","PU£TUSK                       ","2025","02","11","12",-7.1,,,"8","L","W",,"8","ENE",,3,,,"8",,"8"
"252210050","PU£TUSK                       ","2025","02","11","18",-6.7,,,"8","L","W",,"8","ENE",,4,,,"8",,"8"
"252210050","PU£TUSK                       ","2025","02","12","06",-6.1,,,"8","L","W",,"8","ENE",,4,,,"8",,"8"
"252210050","PU£TUSK                       ","2025","02","12","12",-0.1,,,"8",,"W",,"8","ENE",,4,,,"8",,"8"
"252210050","PU£TUSK                       ","2025","02","12","18",-2.8,,,"8",,"W",,"8","ENE",,3,,,"8",,"8"
"252210050","PU£TUSK                       ","2025","02","13","06",-10.2,,,"8","L","W",,"8","NE ",,1,,,"8",,"8"
"252210050","PU£TUSK                       ","2025","02","13","12",-0.1,,,"8",,"W",,"8","ENE",,2,,,"8",,"8"
"252210050","PU£TUSK                       ","2025","02","13","18",-0.2,,,"8",,"W",,"8","C  ",,0,,,"8",,"8"
"252210050","PU£TUSK                       ","2025","02","14","06",-2.1,,,"8",,"W",,"8","NNW",,1,,,"8",,"8"
"252210050","PU£TUSK                       ","2025","02","14","12",-1.3,,,"8",,"W",,"8","N  ",,1,,,"8",,"8"
"252210050","PU£TUSK                       ","2025","02","14","18",-2.5,,,"8",,"W",,"8","SSW",,1,,,"8",,"8"
"252210050","PU£TUSK                       ","2025","02","15","06",-6.1,,,"8","L","W",,"8","C  ",,0,,,"8",,"8"
"252210050","PU£TUSK                       ","2025","02","15","12",-0.2,,,"8",,"W",,"8","SSW",,4,,,"8",,"8"
"252210050","PU£TUSK                       ","2025","02","15","18",-3.3,,,"8",,"W",,"8","SSW",,3,,,"8",,"8"
"252210050","PU£TUSK                       ","2025","02","16","06",-5.6,,,"8","L","W",,"8","SSW",,3,,,"8",,"8"
"252210050","PU£TUSK                       ","2025","02","16","12",-2.1,,,"8",,"W",,"8","SW ",,2,,,"8",,"8"
"252210050","PU£TUSK                       ","2025","02","16","18",-6.1,,,"8","L","W",,"8","SW ",,1,,,"8",,"8"
"252210050","PU£TUSK                       ","2025","02","17","06",-12.7,,,"8","L","W",,"8","ESE",,1,,,"8",,"8"
"252210050","PU£TUSK                       ","2025","02","17","12",-0.8,,,"8",,"W",,"8","SSW",,5,,,"8",,"8"
"252210050","PU£TUSK                       ","2025","02","17","18",-4.5,,,"8",,"W",,"8","SSE",,1,,,"8",,"8"
"252210050","PU£TUSK                       ","2025","02","18","06",-9.5,,,"8","L","W",,"8","SE ",,1,,,"8",,"8"
"252210050","PU£TUSK                       ","2025","02","18","12",-0.8,,,"8",,"W",,"8","S  ",,3,,,"8",,"8"
"252210050","PU£TUSK                       ","2025","02","18","18",-1.9,,,"8",,"W",,"8","SE ",,1,,,"8",,"8"
"252210050","PU£TUSK                       ","2025","02","19","06",-5.1,,,"8","L","W",,"8","S  ",,2,,,"8",,"8"
"252210050","PU£TUSK                       ","2025","02","19","12",1.1,,,"8",,"W",,"8","NW ",,1,,,"8",,"8"
"252210050","PU£TUSK                       ","2025","02","19","18",-1.8,,,"8",,"W",,"8","C  ",,0,,,"8",,"8"
"252210050","PU£TUSK                       ","2025","02","20","06",-6.6,,,"8","L","W",,"8","NE ",,1,,,"8",,"8"
"252210050","PU£TUSK                       ","2025","02","20","12",2.6,,,"8",,"W",,"8","NNE",,1,,,"8",,"8"
"252210050","PU£TUSK                       ","2025","02","20","18",-2.4,,,"8",,"W",,"8","E  ",,3,,,"8",,"8"
"252210050","PU£TUSK                       ","2025","02","21","06",-7.6,,,"8","L","W",,"8","E  ",,2,,,"8",,"8"
"252210050","PU£TUSK                       ","2025","02","21","12",1.7,,,"8",,"W",,"8","E  ",,5,,,"8",,"8"
"252210050","PU£TUSK                       ","2025","02","21","18",0.0,,,"8",,"W",,"8","E  ",,3,,,"8",,"8"
"252210050","PU£TUSK                       ","2025","02","22","06",-5.1,,,"8","L","W",,"8","E  ",,3,,,"8",,"8"
"252210050","PU£TUSK                       ","2025","02","22","12",5.2,,,"8",,"W",,"8","E  ",,4,,,"8",,"8"
"252210050","PU£TUSK                       ","2025","02","22","18",0.6,,,"8",,"W",,"8","ENE",,3,,,"8",,"8"
"252210050","PU£TUSK                       ","2025","02","23","06",-2.6,,,"8",,"W",,"8","E  ",,3,,,"8",,"8"
"252210050","PU£TUSK                       ","2025","02","23","12",7.0,,,"8",,"W",,"8","SE ",,1,,,"8",,"8"
"252210050","PU£TUSK                       ","2025","02","23","18",2.9,,,"8",,"W",,"8","E  ",,2,,,"8",,"8"
"252210050","PU£TUSK                       ","2025","02","24","06",-0.7,,,"8",,"W",,"8","C  ",,0,,,"8",,"8"
"252210050","PU£TUSK                       ","2025","02","24","12",7.4,,,"8",,"W",,"8","S  ",,1,,,"8",,"8"
"252210050","PU£TUSK                       ","2025","02","24","18",2.2,,,"8",,"W",,"8","C  ",,0,,,"8",,"8"
"252210050","PU£TUSK                       ","2025","02","25","06",1.6,,,"8",,"W",,"8","E  ",,1,,,"8",,"8"
"252210050","PU£TUSK                       ","2025","02","25","12",4.9,,,"8",,"W",,"8","ESE",,3,,,"8",,"8"
"252210050","PU£TUSK                       ","2025","02","25","18",1.0,,,"8",,"W",,"8","C  ",,0,,,"8",,"8"
"252210050","PU£TUSK                       ","2025","02","26","06",-2.1,,,"8",,"W",,"8","C  ",,0,,,"8",,"8"
"252210050","PU£TUSK                       ","2025","02","26","12",7.2,,,"8",,"W",,"8","SE ",,1,,,"8",,"8"
"252210050","PU£TUSK                       ","2025","02","26","18",4.7,,,"8",,"W",,"8","C  ",,0,,,"8",,"8"
"252210050","PU£TUSK                       ","2025","02","27","06",3.5,,,"8",,"W",,"8","ESE",,1,,,"8",,"8"
"252210050","PU£TUSK                       ","2025","02","27","12",7.4,,,"8",,"W",,"8","SE ",,2,,,"8",,"8"
"252210050","PU£TUSK                       ","2025","02","27","18",5.8,,,"8",,"W",,"8","C  ",,0,,,"8",,"8"
"252210050","PU£TUSK                       ","2025","02","28","06",2.3,,,"8",,"W",,"8","C  ",,0,,,"8",,"8"
"252210050","PU£TUSK                       ","2025","02","28","12",5.2,,,"8",,"W",,"8","C  ",,0,,,"8",,"8"
"252210050","PU£TUSK                       ","2025","02","28","18",4.1,,,"8",,"W",,"8","SSE",,3,,,"8",,"8"
"252210170","WARSZAWA-OBSERWATORIUM II     ","2025","02","01","06",1.6,,,"8",,"W",,"8",,"8",,"8",,"8",,"8"
"252210170","WARSZAWA-OBSERWATORIUM II     ","2025","02","01","12",2.7,,,"8",,"W",,"8",,"8",,"8",,"8",,"8"
"252210170","WARSZAWA-OBSERWATORIUM II     ","2025","02","01","18",2.0,,,"8",,"W",,"8",,"8",,"8",,"8",,"8"
"252210170","WARSZAWA-OBSERWATORIUM II     ","2025","02","02","06",1.0,,,"8",,"W",,"8",,"8",,"8",,"8",,"8"
"252210170","WARSZAWA-OBSERWATORIUM II     ","2025","02","02","12",2.8,,,"8",,"W",,"8",,"8",,"8",,"8",,"8"
"252210170","WARSZAWA-OBSERWATORIUM II     ","2025","02","02","18",0.4,,,"8",,"W",,"8",,"8",,"8",,"8",,"8"
"252210170","WARSZAWA-OBSERWATORIUM II     ","2025","02","03","06",-2.0,,,"8",,"W",,"8",,"8",,"8",,"8",,"8"
"252210170","WARSZAWA-OBSERWATORIUM II     ","2025","02","03","12",1.5,,,"8",,"W",,"8",,"8",,"8",,"8",,"8"
"252210170","WARSZAWA-OBSERWATORIUM II     ","2025","02","03","18",1.1,,,"8",,"W",,"8",,"8",,"8",,"8",,"8"
"252210170","WARSZAWA-OBSERWATORIUM II     ","2025","02","04","06",1.2,,,"8",,"W",,"8",,"8",,"8",,"8",,"8"
"252210170","WARSZAWA-OBSERWATORIUM II     ","2025","02","04","12",4.6,,,"8",,"W",,"8",,"8",,"8",,"8",,"8"
"252210170","WARSZAWA-OBSERWATORIUM II     ","2025","02","04","18",2.7,,,"8",,"W",,"8",,"8",,"8",,"8",,"8"
"252210170","WARSZAWA-OBSERWATORIUM II     ","2025","02","05","06",1.2,,,"8",,"W",,"8",,"8",,"8",,"8",,"8"
"252210170","WARSZAWA-OBSERWATORIUM II     ","2025","02","05","12",5.4,,,"8",,"W",,"8",,"8",,"8",,"8",,"8"
"252210170","WARSZAWA-OBSERWATORIUM II     ","2025","02","05","18",2.1,,,"8",,"W",,"8",,"8",,"8",,"8",,"8"
"252210170","WARSZAWA-OBSERWATORIUM II     ","2025","02","06","06",1.9,,,"8",,"W",,"8",,"8",,"8",,"8",,"8"
"252210170","WARSZAWA-OBSERWATORIUM II     ","2025","02","06","12",3.8,,,"8",,"W",,"8",,"8",,"8",,"8",,"8"
"252210170","WARSZAWA-OBSERWATORIUM II     ","2025","02","06","18",3.1,,,"8",,"W",,"8",,"8",,"8",,"8",,"8"
"252210170","WARSZAWA-OBSERWATORIUM II     ","2025","02","07","06",-0.6,,,"8",,"W",,"8",,"8",,"8",,"8",,"8"
"252210170","WARSZAWA-OBSERWATORIUM II     ","2025","02","07","12",-0.1,,,"8",,"W",,"8",,"8",,"8",,"8",,"8"
"252210170","WARSZAWA-OBSERWATORIUM II     ","2025","02","07","18",-0.6,,,"8",,"W",,"8",,"8",,"8",,"8",,"8"
"252210170","WARSZAWA-OBSERWATORIUM II     ","2025","02","08","06",-2.5,,,"8",,"W",,"8",,"8",,"8",,"8",,"8"
"252210170","WARSZAWA-OBSERWATORIUM II     ","2025","02","08","12",0.9,,,"8",,"W",,"8",,"8",,"8",,"8",,"8"
"252210170","WARSZAWA-OBSERWATORIUM II     ","2025","02","08","18",-1.8,,,"8",,"W",,"8",,"8",,"8",,"8",,"8"
"252210170","WARSZAWA-OBSERWATORIUM II     ","2025","02","09","06",-6.1,,,"8","L","W",,"8",,"8",,"8",,"8",,"8"
"252210170","WARSZAWA-OBSERWATORIUM II     ","2025","02","09","12",-0.1,,,"8",,"W",,"8",,"8",,"8",,"8",,"8"
"252210170","WARSZAWA-OBSERWATORIUM II     ","2025","02","09","18",-2.5,,,"8",,"W",,"8",,"8",,"8",,"8",,"8"
"252210170","WARSZAWA-OBSERWATORIUM II     ","2025","02","10","06",-7.2,,,"8","L","W",,"8",,"8",,"8",,"8",,"8"
"252210170","WARSZAWA-OBSERWATORIUM II     ","2025","02","10","12",0.6,,,"8",,"W",,"8",,"8",,"8",,"8",,"8"
"252210170","WARSZAWA-OBSERWATORIUM II     ","2025","02","10","18",-2.9,,,"8",,"W",,"8",,"8",,"8",,"8",,"8"
"252210170","WARSZAWA-OBSERWATORIUM II     ","2025","02","11","06",-7.2,,,"8","L","W",,"8",,"8",,"8",,"8",,"8"
"252210170","WARSZAWA-OBSERWATORIUM II     ","2025","02","11","12",-5.9,,,"8","L","W",,"8",,"8",,"8",,"8",,"8"
"252210170","WARSZAWA-OBSERWATORIUM II     ","2025","02","11","18",-7.3,,,"8","L","W",,"8",,"8",,"8",,"8",,"8"
"252210170","WARSZAWA-OBSERWATORIUM II     ","2025","02","12","06",-6.9,,,"8","L","W",,"8",,"8",,"8",,"8",,"8"
"252210170","WARSZAWA-OBSERWATORIUM II     ","2025","02","12","12",-0.5,,,"8",,"W",,"8",,"8",,"8",,"8",,"8"
"252210170","WARSZAWA-OBSERWATORIUM II     ","2025","02","12","18",-3.6,,,"8",,"W",,"8",,"8",,"8",,"8",,"8"
"252210170","WARSZAWA-OBSERWATORIUM II     ","2025","02","13","06",-7.1,,,"8","L","W",,"8",,"8",,"8",,"8",,"8"
"252210170","WARSZAWA-OBSERWATORIUM II     ","2025","02","13","12",0.7,,,"8",,"W",,"8",,"8",,"8",,"8",,"8"
"252210170","WARSZAWA-OBSERWATORIUM II     ","2025","02","13","18",0.6,,,"8",,"W",,"8",,"8",,"8",,"8",,"8"
"252210170","WARSZAWA-OBSERWATORIUM II     ","2025","02","14","06",-1.6,,,"8",,"W",,"8",,"8",,"8",,"8",,"8"
"252210170","WARSZAWA-OBSERWATORIUM II     ","2025","02","14","12",-1.6,,,"8",,"W",,"8",,"8",,"8",,"8",,"8"
"252210170","WARSZAWA-OBSERWATORIUM II     ","2025","02","14","18",-1.7,,,"8",,"W",,"8",,"8",,"8",,"8",,"8"
"252210170","WARSZAWA-OBSERWATORIUM II     ","2025","02","15","06",-4.2,,,"8",,"W",,"8",,"8",,"8",,"8",,"8"
"252210170","WARSZAWA-OBSERWATORIUM II     ","2025","02","15","12",-0.6,,,"8",,"W",,"8",,"8",,"8",,"8",,"8"
"252210170","WARSZAWA-OBSERWATORIUM II     ","2025","02","15","18",-3.7,,,"8",,"W",,"8",,"8",,"8",,"8",,"8"
"252210170","WARSZAWA-OBSERWATORIUM II     ","2025","02","16","06",-6.1,,,"8","L","W",,"8",,"8",,"8",,"8",,"8"
"252210170","WARSZAWA-OBSERWATORIUM II     ","2025","02","16","12",-2.8,,,"8",,"W",,"8",,"8",,"8",,"8",,"8"
"252210170","WARSZAWA-OBSERWATORIUM II     ","2025","02","16","18",-4.7,,,"8",,"W",,"8",,"8",,"8",,"8",,"8"
"252210170","WARSZAWA-OBSERWATORIUM II     ","2025","02","17","06",-8.5,,,"8","L","W",,"8",,"8",,"8",,"8",,"8"
"252210170","WARSZAWA-OBSERWATORIUM II     ","2025","02","17","12",-1.3,,,"8",,"W",,"8",,"8",,"8",,"8",,"8"
"252210170","WARSZAWA-OBSERWATORIUM II     ","2025","02","17","18",-4.0,,,"8",,"W",,"8",,"8",,"8",,"8",,"8"
"252210170","WARSZAWA-OBSERWATORIUM II     ","2025","02","18","06",-8.3,,,"8","L","W",,"8",,"8",,"8",,"8",,"8"
"252210170","WARSZAWA-OBSERWATORIUM II     ","2025","02","18","12",-2.9,,,"8",,"W",,"8",,"8",,"8",,"8",,"8"
"252210170","WARSZAWA-OBSERWATORIUM II     ","2025","02","18","18",-3.7,,,"8",,"W",,"8",,"8",,"8",,"8",,"8"
"252210170","WARSZAWA-OBSERWATORIUM II     ","2025","02","19","06",-4.8,,,"8",,"W",,"8",,"8",,"8",,"8",,"8"
"252210170","WARSZAWA-OBSERWATORIUM II     ","2025","02","19","12",-0.6,,,"8",,"W",,"8",,"8",,"8",,"8",,"8"
"252210170","WARSZAWA-OBSERWATORIUM II     ","2025","02","19","18",-1.3,,,"8",,"W",,"8",,"8",,"8",,"8",,"8"
"252210170","WARSZAWA-OBSERWATORIUM II     ","2025","02","20","06",-3.1,,,"8",,"W",,"8",,"8",,"8",,"8",,"8"
"252210170","WARSZAWA-OBSERWATORIUM II     ","2025","02","20","12",1.3,,,"8",,"W",,"8",,"8",,"8",,"8",,"8"
"252210170","WARSZAWA-OBSERWATORIUM II     ","2025","02","20","18",-3.5,,,"8",,"W",,"8",,"8",,"8",,"8",,"8"
"252210170","WARSZAWA-OBSERWATORIUM II     ","2025","02","21","06",-7.5,,,"8","L","W",,"8",,"8",,"8",,"8",,"8"
"252210170","WARSZAWA-OBSERWATORIUM II     ","2025","02","21","12",1.3,,,"8",,"W",,"8",,"8",,"8",,"8",,"8"
"252210170","WARSZAWA-OBSERWATORIUM II     ","2025","02","21","18",-0.1,,,"8",,"W",,"8",,"8",,"8",,"8",,"8"
"252210170","WARSZAWA-OBSERWATORIUM II     ","2025","02","22","06",-4.9,,,"8",,"W",,"8",,"8",,"8",,"8",,"8"
"252210170","WARSZAWA-OBSERWATORIUM II     ","2025","02","22","12",4.1,,,"8",,"W",,"8",,"8",,"8",,"8",,"8"
"252210170","WARSZAWA-OBSERWATORIUM II     ","2025","02","22","18",0.7,,,"8",,"W",,"8",,"8",,"8",,"8",,"8"
"252210170","WARSZAWA-OBSERWATORIUM II     ","2025","02","23","06",-2.3,,,"8",,"W",,"8",,"8",,"8",,"8",,"8"
"252210170","WARSZAWA-OBSERWATORIUM II     ","2025","02","23","12",6.6,,,"8",,"W",,"8",,"8",,"8",,"8",,"8"
"252210170","WARSZAWA-OBSERWATORIUM II     ","2025","02","23","18",2.5,,,"8",,"W",,"8",,"8",,"8",,"8",,"8"
"252210170","WARSZAWA-OBSERWATORIUM II     ","2025","02","24","06",1.3,,,"8",,"W",,"8",,"8",,"8",,"8",,"8"
"252210170","WARSZAWA-OBSERWATORIUM II     ","2025","02","24","12",6.3,,,"8",,"W",,"8",,"8",,"8",,"8",,"8"
"252210170","WARSZAWA-OBSERWATORIUM II     ","2025","02","24","18",3.2,,,"8",,"W",,"8",,"8",,"8",,"8",,"8"
"252210170","WARSZAWA-OBSERWATORIUM II     ","2025","02","25","06",1.9,,,"8",,"W",,"8",,"8",,"8",,"8",,"8"
"252210170","WARSZAWA-OBSERWATORIUM II     ","2025","02","25","12",6.8,,,"8",,"W",,"8",,"8",,"8",,"8",,"8"
"252210170","WARSZAWA-OBSERWATORIUM II     ","2025","02","25","18",2.9,,,"8",,"W",,"8",,"8",,"8",,"8",,"8"
"252210170","WARSZAWA-OBSERWATORIUM II     ","2025","02","26","06",-0.2,,,"8",,"W",,"8",,"8",,"8",,"8",,"8"
"252210170","WARSZAWA-OBSERWATORIUM II     ","2025","02","26","12",8.4,,,"8","W","W",,"8",,"8",,"8",,"8",,"8"
"252210170","WARSZAWA-OBSERWATORIUM II     ","2025","02","26","18",6.4,,,"8",,"W",,"8",,"8",,"8",,"8",,"8"
"252210170","WARSZAWA-OBSERWATORIUM II     ","2025","02","27","06",3.5,,,"8",,"W",,"8",,"8",,"8",,"8",,"8"
"252210170","WARSZAWA-OBSERWATORIUM II     ","2025","02","27","12",9.0,,,"8","W","W",,"8",,"8",,"8",,"8",,"8"
"252210170","WARSZAWA-OBSERWATORIUM II     ","2025","02","27","18",7.2,,,"8",,"W",,"8",,"8",,"8",,"8",,"8"
"252210170","WARSZAWA-OBSERWATORIUM II     ","2025","02","28","06",4.1,,,"8",,"W",,"8",,"8",,"8",,"8",,"8"
"252210170","WARSZAWA-OBSERWATORIUM II     ","2025","02","28","12",5.7,,,"8",,"W",,"8",,"8",,"8",,"8",,"8"
"252210170","WARSZAWA-OBSERWATORIUM II     ","2025","02","28","18",3.4,,,"8",,"W",,"8",,"8",,"8",,"8",,"8"
"252220030","SZEPIETOWO                    ","2025","02","01","06",1.0,,,"8",,"U",,"8",,"8",,"8",8,,7,
"252220030","SZEPIETOWO                    ","2025","02","01","12",2.9,,,"8",,"U",,"8",,"8",,"8",8,,7,
"252220030","SZEPIETOWO                    ","2025","02","01","18",1.2,,,"8",,"U",,"8",,"8",,"8",8,,7,
"252220030","SZEPIETOWO                    ","2025","02","02","06",0.0,,,"8",,"U",,"8",,"8",,"8",6,,7,
"252220030","SZEPIETOWO                    ","2025","02","02","12",1.5,,,"8",,"U",,"8",,"8",,"8",6,,7,
"252220030","SZEPIETOWO                    ","2025","02","02","18",-0.4,,,"8",,"U",,"8",,"8",,"8",6,,7,
"252220030","SZEPIETOWO                    ","2025","02","03","06",-1.2,,,"8",,"U",,"8",,"8",,"8",5,,7,
"252220030","SZEPIETOWO                    ","2025","02","03","12",0.8,,,"8",,"U",,"8",,"8",,"8",8,,7,
"252220030","SZEPIETOWO                    ","2025","02","03","18",0.4,,,"8",,"U",,"8",,"8",,"8",8,,7,
"252220030","SZEPIETOWO                    ","2025","02","04","06",-1.2,,,"8",,"U",,"8",,"8",,"8",8,,6,
"252220030","SZEPIETOWO                    ","2025","02","04","12",1.7,,,"8",,"U",,"8",,"8",,"8",8,,4,
"252220030","SZEPIETOWO                    ","2025","02","04","18",0.8,,,"8",,"U",,"8",,"8",,"8",6,,7,
"252220030","SZEPIETOWO                    ","2025","02","05","06",-0.6,,,"8",,"U",,"8",,"8",,"8",5,,6,
"252220030","SZEPIETOWO                    ","2025","02","05","12",3.7,,,"8",,"U",,"8",,"8",,"8",5,,7,
"252220030","SZEPIETOWO                    ","2025","02","05","18",-1.4,,,"8",,"U",,"8",,"8",,"8",4,,7,
"252220030","SZEPIETOWO                    ","2025","02","06","06",0.0,,,"8",,"U",,"8",,"8",,"8",8,,5,
"252220030","SZEPIETOWO                    ","2025","02","06","12",2.3,,,"8",,"U",,"8",,"8",,"8",8,,4,
"252220030","SZEPIETOWO                    ","2025","02","06","18",1.7,,,"8",,"U",,"8",,"8",,"8",8,,4,
"252220030","SZEPIETOWO                    ","2025","02","07","06",-1.2,,,"8",,"U",,"8",,"8",,"8",6,,7,
"252220030","SZEPIETOWO                    ","2025","02","07","12",-0.4,,,"8",,"U",,"8",,"8",,"8",8,,7,
"252220030","SZEPIETOWO                    ","2025","02","07","18",-2.2,,,"8",,"U",,"8",,"8",,"8",8,,7,
"252220030","SZEPIETOWO                    ","2025","02","08","06",-2.6,,,"8",,"U",,"8",,"8",,"8",6,,7,
"252220030","SZEPIETOWO                    ","2025","02","08","12",-1.4,,,"8",,"U",,"8",,"8",,"8",8,,7,
"252220030","SZEPIETOWO                    ","2025","02","08","18",-3.6,,,"8",,"U",,"8",,"8",,"8",6,,7,
"252220030","SZEPIETOWO                    ","2025","02","09","06",-5.7,,,"8",,"U",,"8",,"8",,"8",4,,7,
"252220030","SZEPIETOWO                    ","2025","02","09","12",-2.2,,,"8",,"U",,"8",,"8",,"8",2,,7,
"252220030","SZEPIETOWO                    ","2025","02","09","18",-4.2,,,"8",,"U",,"8",,"8",,"8",1,,7,
"252220030","SZEPIETOWO                    ","2025","02","10","06",-9.5,,,"8",,"U",,"8",,"8",,"8",4,,7,
"252220030","SZEPIETOWO                    ","2025","02","10","12",-1.2,,,"8",,"U",,"8",,"8",,"8",1,,7,
"252220030","SZEPIETOWO                    ","2025","02","10","18",-5.1,,,"8",,"U",,"8",,"8",,"8",1,,7,
"252220030","SZEPIETOWO                    ","2025","02","11","06",-9.1,,,"8",,"U",,"8",,"8",,"8",8,,5,
"252220030","SZEPIETOWO                    ","2025","02","11","12",-6.5,,,"8",,"U",,"8",,"8",,"8",8,,5,
"252220030","SZEPIETOWO                    ","2025","02","11","18",-7.5,,,"8",,"U",,"8",,"8",,"8",8,,6,
"252220030","SZEPIETOWO                    ","2025","02","12","06",-8.5,,,"8",,"U",,"8",,"8",,"8",1,,7,
"252220030","SZEPIETOWO                    ","2025","02","12","12",-1.0,,,"8",,"U",,"8",,"8",,"8",0,,7,
"252220030","SZEPIETOWO                    ","2025","02","12","18",-4.6,,,"8",,"U",,"8",,"8",,"8",1,,7,
"252220030","SZEPIETOWO                    ","2025","02","13","06",-10.3,,,"8",,"U",,"8",,"8",,"8",4,,6,
"252220030","SZEPIETOWO                    ","2025","02","13","12",-0.2,,,"8",,"U",,"8",,"8",,"8",2,,7,
"252220030","SZEPIETOWO                    ","2025","02","13","18",-1.9,,,"8",,"U",,"8",,"8",,"8",4,,7,
"252220030","SZEPIETOWO                    ","2025","02","14","06",-3.2,,,"8",,"U",,"8",,"8",,"8",8,,6,
"252220030","SZEPIETOWO                    ","2025","02","14","12",-2.6,,,"8",,"U",,"8",,"8",,"8",8,,7,
"252220030","SZEPIETOWO                    ","2025","02","14","18",-3.2,,,"8",,"U",,"8",,"8",,"8",8,,7,
"252220030","SZEPIETOWO                    ","2025","02","15","06",-8.8,,,"8",,"U",,"8",,"8",,"8",4,,7,
"252220030","SZEPIETOWO                    ","2025","02","15","12",-2.8,,,"8",,"U",,"8",,"8",,"8",8,,7,
"252220030","SZEPIETOWO                    ","2025","02","15","18",-4.6,,,"8",,"U",,"8",,"8",,"8",5,,7,
"252220030","SZEPIETOWO                    ","2025","02","16","06",-6.3,,,"8",,"U",,"8",,"8",,"8",8,,5,
"252220030","SZEPIETOWO                    ","2025","02","16","12",-3.4,,,"8",,"U",,"8",,"8",,"8",7,,7,
"252220030","SZEPIETOWO                    ","2025","02","16","18",-7.9,,,"8",,"U",,"8",,"8",,"8",5,,7,
"252220030","SZEPIETOWO                    ","2025","02","17","06",-11.1,,,"8",,"U",,"8",,"8",,"8",3,,6,
"252220030","SZEPIETOWO                    ","2025","02","17","12",-1.9,,,"8",,"U",,"8",,"8",,"8",6,,7,
"252220030","SZEPIETOWO                    ","2025","02","17","18",-4.2,,,"8",,"U",,"8",,"8",,"8",8,,7,
"252220030","SZEPIETOWO                    ","2025","02","18","06",-8.1,,,"8",,"U",,"8",,"8",,"8",3,,7,
"252220030","SZEPIETOWO                    ","2025","02","18","12",-2.2,,,"8",,"U",,"8",,"8",,"8",7,,7,
"252220030","SZEPIETOWO                    ","2025","02","18","18",-3.6,,,"8",,"U",,"8",,"8",,"8",8,,6,
"252220030","SZEPIETOWO                    ","2025","02","19","06",-6.5,,,"8",,"U",,"8",,"8",,"8",4,,6,
"252220030","SZEPIETOWO                    ","2025","02","19","12",-1.9,,,"8",,"U",,"8",,"8",,"8",6,,7,
"252220030","SZEPIETOWO                    ","2025","02","19","18",-3.6,,,"8",,"U",,"8",,"8",,"8",3,,7,
"252220030","SZEPIETOWO                    ","2025","02","20","06",-6.5,,,"8",,"U",,"8",,"8",,"8",4,,6,
"252220030","SZEPIETOWO                    ","2025","02","20","12",-1.9,,,"8",,"U",,"8",,"8",,"8",8,,7,
"252220030","SZEPIETOWO                    ","2025","02","20","18",-3.8,,,"8",,"U",,"8",,"8",,"8",2,,7,
"252220030","SZEPIETOWO                    ","2025","02","21","06",-8.7,,,"8",,"U",,"8",,"8",,"8",3,,7,
"252220030","SZEPIETOWO                    ","2025","02","21","12",0.1,,,"8",,"U",,"8",,"8",,"8",4,,7,
"252220030","SZEPIETOWO                    ","2025","02","21","18",-2.8,,,"8",,"U",,"8",,"8",,"8",4,,7,
"252220030","SZEPIETOWO                    ","2025","02","22","06",-5.1,,,"8",,"U",,"8",,"8",,"8",3,,7,
"252220030","SZEPIETOWO                    ","2025","02","22","12",1.7,,,"8",,"U",,"8",,"8",,"8",3,,7,
"252220030","SZEPIETOWO                    ","2025","02","22","18",0.8,,,"8",,"U",,"8",,"8",,"8",6,,7,
"252220030","SZEPIETOWO                    ","2025","02","23","06",-5.1,,,"8",,"U",,"8",,"8",,"8",2,,7,
"252220030","SZEPIETOWO                    ","2025","02","23","12",3.7,,,"8",,"U",,"8",,"8",,"8",4,,7,
"252220030","SZEPIETOWO                    ","2025","02","23","18",0.2,,,"8",,"U",,"8",,"8",,"8",3,,7,
"252220030","SZEPIETOWO                    ","2025","02","24","06",-2.2,,,"8",,"U",,"8",,"8",,"8",4,,7,
"252220030","SZEPIETOWO                    ","2025","02","24","12",8.1,,,"8",,"U",,"8",,"8",,"8",3,,7,
"252220030","SZEPIETOWO                    ","2025","02","24","18",-0.6,,,"8",,"U",,"8",,"8",,"8",2,,6,
"252220030","SZEPIETOWO                    ","2025","02","25","06",-1.9,,,"8",,"U",,"8",,"8",,"8",8,,3,
"252220030","SZEPIETOWO                    ","2025","02","25","12",3.9,,,"8",,"U",,"8",,"8",,"8",8,,7,
"252220030","SZEPIETOWO                    ","2025","02","25","18",3.7,,,"8",,"U",,"8",,"8",,"8",8,,7,
"252220030","SZEPIETOWO                    ","2025","02","26","06",-2.2,,,"8",,"U",,"8",,"8",,"8",4,,5,
"252220030","SZEPIETOWO                    ","2025","02","26","12",8.9,,,"8",,"U",,"8",,"8",,"8",4,,6,
"252220030","SZEPIETOWO                    ","2025","02","26","18",6.3,,,"8",,"U",,"8",,"8",,"8",8,,5,
"252220030","SZEPIETOWO                    ","2025","02","27","06",2.3,,,"8",,"U",,"8",,"8",,"8",8,,6,
"252220030","SZEPIETOWO                    ","2025","02","27","12",8.3,,,"8",,"U",,"8",,"8",,"8",8,,6,
"252220030","SZEPIETOWO                    ","2025","02","27","18",3.7,,,"8",,"U",,"8",,"8",,"8",8,,3,
"252220030","SZEPIETOWO                    ","2025","02","28","06",2.3,,,"8",,"U",,"8",,"8",,"8",8,,3,
"252220030","SZEPIETOWO                    ","2025","02","28","12",2.5,,,"8",,"U",,"8",,"8",,"8",8,,5,
"252220030","SZEPIETOWO                    ","2025","02","28","18",1.5,,,"8",,"U",,"8",,"8",,"8",8,,4,
"253140060","GOLENIÓW                      ","2025","02","01","06",3.3,,,"8",,,,"8","NW ",,3,,7,,8,
"253140060","GOLENIÓW                      ","2025","02","01","12",4.7,,,"8",,,,"8","NW ",,3,,5,,8,
"253140060","GOLENIÓW                      ","2025","02","01","18",3.0,,,"8",,,,"8","W  ",,2,,8,,7,
"253140060","GOLENIÓW                      ","2025","02","02","06",1.5,,,"8",,,,"8","W  ",,1,,8,,4,
"253140060","GOLENIÓW                      ","2025","02","02","12",3.5,,,"8",,,,"8","NW ",,3,,6,,7,
"253140060","GOLENIÓW                      ","2025","02","02","18",0.0,,,"8",,,,"8","W  ",,2,,7,,8,
"253140060","GOLENIÓW                      ","2025","02","03","06",-1.9,,,"8",,,,"8","S  ",,1,,2,,2,
"253140060","GOLENIÓW                      ","2025","02","03","12",5.2,,,"8",,,,"8","SW ",,2,,2,,8,
"253140060","GOLENIÓW                      ","2025","02","03","18",-1.2,,,"8",,,,"8","SE ",,2,,0,,8,
"253140060","GOLENIÓW                      ","2025","02","04","06",-3.0,,,"8",,,,"8","SSE",,2,,0,,7,
"253140060","GOLENIÓW                      ","2025","02","04","12",3.2,,,"8",,,,"8","SW ",,2,,2,,7,
"253140060","GOLENIÓW                      ","2025","02","04","18",0.0,,,"8",,,,"8","S  ",,2,,0,,7,
"253140060","GOLENIÓW                      ","2025","02","05","06",-4.6,,,"8",,,,"8","S  ",,2,,0,,6,
"253140060","GOLENIÓW                      ","2025","02","05","12",0.5,,,"8",,,,"8","WSW",,2,,8,,5,
"253140060","GOLENIÓW                      ","2025","02","05","18",2.9,,,"8",,,,"8","W  ",,2,,8,,6,
"253140060","GOLENIÓW                      ","2025","02","06","06",2.0,,,"8",,,,"8","WNW",,3,,8,,2,
"253140060","GOLENIÓW                      ","2025","02","06","12",3.5,,,"8",,,,"8","NW ",,2,,8,,6,
"253140060","GOLENIÓW                      ","2025","02","06","18",2.4,,,"8",,,,"8","NE ",,2,,7,,7,
"253140060","GOLENIÓW                      ","2025","02","07","06",1.0,,,"8",,,,"8","NW ",,1,,7,,8,
"253140060","GOLENIÓW                      ","2025","02","07","12",4.0,,,"8",,,,"8","ENE",,3,,7,,8,
"253140060","GOLENIÓW                      ","2025","02","07","18",2.8,,,"8",,,,"8","SE ",,7,,7,,7,
"253140060","GOLENIÓW                      ","2025","02","08","06",-0.4,,,"8",,,,"8","SE ",,4,,7,,8,
"253140060","GOLENIÓW                      ","2025","02","08","12",1.3,,,"8",,,,"8","SE ",,3,,7,,8,
"253140060","GOLENIÓW                      ","2025","02","08","18",0.4,,,"8",,,,"8","SE ",,3,,0,,8,
"253140060","GOLENIÓW                      ","2025","02","09","06",-3.6,,,"8",,,,"8","NE ",,1,,1,,7,
"253140060","GOLENIÓW                      ","2025","02","09","12",1.3,,,"8",,,,"8","ENE",,2,,7,,7,
"253140060","GOLENIÓW                      ","2025","02","09","18",0.8,,,"8",,,,"8","ENE",,2,,8,,7,
"253140060","GOLENIÓW                      ","2025","02","10","06",-0.5,,,"8",,,,"8","ENE",,2,,7,,7,
"253140060","GOLENIÓW                      ","2025","02","10","12",1.4,,,"8",,,,"8","E  ",,3,,7,,7,
"253140060","GOLENIÓW                      ","2025","02","10","18",0.2,,,"8",,,,"8","E  ",,2,,0,,7,
"253140060","GOLENIÓW                      ","2025","02","11","06",-4.9,,,"8",,,,"8","E  ",,2,,0,,7,
"253140060","GOLENIÓW                      ","2025","02","11","12",2.5,,,"8",,,,"8","ESE",,4,,0,,8,
"253140060","GOLENIÓW                      ","2025","02","11","18",-0.7,,,"8",,,,"8","E  ",,4,,0,,8,
"253140060","GOLENIÓW                      ","2025","02","12","06",-6.0,,,"8",,,,"8","SE ",,7,,7,,6,
"253140060","GOLENIÓW                      ","2025","02","12","12",-1.9,,,"8",,,,"8","ESE",,3,,1,,6,
"253140060","GOLENIÓW                      ","2025","02","12","18",-2.3,,,"8",,,,"8","SE ",,2,,7,,6,
"253140060","GOLENIÓW                      ","2025","02","13","06",-2.2,,,"8",,,,"8","NE ",,1,,8,,5,
"253140060","GOLENIÓW                      ","2025","02","13","12",-0.4,,,"8",,,,"8","ENE",,2,,8,,6,
"253140060","GOLENIÓW                      ","2025","02","13","18",-0.2,,,"8",,,,"8","NE ",,2,,7,,6,
"253140060","GOLENIÓW                      ","2025","02","14","06",-1.1,,,"8",,,,"8","N  ",,1,,8,,8,
"253140060","GOLENIÓW                      ","2025","02","14","12",1.1,,,"8",,,,"8","N  ",,2,,8,,8,
"253140060","GOLENIÓW                      ","2025","02","14","18",-1.6,,,"8",,,,"8","N  ",,1,,7,,8,
"253140060","GOLENIÓW                      ","2025","02","15","06",-2.1,,,"8",,,,"8","WSW",,2,,8,,8,
"253140060","GOLENIÓW                      ","2025","02","15","12",0.4,,,"8",,,,"8","NW ",,4,,6,,8,
"253140060","GOLENIÓW                      ","2025","02","15","18",-1.7,,,"8",,,,"8","W  ",,1,,7,,8,
"253140060","GOLENIÓW                      ","2025","02","16","06",-5.2,,,"8",,,,"8","N  ",,1,,7,,8,
"253140060","GOLENIÓW                      ","2025","02","16","12",0.4,,,"8",,,,"8","E  ",,3,,7,,8,
"253140060","GOLENIÓW                      ","2025","02","16","18",-5.3,,,"8",,,,"8","NW ",,2,,0,,8,
"253140060","GOLENIÓW                      ","2025","02","17","06",-11.8,,,"8",,,,"8","SE ",,1,,1,,7,
"253140060","GOLENIÓW                      ","2025","02","17","12",-0.7,,,"8",,,,"8","NW ",,2,,3,,8,
"253140060","GOLENIÓW                      ","2025","02","17","18",-5.8,,,"8",,,,"8","S  ",,1,,0,,8,
"253140060","GOLENIÓW                      ","2025","02","18","06",-8.5,,,"8",,,,"8","WSW",,2,,4,,7,
"253140060","GOLENIÓW                      ","2025","02","18","12",1.2,,,"8",,,,"8","NW ",,4,,4,,7,
"253140060","GOLENIÓW                      ","2025","02","18","18",-3.1,,,"8",,,,"8","W  ",,2,,0,,8,
"253140060","GOLENIÓW                      ","2025","02","19","06",-7.5,,,"8",,,,"8","SE ",,1,,8,,6,
"253140060","GOLENIÓW                      ","2025","02","19","12",-2.9,,,"8",,,,"8","S  ",,1,,8,,2,
"253140060","GOLENIÓW                      ","2025","02","19","18",-2.9,,,"8",,,,"8","SSE",,3,,8,,2,
"253140060","GOLENIÓW                      ","2025","02","20","06",-7.6,,,"8",,,,"8","SE ",,3,,0,,6,
"253140060","GOLENIÓW                      ","2025","02","20","12",1.9,,,"8",,,,"8","SSE",,7,,4,,7,
"253140060","GOLENIÓW                      ","2025","02","20","18",-0.1,,,"8",,,,"8","SSE",,7,,0,,7,
"253140060","GOLENIÓW                      ","2025","02","21","06",-0.6,,,"8",,,,"8","SSE",,6,,7,,7,
"253140060","GOLENIÓW                      ","2025","02","21","12",5.1,,,"8",,,,"8","SSE",,5,,7,,7,
"253140060","GOLENIÓW                      ","2025","02","21","18",3.8,,,"8",,,,"8","S  ",,4,,8,,7,
"253140060","GOLENIÓW                      ","2025","02","22","06",1.5,,,"8",,,,"8","SSE",,4,,1,,7,
"253140060","GOLENIÓW                      ","2025","02","22","12",8.6,,,"8",,,,"8","SSE",,7,,0,,8,
"253140060","GOLENIÓW                      ","2025","02","22","18",4.6,,,"8",,,,"8","SSE",,7,,0,,8,
"253140060","GOLENIÓW                      ","2025","02","23","06",2.3,,,"8",,,,"8","SSE",,3,,7,,7,
"253140060","GOLENIÓW                      ","2025","02","23","12",7.6,,,"8",,,,"8","NNW",,5,,8,,6,
"253140060","GOLENIÓW                      ","2025","02","23","18",3.0,,,"8",,,,"8","SE ",,1,,0,,2,
"253140060","GOLENIÓW                      ","2025","02","24","06",-0.4,,,"8",,,,"8","SE ",,3,,7,,6,
"253140060","GOLENIÓW                      ","2025","02","24","12",10.9,,,"8",,,,"8","SSE",,4,,4,,8,
"253140060","GOLENIÓW                      ","2025","02","24","18",9.0,,,"8",,,,"8","SSE",,6,,7,,8,
"253140060","GOLENIÓW                      ","2025","02","25","06",5.7,,,"8",,,,"8","SSE",,3,,8,,4,
"253140060","GOLENIÓW                      ","2025","02","25","12",9.1,,,"8",,,,"8","SW ",,2,,8,,6,
"253140060","GOLENIÓW                      ","2025","02","25","18",5.3,,,"8",,,,"8","SE ",,2,,7,,5,
"253140060","GOLENIÓW                      ","2025","02","26","06",4.5,,,"8",,,,"8","ENE",,2,,8,,5,
"253140060","GOLENIÓW                      ","2025","02","26","12",6.6,,,"8",,,,"8","SE ",,2,,8,,6,
"253140060","GOLENIÓW                      ","2025","02","26","18",6.1,,,"8",,,,"8","ESE",,2,,8,,5,
"253140060","GOLENIÓW                      ","2025","02","27","06",5.1,,,"8",,,,"8","SSW",,1,,8,,2,
"253140060","GOLENIÓW                      ","2025","02","27","12",7.5,,,"8",,,,"8","S  ",,2,,8,,6,
"253140060","GOLENIÓW                      ","2025","02","27","18",5.8,,,"8",,,,"8","SE ",,1,,8,,6,
"253140060","GOLENIÓW                      ","2025","02","28","06",3.5,,,"8",,,,"8","NW ",,2,,8,,5,
"253140060","GOLENIÓW                      ","2025","02","28","12",5.2,,,"8",,,,"8","NNE",,2,,8,,7,
"253140060","GOLENIÓW                      ","2025","02","28","18",3.4,,,"8",,,,"8","W  ",,3,,8,,7,
"253170210","CHRZ¥STOWO                    ","2025","02","01","06",0.4,,,"8",,,,"8",,"8",,"8",2,,8,
"253170210","CHRZ¥STOWO                    ","2025","02","01","12",3.7,,,"8",,,,"8",,"8",,"8",7,,8,
"253170210","CHRZ¥STOWO                    ","2025","02","01","18",2.6,,,"8",,,,"8",,"8",,"8",7,,7,
"253170210","CHRZ¥STOWO                    ","2025","02","02","06",0.8,,,"8",,,,"8",,"8",,"8",8,,5,
"253170210","CHRZ¥STOWO                    ","2025","02","02","12",2.6,,,"8",,,,"8",,"8",,"8",8,,8,
"253170210","CHRZ¥STOWO                    ","2025","02","02","18",0.7,,,"8",,,,"8",,"8",,"8",5,,7,
"253170210","CHRZ¥STOWO                    ","2025","02","03","06",-1.2,,,"8",,,,"8",,"8",,"8",6,,8,
"253170210","CHRZ¥STOWO                    ","2025","02","03","12",1.2,,,"8",,,,"8",,"8",,"8",8,,4,
"253170210","CHRZ¥STOWO                    ","2025","02","03","18",1.6,,,"8",,,,"8",,"8",,"8",8,,7,
"253170210","CHRZ¥STOWO                    ","2025","02","04","06",-0.7,,,"8",,,,"8",,"8",,"8",7,,7,
"253170210","CHRZ¥STOWO                    ","2025","02","04","12",2.4,,,"8",,,,"8",,"8",,"8",7,,7,
"253170210","CHRZ¥STOWO                    ","2025","02","04","18",-0.2,,,"8",,,,"8",,"8",,"8",0,,7,
"253170210","CHRZ¥STOWO                    ","2025","02","05","06",-4.2,,,"8",,,,"8",,"8",,"8",1,,4,
"253170210","CHRZ¥STOWO                    ","2025","02","05","12",2.4,,,"8",,,,"8",,"8",,"8",1,,5,
"253170210","CHRZ¥STOWO                    ","2025","02","05","18",0.9,,,"8",,,,"8",,"8",,"8",8,,7,
"253170210","CHRZ¥STOWO                    ","2025","02","06","06",2.0,,,"8",,,,"8",,"8",,"8",8,,7,
"253170210","CHRZ¥STOWO                    ","2025","02","06","12",5.2,,,"8",,,,"8",,"8",,"8",7,,7,
"253170210","CHRZ¥STOWO                    ","2025","02","06","18",1.0,,,"8",,,,"8",,"8",,"8",3,,7,
"253170210","CHRZ¥STOWO                    ","2025","02","07","06",1.6,,,"8",,,,"8",,"8",,"8",8,,6,
"253170210","CHRZ¥STOWO                    ","2025","02","07","12",2.4,,,"8",,,,"8",,"8",,"8",8,,4,
"253170210","CHRZ¥STOWO                    ","2025","02","07","18",-0.3,,,"8",,,,"8",,"8",,"8",3,,7,
"253170210","CHRZ¥STOWO                    ","2025","02","08","06",-2.7,,,"8",,,,"8",,"8",,"8",3,,7,
"253170210","CHRZ¥STOWO                    ","2025","02","08","12",1.3,,,"8",,,,"8",,"8",,"8",4,,7,
"253170210","CHRZ¥STOWO                    ","2025","02","08","18",-0.4,,,"8",,,,"8",,"8",,"8",4,,7,
"253170210","CHRZ¥STOWO                    ","2025","02","09","06",-2.3,,,"8",,,,"8",,"8",,"8",7,,7,
"253170210","CHRZ¥STOWO                    ","2025","02","09","12",-1.1,,,"8",,,,"8",,"8",,"8",8,,6,
"253170210","CHRZ¥STOWO                    ","2025","02","09","18",-0.7,,,"8",,,,"8",,"8",,"8",8,,7,
"253170210","CHRZ¥STOWO                    ","2025","02","10","06",-3.2,,,"8",,,,"8",,"8",,"8",7,,7,
"253170210","CHRZ¥STOWO                    ","2025","02","10","12",0.6,,,"8",,,,"8",,"8",,"8",0,,7,
"253170210","CHRZ¥STOWO                    ","2025","02","10","18",-2.0,,,"8",,,,"8",,"8",,"8",0,,7,
"253170210","CHRZ¥STOWO                    ","2025","02","11","06",-6.7,,,"8",,,,"8",,"8",,"8",1,,6,
"253170210","CHRZ¥STOWO                    ","2025","02","11","12",-4.2,,,"8",,,,"8",,"8",,"8",4,,5,
"253170210","CHRZ¥STOWO                    ","2025","02","11","18",-6.2,,,"8",,,,"8",,"8",,"8",3,,7,
"253170210","CHRZ¥STOWO                    ","2025","02","12","06",-5.4,,,"8",,,,"8",,"8",,"8",8,,7,
"253170210","CHRZ¥STOWO                    ","2025","02","12","12",-2.9,,,"8",,,,"8",,"8",,"8",7,,5,
"253170210","CHRZ¥STOWO                    ","2025","02","12","18",-1.6,,,"8",,,,"8",,"8",,"8",8,,7,
"253170210","CHRZ¥STOWO                    ","2025","02","13","06",-2.2,,,"8",,,,"8",,"8",,"8",8,,6,
"253170210","CHRZ¥STOWO                    ","2025","02","13","12",-3.1,,,"8",,,,"8",,"8",,"8",8,,7,
"253170210","CHRZ¥STOWO                    ","2025","02","13","18",-2.3,,,"8",,,,"8",,"8",,"8",8,,7,
"253170210","CHRZ¥STOWO                    ","2025","02","14","06",-1.6,,,"8",,,,"8",,"8",,"8",6,,7,
"253170210","CHRZ¥STOWO                    ","2025","02","14","12",0.6,,,"8",,,,"8",,"8",,"8",6,,7,
"253170210","CHRZ¥STOWO                    ","2025","02","14","18",-1.0,,,"8",,,,"8",,"8",,"8",4,,7,
"253170210","CHRZ¥STOWO                    ","2025","02","15","06",-4.6,,,"8",,,,"8",,"8",,"8",7,,7,
"253170210","CHRZ¥STOWO                    ","2025","02","15","12",-1.7,,,"8",,,,"8",,"8",,"8",8,,6,
"253170210","CHRZ¥STOWO                    ","2025","02","15","18",-6.8,,,"8",,,,"8",,"8",,"8",6,,7,
"253170210","CHRZ¥STOWO                    ","2025","02","16","06",-8.3,,,"8",,,,"8",,"8",,"8",4,,7,
"253170210","CHRZ¥STOWO                    ","2025","02","16","12",0.1,,,"8",,,,"8",,"8",,"8",5,,7,
"253170210","CHRZ¥STOWO                    ","2025","02","16","18",-6.9,,,"8",,,,"8",,"8",,"8",0,,7,
"253170210","CHRZ¥STOWO                    ","2025","02","17","06",-11.7,,,"8",,,,"8",,"8",,"8",2,,5,
"253170210","CHRZ¥STOWO                    ","2025","02","17","12",-2.2,,,"8",,,,"8",,"8",,"8",3,,8,
"253170210","CHRZ¥STOWO                    ","2025","02","17","18",-7.4,,,"8",,,,"8",,"8",,"8",2,,7,
"253170210","CHRZ¥STOWO                    ","2025","02","18","06",-4.5,,,"8",,,,"8",,"8",,"8",8,,7,
"253170210","CHRZ¥STOWO                    ","2025","02","18","12",-0.8,,,"8",,,,"8",,"8",,"8",3,,7,
"253170210","CHRZ¥STOWO                    ","2025","02","18","18",-4.6,,,"8",,,,"8",,"8",,"8",1,,7,
"253170210","CHRZ¥STOWO                    ","2025","02","19","06",-3.5,,,"8",,,,"8",,"8",,"8",8,,3,
"253170210","CHRZ¥STOWO                    ","2025","02","19","12",-1.0,,,"8",,,,"8",,"8",,"8",4,,5,
"253170210","CHRZ¥STOWO                    ","2025","02","19","18",-1.8,,,"8",,,,"8",,"8",,"8",7,,7,
"253170210","CHRZ¥STOWO                    ","2025","02","20","06",-8.1,,,"8",,,,"8",,"8",,"8",1,,4,
"253170210","CHRZ¥STOWO                    ","2025","02","20","12",1.6,,,"8",,,,"8",,"8",,"8",2,,6,
"253170210","CHRZ¥STOWO                    ","2025","02","20","18",-2.1,,,"8",,,,"8",,"8",,"8",3,,7,
"253170210","CHRZ¥STOWO                    ","2025","02","21","06",-4.3,,,"8",,,,"8",,"8",,"8",6,,7,
"253170210","CHRZ¥STOWO                    ","2025","02","21","12",1.2,,,"8",,,,"8",,"8",,"8",8,,7,
"253170210","CHRZ¥STOWO                    ","2025","02","21","18",1.8,,,"8",,,,"8",,"8",,"8",8,,7,
"253170210","CHRZ¥STOWO                    ","2025","02","22","06",-3.1,,,"8",,,,"8",,"8",,"8",1,,5,
"253170210","CHRZ¥STOWO                    ","2025","02","22","12",6.1,,,"8",,,,"8",,"8",,"8",0,,5,
"253170210","CHRZ¥STOWO                    ","2025","02","22","18",0.8,,,"8",,,,"8",,"8",,"8",1,,7,
"253170210","CHRZ¥STOWO                    ","2025","02","23","06",-1.8,,,"8",,,,"8",,"8",,"8",5,,6,
"253170210","CHRZ¥STOWO                    ","2025","02","23","12",5.2,,,"8",,,,"8",,"8",,"8",8,,6,
"253170210","CHRZ¥STOWO                    ","2025","02","23","18",3.2,,,"8",,,,"8",,"8",,"8",8,,6,
"253170210","CHRZ¥STOWO                    ","2025","02","24","06",1.6,,,"8",,,,"8",,"8",,"8",8,,2,
"253170210","CHRZ¥STOWO                    ","2025","02","24","12",3.9,,,"8",,,,"8",,"8",,"8",8,,3,
"253170210","CHRZ¥STOWO                    ","2025","02","24","18",2.7,,,"8",,,,"8",,"8",,"8",8,,2,
"253170210","CHRZ¥STOWO                    ","2025","02","25","06",0.7,,,"8",,,,"8",,"8",,"8",8,,2,
"253170210","CHRZ¥STOWO                    ","2025","02","25","12",3.9,,,"8",,,,"8",,"8",,"8",8,,5,
"253170210","CHRZ¥STOWO                    ","2025","02","25","18",4.4,,,"8",,,,"8",,"8",,"8",8,,2,
"253170210","CHRZ¥STOWO                    ","2025","02","26","06",2.8,,,"8",,,,"8",,"8",,"8",8,,2,
"253170210","CHRZ¥STOWO                    ","2025","02","26","12",5.1,,,"8",,,,"8",,"8",,"8",8,,4,
"253170210","CHRZ¥STOWO                    ","2025","02","26","18",4.3,,,"8",,,,"8",,"8",,"8",8,,4,
"253170210","CHRZ¥STOWO                    ","2025","02","27","06",3.8,,,"8",,,,"8",,"8",,"8",8,,2,
"253170210","CHRZ¥STOWO                    ","2025","02","27","12",6.4,,,"8",,,,"8",,"8",,"8",8,,4,
"253170210","CHRZ¥STOWO                    ","2025","02","27","18",5.4,,,"8",,,,"8",,"8",,"8",8,,7,
"253170210","CHRZ¥STOWO                    ","2025","02","28","06",2.7,,,"8",,,,"8",,"8",,"8",8,,1,
"253170210","CHRZ¥STOWO                    ","2025","02","28","12",4.0,,,"8",,,,"8",,"8",,"8",8,,6,
"253170210","CHRZ¥STOWO                    ","2025","02","28","18",3.2,,,"8",,,,"8",,"8",,"8",8,,6,
"253220330","MARIANOWO II                  ","2025","02","01","06",1.2,,0.8,,"W","W",93,,"W  ",,5,,8,,7,
"253220330","MARIANOWO II                  ","2025","02","01","12",2.3,,0.6,,"W","W",73,,"NW ",,5,,,"8",,"8"
"253220330","MARIANOWO II                  ","2025","02","01","18",1.4,,0.2,,"W","W",80,,"WNW",,4,,,"8",,"8"
"253220330","MARIANOWO II                  ","2025","02","02","06",0.1,,-1.3,,"L","W",76,,"WNW",,3,,8,,8,
"253220330","MARIANOWO II                  ","2025","02","02","12",1.8,,-0.8,,"L","W",60,,"W  ",,3,,,"8",,"8"
"253220330","MARIANOWO II                  ","2025","02","02","18",-0.9,,-1.4,,"L","W",90,,"WNW",,1,,,"8",,"8"
"253220330","MARIANOWO II                  ","2025","02","03","06",-2.3,,-2.8,,"L","W",88,,"W  ",,3,,3,,8,
"253220330","MARIANOWO II                  ","2025","02","03","12",0.7,,-1.0,,"L","W",72,,"NW ",,5,,,"8",,"8"
"253220330","MARIANOWO II                  ","2025","02","03","18",-0.1,,-1.1,,"L","W",82,,"WNW",,2,,,"8",,"8"
"253220330","MARIANOWO II                  ","2025","02","04","06",-0.3,,-0.5,,"L","W",96,,"W  ",,2,,8,,5,
"253220330","MARIANOWO II                  ","2025","02","04","12",3.3,,1.7,,"W","W",75,,"WNW",,3,,,"8",,"8"
"253220330","MARIANOWO II                  ","2025","02","04","18",1.5,,0.2,,"W","W",78,,"SSW",,1,,,"8",,"8"
"253220330","MARIANOWO II                  ","2025","02","05","06",0.5,,-0.2,,"W","W",88,,"S  ",,2,,7,,6,
"253220330","MARIANOWO II                  ","2025","02","05","12",4.4,,2.0,,"W","W",65,,"WSW",,2,,,"8",,"8"
"253220330","MARIANOWO II                  ","2025","02","05","18",-0.2,,-1.1,,"L","W",84,,"C  ",,0,,,"8",,"8"
"253220330","MARIANOWO II                  ","2025","02","06","06",0.7,,0.2,,"W","W",91,,"C  ",,0,,8,,4,
"253220330","MARIANOWO II                  ","2025","02","06","12",2.8,,2.3,,"W","W",92,,"N  ",,2,,,"8",,"8"
"253220330","MARIANOWO II                  ","2025","02","06","18",3.0,,2.4,,"W","W",90,,"NNW",,1,,,"8",,"8"
"253220330","MARIANOWO II                  ","2025","02","07","06",-0.2,,-0.2,,"L","W",100,,"ESE",,4,,8,,8,
"253220330","MARIANOWO II                  ","2025","02","07","12",-0.5,,-2.2,,"L","W",69,,"ESE",,5,,,"8",,"8"
"253220330","MARIANOWO II                  ","2025","02","07","18",-2.1,,-4.0,,"L","W",62,,"ESE",,5,,,"8",,"8"
"253220330","MARIANOWO II                  ","2025","02","08","06",-2.0,,-2.2,,"L","W",94,,"SE ",,4,,8,,7,
"253220330","MARIANOWO II                  ","2025","02","08","12",-1.5,,-2.7,,"L","W",76,,"ESE",,5,,,"8",,"8"
"253220330","MARIANOWO II                  ","2025","02","08","18",-3.4,,-4.2,,"L","W",80,,"ESE",,4,,,"8",,"8"
"253220330","MARIANOWO II                  ","2025","02","09","06",-6.0,,-6.2,,"L","W",90,,"ESE",,4,,7,,6,
"253220330","MARIANOWO II                  ","2025","02","09","12",-4.2,,-5.0,,"L","W",79,,"SE ",,4,,,"8",,"8"
"253220330","MARIANOWO II                  ","2025","02","09","18",-3.8,,-4.7,,"L","W",78,,"ESE",,2,,,"8",,"8"
"253220330","MARIANOWO II                  ","2025","02","10","06",-9.0,,-9.0,,"L","W",91,,"ENE",,4,,0,,7,
"253220330","MARIANOWO II                  ","2025","02","10","12",-1.7,,-3.3,,"L","W",68,,"E  ",,2,,,"8",,"8"
"253220330","MARIANOWO II                  ","2025","02","10","18",-7.2,,-7.1,,"L","W",96,,"NE ",,4,,,"8",,"8"
"253220330","MARIANOWO II                  ","2025","02","11","06",-7.2,,-8.2,,"L","W",69,,"E  ",,4,,8,,7,
"253220330","MARIANOWO II                  ","2025","02","11","12",-7.6,,-7.8,,"L","W",88,,"E  ",,4,,,"8",,"8"
"253220330","MARIANOWO II                  ","2025","02","11","18",-7.3,,-8.0,,"L","W",76,,"SE ",,2,,,"8",,"8"
"253220330","MARIANOWO II                  ","2025","02","12","06",-8.6,,-8.4,,"L","W",97,,"E  ",,5,,8,,7,
"253220330","MARIANOWO II                  ","2025","02","12","12",-2.5,,-4.5,,"L","W",59,,"ESE",,4,,,"8",,"8"
"253220330","MARIANOWO II                  ","2025","02","12","18",-3.5,,-5.2,,"L","W",62,,"ESE",,3,,,"8",,"8"
"253220330","MARIANOWO II                  ","2025","02","13","06",-9.8,,-9.6,,"L","W",96,,"E  ",,3,,4,,6,
"253220330","MARIANOWO II                  ","2025","02","13","12",-1.1,,-3.0,,"L","W",64,,"ESE",,3,,,"8",,"8"
"253220330","MARIANOWO II                  ","2025","02","13","18",-1.2,,-2.9,,"L","W",68,,"ENE",,1,,,"8",,"8"
"253220330","MARIANOWO II                  ","2025","02","14","06",-3.2,,-3.2,,"L","W",97,,"NNE",,5,,6,,7,
"253220330","MARIANOWO II                  ","2025","02","14","12",-2.5,,-4.4,,"L","W",61,,"N  ",,5,,,"8",,"8"
"253220330","MARIANOWO II                  ","2025","02","14","18",-3.4,,-5.0,,"L","W",64,,"NNW",,3,,,"8",,"8"
"253220330","MARIANOWO II                  ","2025","02","15","06",-6.9,,-7.0,,"L","W",91,,"C  ",,0,,8,,7,
"253220330","MARIANOWO II                  ","2025","02","15","12",-2.5,,-3.0,,"L","W",88,,"WNW",,3,,,"8",,"8"
"253220330","MARIANOWO II                  ","2025","02","15","18",-6.0,,-6.2,,"L","W",90,,"W  ",,1,,,"8",,"8"
"253220330","MARIANOWO II                  ","2025","02","16","06",-6.8,,-6.8,,"L","W",93,,"WNW",,2,,8,,7,
"253220330","MARIANOWO II                  ","2025","02","16","12",-4.1,,-5.2,,"L","W",73,,"NNW",,3,,,"8",,"8"
"253220330","MARIANOWO II                  ","2025","02","16","18",-8.9,,-9.4,,"L","W",78,,"NW ",,1,,,"8",,"8"
"253220330","MARIANOWO II                  ","2025","02","17","06",-10.7,,-10.8,,"L","W",87,,"SSW",,2,,0,,7,
"253220330","MARIANOWO II                  ","2025","02","17","12",-2.1,,-4.2,,"L","W",58,,"W  ",,5,,,"8",,"8"
"253220330","MARIANOWO II                  ","2025","02","17","18",-3.3,,-4.6,,"L","W",70,,"W  ",,4,,,"8",,"8"
"253220330","MARIANOWO II                  ","2025","02","18","06",-6.5,,-6.4,,"L","W",96,,"WSW",,3,,7,,7,
"253220330","MARIANOWO II                  ","2025","02","18","12",-2.2,,-3.2,,"L","W",78,,"SSW",,2,,,"8",,"8"
"253220330","MARIANOWO II                  ","2025","02","18","18",-2.3,,-3.2,,"L","W",80,,"SW ",,1,,,"8",,"8"
"253220330","MARIANOWO II                  ","2025","02","19","06",-5.1,,-5.1,,"L","W",95,,"W  ",,2,,8,,6,
"253220330","MARIANOWO II                  ","2025","02","19","12",-0.5,,-2.4,,"L","W",66,,"NNW",,3,,,"8",,"8"
"253220330","MARIANOWO II                  ","2025","02","19","18",-4.2,,-5.4,,"L","W",71,,"NNE",,1,,,"8",,"8"
"253220330","MARIANOWO II                  ","2025","02","20","06",-11.2,,-11.1,,"L","W",93,,"C  ",,0,,3,,7,
"253220330","MARIANOWO II                  ","2025","02","20","12",-0.5,,-3.2,,"L","W",52,,"SE ",,2,,,"8",,"8"
"253220330","MARIANOWO II                  ","2025","02","20","18",-3.7,,-5.7,,"L","W",56,,"SE ",,1,,,"8",,"8"
"253220330","MARIANOWO II                  ","2025","02","21","06",-8.0,,-8.0,,"L","W",92,,"SE ",,2,,4,,8,
"253220330","MARIANOWO II                  ","2025","02","21","12",-0.8,,-4.0,,"L","W",43,,"SSE",,5,,,"8",,"8"
"253220330","MARIANOWO II                  ","2025","02","21","18",-1.5,,-4.3,,"L","W",47,,"SSE",,4,,,"8",,"8"
"253220330","MARIANOWO II                  ","2025","02","22","06",-5.3,,-5.3,,"L","W",95,,"SE ",,3,,3,,8,
"253220330","MARIANOWO II                  ","2025","02","22","12",2.0,,-1.8,,"L","W",42,,"SSE",,4,,,"8",,"8"
"253220330","MARIANOWO II                  ","2025","02","22","18",0.5,,-2.5,,"L","W",50,,"SE ",,3,,,"8",,"8"
"253220330","MARIANOWO II                  ","2025","02","23","06",-4.0,,-4.1,,"L","W",94,,"SE ",,2,,1,,8,
"253220330","MARIANOWO II                  ","2025","02","23","12",3.9,,-0.2,,"W","W",40,,"SSE",,3,,,"8",,"8"
"253220330","MARIANOWO II                  ","2025","02","23","18",1.3,,-1.4,,"W","W",55,,"SSE",,1,,,"8",,"8"
"253220330","MARIANOWO II                  ","2025","02","24","06",-1.3,,-2.3,,"L","W",80,,"E  ",,2,,7,,6,
"253220330","MARIANOWO II                  ","2025","02","24","12",6.2,,2.0,,"W","W",44,,"W  ",,1,,,"8",,"8"
"253220330","MARIANOWO II                  ","2025","02","24","18",2.0,,-0.3,,"W","W",63,,"SE ",,1,,,"8",,"8"
"253220330","MARIANOWO II                  ","2025","02","25","06",-0.9,,-0.9,,"L","W",99,,"SE ",,1,,8,,3,
"253220330","MARIANOWO II                  ","2025","02","25","12",3.3,,2.6,,"W","W",89,,"SE ",,2,,,"8",,"8"
"253220330","MARIANOWO II                  ","2025","02","25","18",2.7,,2.1,,"W","W",90,,"SE ",,2,,,"8",,"8"
"253220330","MARIANOWO II                  ","2025","02","26","06",0.9,,0.5,,"W","W",93,,"SE ",,1,,8,,5,
"253220330","MARIANOWO II                  ","2025","02","26","12",8.3,,5.8,,"W","W",69,,"W  ",,1,,,"8",,"8"
"253220330","MARIANOWO II                  ","2025","02","26","18",4.7,,3.6,,"W","W",84,,"SE ",,1,,,"8",,"8"
"253220330","MARIANOWO II                  ","2025","02","27","06",3.4,,2.9,,"W","W",92,,"SE ",,2,,8,,5,
"253220330","MARIANOWO II                  ","2025","02","27","12",4.7,,4.2,,"W","W",93,,"SSE",,1,,,"8",,"8"
"253220330","MARIANOWO II                  ","2025","02","27","18",3.5,,3.3,,"W","W",97,,"C  ",,0,,,"8",,"8"
"253220330","MARIANOWO II                  ","2025","02","28","06",2.6,,2.6,,"W","W",100,,"SE ",,2,,8,,4,
"253220330","MARIANOWO II                  ","2025","02","28","12",3.5,,3.2,,"W","W",95,,"ESE",,2,,,"8",,"8"
"253220330","MARIANOWO II                  ","2025","02","28","18",1.5,,1.2,,"W","W",95,,"SE ",,1,,,"8",,"8"
"254180090","GDAÑSK-RÊBIECHOWO             ","2025","02","01","06",1.2,,,"8",,"N",,"8","WNW",,6,,4,,8,
"254180090","GDAÑSK-RÊBIECHOWO             ","2025","02","01","12",2.5,,,"8",,"N",,"8","WNW",,6,,5,,9,
"254180090","GDAÑSK-RÊBIECHOWO             ","2025","02","01","18",0.8,,,"8",,"N",,"8","NW ",,6,,8,,8,
"254180090","GDAÑSK-RÊBIECHOWO             ","2025","02","02","06",-1.2,,,"8",,"N",,"8","WSW",,1,,2,,8,
"254180090","GDAÑSK-RÊBIECHOWO             ","2025","02","02","12",1.3,,,"8",,"N",,"8","NW ",,5,,7,,8,
"254180090","GDAÑSK-RÊBIECHOWO             ","2025","02","02","18",-0.3,,,"8",,"N",,"8","WNW",,3,,7,,8,
"254180090","GDAÑSK-RÊBIECHOWO             ","2025","02","03","06",-2.2,,,"8",,"N",,"8","W  ",,1,,7,,8,
"254180090","GDAÑSK-RÊBIECHOWO             ","2025","02","03","12",1.6,,,"8",,"N",,"8","NW ",,6,,7,,8,
"254180090","GDAÑSK-RÊBIECHOWO             ","2025","02","03","18",0.8,,,"8",,"N",,"8","W  ",,2,,7,,6,
"254180090","GDAÑSK-RÊBIECHOWO             ","2025","02","04","06",0.9,,,"8",,"N",,"8","W  ",,3,,7,,8,
"254180090","GDAÑSK-RÊBIECHOWO             ","2025","02","04","12",4.4,,,"8",,"N",,"8","WSW",,3,,6,,8,
"254180090","GDAÑSK-RÊBIECHOWO             ","2025","02","04","18",0.6,,,"8",,"N",,"8","SSW",,1,,1,,7,
"254180090","GDAÑSK-RÊBIECHOWO             ","2025","02","05","06",-2.1,,,"8",,"N",,"8","W  ",,1,,4,,6,
"254180090","GDAÑSK-RÊBIECHOWO             ","2025","02","05","12",3.4,,,"8",,"N",,"8","W  ",,3,,8,,8,
"254180090","GDAÑSK-RÊBIECHOWO             ","2025","02","05","18",2.2,,,"8",,"N",,"8","WSW",,3,,8,,6,
"254180090","GDAÑSK-RÊBIECHOWO             ","2025","02","06","06",2.6,,,"8",,"N",,"8","NW ",,4,,8,,8,
"254180090","GDAÑSK-RÊBIECHOWO             ","2025","02","06","12",4.8,,,"8",,"N",,"8","WNW",,3,,6,,8,
"254180090","GDAÑSK-RÊBIECHOWO             ","2025","02","06","18",1.0,,,"8",,"N",,"8","NW ",,3,,6,,7,
"254180090","GDAÑSK-RÊBIECHOWO             ","2025","02","07","06",2.6,,,"8",,"N",,"8","E  ",,5,,7,,8,
"254180090","GDAÑSK-RÊBIECHOWO             ","2025","02","07","12",1.8,,,"8",,"N",,"8","SE ",,6,,8,,6,
"254180090","GDAÑSK-RÊBIECHOWO             ","2025","02","07","18",-0.4,,,"8",,"N",,"8","SE ",,5,,7,,8,
"254180090","GDAÑSK-RÊBIECHOWO             ","2025","02","08","06",-4.0,,,"8",,"N",,"8","ESE",,5,,3,,8,
"254180090","GDAÑSK-RÊBIECHOWO             ","2025","02","08","12",-0.5,,,"8",,"N",,"8","SE ",,7,,1,,8,
"254180090","GDAÑSK-RÊBIECHOWO             ","2025","02","08","18",-1.8,,,"8",,"N",,"8","SE ",,5,,1,,8,
"254180090","GDAÑSK-RÊBIECHOWO             ","2025","02","09","06",-5.4,,,"8",,"N",,"8","SE ",,3,,1,,7,
"254180090","GDAÑSK-RÊBIECHOWO             ","2025","02","09","12",-1.4,,,"8",,"N",,"8","ESE",,3,,1,,7,
"254180090","GDAÑSK-RÊBIECHOWO             ","2025","02","09","18",-3.4,,,"8",,"N",,"8","E  ",,2,,1,,7,
"254180090","GDAÑSK-RÊBIECHOWO             ","2025","02","10","06",-6.6,,,"8",,"N",,"8","ESE",,2,,1,,6,
"254180090","GDAÑSK-RÊBIECHOWO             ","2025","02","10","12",-0.1,,,"8",,"N",,"8","E  ",,3,,0,,7,
"254180090","GDAÑSK-RÊBIECHOWO             ","2025","02","10","18",-1.8,,,"8",,"N",,"8","ENE",,5,,7,,6,
"254180090","GDAÑSK-RÊBIECHOWO             ","2025","02","11","06",-6.1,,,"8",,"N",,"8","E  ",,3,,8,,5,
"254180090","GDAÑSK-RÊBIECHOWO             ","2025","02","11","12",-4.8,,,"8",,"N",,"8","SE ",,4,,1,,6,
"254180090","GDAÑSK-RÊBIECHOWO             ","2025","02","11","18",-6.2,,,"8",,"N",,"8","ESE",,5,,8,,6,
"254180090","GDAÑSK-RÊBIECHOWO             ","2025","02","12","06",-8.0,,,"8",,"N",,"8","SE ",,4,,8,,7,
"254180090","GDAÑSK-RÊBIECHOWO             ","2025","02","12","12",-4.0,,,"8",,"N",,"8","SE ",,4,,7,,6,
"254180090","GDAÑSK-RÊBIECHOWO             ","2025","02","12","18",-4.8,,,"8",,"N",,"8","ESE",,3,,5,,7,
"254180090","GDAÑSK-RÊBIECHOWO             ","2025","02","13","06",-5.9,,,"8",,"N",,"8","ESE",,1,,7,,7,
"254180090","GDAÑSK-RÊBIECHOWO             ","2025","02","13","12",-1.4,,,"8",,"N",,"8","ENE",,2,,7,,6,
"254180090","GDAÑSK-RÊBIECHOWO             ","2025","02","13","18",-0.5,,,"8",,"N",,"8","NE ",,4,,7,,7,
"254180090","GDAÑSK-RÊBIECHOWO             ","2025","02","14","06",-1.3,,,"8",,"N",,"8","NNE",,2,,7,,7,
"254180090","GDAÑSK-RÊBIECHOWO             ","2025","02","14","12",-0.2,,,"8",,"N",,"8","NNW",,6,,5,,8,
"254180090","GDAÑSK-RÊBIECHOWO             ","2025","02","14","18",-3.3,,,"8",,"N",,"8","N  ",,3,,5,,7,
"254180090","GDAÑSK-RÊBIECHOWO             ","2025","02","15","06",-4.8,,,"8",,"N",,"8","WSW",,3,,6,,8,
"254180090","GDAÑSK-RÊBIECHOWO             ","2025","02","15","12",-1.0,,,"8",,"N",,"8","NW ",,7,,6,,9,
"254180090","GDAÑSK-RÊBIECHOWO             ","2025","02","15","18",-4.4,,,"8",,"N",,"8","WNW",,2,,0,,8,
"254180090","GDAÑSK-RÊBIECHOWO             ","2025","02","16","06",-4.6,,,"8",,"N",,"8","NW ",,6,,4,,4,
"254180090","GDAÑSK-RÊBIECHOWO             ","2025","02","16","12",-2.3,,,"8",,"N",,"8","NE ",,3,,4,,8,
"254180090","GDAÑSK-RÊBIECHOWO             ","2025","02","16","18",-7.3,,,"8",,"N",,"8","NW ",,1,,1,,7,
"254180090","GDAÑSK-RÊBIECHOWO             ","2025","02","17","06",-7.7,,,"8",,"N",,"8","WSW",,4,,5,,8,
"254180090","GDAÑSK-RÊBIECHOWO             ","2025","02","17","12",-2.1,,,"8",,"N",,"8","W  ",,5,,8,,6,
"254180090","GDAÑSK-RÊBIECHOWO             ","2025","02","17","18",-3.3,,,"8",,"N",,"8","W  ",,4,,4,,8,
"254180090","GDAÑSK-RÊBIECHOWO             ","2025","02","18","06",-5.1,,,"8",,"N",,"8","WNW",,2,,6,,8,
"254180090","GDAÑSK-RÊBIECHOWO             ","2025","02","18","12",-0.7,,,"8",,"N",,"8","WNW",,6,,2,,9,
"254180090","GDAÑSK-RÊBIECHOWO             ","2025","02","18","18",-2.0,,,"8",,"N",,"8","W  ",,4,,4,,8,
"254180090","GDAÑSK-RÊBIECHOWO             ","2025","02","19","06",-4.7,,,"8",,"N",,"8","NW ",,3,,1,,8,
"254180090","GDAÑSK-RÊBIECHOWO             ","2025","02","19","12",1.7,,,"8",,"N",,"8","NNW",,2,,6,,8,
"254180090","GDAÑSK-RÊBIECHOWO             ","2025","02","19","18",-4.3,,,"8",,"N",,"8","C  ",,0,,3,,6,
"254180090","GDAÑSK-RÊBIECHOWO             ","2025","02","20","06",-11.1,,,"8","L","N",,"8","C  ",,0,,3,,6,
"254180090","GDAÑSK-RÊBIECHOWO             ","2025","02","20","12",1.2,,,"8",,"N",,"8","SE ",,3,,2,,7,
"254180090","GDAÑSK-RÊBIECHOWO             ","2025","02","20","18",-1.0,,,"8",,"N",,"8","SSE",,4,,2,,7,
"254180090","GDAÑSK-RÊBIECHOWO             ","2025","02","21","06",-3.6,,,"8",,"N",,"8","SSE",,4,,7,,8,
"254180090","GDAÑSK-RÊBIECHOWO             ","2025","02","21","12",0.3,,,"8",,"N",,"8","S  ",,5,,7,,8,
"254180090","GDAÑSK-RÊBIECHOWO             ","2025","02","21","18",1.5,,,"8",,"N",,"8","S  ",,5,,8,,7,
"254180090","GDAÑSK-RÊBIECHOWO             ","2025","02","22","06",-0.9,,,"8",,"N",,"8","SSE",,4,,3,,7,
"254180090","GDAÑSK-RÊBIECHOWO             ","2025","02","22","12",5.8,,,"8","W","N",,"8","SSE",,4,,6,,7,
"254180090","GDAÑSK-RÊBIECHOWO             ","2025","02","22","18",4.0,,,"8",,"N",,"8","SSE",,3,,3,,7,
"254180090","GDAÑSK-RÊBIECHOWO             ","2025","02","23","06",-1.3,,,"8",,"N",,"8","S  ",,1,,1,,7,
"254180090","GDAÑSK-RÊBIECHOWO             ","2025","02","23","12",5.1,,,"8","W","N",,"8","SW ",,2,,5,,7,
"254180090","GDAÑSK-RÊBIECHOWO             ","2025","02","23","18",2.6,,,"8",,"N",,"8","W  ",,2,,8,,4,
"254180090","GDAÑSK-RÊBIECHOWO             ","2025","02","24","06",1.1,,,"8",,"N",,"8","WSW",,1,,8,,1,
"254180090","GDAÑSK-RÊBIECHOWO             ","2025","02","24","12",4.1,,,"8",,"N",,"8","SE ",,3,,7,,6,
"254180090","GDAÑSK-RÊBIECHOWO             ","2025","02","24","18",3.6,,,"8",,"N",,"8","S  ",,1,,8,,7,
"254180090","GDAÑSK-RÊBIECHOWO             ","2025","02","25","06",0.2,,,"8",,"N",,"8","SSE",,3,,7,,6,
"254180090","GDAÑSK-RÊBIECHOWO             ","2025","02","25","12",4.7,,,"8",,"N",,"8","SE ",,2,,8,,7,
"254180090","GDAÑSK-RÊBIECHOWO             ","2025","02","25","18",3.1,,,"8",,"N",,"8","WSW",,2,,8,,6,
"254180090","GDAÑSK-RÊBIECHOWO             ","2025","02","26","06",2.6,,,"8",,"N",,"8","C  ",,0,,8,,2,
"254180090","GDAÑSK-RÊBIECHOWO             ","2025","02","26","12",4.4,,,"8",,"N",,"8","E  ",,2,,8,,6,
"254180090","GDAÑSK-RÊBIECHOWO             ","2025","02","26","18",3.3,,,"8",,"N",,"8","SE ",,3,,8,,2,
"254180090","GDAÑSK-RÊBIECHOWO             ","2025","02","27","06",3.6,,,"8",,"N",,"8","WSW",,1,,8,,3,
"254180090","GDAÑSK-RÊBIECHOWO             ","2025","02","27","12",5.7,,,"8","W","N",,"8","C  ",,0,,8,,6,
"254180090","GDAÑSK-RÊBIECHOWO             ","2025","02","27","18",4.8,,,"8",,"N",,"8","C  ",,0,,8,,6,
"254180090","GDAÑSK-RÊBIECHOWO             ","2025","02","28","06",3.1,,,"8",,"N",,"8","C  ",,0,,8,,2,
"254180090","GDAÑSK-RÊBIECHOWO             ","2025","02","28","12",2.8,,,"8",,"N",,"8","NNE",,2,,8,,6,
"254180090","GDAÑSK-RÊBIECHOWO             ","2025","02","28","18",2.1,,,"8",,"N",,"8","NNE",,4,,8,,6,
"254200080","LIDZBARK WARMIÑSKI            ","2025","02","01","06",2.1,,1.6,,"W","N",91,,"WNW",,4,,8,,7,
"254200080","LIDZBARK WARMIÑSKI            ","2025","02","01","12",2.6,,1.8,,"W","N",86,,"WNW",,6,,6,,7,
"254200080","LIDZBARK WARMIÑSKI            ","2025","02","01","18",1.3,,0.8,,"W","N",91,,"W  ",,1,,8,,7,
"254200080","LIDZBARK WARMIÑSKI            ","2025","02","02","06",-0.5,,-1.0,,"W","N",90,,"WSW",,1,,6,,7,
"254200080","LIDZBARK WARMIÑSKI            ","2025","02","02","12",1.1,,0.2,,"W","N",83,,"W  ",,2,,6,,7,
"254200080","LIDZBARK WARMIÑSKI            ","2025","02","02","18",0.1,,-0.6,,"W","N",86,,"W  ",,2,,8,,7,
"254200080","LIDZBARK WARMIÑSKI            ","2025","02","03","06",-1.3,,-2.0,,"W","N",85,,"WSW",,2,,5,,7,
"254200080","LIDZBARK WARMIÑSKI            ","2025","02","03","12",0.5,,0.2,,"W","N",94,,"WNW",,4,,8,,5,
"254200080","LIDZBARK WARMIÑSKI            ","2025","02","03","18",0.7,,-0.2,,"W","N",83,,"WNW",,3,,8,,7,
"254200080","LIDZBARK WARMIÑSKI            ","2025","02","04","06",0.9,,0.4,,"W","N",90,,"WSW",,1,,8,,5,
"254200080","LIDZBARK WARMIÑSKI            ","2025","02","04","12",4.2,,2.6,,"W","N",74,,"SW ",,3,,2,,7,
"254200080","LIDZBARK WARMIÑSKI            ","2025","02","04","18",2.8,,2.6,,"W","N",96,,"S  ",,1,,4,,7,
"254200080","LIDZBARK WARMIÑSKI            ","2025","02","05","06",-0.3,,-0.6,,"W","N",94,,"SSW",,1,,5,,5,
"254200080","LIDZBARK WARMIÑSKI            ","2025","02","05","12",4.8,,3.0,,"W","N",71,,"WSW",,1,,2,,5,
"254200080","LIDZBARK WARMIÑSKI            ","2025","02","05","18",3.6,,2.4,,"W","N",80,,"W  ",,3,,8,,5,
"254200080","LIDZBARK WARMIÑSKI            ","2025","02","06","06",3.6,,3.4,,"W","N",97,,"NNW",,1,,8,,5,
"254200080","LIDZBARK WARMIÑSKI            ","2025","02","06","12",5.0,,4.4,,"W","N",90,,"WNW",,4,,7,,7,
"254200080","LIDZBARK WARMIÑSKI            ","2025","02","06","18",2.6,,2.4,,"W","N",96,,"NW ",,1,,8,,5,
"254200080","LIDZBARK WARMIÑSKI            ","2025","02","07","06",2.1,,1.6,,"W","N",91,,"E  ",,2,,8,,5,
"254200080","LIDZBARK WARMIÑSKI            ","2025","02","07","12",1.5,,0.2,,"W","N",76,,"SE ",,2,,8,,5,
"254200080","LIDZBARK WARMIÑSKI            ","2025","02","07","18",-0.3,,-2.1,,"W","N",64,,"ESE",,3,,8,,7,
"254200080","LIDZBARK WARMIÑSKI            ","2025","02","08","06",-2.9,,-3.6,,"L","N",82,,"ESE",,2,,2,,7,
"254200080","LIDZBARK WARMIÑSKI            ","2025","02","08","12",0.7,,-0.4,,"L","N",80,,"SE ",,3,,5,,7,
"254200080","LIDZBARK WARMIÑSKI            ","2025","02","08","18",-1.7,,-2.6,,"L","N",79,,"ESE",,3,,3,,7,
"254200080","LIDZBARK WARMIÑSKI            ","2025","02","09","06",-4.9,,-5.6,,"L","N",78,,"SE ",,2,,0,,5,
"254200080","LIDZBARK WARMIÑSKI            ","2025","02","09","12",-2.9,,-3.6,,"L","N",82,,"SE ",,2,,6,,5,
"254200080","LIDZBARK WARMIÑSKI            ","2025","02","09","18",-5.7,,-6.2,,"L","N",82,,"C  ",,0,,0,,5,
"254200080","LIDZBARK WARMIÑSKI            ","2025","02","10","06",-8.4,,-9.0,,"L","N",74,,"C  ",,0,,0,,5,
"254200080","LIDZBARK WARMIÑSKI            ","2025","02","10","12",-1.3,,-2.0,,"L","N",84,,"ENE",,1,,0,,5,
"254200080","LIDZBARK WARMIÑSKI            ","2025","02","10","18",-5.1,,-6.0,,"L","N",73,,"ENE",,2,,8,,5,
"254200080","LIDZBARK WARMIÑSKI            ","2025","02","11","06",-7.6,,-8.2,,"L","N",76,,"NE ",,2,,8,,5,
"254200080","LIDZBARK WARMIÑSKI            ","2025","02","11","12",-5.7,,-6.2,,"L","N",82,,"E  ",,3,,8,,5,
"254200080","LIDZBARK WARMIÑSKI            ","2025","02","11","18",-6.1,,-6.8,,"L","N",76,,"SE ",,3,,8,,5,
"254200080","LIDZBARK WARMIÑSKI            ","2025","02","12","06",-7.0,,-7.6,,"L","N",77,,"SSE",,3,,8,,5,
"254200080","LIDZBARK WARMIÑSKI            ","2025","02","12","12",-1.7,,-3.5,,"L","N",61,,"C  ",,0,,0,,7,
"254200080","LIDZBARK WARMIÑSKI            ","2025","02","12","18",-3.1,,-4.4,,"L","N",68,,"C  ",,0,,0,,7,
"254200080","LIDZBARK WARMIÑSKI            ","2025","02","13","06",-10.2,,-10.2,,"L","N",90,,"C  ",,0,,0,,5,
"254200080","LIDZBARK WARMIÑSKI            ","2025","02","13","12",-0.7,,-2.4,,"L","N",66,,"E  ",,1,,6,,7,
"254200080","LIDZBARK WARMIÑSKI            ","2025","02","13","18",-0.9,,-2.4,,"L","N",69,,"NE ",,1,,8,,7,
"254200080","LIDZBARK WARMIÑSKI            ","2025","02","14","06",-5.1,,-6.0,,"L","N",73,,"NNW",,2,,8,,7,
"254200080","LIDZBARK WARMIÑSKI            ","2025","02","14","12",0.7,,-1.6,,"L","N",58,,"N  ",,5,,5,,7,
"254200080","LIDZBARK WARMIÑSKI            ","2025","02","14","18",-3.5,,-4.8,,"L","N",67,,"NNW",,1,,6,,7,
"254200080","LIDZBARK WARMIÑSKI            ","2025","02","15","06",-4.7,,-5.2,,"L","N",83,,"WSW",,1,,8,,5,
"254200080","LIDZBARK WARMIÑSKI            ","2025","02","15","12",-2.5,,-3.2,,"L","N",82,,"WSW",,2,,8,,5,
"254200080","LIDZBARK WARMIÑSKI            ","2025","02","15","18",-4.7,,-5.0,,"L","N",88,,"SSW",,1,,2,,7,
"254200080","LIDZBARK WARMIÑSKI            ","2025","02","16","06",-6.8,,-6.7,,"L","N",96,,"NNE",,3,,0,,7,
"254200080","LIDZBARK WARMIÑSKI            ","2025","02","16","12",-4.9,,-5.4,,"L","N",83,,"NNW",,1,,0,,7,
"254200080","LIDZBARK WARMIÑSKI            ","2025","02","16","18",-6.8,,-7.2,,"L","N",83,,"SW ",,1,,3,,7,
"254200080","LIDZBARK WARMIÑSKI            ","2025","02","17","06",-7.2,,-7.8,,"L","N",76,,"SW ",,4,,8,,7,
"254200080","LIDZBARK WARMIÑSKI            ","2025","02","17","12",-3.1,,-4.0,,"L","N",77,,"SW ",,4,,8,,7,
"254200080","LIDZBARK WARMIÑSKI            ","2025","02","17","18",-3.3,,-3.8,,"L","N",85,,"SW ",,3,,2,,7,
"254200080","LIDZBARK WARMIÑSKI            ","2025","02","18","06",-4.3,,-5.0,,"L","N",79,,"SW ",,1,,4,,5,
"254200080","LIDZBARK WARMIÑSKI            ","2025","02","18","12",-0.3,,-0.8,,"L","N",90,,"W  ",,2,,4,,7,
"254200080","LIDZBARK WARMIÑSKI            ","2025","02","18","18",-1.9,,-2.6,,"L","N",83,,"SW ",,2,,3,,7,
"254200080","LIDZBARK WARMIÑSKI            ","2025","02","19","06",-4.7,,-5.2,,"L","N",83,,"SW ",,1,,8,,3,
"254200080","LIDZBARK WARMIÑSKI            ","2025","02","19","12",0.1,,-0.4,,"L","N",90,,"NNW",,1,,6,,7,
"254200080","LIDZBARK WARMIÑSKI            ","2025","02","19","18",-2.8,,-3.3,,"L","N",86,,"C  ",,0,,5,,7,
"254200080","LIDZBARK WARMIÑSKI            ","2025","02","20","06",-17.2,,-16.9,,"L","N",100,,"C  ",,0,,0,,2,
"254200080","LIDZBARK WARMIÑSKI            ","2025","02","20","12",0.7,,0.0,,"L","N",87,,"SSE",,3,,0,,7,
"254200080","LIDZBARK WARMIÑSKI            ","2025","02","20","18",-2.7,,-3.5,,"L","N",80,,"SE ",,1,,0,,7,
"254200080","LIDZBARK WARMIÑSKI            ","2025","02","21","06",-5.5,,-6.0,,"L","N",82,,"SSE",,3,,6,,5,
"254200080","LIDZBARK WARMIÑSKI            ","2025","02","21","12",0.7,,0.2,,"W","N",90,,"SSE",,4,,6,,7,
"254200080","LIDZBARK WARMIÑSKI            ","2025","02","21","18",1.1,,0.2,,"W","N",83,,"SSE",,3,,8,,7,
"254200080","LIDZBARK WARMIÑSKI            ","2025","02","22","06",-2.3,,-4.0,,"L","N",61,,"SE ",,3,,8,,7,
"254200080","LIDZBARK WARMIÑSKI            ","2025","02","22","12",4.2,,1.6,,"W","N",58,,"SSE",,,"8",0,,7,
"254200080","LIDZBARK WARMIÑSKI            ","2025","02","22","18",2.4,,-0.4,,"W","N",51,,"SSE",,3,,2,,7,
"254200080","LIDZBARK WARMIÑSKI            ","2025","02","23","06",-2.3,,-3.0,,"L","N",83,,"SSE",,2,,0,,5,
"254200080","LIDZBARK WARMIÑSKI            ","2025","02","23","12",4.4,,1.6,,"W","N",55,,"SE ",,,"8",2,,7,
"254200080","LIDZBARK WARMIÑSKI            ","2025","02","23","18",3.2,,2.0,,"W","N",79,,"S  ",,1,,8,,5,
"254200080","LIDZBARK WARMIÑSKI            ","2025","02","24","06",1.9,,0.2,,"W","N",69,,"C  ",,0,,8,,5,
"254200080","LIDZBARK WARMIÑSKI            ","2025","02","24","12",3.6,,3.2,,"W","N",93,,"W  ",,,"8",8,,5,
"254200080","LIDZBARK WARMIÑSKI            ","2025","02","24","18",2.8,,2.7,,"W","N",98,,"C  ",,0,,8,,2,
"254200080","LIDZBARK WARMIÑSKI            ","2025","02","25","06",1.7,,1.6,,"W","N",98,,"SSE",,2,,8,,2,
"254200080","LIDZBARK WARMIÑSKI            ","2025","02","25","12",2.8,,2.6,,"W","N",96,,"S  ",,4,,8,,5,
"254200080","LIDZBARK WARMIÑSKI            ","2025","02","25","18",3.0,,2.8,,"W","N",96,,"S  ",,1,,8,,5,
"254200080","LIDZBARK WARMIÑSKI            ","2025","02","26","06",2.4,,2.4,,"W","N",100,,"C  ",,0,,8,,2,
"254200080","LIDZBARK WARMIÑSKI            ","2025","02","26","12",6.4,,5.3,,"W","N",84,,"ENE",,,"8",6,,5,
"254200080","LIDZBARK WARMIÑSKI            ","2025","02","26","18",5.6,,4.4,,"W","N",81,,"E  ",,1,,8,,5,
"254200080","LIDZBARK WARMIÑSKI            ","2025","02","27","06",4.0,,4.0,,"W","N",100,,"SE ",,1,,8,,3,
"254200080","LIDZBARK WARMIÑSKI            ","2025","02","27","12",5.8,,5.7,,"W","N",98,,"SE ",,,"8",8,,3,
"254200080","LIDZBARK WARMIÑSKI            ","2025","02","27","18",5.6,,5.5,,"W","N",98,,"SE ",,,"8",8,,3,
"254200080","LIDZBARK WARMIÑSKI            ","2025","02","28","06",3.4,,3.4,,"W","N",100,,"N  ",,1,,8,,2,
"254200080","LIDZBARK WARMIÑSKI            ","2025","02","28","12",4.4,,4.4,,"W","N",100,,"NNE",,1,,8,,3,
"254200080","LIDZBARK WARMIÑSKI            ","2025","02","28","18",3.0,,3.0,,"W","N",100,,"NNW",,2,,8,,3,
"254220090","OLECKO                        ","2025","02","01","06",1.3,,,"8",,"U",,"8",,"8",,"8",8,,8,
"254220090","OLECKO                        ","2025","02","01","12",2.5,,,"8",,"U",,"8",,"8",,"8",7,,8,
"254220090","OLECKO                        ","2025","02","01","18",0.5,,,"8",,"U",,"8",,"8",,"8",8,,8,
"254220090","OLECKO                        ","2025","02","02","06",-0.1,,,"8",,"U",,"8",,"8",,"8",8,,8,
"254220090","OLECKO                        ","2025","02","02","12",1.1,,,"8",,"U",,"8",,"8",,"8",8,,8,
"254220090","OLECKO                        ","2025","02","02","18",-0.7,,,"8",,"U",,"8",,"8",,"8",8,,7,
"254220090","OLECKO                        ","2025","02","03","06",-0.7,,,"8",,"U",,"8",,"8",,"8",8,,8,
"254220090","OLECKO                        ","2025","02","03","12",0.1,,,"8",,"U",,"8",,"8",,"8",8,,8,
"254220090","OLECKO                        ","2025","02","03","18",-0.1,,,"8",,"U",,"8",,"8",,"8",8,,7,
"254220090","OLECKO                        ","2025","02","04","06",-0.5,,,"8",,"U",,"8",,"8",,"8",8,,8,
"254220090","OLECKO                        ","2025","02","04","12",1.3,,,"8",,"U",,"8",,"8",,"8",8,,8,
"254220090","OLECKO                        ","2025","02","04","18",0.9,,,"8",,"U",,"8",,"8",,"8",8,,7,
"254220090","OLECKO                        ","2025","02","05","06",-0.3,,,"8",,"U",,"8",,"8",,"8",8,,7,
"254220090","OLECKO                        ","2025","02","05","12",3.9,,,"8",,"U",,"8",,"8",,"8",3,,8,
"254220090","OLECKO                        ","2025","02","05","18",0.3,,,"8",,"U",,"8",,"8",,"8",8,,7,
"254220090","OLECKO                        ","2025","02","06","06",1.7,,,"8",,"U",,"8",,"8",,"8",8,,3,
"254220090","OLECKO                        ","2025","02","06","12",4.9,,,"8",,"U",,"8",,"8",,"8",8,,8,
"254220090","OLECKO                        ","2025","02","06","18",2.9,,,"8",,"U",,"8",,"8",,"8",8,,7,
"254220090","OLECKO                        ","2025","02","07","06",-0.9,,,"8",,"U",,"8",,"8",,"8",8,,8,
"254220090","OLECKO                        ","2025","02","07","12",-0.9,,,"8",,"U",,"8",,"8",,"8",8,,8,
"254220090","OLECKO                        ","2025","02","07","18",-2.1,,,"8",,"U",,"8",,"8",,"8",8,,7,
"254220090","OLECKO                        ","2025","02","08","06",-1.9,,,"8",,"U",,"8",,"8",,"8",8,,8,
"254220090","OLECKO                        ","2025","02","08","12",-2.5,,,"8",,"U",,"8",,"8",,"8",8,,8,
"254220090","OLECKO                        ","2025","02","08","18",-4.5,,,"8",,"U",,"8",,"8",,"8",8,,7,
"254220090","OLECKO                        ","2025","02","09","06",-7.1,,,"8",,"U",,"8",,"8",,"8",5,,8,
"254220090","OLECKO                        ","2025","02","09","12",-5.1,,,"8",,"U",,"8",,"8",,"8",7,,8,
"254220090","OLECKO                        ","2025","02","09","18",-5.1,,,"8",,"U",,"8",,"8",,"8",7,,7,
"254220090","OLECKO                        ","2025","02","10","06",-7.7,,,"8",,"U",,"8",,"8",,"8",8,,7,
"254220090","OLECKO                        ","2025","02","10","12",-5.3,,,"8",,"U",,"8",,"8",,"8",8,,8,
"254220090","OLECKO                        ","2025","02","10","18",-7.1,,,"8",,"U",,"8",,"8",,"8",8,,7,
"254220090","OLECKO                        ","2025","02","11","06",-7.9,,,"8",,"U",,"8",,"8",,"8",8,,8,
"254220090","OLECKO                        ","2025","02","11","12",-7.9,,,"8",,"U",,"8",,"8",,"8",8,,8,
"254220090","OLECKO                        ","2025","02","11","18",-6.9,,,"8",,"U",,"8",,"8",,"8",8,,7,
"254220090","OLECKO                        ","2025","02","12","06",-9.1,,,"8",,"U",,"8",,"8",,"8",8,,8,
"254220090","OLECKO                        ","2025","02","12","12",-4.1,,,"8",,"U",,"8",,"8",,"8",0,,8,
"254220090","OLECKO                        ","2025","02","12","18",-4.5,,,"8",,"U",,"8",,"8",,"8",6,,7,
"254220090","OLECKO                        ","2025","02","13","06",-9.9,,,"8",,"U",,"8",,"8",,"8",1,,8,
"254220090","OLECKO                        ","2025","02","13","12",-0.3,,,"8",,"U",,"8",,"8",,"8",1,,8,
"254220090","OLECKO                        ","2025","02","13","18",-2.3,,,"8",,"U",,"8",,"8",,"8",8,,7,
"254220090","OLECKO                        ","2025","02","14","06",-5.5,,,"8",,"U",,"8",,"8",,"8",8,,8,
"254220090","OLECKO                        ","2025","02","14","12",-2.5,,,"8",,"U",,"8",,"8",,"8",8,,8,
"254220090","OLECKO                        ","2025","02","14","18",-4.9,,,"8",,"U",,"8",,"8",,"8",8,,7,
"254220090","OLECKO                        ","2025","02","15","06",-8.4,,,"8",,"U",,"8",,"8",,"8",8,,8,
"254220090","OLECKO                        ","2025","02","15","12",-2.7,,,"8",,"U",,"8",,"8",,"8",8,,8,
"254220090","OLECKO                        ","2025","02","15","18",-5.1,,,"8",,"U",,"8",,"8",,"8",8,,7,
"254220090","OLECKO                        ","2025","02","16","06",-5.1,,,"8",,"U",,"8",,"8",,"8",8,,8,
"254220090","OLECKO                        ","2025","02","16","12",-3.7,,,"8",,"U",,"8",,"8",,"8",5,,8,
"254220090","OLECKO                        ","2025","02","16","18",-7.1,,,"8",,"U",,"8",,"8",,"8",1,,7,
"254220090","OLECKO                        ","2025","02","17","06",-8.3,,,"8",,"U",,"8",,"8",,"8",8,,8,
"254220090","OLECKO                        ","2025","02","17","12",-2.5,,,"8",,"U",,"8",,"8",,"8",8,,8,
"254220090","OLECKO                        ","2025","02","17","18",-4.1,,,"8",,"U",,"8",,"8",,"8",8,,8,
"254220090","OLECKO                        ","2025","02","18","06",-5.1,,,"8",,"U",,"8",,"8",,"8",8,,8,
"254220090","OLECKO                        ","2025","02","18","12",-2.3,,,"8",,"U",,"8",,"8",,"8",8,,8,
"254220090","OLECKO                        ","2025","02","18","18",-4.1,,,"8",,"U",,"8",,"8",,"8",8,,7,
"254220090","OLECKO                        ","2025","02","19","06",-3.1,,,"8",,"U",,"8",,"8",,"8",8,,8,
"254220090","OLECKO                        ","2025","02","19","12",-0.7,,,"8",,"U",,"8",,"8",,"8",5,,8,
"254220090","OLECKO                        ","2025","02","19","18",-4.9,,,"8",,"U",,"8",,"8",,"8",8,,7,
"254220090","OLECKO                        ","2025","02","20","06",-11.1,,,"8",,"U",,"8",,"8",,"8",7,,8,
"254220090","OLECKO                        ","2025","02","20","12",-1.5,,,"8",,"U",,"8",,"8",,"8",7,,8,
"254220090","OLECKO                        ","2025","02","20","18",-3.1,,,"8",,"U",,"8",,"8",,"8",6,,7,
"254220090","OLECKO                        ","2025","02","21","06",-8.1,,,"8",,"U",,"8",,"8",,"8",3,,8,
"254220090","OLECKO                        ","2025","02","21","12",-1.7,,,"8",,"U",,"8",,"8",,"8",7,,8,
"254220090","OLECKO                        ","2025","02","21","18",-2.1,,,"8",,"U",,"8",,"8",,"8",8,,7,
"254220090","OLECKO                        ","2025","02","22","06",-5.1,,,"8",,"U",,"8",,"8",,"8",8,,8,
"254220090","OLECKO                        ","2025","02","22","12",0.3,,,"8",,"U",,"8",,"8",,"8",8,,8,
"254220090","OLECKO                        ","2025","02","22","18",-1.1,,,"8",,"U",,"8",,"8",,"8",8,,7,
"254220090","OLECKO                        ","2025","02","23","06",-4.9,,,"8",,"U",,"8",,"8",,"8",1,,8,
"254220090","OLECKO                        ","2025","02","23","12",3.7,,,"8",,"U",,"8",,"8",,"8",0,,8,
"254220090","OLECKO                        ","2025","02","23","18",-0.7,,,"8",,"U",,"8",,"8",,"8",6,,7,
"254220090","OLECKO                        ","2025","02","24","06",-6.7,,,"8",,"U",,"8",,"8",,"8",0,,8,
"254220090","OLECKO                        ","2025","02","24","12",5.4,,,"8",,"U",,"8",,"8",,"8",0,,8,
"254220090","OLECKO                        ","2025","02","24","18",2.1,,,"8",,"U",,"8",,"8",,"8",7,,7,
"254220090","OLECKO                        ","2025","02","25","06",-2.3,,,"8",,"U",,"8",,"8",,"8",8,,7,
"254220090","OLECKO                        ","2025","02","25","12",1.7,,,"8",,"U",,"8",,"8",,"8",8,,8,
"254220090","OLECKO                        ","2025","02","25","18",2.9,,,"8",,"U",,"8",,"8",,"8",8,,7,
"254220090","OLECKO                        ","2025","02","26","06",1.7,,,"8",,"U",,"8",,"8",,"8",8,,6,
"254220090","OLECKO                        ","2025","02","26","12",6.1,,,"8",,"U",,"8",,"8",,"8",8,,8,
"254220090","OLECKO                        ","2025","02","26","18",4.3,,,"8",,"U",,"8",,"8",,"8",8,,7,
"254220090","OLECKO                        ","2025","02","27","06",2.3,,,"8",,"U",,"8",,"8",,"8",8,,8,
"254220090","OLECKO                        ","2025","02","27","12",3.7,,,"8",,"U",,"8",,"8",,"8",8,,5,
"254220090","OLECKO                        ","2025","02","27","18",3.9,,,"8",,"U",,"8",,"8",,"8",8,,1,
"254220090","OLECKO                        ","2025","02","28","06",2.7,,,"8",,"U",,"8",,"8",,"8",8,,1,
"254220090","OLECKO                        ","2025","02","28","12",3.9,,,"8",,"U",,"8",,"8",,"8",8,,8,
"254220090","OLECKO                        ","2025","02","28","18",1.3,,,"8",,"U",,"8",,"8",,"8",8,,7,
